game,team,difficulty,formation,lineup
Samsunspor vs. Besiktas - Friday August 8 - 2003,Besiktas,easy,3-5-2,CORDOBA;RONALDO GUIARO;ZAGO;UZULMEZ;YILDIRIM;GIUNTI;HAVUTCU;DABROWSKI;METIN;DURSUN;PANCU
Samsunspor vs. Besiktas - Friday August 8 - 2003,Samsunspor,hard,3-5-2,SHORUNMU;MILTON DO O;YAVAS;YELEK;CAN;KIRITA;TURHAN;JUNINHO CEARENSE;AYDIN;AYKUT;ERTAN
Bursaspor vs. Gaziantepspor - Saturday August 9 - 2003,Bursaspor,hard,4-4-2,VINTILA;GURACAR;KORKMAZ;MIU;KILIC;JUNIOR;FRASINEANU;ALEMDAR;ESER;GANEA;YILMAZ
Bursaspor vs. Gaziantepspor - Saturday August 9 - 2003,Gaziantepspor,hard,3-5-2,CATKIC;TORAMAN;POLAT;COLAK;BOUAZIZI;JOHNSON;OZBAY;NAMLI;LAZAROV;JAZIRI;OZER
Galatasaray vs. Diyarbakirspor - Saturday August 9 - 2003,Diyarbakirspor,hard,4-2-3-1,KARAGOL;SAATCIOGLU;TUNC;STAVREVSKI;DEMIRCIOGLU;YIGIT;JUPI;YUNGUL;SALAR;HACIOGLU;AKYUZ
Galatasaray vs. Diyarbakirspor - Saturday August 9 - 2003,Galatasaray,easy,4-2-3-1,MONDRAGON;DE BOER;TAMAS;UNSAL;PENBE;PRATES;BATISTA;AKMAN;SAS;GOKTAN;SUKUR
Genclerbirligi vs. Elazigspor - Saturday August 9 - 2003,Elazigspor,hard,3-5-2,KONIG;COL;KIZILSIMSEK;TURGUT;AGCAY;CZINEGE;HATIPOGLU;MARANGOZ;KOPRULU;EFFA-OWONA;YANIK
Genclerbirligi vs. Elazigspor - Saturday August 9 - 2003,Genclerbirligi,hard,3-5-2,TOKGOZ;BOZKURT;BARIS;EL SAKA;OZBEY;DAEMS;BALCI;SKOKO;MBAYO;CIHAN;YOULA
Konyaspor vs. Trabzonspor - Saturday August 9 - 2003,Konyaspor,hard,3-5-2,BOUKAR;GUNDOSTU;TEMIZKANOGLU;CELIK;GUNEY;KARACA;PEREIRA;UGUR;YESILKAYA;BIRYOL;ISLER
Konyaspor vs. Trabzonspor - Saturday August 9 - 2003,Trabzonspor,easy,4-4-2,PETKOVIC;D'HAENE;YAVUZ;ASIL;YALCINKAYA;CIMSIR;VAN DE PAAR;KARADENIZ;YATTARA;AHINFUL;YILMAZ
Adanaspor vs. Malatyaspor - Sunday August 10 - 2003,Adanaspor,hard,4-4-2,SAHIN;UNAL;OZTURK;YANYALI;KOSE;BEKIROGLU;BEKIROGLU;LALIK;ATES;MESZAROS;YILDIRAN
Adanaspor vs. Malatyaspor - Sunday August 10 - 2003,Malatyaspor,hard,4-4-2,MILOSEVSKI;KORKMAZ;SEYHAN;KOCAK;DUMAN;ABDELAZIZ;GULTEKIN;BENSOL;AKAGUNDUZ;BIRLIK;ULUSOY
Akcaabat Sebatspor vs. Denizlispor - Sunday August 10 - 2003,Akcaabat Sebatspor,hard,3-5-2,AKTAS;BAYRAK;GUVEN;UZUN;OZDIN;DERELI;OZTURK;KARACA;BILAZER;OZGUR;KINALI
Akcaabat Sebatspor vs. Denizlispor - Sunday August 10 - 2003,Denizlispor,hard,4-4-2,HAMIDOU;CETIN;KRATOCHVIL;BAYER;KECELI;GULPINAR;TASDEMIR;MULTAHARJU;AKDENIZ;BAYAZIT;MARTIN
Fenerbahce vs. Istanbulspor - Sunday August 10 - 2003,Fenerbahce,easy,4-3-3,ENKE;LUCIANO;OZAT;BAYRAKTAR;MEHMET AURELIO;SAHIN;ASLAN;ALBAYRAK;SANLI;AKIN;VAN HOOIJDONK
Fenerbahce vs. Istanbulspor - Sunday August 10 - 2003,Istanbulspor,hard,4-4-2,DAGLAROGLU;AKBAS;OKECHUKWU;PETKOV;CAN;SAIDOU;VIDUSLU;BAYAR;ALEKSANDROV;YOZGATLI;BALILI
Rizespor vs. Ankaragucu - Sunday August 10 - 2003,Ankaragucu,hard,3-5-2,OZGULTEKIN;EL DESOUKI;DURSUN;OZSARAC;OZALP;SMEETS;OZLEM;KOCAK;YILDIRIM;KELES;RAGAB
Rizespor vs. Ankaragucu - Sunday August 10 - 2003,Rizespor,hard,4-4-2,YIGITER;CAGIRAN;DUYMUS;VICTORIA;AZER;SONBAY;ASKAROGLU;OZDEMIR;SOZKESEN;OZTURK;DEBRELI
Trabzonspor vs. Fenerbahce - Friday August 15 - 2003,Fenerbahce,easy,4-5-1,BILER;LUCIANO;ERDOGDU;OZAT;SAHIN;MEHMET AURELIO;ASLAN;SIMSEK;SANLI;AKIN;VAN HOOIJDONK
Trabzonspor vs. Fenerbahce - Friday August 15 - 2003,Trabzonspor,easy,4-4-2,PETKOVIC;CORA;DIENG;YAVUZ;D'HAENE;EREN;UCUNCU;SOMERS;KARADENIZ;YILMAZ;AHINFUL
Ankaragucu vs. Samsunspor - Saturday August 16 - 2003,Ankaragucu,hard,3-5-2,OZGULTEKIN;OZSARAC;DURSUN;BARIS;OZALP;SMEETS;OZLEM;KOCAK;YILDIRIM;KELES;RAGAB
Ankaragucu vs. Samsunspor - Saturday August 16 - 2003,Samsunspor,hard,3-5-2,SHORUNMU;MILTON DO O;YAVAS;YELEK;CAN;KIRITA;NAS;TURHAN;AYDIN;AYKUT;ERTAN
Besiktas vs. Bursaspor - Saturday August 16 - 2003,Besiktas,easy,3-5-2,CORDOBA;RONALDO GUIARO;ZAGO;UZULMEZ;HAVUTCU;YILDIRIM;GIUNTI;DABROWSKI;METIN;DURSUN;PANCU
Besiktas vs. Bursaspor - Saturday August 16 - 2003,Bursaspor,hard,4-4-2,VINTILA;GURACAR;KORKMAZ;MIU;KILIC;SERTKAYA;FRASINEANU;ALKAN;ESER;GANEA;YILMAZ
Denizlispor vs. Rizespor - Saturday August 16 - 2003,Denizlispor,hard,3-5-2,HAMIDOU;BAYER;CETIN;KRATOCHVIL;KECELI;TASDEMIR;GULPINAR;MULTAHARJU;AKDENIZ;BAYAZIT;MARTIN
Denizlispor vs. Rizespor - Saturday August 16 - 2003,Rizespor,hard,3-5-2,YIGITER;CAGIRAN;DUYMUS;VICTORIA;AZER;TATAN;SEDLAK;ASKAROGLU;OZDEMIR;SOZKESEN;OZTURK
Istanbulspor vs. Adanaspor - Saturday August 16 - 2003,Adanaspor,hard,4-4-2,SAHIN;KOSE;YANYALI;OZTURK;UNAL;BEKIROGLU;YAVUZ;OZATAK;LALIK;ATES;MESZAROS
Istanbulspor vs. Adanaspor - Saturday August 16 - 2003,Istanbulspor,hard,3-5-2,DAGLAROGLU;AKBAS;OKECHUKWU;PETKOV;CAN;VIDUSLU;SAIDOU;ALEKSANDROV;YOZGATLI;BALILI;BOLIC
Diyarbakirspor vs. Genclerbirligi - Sunday August 17 - 2003,Diyarbakirspor,hard,3-5-2,KARAGOL;TUNC;STAVREVSKI;DEMIRCIOGLU;YUNGUL;GHODHBANE;JUPI;SALAR;HACIOGLU;BAKADAL;AKYUZ
Diyarbakirspor vs. Genclerbirligi - Sunday August 17 - 2003,Genclerbirligi,hard,3-5-2,TOKGOZ;BOZKURT;EL SAKA;BARIS;DAEMS;TANDOGAN;BALCI;SKOKO;OZKAN;YOULA;CIHAN
Elazigspor vs. Konyaspor - Sunday August 17 - 2003,Elazigspor,hard,4-4-2,KONIG;COL;KIZILSIMSEK;KURNAZ;TURGUT;AGCAY;MARANGOZ;CZINEGE;BIULA;YAGMUR;YANIK
Elazigspor vs. Konyaspor - Sunday August 17 - 2003,Konyaspor,hard,3-5-2,BOUKAR;GUNDOSTU;AKA;CELIK;GUNEY;PEREIRA;KARACA;YESILKAYA;AKSOY;ISLER;BIRYOL
Gaziantepspor vs. Galatasaray - Sunday August 17 - 2003,Galatasaray,easy,4-4-2,MONDRAGON;DE BOER;KORKMAZ;PENBE;UNSAL;PRATES;HASPOLATLI;ARSLAN;SAS;FABIO PINTO;SUKUR
Gaziantepspor vs. Galatasaray - Sunday August 17 - 2003,Gaziantepspor,hard,4-2-3-1,CATKIC;POLAT;TORAMAN;BOUAZIZI;GUNES;JOHNSON;BOLUKBASI;BAKI;OZBAY;LAZAROV;JAZIRI
Malatyaspor vs. Akcaabat Sebatspor - Sunday August 17 - 2003,Akcaabat Sebatspor,hard,3-5-2,AKTAS;GUVEN;BAYRAK;EKSIOGLU;DERELI;ZAJAC;TOKAC;OZTURK;BILAZER;OZGUR;KINALI
Malatyaspor vs. Akcaabat Sebatspor - Sunday August 17 - 2003,Malatyaspor,hard,3-5-2,MILOSEVSKI;SEYHAN;KORKMAZ;KOCAK;DUMAN;ABDELAZIZ;BENSOL;GULTEKIN;ULUSOY;BIRLIK;AKAGUNDUZ
Adanaspor vs. Trabzonspor - Saturday August 23 - 2003,Adanaspor,hard,5-3-2,SAHIN;YANYALI;OZTURK;BEKIROGLU;UNAL;BEKIROGLU;YAVUZ;OZATAK;LALIK;MESZAROS;ATES
Adanaspor vs. Trabzonspor - Saturday August 23 - 2003,Trabzonspor,easy,4-4-2,SONMEZ;D'HAENE;CORA;ASIL;EREN;CIMSIR;ROMASHCHENKO;KARADENIZ;YATTARA;AHINFUL;YILMAZ
Akcaabat Sebatspor vs. Istanbulspor - Saturday August 23 - 2003,Akcaabat Sebatspor,hard,3-5-2,AKTAS;GEZMIS;BAYRAK;UZUN;DERELI;ZAJAC;TOYSAL;BILAZER;OZGUR;KAYNAK;KINALI
Akcaabat Sebatspor vs. Istanbulspor - Saturday August 23 - 2003,Istanbulspor,hard,3-5-2,DAGLAROGLU;OKECHUKWU;AKBAS;PETKOV;CAN;VIDUSLU;SAIDOU;ALEKSANDROV;YOZGATLI;BALILI;BOLIC
Bursaspor vs. Galatasaray - Saturday August 23 - 2003,Bursaspor,hard,4-4-2,VINTILA;GURACAR;MIU;DAMLA;KILIC;SERTKAYA;FRASINEANU;ALKAN;ESER;GANEA;YILMAZ
Bursaspor vs. Galatasaray - Saturday August 23 - 2003,Galatasaray,easy,4-4-2,MONDRAGON;ERDOGAN;DE BOER;UNSAL;PENBE;PRATES;BATISTA;ARSLAN;SAS;FABIO PINTO;SUKUR
Fenerbahce vs. Elazigspor - Saturday August 23 - 2003,Elazigspor,hard,4-4-2,KONIG;ERBAY;COL;GUR;TURGUT;AGCAY;HATIPOGLU;YAMAN;EFFA-OWONA;YAGMUR;YANIK
Fenerbahce vs. Elazigspor - Saturday August 23 - 2003,Fenerbahce,easy,4-2-3-1,BILER;LUCIANO;ERDOGDU;OZAT;MEHMET AURELIO;SAHIN;ASLAN;SIMSEK;SANLI;AKIN;VAN HOOIJDONK
Rizespor vs. Malatyaspor - Saturday August 23 - 2003,Malatyaspor,hard,4-4-2,MILOSEVSKI;KORKMAZ;SEYHAN;KOCAK;DUMAN;ABDELAZIZ;BENSOL;GULTEKIN;ULUSOY;BIRLIK;AKAGUNDUZ
Rizespor vs. Malatyaspor - Saturday August 23 - 2003,Rizespor,hard,4-4-2,YIGITER;CAGIRAN;DUYMUS;VICTORIA;AZER;TATAN;SEDLAK;ASKAROGLU;OZDEMIR;SOZKESEN;OZTURK
Besiktas vs. Ankaragucu - Sunday August 24 - 2003,Ankaragucu,hard,5-3-2,OZGULTEKIN;KUTLU;DURSUN;OZSARAC;BARIS;SMEETS;OZLEM;YILDIRIM;KOCAK;RAGAB;KARTAL
Besiktas vs. Ankaragucu - Sunday August 24 - 2003,Besiktas,easy,3-5-2,CORDOBA;ASIK;ZAGO;RONALDO GUIARO;UZULMEZ;GIUNTI;HAVUTCU;DABROWSKI;METIN;AHMED HASSAN;DURSUN
Genclerbirligi vs. Gaziantepspor - Sunday August 24 - 2003,Gaziantepspor,hard,3-5-2,CATKIC;POLAT;TORAMAN;GUNES;JOHNSON;BOUAZIZI;BOLUKBASI;BAKI;OZBAY;LAZAROV;JAZIRI
Genclerbirligi vs. Gaziantepspor - Sunday August 24 - 2003,Genclerbirligi,hard,3-5-2,TOKGOZ;BOZKURT;BARIS;EL SAKA;MERCIMEK;TANDOGAN;BALCI;SKOKO;CIHAN;YOULA;OZKAN
Konyaspor vs. Diyarbakirspor - Sunday August 24 - 2003,Diyarbakirspor,hard,4-4-2,KARAGOL;BECEREN;STAVREVSKI;TUNC;YIGIT;JUPI;YUNGUL;SALAR;HACIOGLU;BAKADAL;AKYUZ
Konyaspor vs. Diyarbakirspor - Sunday August 24 - 2003,Konyaspor,hard,3-5-2,BOUKAR;GUNDOSTU;AKA;CELIK;GUNEY;PEREIRA;KARACA;YESILKAYA;AKSOY;ISLER;BIRYOL
Samsunspor vs. Denizlispor - Sunday August 24 - 2003,Denizlispor,hard,4-5-1,HAMIDOU;KRATOCHVIL;CETIN;BAYER;TASDEMIR;GULPINAR;MULTAHARJU;BAYAZIT;AKDENIZ;KAHRAMAN;MARTIN
Samsunspor vs. Denizlispor - Sunday August 24 - 2003,Samsunspor,hard,4-4-2,SHORUNMU;OZKOYLU;YAVAS;ADALTO;GUNGOR;KIRITA;JUNINHO CEARENSE;TURHAN;AYDIN;ERTAN;AYKUT
Denizlispor vs. Besiktas - Friday August 29 - 2003,Besiktas,easy,3-5-2,CORDOBA;ASIK;RONALDO GUIARO;UZULMEZ;HAVUTCU;YILDIRIM;GIUNTI;DABROWSKI;AHMED HASSAN;KALOGLU;PANCU
Denizlispor vs. Besiktas - Friday August 29 - 2003,Denizlispor,hard,4-4-2,HAMIDOU;KRATOCHVIL;BAYER;CETIN;KECELI;KARTOP;TASDEMIR;MULTAHARJU;BAYAZIT;RIZA;MARTIN
Diyarbakirspor vs. Fenerbahce - Saturday August 30 - 2003,Diyarbakirspor,hard,3-5-2,KARAGOL;TUNC;STAVREVSKI;BECEREN;DEMIRCIOGLU;YIGIT;YUNGUL;GHODHBANE;SALAR;HACIOGLU;BAKADAL
Diyarbakirspor vs. Fenerbahce - Saturday August 30 - 2003,Fenerbahce,easy,4-2-3-1,BILER;LUCIANO;OZAT;ERDOGDU;AKYEL;MEHMET AURELIO;SAHIN;ASLAN;SANLI;AKIN;VAN HOOIJDONK
Elazigspor vs. Adanaspor - Saturday August 30 - 2003,Adanaspor,hard,5-4-1,SAHIN;YANYALI;KOSE;UNAL;OZTURK;BEKIROGLU;YAVUZ;DALCICEK;YUCETAS;LALIK;ATES
Elazigspor vs. Adanaspor - Saturday August 30 - 2003,Elazigspor,hard,4-4-2,KONIG;DEBNAR;COL;GUR;OZALP;TURGUT;HATIPOGLU;CZINEGE;YAGMUR;EFFA-OWONA;ALTUN
Gaziantepspor vs. Konyaspor - Saturday August 30 - 2003,Gaziantepspor,hard,3-5-2,CATKIC;POLAT;TORAMAN;COLAK;BOUAZIZI;GUNES;JOHNSON;BAKI;OZBAY;JAZIRI;OZER
Gaziantepspor vs. Konyaspor - Saturday August 30 - 2003,Konyaspor,hard,4-4-2,BOUKAR;GUNDOSTU;AKA;GURELER;CELIK;PEREIRA;YESILKAYA;YILMAZ;AKSOY;ISLER;BIRYOL
Malatyaspor vs. Samsunspor - Saturday August 30 - 2003,Malatyaspor,hard,4-4-2,MILOSEVSKI;SEYHAN;KORKMAZ;KOCAK;DUMAN;ABDELAZIZ;BENSOL;YAVAS;ULUSOY;BIRLIK;AKAGUNDUZ
Malatyaspor vs. Samsunspor - Saturday August 30 - 2003,Samsunspor,hard,4-4-2,GENCER;OZKOYLU;YAVAS;ADALTO;CAN;GUNGOR;KIRITA;JUNINHO CEARENSE;AYDIN;ALTIN;AYKUT
Ankaragucu vs. Bursaspor - Sunday August 31 - 2003,Ankaragucu,hard,3-5-2,OZGULTEKIN;KUTLU;OZSARAC;BARIS;TURKMEHMET;SMEETS;OZLEM;YILDIRIM;KELES;KARTAL;SALCEDO
Ankaragucu vs. Bursaspor - Sunday August 31 - 2003,Bursaspor,hard,4-4-2,VINTILA;GURACAR;DAMLA;MIU;KILIC;SERTKAYA;FRASINEANU;ALKAN;GANEA;YILMAZ;ESER
Galatasaray vs. Genclerbirligi - Sunday August 31 - 2003,Galatasaray,easy,4-4-2,MONDRAGON;DE BOER;TAMAS;KORKMAZ;PENBE;SARIOGLU;PRATES;BATISTA;SAS;ERDEM;SUKUR
Galatasaray vs. Genclerbirligi - Sunday August 31 - 2003,Genclerbirligi,hard,4-4-2,TOKGOZ;BOZKURT;BARIS;EL SAKA;MERCIMEK;DAEMS;BALCI;TANDOGAN;SKOKO;YOULA;OZKAN
Istanbulspor vs. Rizespor - Sunday August 31 - 2003,Istanbulspor,hard,4-4-2,DAGLAROGLU;OKECHUKWU;AKBAS;PETKOV;CAN;VIDUSLU;SAIDOU;ALEKSANDROV;YOZGATLI;BALILI;BOLIC
Istanbulspor vs. Rizespor - Sunday August 31 - 2003,Rizespor,hard,4-4-2,YIGITER;ACIL;DUYMUS;VICTORIA;AZER;TATAN;SEDLAK;ASKAROGLU;OZDEMIR;SOZKESEN;GLATT
Trabzonspor vs. Akcaabat Sebatspor - Sunday August 31 - 2003,Akcaabat Sebatspor,hard,4-4-2,AKTAS;GEZMIS;YILMAZ;BAYRAK;KILIC;DERELI;OZTURK;BILAZER;OZGUR;SUMIALA;KINALI
Trabzonspor vs. Akcaabat Sebatspor - Sunday August 31 - 2003,Trabzonspor,easy,4-4-2,SONMEZ;YAVUZ;CORA;D'HAENE;EREN;CIMSIR;EGE;KARADENIZ;YATTARA;AHINFUL;YILMAZ
Besiktas vs. Malatyaspor - Friday September 12 - 2003,Besiktas,easy,3-5-2,KURSUNLU;RONALDO GUIARO;ZAGO;HAVUTCU;YILDIRIM;GIUNTI;DABROWSKI;YALCIN;AHMED HASSAN;TOPRAKTEPE;MANSIZ
Besiktas vs. Malatyaspor - Friday September 12 - 2003,Malatyaspor,hard,4-4-2,MILOSEVSKI;KORKMAZ;SEYHAN;KOCAK;DUMAN;ABDELAZIZ;BENSOL;MKHALELE;ULUSOY;BIRLIK;AKAGUNDUZ
Adanaspor vs. Diyarbakirspor - Saturday September 13 - 2003,Adanaspor,hard,5-4-1,SAHIN;YANYALI;KOSE;UNAL;OZTURK;BEKIROGLU;OZATAK;DALCICEK;YUCETAS;LALIK;ATES
Adanaspor vs. Diyarbakirspor - Saturday September 13 - 2003,Diyarbakirspor,hard,3-5-2,KARAGOL;STAVREVSKI;TUNC;YIGIT;GHODHBANE;JUPI;YUNGUL;SALAR;HACIOGLU;AKYUZ;BAKADAL
Konyaspor vs. Galatasaray - Saturday September 13 - 2003,Galatasaray,easy,4-4-2,MONDRAGON;KORKMAZ;DE BOER;UNSAL;SARIOGLU;PETRE;AKMAN;ERCAN;SAS;BRATU;SUKUR
Konyaspor vs. Galatasaray - Saturday September 13 - 2003,Konyaspor,hard,3-5-2,BOUKAR;AKA;GUNDOSTU;TEMIZKANOGLU;CELIK;GUNEY;KARACA;YESILKAYA;AKSOY;BIRYOL;ISLER
Rizespor vs. Trabzonspor - Saturday September 13 - 2003,Rizespor,hard,4-4-2,INAN;CAGIRAN;DUYMUS;VICTORIA;AZER;AVCI;SEDLAK;DEMIRAY;OZDEMIR;SOZKESEN;OZTURK
Rizespor vs. Trabzonspor - Saturday September 13 - 2003,Trabzonspor,easy,4-4-2,SONMEZ;CORA;D'HAENE;YAVUZ;EREN;CIMSIR;EGE;SOMERS;KARADENIZ;YATTARA;YILMAZ
Samsunspor vs. Istanbulspor - Saturday September 13 - 2003,Istanbulspor,hard,3-5-2,DAGLAROGLU;OKECHUKWU;AKBAS;KAMBUROGLU;CAN;VIDUSLU;SAIDOU;BAYAR;ALEKSANDROV;YOZGATLI;BALILI
Samsunspor vs. Istanbulspor - Saturday September 13 - 2003,Samsunspor,hard,3-5-2,GENCER;OZKOYLU;YELEK;MILTON DO O;ADALTO;KIRITA;TURHAN;JUNINHO CEARENSE;AYDIN;ERTAN;AYKUT
Akcaabat Sebatspor vs. Elazigspor - Sunday September 14 - 2003,Akcaabat Sebatspor,hard,3-5-2,AKTAS;GEZMIS;UZUN;BAYRAK;YILMAZ;DERELI;KIP;TOKAC;OZGUR;KINALI;SUMIALA
Akcaabat Sebatspor vs. Elazigspor - Sunday September 14 - 2003,Elazigspor,hard,3-5-2,KONIG;COL;GUR;KIZILSIMSEK;TURGUT;AGCAY;HATIPOGLU;CZINEGE;BIULA;EFFA-OWONA;YANIK
Ankaragucu vs. Denizlispor - Sunday September 14 - 2003,Ankaragucu,hard,3-5-2,OZGULTEKIN;KUTLU;DURSUN;OZSARAC;BARIS;SMEETS;GALEANO;OZLEM;YILDIRIM;KELES;KARTAL
Ankaragucu vs. Denizlispor - Sunday September 14 - 2003,Denizlispor,hard,3-5-2,HAMIDOU;KRATOCHVIL;ATAN;BAYER;KECELI;KARTOP;TASDEMIR;MULTAHARJU;BAYAZIT;BIRDAL;MARTIN
Bursaspor vs. Genclerbirligi - Sunday September 14 - 2003,Bursaspor,hard,3-5-2,VINTILA;GURACAR;MIU;DAMLA;JUNIOR;SERTKAYA;TUNA;FRASINEANU;SEN;YILMAZ;GANEA
Bursaspor vs. Genclerbirligi - Sunday September 14 - 2003,Genclerbirligi,hard,3-5-2,TOKGOZ;BOZKURT;EL SAKA;BARIS;MERCIMEK;DAEMS;TANDOGAN;BALCI;SKOKO;YOULA;BEGECARSLAN
Fenerbahce vs. Gaziantepspor - Sunday September 14 - 2003,Fenerbahce,easy,4-2-3-1,BILER;LUCIANO;OZAT;PETKOV;AKYEL;SAHIN;MEHMET AURELIO;ASLAN;SANLI;AKIN;VAN HOOIJDONK
Fenerbahce vs. Gaziantepspor - Sunday September 14 - 2003,Gaziantepspor,hard,4-4-2,CATKIC;POLAT;COLAK;JOHNSON;GUNES;BOUAZIZI;AYHAN;OZBAY;BAKI;LAZAROV;OZER
Trabzonspor vs. Samsunspor - Friday September 19 - 2003,Samsunspor,hard,3-5-2,GENCER;HOCAOGLU;YELEK;OZKOYLU;ADALTO;KIRITA;NAS;JUNINHO CEARENSE;TURHAN;AYKUT;ALTIN
Trabzonspor vs. Samsunspor - Friday September 19 - 2003,Trabzonspor,easy,4-2-3-1,SONMEZ;CORA;D'HAENE;YAVUZ;CIMSIR;EGE;SOMERS;KANDIL;KARADENIZ;YATTARA;TEKKE
Gaziantepspor vs. Adanaspor - Saturday September 20 - 2003,Adanaspor,hard,3-5-2,SAHIN;KOSE;YANYALI;OZTURK;UNAL;BEKIROGLU;DALCICEK;YUCETAS;LALIK;ATES;MESZAROS
Gaziantepspor vs. Adanaspor - Saturday September 20 - 2003,Gaziantepspor,hard,3-5-2,CATKIC;POLAT;TORAMAN;COLAK;BOUAZIZI;JOHNSON;GUNES;BAKI;OZBAY;LAZAROV;OZER
Genclerbirligi vs. Konyaspor - Saturday September 20 - 2003,Genclerbirligi,hard,3-5-2,TOKGOZ;BOZKURT;BARIS;EL SAKA;MERCIMEK;DAEMS;BALCI;TANDOGAN;SKOKO;YOULA;OZKAN
Genclerbirligi vs. Konyaspor - Saturday September 20 - 2003,Konyaspor,hard,3-5-2,BOUKAR;AKA;TEMIZKANOGLU;CELIK;GUNEY;KARACA;PEREIRA;YESILKAYA;AKSOY;BIRYOL;ISLER
Istanbulspor vs. Besiktas - Saturday September 20 - 2003,Besiktas,easy,3-5-2,CORDOBA;RONALDO GUIARO;ZAGO;UZULMEZ;HAVUTCU;YILDIRIM;GIUNTI;METIN;AHMED HASSAN;KOC;MANSIZ
Istanbulspor vs. Besiktas - Saturday September 20 - 2003,Istanbulspor,hard,4-4-2,DAGLAROGLU;AKBAS;OKECHUKWU;CAN;VIDUSLU;SAIDOU;BAYAR;ALEKSANDROV;YOZGATLI;BALILI;BOLIC
Malatyaspor vs. Ankaragucu - Saturday September 20 - 2003,Ankaragucu,hard,4-4-2,OZGULTEKIN;KUTLU;BARIS;DURSUN;OZSARAC;EVREN;GALEANO;OZLEM;KELES;RAGAB;SALCEDO
Malatyaspor vs. Ankaragucu - Saturday September 20 - 2003,Malatyaspor,hard,4-4-2,TUNCAY;KORKMAZ;SEYHAN;BILGE;KOCAK;DUMAN;ABDELAZIZ;MKHALELE;AKAGUNDUZ;BIRLIK;ULUSOY
Denizlispor vs. Bursaspor - Sunday September 21 - 2003,Bursaspor,hard,3-5-2,VINTILA;GURACAR;KORKMAZ;MIU;JUNIOR;SERTKAYA;TUNA;FRASINEANU;ESER;GANEA;YILMAZ
Denizlispor vs. Bursaspor - Sunday September 21 - 2003,Denizlispor,hard,3-5-2,HAMIDOU;ATAN;KRATOCHVIL;KECELI;GULPINAR;KARTOP;MULTAHARJU;BAYAZIT;AKDENIZ;BIRDAL;MARTIN
Diyarbakirspor vs. Akcaabat Sebatspor - Sunday September 21 - 2003,Akcaabat Sebatspor,hard,4-5-1,AKTAS;BAYRAK;GEZMIS;GUVEN;UZUN;DERELI;SUNGUR;KIP;KARACA;OZGUR;SUMIALA
Diyarbakirspor vs. Akcaabat Sebatspor - Sunday September 21 - 2003,Diyarbakirspor,hard,3-5-2,KARAGOL;SAATCIOGLU;STAVREVSKI;TUNC;YIGIT;GHODHBANE;JUPI;YUNGUL;HACIOGLU;AKYUZ;BAKADAL
Elazigspor vs. Rizespor - Sunday September 21 - 2003,Elazigspor,hard,3-5-2,KONIG;GUR;OZALP;TURGUT;KURNAZ;AGCAY;CZINEGE;HATIPOGLU;BIULA;EFFA-OWONA;YANIK
Elazigspor vs. Rizespor - Sunday September 21 - 2003,Rizespor,hard,4-4-2,INAN;CAGIRAN;VICTORIA;AZER;BESERLER;AVCI;SEDLAK;DEMIRAY;OZDEMIR;SOZKESEN;OZTURK
Galatasaray vs. Fenerbahce - Sunday September 21 - 2003,Fenerbahce,easy,4-2-3-1,BILER;LUCIANO;TOMAS;OZAT;PETKOV;AKYEL;MEHMET AURELIO;SAHIN;ASLAN;AKIN;VAN HOOIJDONK
Galatasaray vs. Fenerbahce - Sunday September 21 - 2003,Galatasaray,easy,4-4-2,MONDRAGON;KORKMAZ;DE BOER;PENBE;SARIOGLU;PRATES;BATISTA;ARSLAN;BALJIC;ERDEM;SUKUR
Adanaspor vs. Galatasaray - Friday September 26 - 2003,Adanaspor,hard,5-4-1,SAHIN;KOSE;YANYALI;UNAL;OZTURK;BEKIROGLU;YAVUZ;DALCICEK;YUCETAS;LALIK;ATES
Adanaspor vs. Galatasaray - Friday September 26 - 2003,Galatasaray,easy,4-2-3-1,MONDRAGON;AK;KORKMAZ;DE BOER;PRATES;SARIOGLU;HASPOLATLI;ARSLAN;AKMAN;GOKTAN;SUKUR
Ankaragucu vs. Istanbulspor - Saturday September 27 - 2003,Ankaragucu,hard,3-5-2,OZGULTEKIN;KUTLU;BARIS;DURSUN;OZSARAC;EVREN;OZLEM;KOCAK;YILDIRIM;KARTAL;RAGAB
Ankaragucu vs. Istanbulspor - Saturday September 27 - 2003,Istanbulspor,hard,4-4-2,ZDRAVKOV;AKBAS;OKECHUKWU;CAN;VIDUSLU;SAIDOU;BAYAR;ALEKSANDROV;YOZGATLI;BALILI;BOLIC
Bursaspor vs. Konyaspor - Saturday September 27 - 2003,Bursaspor,hard,4-4-2,VINTILA;GURACAR;DAMLA;MIU;KILIC;JUNIOR;TUNA;FRASINEANU;SEN;GANEA;YILMAZ
Bursaspor vs. Konyaspor - Saturday September 27 - 2003,Konyaspor,hard,3-5-2,CACA;BOUKAR;GUNDOSTU;TEMIZKANOGLU;CELIK;UGUR;KARACA;YESILKAYA;AKSOY;BIRYOL;TURKMEN
Fenerbahce vs. Genclerbirligi - Saturday September 27 - 2003,Fenerbahce,easy,4-1-4-1,BILER;LUCIANO;TOMAS;OZAT;PETKOV;AKYEL;SAHIN;MEHMET AURELIO;ASLAN;SANLI;VAN HOOIJDONK
Fenerbahce vs. Genclerbirligi - Saturday September 27 - 2003,Genclerbirligi,hard,3-5-2,BOTONJIC;BOZKURT;BARIS;EL SAKA;MERCIMEK;DAEMS;BALCI;AKIN;SKOKO;OZKAN;YOULA
Samsunspor vs. Elazigspor - Saturday September 27 - 2003,Elazigspor,hard,4-4-2,KONIG;GUR;OZALP;TURGUT;KURNAZ;AGCAY;CZINEGE;HATIPOGLU;BIULA;EFFA-OWONA;YANIK
Samsunspor vs. Elazigspor - Saturday September 27 - 2003,Samsunspor,hard,4-4-2,GENCER;MILTON DO O;YAVAS;ADALTO;CAN;KIRITA;NAS;SAGIR;TURHAN;ALTIN;AYKUT
Akcaabat Sebatspor vs. Gaziantepspor - Sunday September 28 - 2003,Akcaabat Sebatspor,hard,3-5-2,AKTAS;BAYRAK;GEZMIS;UZUN;YILMAZ;DERELI;KIP;KARACA;OZGUR;BILAZER;KINALI
Akcaabat Sebatspor vs. Gaziantepspor - Sunday September 28 - 2003,Gaziantepspor,hard,4-4-2,CATKIC;TORAMAN;YURT;JOHNSON;BOUAZIZI;BAKI;OZBAY;NAMLI;LAZAROV;JAZIRI;OZER
Besiktas vs. Trabzonspor - Sunday September 28 - 2003,Besiktas,easy,3-5-2,CORDOBA;ASIK;RONALDO GUIARO;ZAGO;UZULMEZ;HAVUTCU;GIUNTI;YALCIN;KOC;MANSIZ;PANCU
Besiktas vs. Trabzonspor - Sunday September 28 - 2003,Trabzonspor,easy,4-4-2,SONMEZ;CORA;D'HAENE;DIENG;EREN;YALCINKAYA;CIMSIR;EGE;ROMASHCHENKO;KARADENIZ;TEKKE
Denizlispor vs. Malatyaspor - Sunday September 28 - 2003,Denizlispor,hard,3-5-2,HAMIDOU;ATAN;KRATOCHVIL;KECELI;GULPINAR;KARTOP;MULTAHARJU;BAYAZIT;AKDENIZ;AYDIN;MARTIN
Denizlispor vs. Malatyaspor - Sunday September 28 - 2003,Malatyaspor,hard,4-4-2,TUNCAY;HUSEYINOGLU;KORKMAZ;SEYHAN;KOCAK;DUMAN;ABDELAZIZ;UZ;BENSOL;BIRLIK;ULUSOY
Rizespor vs. Diyarbakirspor - Sunday September 28 - 2003,Diyarbakirspor,hard,4-4-2,KARAGOL;SAATCIOGLU;BECEREN;STAVREVSKI;YIGIT;YUNGUL;JUPI;SAMATYALI;SALAR;AKYUZ;BAKADAL
Rizespor vs. Diyarbakirspor - Sunday September 28 - 2003,Rizespor,hard,4-4-2,INAN;CAGIRAN;DUYMUS;VICTORIA;AZER;BESERLER;AVCI;DEMIRAY;OZDEMIR;SOZKESEN;OZTURK
Konyaspor vs. Fenerbahce - Friday October 3 - 2003,Fenerbahce,easy,4-1-4-1,BILER;LUCIANO;TOMAS;OZAT;PETKOV;AKYEL;MEHMET AURELIO;ASLAN;SANLI;AKIN;VAN HOOIJDONK
Konyaspor vs. Fenerbahce - Friday October 3 - 2003,Konyaspor,hard,3-5-2,BOUKAR;GUNDOSTU;TEMIZKANOGLU;GURELER;CELIK;YESILKAYA;YILMAZ;AKSOY;TURKMEN;ISLER;BIRYOL
Galatasaray vs. Akcaabat Sebatspor - Saturday October 4 - 2003,Akcaabat Sebatspor,hard,4-2-3-1,OZEL;BAYRAK;GEZMIS;YILMAZ;UZUN;DERELI;KIP;OZTURK;BILAZER;KARACA;OZGUR
Galatasaray vs. Akcaabat Sebatspor - Saturday October 4 - 2003,Galatasaray,easy,4-4-2,MONDRAGON;KORKMAZ;DE BOER;PENBE;SARIOGLU;BATISTA;HASPOLATLI;AKMAN;SAS;ERDEM;SUKUR
Genclerbirligi vs. Adanaspor - Saturday October 4 - 2003,Adanaspor,hard,3-5-2,SAHIN;KOSE;YANYALI;UNAL;BEKIROGLU;YAVUZ;YUCETAS;LALIK;SALGINOGLU;GURSOY;ATES
Genclerbirligi vs. Adanaspor - Saturday October 4 - 2003,Genclerbirligi,hard,3-5-2,BOTONJIC;BOZKURT;BARIS;EL SAKA;MERCIMEK;DAEMS;BALCI;TANDOGAN;SKOKO;YOULA;OZKAN
Istanbulspor vs. Denizlispor - Saturday October 4 - 2003,Denizlispor,hard,3-5-2,HAMIDOU;ATAN;KRATOCHVIL;KECELI;GULPINAR;KARTOP;MULTAHARJU;BAYAZIT;AKDENIZ;BIRDAL;MARTIN
Istanbulspor vs. Denizlispor - Saturday October 4 - 2003,Istanbulspor,hard,3-5-2,ZDRAVKOV;AKBAS;OKECHUKWU;CAN;VIDUSLU;SAIDOU;DOGU;ALEKSANDROV;YOZGATLI;BALILI;BOLIC
Malatyaspor vs. Bursaspor - Saturday October 4 - 2003,Bursaspor,hard,3-5-2,VINTILA;GURACAR;DAMLA;MIU;ER;SERTKAYA;TUNA;FRASINEANU;ALEMDAR;AL;YILMAZ
Malatyaspor vs. Bursaspor - Saturday October 4 - 2003,Malatyaspor,hard,3-5-2,TUNCAY;KORKMAZ;SEYHAN;OZSOY;KOCAK;ABDELAZIZ;BENSOL;YAVAS;AKAGUNDUZ;BIRLIK;ULUSOY
Diyarbakirspor vs. Samsunspor - Sunday October 5 - 2003,Diyarbakirspor,hard,3-5-2,KARAGOL;SAATCIOGLU;BECEREN;STAVREVSKI;TUNC;YIGIT;GHODHBANE;YUNGUL;JUPI;HACIOGLU;BAKADAL
Diyarbakirspor vs. Samsunspor - Sunday October 5 - 2003,Samsunspor,hard,3-5-2,GENCER;MILTON DO O;YAVAS;YELEK;ADALTO;CAN;NAS;SAGIR;TURHAN;ALTIN;AYKUT
Elazigspor vs. Besiktas - Sunday October 5 - 2003,Besiktas,easy,3-5-2,KURSUNLU;ASIK;RONALDO GUIARO;YILDIRIM;HAVUTCU;SULUN;DABROWSKI;METIN;YALCIN;TOPRAKTEPE;MANSIZ
Elazigspor vs. Besiktas - Sunday October 5 - 2003,Elazigspor,hard,4-4-2,KONIG;OZALP;TURGUT;KURNAZ;AGCAY;HATIPOGLU;MARANGOZ;BIULA;ALTUN;EFFA-OWONA;YANIK
Gaziantepspor vs. Rizespor - Sunday October 5 - 2003,Gaziantepspor,hard,3-5-2,CATKIC;TORAMAN;YURT;BOUAZIZI;BOLUKBASI;AYHAN;BAKI;OZBAY;NAMLI;LAZAROV;OZER
Gaziantepspor vs. Rizespor - Sunday October 5 - 2003,Rizespor,hard,3-5-2,INAN;CAGIRAN;VICTORIA;AZER;BESERLER;AVCI;SEDLAK;ASKAROGLU;DEMIRAY;OZDEMIR;SOZKESEN
Trabzonspor vs. Ankaragucu - Sunday October 5 - 2003,Ankaragucu,hard,3-5-2,OZGULTEKIN;KUTLU;BARIS;DURSUN;OZSARAC;EVREN;GALEANO;OZLEM;YILDIRIM;KELES;RAGAB
Trabzonspor vs. Ankaragucu - Sunday October 5 - 2003,Trabzonspor,easy,4-4-2,SONMEZ;CORA;D'HAENE;YAVUZ;CIMSIR;EGE;ROMASHCHENKO;SOMERS;KARADENIZ;AHINFUL;YILMAZ
Rizespor vs. Galatasaray - Friday October 17 - 2003,Galatasaray,easy,4-4-2,MONDRAGON;KORKMAZ;DE BOER;PENBE;PRATES;SARIOGLU;HASPOLATLI;AKMAN;SAS;BRATU;SUKUR
Rizespor vs. Galatasaray - Friday October 17 - 2003,Rizespor,hard,4-4-2,INAN;DUYMUS;CAGIRAN;VICTORIA;BESERLER;AZER;AVCI;DEMIRAY;OZDEMIR;SOZKESEN;OZTURK
Adanaspor vs. Konyaspor - Saturday October 18 - 2003,Adanaspor,hard,3-5-2,SAHIN;YANYALI;OZTURK;UNAL;BEKIROGLU;YAVUZ;OZATAK;YUCETAS;LALIK;SALGINOGLU;ATES
Adanaspor vs. Konyaspor - Saturday October 18 - 2003,Konyaspor,hard,3-5-2,BOUKAR;GUNDOSTU;TEMIZKANOGLU;CELIK;GUNEY;YESILKAYA;YILMAZ;AKSOY;BIRYOL;ISLER;TURKMEN
Ankaragucu vs. Elazigspor - Saturday October 18 - 2003,Ankaragucu,hard,3-5-2,OZGULTEKIN;EL DESOUKI;KUTLU;DURSUN;OZSARAC;EVREN;OZLEM;YILDIRIM;ERIS;KELES;RAGAB
Ankaragucu vs. Elazigspor - Saturday October 18 - 2003,Elazigspor,hard,3-5-2,USAK;DEBNAR;OZALP;TURGUT;AGCAY;CZINEGE;BIULA;ALTUN;EFFA-OWONA;YAGMUR;YANIK
Besiktas vs. Diyarbakirspor - Saturday October 18 - 2003,Besiktas,easy,3-5-2,CORDOBA;ASIK;RONALDO GUIARO;ZAGO;HAVUTCU;GIUNTI;METIN;AHMED HASSAN;TOPRAKTEPE;KOC;MANSIZ
Besiktas vs. Diyarbakirspor - Saturday October 18 - 2003,Diyarbakirspor,hard,4-5-1,KARAGOL;SAATCIOGLU;BECEREN;BOZACI;TUNC;DEMIRCIOGLU;YIGIT;GHODHBANE;JUPI;SAMATYALI;BAKADAL
Akcaabat Sebatspor vs. Genclerbirligi - Sunday October 19 - 2003,Akcaabat Sebatspor,hard,3-5-2,OZEL;BAYRAK;GEZMIS;UZUN;DERELI;KIP;ZAJAC;OZGUR;BILAZER;KAYNAK;SUMIALA
Akcaabat Sebatspor vs. Genclerbirligi - Sunday October 19 - 2003,Genclerbirligi,hard,3-5-2,BOTONJIC;BOZKURT;BARIS;MERCIMEK;OZBEY;DAEMS;TANDOGAN;BALCI;MBAYO;CIHAN;OZKAN
Bursaspor vs. Fenerbahce - Sunday October 19 - 2003,Bursaspor,hard,4-4-2,VINTILA;GURACAR;DAMLA;MIU;ER;SERTKAYA;TUNA;FRASINEANU;ALEMDAR;GANEA;YILMAZ
Bursaspor vs. Fenerbahce - Sunday October 19 - 2003,Fenerbahce,easy,4-4-2,BILER;LUCIANO;TOMAS;OZAT;PETKOV;AKYEL;SAHIN;SANLI;AKIN;REBROV;VAN HOOIJDONK
Denizlispor vs. Trabzonspor - Sunday October 19 - 2003,Denizlispor,hard,4-4-2,HAMIDOU;ATAN;KRATOCHVIL;KECELI;GULPINAR;KARTOP;MULTAHARJU;AKDENIZ;BAYAZIT;BIRDAL;MARTIN
Denizlispor vs. Trabzonspor - Sunday October 19 - 2003,Trabzonspor,easy,4-3-1-2,PETKOVIC;D'HAENE;ASIL;EREN;CIMSIR;EGE;ROMASHCHENKO;SOMERS;KARADENIZ;TEKKE;YILMAZ
Malatyaspor vs. Istanbulspor - Sunday October 19 - 2003,Istanbulspor,hard,3-5-2,ZDRAVKOV;OKECHUKWU;DOGANTEZ;AKBAS;CAN;SAIDOU;VIDUSLU;BAYAR;YOZGATLI;BOLIC;BUSHI
Malatyaspor vs. Istanbulspor - Sunday October 19 - 2003,Malatyaspor,hard,3-5-2,TUNCAY;KORKMAZ;SEYHAN;KOCAK;DUMAN;ABDELAZIZ;PACHOLA;MKHALELE;AKAGUNDUZ;BIRLIK;ULUSOY
Samsunspor vs. Gaziantepspor - Sunday October 19 - 2003,Gaziantepspor,hard,3-5-2,CATKIC;TORAMAN;JOHNSON;GUNES;BOUAZIZI;BOLUKBASI;AYHAN;BAKI;OZBAY;LAZAROV;PREKO
Samsunspor vs. Gaziantepspor - Sunday October 19 - 2003,Samsunspor,hard,3-5-2,GENCER;OZKOYLU;YELEK;ADALTO;CAN;KIRITA;NAS;SAGIR;TURHAN;JUNINHO CEARENSE;ALTIN
Fenerbahce vs. Adanaspor - Friday October 24 - 2003,Adanaspor,hard,3-5-2,SAHIN;UNAL;KOSE;YANYALI;OZTURK;BEKIROGLU;OZATAK;YAVUZ;YUCETAS;LALIK;MESZAROS
Fenerbahce vs. Adanaspor - Friday October 24 - 2003,Fenerbahce,easy,4-1-4-1,BILER;LUCIANO;TOMAS;OZAT;PETKOV;AKYEL;MEHMET AURELIO;ASLAN;SANLI;AKIN;VAN HOOIJDONK
Diyarbakirspor vs. Ankaragucu - Saturday October 25 - 2003,Ankaragucu,hard,3-5-2,OZGULTEKIN;KUTLU;EL DESOUKI;OZSARAC;DURSUN;SMEETS;GALEANO;KOCAK;ERIS;KELES;RAGAB
Diyarbakirspor vs. Ankaragucu - Saturday October 25 - 2003,Diyarbakirspor,hard,3-5-2,KARAGOL;SAATCIOGLU;TUNC;BOZACI;BECEREN;DEMIRCIOGLU;YIGIT;GHODHBANE;JUPI;SAMATYALI;GUNER
Elazigspor vs. Denizlispor - Saturday October 25 - 2003,Denizlispor,hard,4-4-2,HAMIDOU;ATAN;BAYER;KRATOCHVIL;GULPINAR;KARTOP;MULTAHARJU;AKDENIZ;BAYAZIT;BIRDAL;MARTIN
Elazigspor vs. Denizlispor - Saturday October 25 - 2003,Elazigspor,hard,3-5-2,USAK;DEBNAR;GUR;OZALP;TURGUT;CZINEGE;HATIPOGLU;KOPRULU;BIULA;EFFA-OWONA;YANIK
Galatasaray vs. Samsunspor - Saturday October 25 - 2003,Galatasaray,easy,4-4-2,MONDRAGON;KORKMAZ;DE BOER;PENBE;PRATES;HASPOLATLI;AKMAN;SAS;BRATU;ERDEM;SUKUR
Galatasaray vs. Samsunspor - Saturday October 25 - 2003,Samsunspor,hard,4-4-2,SHORUNMU;AKTEPE;YAVAS;YELEK;ADALTO;GUNGOR;KIRITA;NAS;JUNINHO CEARENSE;TURHAN;ALTIN
Trabzonspor vs. Malatyaspor - Saturday October 25 - 2003,Malatyaspor,hard,4-4-2,TUNCAY;KORKMAZ;OZSOY;KOCAK;DUMAN;ABDELAZIZ;BENSOL;PACHOLA;MKHALELE;AKAGUNDUZ;ULUSOY
Trabzonspor vs. Malatyaspor - Saturday October 25 - 2003,Trabzonspor,easy,4-4-2,PETKOVIC;CORA;D'HAENE;ASIL;EREN;EGE;SOMERS;ROMASHCHENKO;KARADENIZ;TEKKE;YILMAZ
Gaziantepspor vs. Besiktas - Sunday October 26 - 2003,Besiktas,easy,3-5-2,CORDOBA;ASIK;RONALDO GUIARO;UZULMEZ;YILDIRIM;GIUNTI;HAVUTCU;DABROWSKI;METIN;MANSIZ;PANCU
Gaziantepspor vs. Besiktas - Sunday October 26 - 2003,Gaziantepspor,hard,4-4-2,CATKIC;TORAMAN;GUNES;JOHNSON;BOUAZIZI;BOLUKBASI;AYHAN;BAKI;OZBAY;LAZAROV;JAZIRI
Genclerbirligi vs. Rizespor - Sunday October 26 - 2003,Genclerbirligi,hard,3-5-2,BOTONJIC;BOZKURT;BARIS;EL SAKA;MERCIMEK;DAEMS;BALCI;TANDOGAN;SKOKO;YOULA;OZKAN
Genclerbirligi vs. Rizespor - Sunday October 26 - 2003,Rizespor,hard,4-4-2,INAN;CAGIRAN;DUYMUS;AZER;BESERLER;AVCI;VURUR;ASKAROGLU;DEMIRAY;OZDEMIR;OZTURK
Istanbulspor vs. Bursaspor - Sunday October 26 - 2003,Bursaspor,hard,4-4-2,VINTILA;KORKMAZ;DAMLA;MIU;JUNIOR;ER;TUNA;FRASINEANU;ALEMDAR;GANEA;YILMAZ
Istanbulspor vs. Bursaspor - Sunday October 26 - 2003,Istanbulspor,hard,4-4-2,ZDRAVKOV;AKBAS;DOGANTEZ;OKECHUKWU;VIDUSLU;SAIDOU;KUS;BAYAR;YOZGATLI;BOLIC;BUSHI
Konyaspor vs. Akcaabat Sebatspor - Sunday October 26 - 2003,Akcaabat Sebatspor,hard,4-4-2,AKTAS;BAYRAK;GEZMIS;GUVEN;UZUN;DERELI;ZAJAC;BILAZER;OZGUR;KAYNAK;SUMIALA
Konyaspor vs. Akcaabat Sebatspor - Sunday October 26 - 2003,Konyaspor,hard,3-5-2,BOUKAR;GUNDOSTU;TEMIZKANOGLU;CELIK;KARACA;YESILKAYA;YILMAZ;AKSOY;AKIN;BIRYOL;TURKMEN
Besiktas vs. Galatasaray - Friday October 31 - 2003,Besiktas,easy,4-4-2,CORDOBA;ASIK;RONALDO GUIARO;UZULMEZ;YILDIRIM;GIUNTI;HAVUTCU;DABROWSKI;METIN;MANSIZ;PANCU
Besiktas vs. Galatasaray - Friday October 31 - 2003,Galatasaray,easy,4-4-2,MONDRAGON;AK;KORKMAZ;DE BOER;PENBE;SARIOGLU;PRATES;HASPOLATLI;AKMAN;BRATU;SUKUR
Ankaragucu vs. Gaziantepspor - Saturday November 1 - 2003,Ankaragucu,hard,3-5-2,OZGULTEKIN;KUTLU;BARIS;OZSARAC;TURKMEHMET;OZLEM;GALEANO;ERIS;KARTAL;KELES;SALCEDO
Ankaragucu vs. Gaziantepspor - Saturday November 1 - 2003,Gaziantepspor,hard,3-5-2,CATKIC;POLAT;TORAMAN;COLAK;JOHNSON;BOUAZIZI;AYHAN;OZBAY;NAMLI;LAZAROV;JAZIRI
Denizlispor vs. Diyarbakirspor - Saturday November 1 - 2003,Denizlispor,hard,4-4-2,HAMIDOU;ATAN;KRATOCHVIL;KECELI;GULPINAR;KARTOP;MULTAHARJU;AKDENIZ;BAYAZIT;BIRDAL;MARTIN
Denizlispor vs. Diyarbakirspor - Saturday November 1 - 2003,Diyarbakirspor,hard,3-5-2,KARAGOL;SAATCIOGLU;BECEREN;BOZACI;TUNC;DEMIRCIOGLU;YIGIT;GHODHBANE;JUPI;HACIOGLU;BAKADAL
Istanbulspor vs. Trabzonspor - Saturday November 1 - 2003,Istanbulspor,hard,4-4-2,ZDRAVKOV;AKBAS;DOGANTEZ;OKECHUKWU;SAIDOU;KUS;BAYAR;ALEKSANDROV;YOZGATLI;BOLIC;BUSHI
Istanbulspor vs. Trabzonspor - Saturday November 1 - 2003,Trabzonspor,easy,4-4-2,PETKOVIC;CORA;D'HAENE;EREN;CIMSIR;EGE;ROMASHCHENKO;SOMERS;KARADENIZ;AHINFUL;TEKKE
Samsunspor vs. Genclerbirligi - Saturday November 1 - 2003,Genclerbirligi,hard,3-5-2,BOTONJIC;BOZKURT;BARIS;EL SAKA;MERCIMEK;DAEMS;TANDOGAN;BASTURK;SKOKO;YOULA;OZKAN
Samsunspor vs. Genclerbirligi - Saturday November 1 - 2003,Samsunspor,hard,4-4-2,SHORUNMU;OZKOYLU;YELEK;ADALTO;CAN;KIRITA;NAS;SAGIR;TURHAN;AYDIN;ALTIN
Akcaabat Sebatspor vs. Fenerbahce - Sunday November 2 - 2003,Akcaabat Sebatspor,hard,4-4-2,AKTAS;BAYRAK;GEZMIS;GUVEN;UZUN;DERELI;ZAJAC;TOKAC;OZGUR;BILAZER;SUMIALA
Akcaabat Sebatspor vs. Fenerbahce - Sunday November 2 - 2003,Fenerbahce,easy,4-1-4-1,BILER;LUCIANO;TOMAS;PETKOV;AKYEL;MEHMET AURELIO;SAHIN;ASLAN;SANLI;AKIN;VAN HOOIJDONK
Bursaspor vs. Adanaspor - Sunday November 2 - 2003,Adanaspor,hard,5-4-1,SAHIN;KOSE;YANYALI;OZTURK;UNAL;BEKIROGLU;YAVUZ;OZATAK;YUCETAS;LALIK;ATES
Bursaspor vs. Adanaspor - Sunday November 2 - 2003,Bursaspor,hard,4-4-2,KULBILGE;DAMLA;MIU;JUNIOR;ER;SERTKAYA;TUNA;FRASINEANU;ALEMDAR;GANEA;YILMAZ
Malatyaspor vs. Elazigspor - Sunday November 2 - 2003,Elazigspor,hard,3-5-2,USAK;COL;DEBNAR;OZALP;TURGUT;AGCAY;CZINEGE;DELIORMAN;HATIPOGLU;MARANGOZ;BIULA
Malatyaspor vs. Elazigspor - Sunday November 2 - 2003,Malatyaspor,hard,3-5-2,TUNCAY;KORKMAZ;SEYHAN;KOCAK;ABDELAZIZ;BENSOL;PACHOLA;YAVAS;MKHALELE;AKAGUNDUZ;ULUSOY
Rizespor vs. Konyaspor - Sunday November 2 - 2003,Konyaspor,hard,3-5-2,BOUKAR;GUNDOSTU;TEMIZKANOGLU;GUNEY;CELIK;KARACA;YESILKAYA;YILMAZ;AKSOY;BIRYOL;TURKMEN
Rizespor vs. Konyaspor - Sunday November 2 - 2003,Rizespor,hard,3-5-2,YIGITER;CAGIRAN;DUYMUS;AZER;AVCI;VURUR;ASKAROGLU;OZDEMIR;CHUKWU;SOZKESEN;OZTURK
Trabzonspor vs. Bursaspor - Friday November 7 - 2003,Bursaspor,hard,4-4-2,KULBILGE;BULUT;MIU;DAMLA;JUNIOR;ER;SERTKAYA;TUNA;FRASINEANU;GANEA;YILMAZ
Trabzonspor vs. Bursaspor - Friday November 7 - 2003,Trabzonspor,easy,4-4-2,PETKOVIC;CORA;D'HAENE;EREN;CIMSIR;EGE;ROMASHCHENKO;SOMERS;KARADENIZ;AHINFUL;TEKKE
Adanaspor vs. Akcaabat Sebatspor - Saturday November 8 - 2003,Adanaspor,hard,4-4-2,SAHIN;KOSE;YANYALI;UNAL;BEKIROGLU;OZTURK;YAVUZ;DALCICEK;YUCETAS;ATES;MESZAROS
Adanaspor vs. Akcaabat Sebatspor - Saturday November 8 - 2003,Akcaabat Sebatspor,hard,3-5-2,OZEL;YILMAZ;UZUN;GEZMIS;BAYRAK;DERELI;ZAJAC;TOKAC;BILAZER;PARLAYAN;SUMIALA
Konyaspor vs. Samsunspor - Saturday November 8 - 2003,Konyaspor,hard,3-5-2,BOUKAR;GUNDOSTU;TEMIZKANOGLU;GUNEY;CELIK;KARACA;YESILKAYA;YILMAZ;AKSOY;BIRYOL;TURKMEN
Konyaspor vs. Samsunspor - Saturday November 8 - 2003,Samsunspor,hard,4-4-2,SHORUNMU;YAVAS;YELEK;ADALTO;CAN;KIRITA;NAS;SAGIR;TURHAN;AYDIN;ALTIN
Diyarbakirspor vs. Malatyaspor - Sunday November 9 - 2003,Diyarbakirspor,hard,4-4-2,KARAGOL;SAATCIOGLU;TUNC;BOZACI;BECEREN;DEMIRCIOGLU;YIGIT;GHODHBANE;JUPI;GUNER;HACIOGLU
Diyarbakirspor vs. Malatyaspor - Sunday November 9 - 2003,Malatyaspor,hard,4-4-2,TUNCAY;KORKMAZ;SEYHAN;DUMAN;ABDELAZIZ;BENSOL;PACHOLA;YAVAS;MKHALELE;AKAGUNDUZ;BIRLIK
Elazigspor vs. Istanbulspor - Sunday November 9 - 2003,Elazigspor,hard,3-5-2,KONIG;COL;DEBNAR;GUR;OZALP;TURGUT;CZINEGE;DELIORMAN;ALTUN;YAGMUR;YANIK
Elazigspor vs. Istanbulspor - Sunday November 9 - 2003,Istanbulspor,hard,3-5-2,ZDRAVKOV;AKBAS;DOGANTEZ;OKECHUKWU;SAIDOU;KUS;BAYAR;ALEKSANDROV;YOZGATLI;BOLIC;BUSHI
Galatasaray vs. Ankaragucu - Sunday November 9 - 2003,Ankaragucu,hard,4-4-2,OZGULTEKIN;EL DESOUKI;DURSUN;OZSARAC;TURKMEHMET;EVREN;OZLEM;YILDIRIM;DOGAN;KARTAL;KELES
Galatasaray vs. Ankaragucu - Sunday November 9 - 2003,Galatasaray,easy,4-4-2,MONDRAGON;KORKMAZ;DE BOER;PENBE;PRATES;SARIOGLU;PETRE;AKMAN;SAS;BRATU;SUKUR
Gaziantepspor vs. Denizlispor - Sunday November 9 - 2003,Denizlispor,hard,3-5-2,HAMIDOU;ATAN;KRATOCHVIL;KECELI;KARTOP;GULPINAR;MULTAHARJU;BAYAZIT;AKDENIZ;KAHRAMAN;MARTIN
Gaziantepspor vs. Denizlispor - Sunday November 9 - 2003,Gaziantepspor,hard,3-5-2,CATKIC;POLAT;TORAMAN;JOHNSON;BOUAZIZI;BOLUKBASI;AYHAN;OZBAY;NAMLI;LAZAROV;JAZIRI
Genclerbirligi vs. Besiktas - Sunday November 9 - 2003,Besiktas,easy,3-5-2,CORDOBA;ASIK;RONALDO GUIARO;ZAGO;UZULMEZ;HAVUTCU;GIUNTI;METIN;KOC;MANSIZ;PANCU
Genclerbirligi vs. Besiktas - Sunday November 9 - 2003,Genclerbirligi,hard,4-4-2,BOTONJIC;BOZKURT;BARIS;EL SAKA;DAEMS;BALCI;TANDOGAN;SKOKO;CIHAN;YOULA;OZKAN
Ankaragucu vs. Genclerbirligi - Saturday November 22 - 2003,Ankaragucu,hard,3-5-2,OZGULTEKIN;EL DESOUKI;OZSARAC;DURSUN;TURKMEHMET;SMEETS;OZLEM;YILDIRIM;DOGAN;KARTAL;KELES
Ankaragucu vs. Genclerbirligi - Saturday November 22 - 2003,Genclerbirligi,hard,3-5-2,BOTONJIC;BARIS;EL SAKA;OZBEY;DAEMS;BALCI;TANDOGAN;SKOKO;CIHAN;YOULA;OZKAN
Besiktas vs. Konyaspor - Saturday November 22 - 2003,Besiktas,easy,3-5-2,KURSUNLU;RONALDO GUIARO;ZAGO;UZULMEZ;HAVUTCU;YILDIRIM;SULUN;YALCIN;KOC;DURSUN;PANCU
Besiktas vs. Konyaspor - Saturday November 22 - 2003,Konyaspor,hard,3-5-2,BOUKAR;TEMIZKANOGLU;GUNEY;CELIK;DEMIR;KARACA;PEREIRA;YESILKAYA;AKSOY;BIRYOL;TURKMEN
Denizlispor vs. Galatasaray - Saturday November 22 - 2003,Denizlispor,hard,4-2-3-1,HAMIDOU;KRATOCHVIL;ATAN;KECELI;AKINCI;GULPINAR;KARTOP;MULTAHARJU;AKDENIZ;BAYAZIT;MARTIN
Denizlispor vs. Galatasaray - Saturday November 22 - 2003,Galatasaray,easy,4-4-2,MONDRAGON;KORKMAZ;DE BOER;UNSAL;PRATES;SARIOGLU;BATISTA;AKMAN;SAS;BRATU;SUKUR
Malatyaspor vs. Gaziantepspor - Saturday November 22 - 2003,Gaziantepspor,hard,3-5-2,CATKIC;POLAT;TORAMAN;COLAK;JOHNSON;BOLUKBASI;AYHAN;OZBAY;NAMLI;LAZAROV;OZER
Malatyaspor vs. Gaziantepspor - Saturday November 22 - 2003,Malatyaspor,hard,3-5-2,TUNCAY;KORKMAZ;SEYHAN;KOCAK;ABDELAZIZ;BENSOL;PACHOLA;ONCAN;MKHALELE;AKAGUNDUZ;ULUSOY
Bursaspor vs. Akcaabat Sebatspor - Sunday November 23 - 2003,Akcaabat Sebatspor,hard,3-5-2,AKTAS;BAYRAK;GEZMIS;UZUN;YILMAZ;DERELI;ZAJAC;OZGUR;KARACA;BILAZER;PARLAYAN
Bursaspor vs. Akcaabat Sebatspor - Sunday November 23 - 2003,Bursaspor,hard,4-4-2,KULBILGE;GURACAR;DAMLA;KILIC;JUNIOR;ER;SERTKAYA;TUNA;FRASINEANU;GANEA;YILMAZ
Istanbulspor vs. Diyarbakirspor - Sunday November 23 - 2003,Diyarbakirspor,hard,3-5-2,KARAGOL;SAATCIOGLU;BECEREN;BOZACI;TUNC;DEMIRCIOGLU;YIGIT;GHODHBANE;JUPI;GUNER;HACIOGLU
Istanbulspor vs. Diyarbakirspor - Sunday November 23 - 2003,Istanbulspor,hard,5-4-1,ZDRAVKOV;AKBAS;DOGANTEZ;OKECHUKWU;BUYUK;SAIDOU;KUS;BAYAR;ALEKSANDROV;YOZGATLI;BALILI
Rizespor vs. Adanaspor - Sunday November 23 - 2003,Adanaspor,hard,4-5-1,KUCUKTAKA;KOSE;OZTURK;UNAL;BEKIROGLU;YAVUZ;OZATAK;DALCICEK;YUCETAS;LALIK;ATES
Rizespor vs. Adanaspor - Sunday November 23 - 2003,Rizespor,hard,4-4-2,YIGITER;CAGIRAN;DUYMUS;CEPNI;ALPUGAN;AVCI;ASKAROGLU;DEMIRAY;CHUKWU;SOZKESEN;OZTURK
Samsunspor vs. Fenerbahce - Sunday November 23 - 2003,Fenerbahce,easy,3-3-3-1,BILER;CETIN;GULDUREN;LUCIANO;TOMAS;MEHMET AURELIO;SAHIN;SANLI;REBROV;VAN HOOIJDONK;SENTURK
Samsunspor vs. Fenerbahce - Sunday November 23 - 2003,Samsunspor,hard,4-4-2,SHORUNMU;YAVAS;YELEK;ADALTO;CAN;KIRITA;NAS;SAGIR;TURHAN;AYKUT;ALTIN
Trabzonspor vs. Elazigspor - Sunday November 23 - 2003,Elazigspor,hard,3-5-2,KONIG;COL;DEBNAR;GUR;TURGUT;KURNAZ;DELIORMAN;HATIPOGLU;MARANGOZ;ALTUN;YANIK
Trabzonspor vs. Elazigspor - Sunday November 23 - 2003,Trabzonspor,easy,4-4-2,PETKOVIC;D'HAENE;YAVUZ;EREN;CIMSIR;UCUNCU;SOMERS;ROMASHCHENKO;KARADENIZ;AHINFUL;TEKKE
Galatasaray vs. Malatyaspor - Friday November 28 - 2003,Galatasaray,easy,4-4-2,ERCETIN;AK;TAMAS;PENBE;PRATES;SARIOGLU;PETRE;AKMAN;BRATU;GOKTAN;SUKUR
Galatasaray vs. Malatyaspor - Friday November 28 - 2003,Malatyaspor,hard,4-4-2,TUNCAY;KORKMAZ;SEYHAN;KOCAK;ABDELAZIZ;BENSOL;PACHOLA;ONCAN;MKHALELE;AKAGUNDUZ;ULUSOY
Akcaabat Sebatspor vs. Rizespor - Saturday November 29 - 2003,Akcaabat Sebatspor,hard,3-5-2,AKTAS;BAYRAK;GEZMIS;UZUN;YILMAZ;DERELI;ZAJAC;BILAZER;OZGUR;KAYNAK;PARLAYAN
Akcaabat Sebatspor vs. Rizespor - Saturday November 29 - 2003,Rizespor,hard,3-5-2,YIGITER;CAGIRAN;KURKCU;VICTORIA;AZER;AVCI;SEDLAK;ASKAROGLU;DEMIRAY;SOZKESEN;OZTURK
Diyarbakirspor vs. Trabzonspor - Saturday November 29 - 2003,Diyarbakirspor,hard,4-4-2,KARAGOL;SAATCIOGLU;BECEREN;BOZACI;TUNC;DEMIRCIOGLU;YIGIT;GHODHBANE;GUNER;HACIOGLU;BAKADAL
Diyarbakirspor vs. Trabzonspor - Saturday November 29 - 2003,Trabzonspor,easy,4-4-2,PETKOVIC;CORA;YAVUZ;ASIL;CIMSIR;EGE;ROMASHCHENKO;SOMERS;KARADENIZ;YATTARA;TEKKE
Elazigspor vs. Bursaspor - Saturday November 29 - 2003,Bursaspor,hard,3-5-2,KULBILGE;GURACAR;DAMLA;MIU;KILIC;JUNIOR;SERTKAYA;TUNA;SEN;GANEA;YILMAZ
Elazigspor vs. Bursaspor - Saturday November 29 - 2003,Elazigspor,hard,3-5-2,KONIG;DEBNAR;GUR;TURGUT;KURNAZ;MARANGOZ;HATIPOGLU;DELIORMAN;BIULA;ALTUN;YANIK
Konyaspor vs. Ankaragucu - Saturday November 29 - 2003,Ankaragucu,hard,3-5-2,BAHADIR;KUTLU;BARIS;DURSUN;OZSARAC;EVREN;OZLEM;YILDIRIM;BULUT;KARTAL;KELES
Konyaspor vs. Ankaragucu - Saturday November 29 - 2003,Konyaspor,hard,3-5-2,BOUKAR;TEMIZKANOGLU;GUNEY;DEMIR;KARACA;PEREIRA;YESILKAYA;AKSOY;BIRYOL;ISLER;TURKMEN
Adanaspor vs. Samsunspor - Sunday November 30 - 2003,Adanaspor,hard,5-4-1,KUCUKTAKA;KOSE;YANYALI;OZTURK;UNAL;YAVUZ;OZATAK;DALCICEK;YUCETAS;LALIK;ATES
Adanaspor vs. Samsunspor - Sunday November 30 - 2003,Samsunspor,hard,3-5-2,SHORUNMU;ULUN;YAVAS;YELEK;CAN;KIRITA;NAS;SAGIR;TURHAN;AYKUT;ALTIN
Fenerbahce vs. Besiktas - Sunday November 30 - 2003,Besiktas,easy,3-5-2,CORDOBA;ASIK;RONALDO GUIARO;UZULMEZ;GIUNTI;HAVUTCU;YILDIRIM;YALCIN;METIN;KOC;MANSIZ
Fenerbahce vs. Besiktas - Sunday November 30 - 2003,Fenerbahce,easy,4-2-3-1,BILER;LUCIANO;TOMAS;OZAT;PETKOV;MEHMET AURELIO;SAHIN;GUNES;SANLI;AKIN;VAN HOOIJDONK
Gaziantepspor vs. Istanbulspor - Sunday November 30 - 2003,Gaziantepspor,hard,3-5-2,CATKIC;TORAMAN;JOHNSON;GUNES;BOUAZIZI;BOLUKBASI;OZBAY;KARAKAYIS;NAMLI;LAZAROV;OZER
Gaziantepspor vs. Istanbulspor - Sunday November 30 - 2003,Istanbulspor,hard,3-5-2,ZDRAVKOV;AKBAS;DOGANTEZ;OKECHUKWU;VIDUSLU;SAIDOU;KUS;BAYAR;ALEKSANDROV;YOZGATLI;BALILI
Genclerbirligi vs. Denizlispor - Sunday November 30 - 2003,Denizlispor,hard,4-4-2,HAMIDOU;ATAN;KRATOCHVIL;KECELI;AKINCI;BOYRAZ;GULPINAR;MULTAHARJU;AKDENIZ;BAYAZIT;MARTIN
Genclerbirligi vs. Denizlispor - Sunday November 30 - 2003,Genclerbirligi,hard,3-5-2,BOTONJIC;BARIS;MERCIMEK;DAEMS;BALCI;TANDOGAN;AKIN;SKOKO;MBAYO;CIHAN;OZKAN
Besiktas vs. Adanaspor - Friday December 5 - 2003,Adanaspor,hard,4-4-2,SAHIN;YANYALI;UNAL;OZTURK;YAVUZ;OZATAK;DALCICEK;YUCETAS;LALIK;ATES;BALKAYA
Besiktas vs. Adanaspor - Friday December 5 - 2003,Besiktas,easy,3-5-2,KURSUNLU;ASIK;ZAGO;UZULMEZ;YILDIRIM;HAVUTCU;METIN;AHMED HASSAN;KOC;KALOGLU;PANCU
Diyarbakirspor vs. Elazigspor - Saturday December 6 - 2003,Diyarbakirspor,hard,4-5-1,KARAGOL;SAATCIOGLU;BECEREN;BOZACI;TUNC;DEMIRCIOGLU;YIGIT;GHODHBANE;JUPI;GUNER;HACIOGLU
Diyarbakirspor vs. Elazigspor - Saturday December 6 - 2003,Elazigspor,hard,3-5-2,KONIG;DEBNAR;COL;GUR;KURNAZ;TURGUT;HATIPOGLU;DELIORMAN;KOPRULU;YAGMUR;YANIK
Istanbulspor vs. Galatasaray - Saturday December 6 - 2003,Galatasaray,easy,4-4-2,MONDRAGON;AK;TAMAS;DE BOER;PENBE;UNSAL;SARIOGLU;PETRE;SAS;GOKTAN;SUKUR
Istanbulspor vs. Galatasaray - Saturday December 6 - 2003,Istanbulspor,hard,4-2-3-1,DAGLAROGLU;AKBAS;DOGANTEZ;OKECHUKWU;VIDUSLU;SAIDOU;KUS;BAYAR;ALEKSANDROV;YOZGATLI;BALILI
Samsunspor vs. Akcaabat Sebatspor - Saturday December 6 - 2003,Akcaabat Sebatspor,hard,3-5-2,AKTAS;BAYRAK;GEZMIS;UZUN;YILMAZ;DERELI;ZAJAC;OZGUR;BILAZER;KINALI;PARLAYAN
Samsunspor vs. Akcaabat Sebatspor - Saturday December 6 - 2003,Samsunspor,hard,4-4-2,SHORUNMU;YAVAS;YELEK;ADALTO;CAN;GUNGOR;KIRITA;SAGIR;TURHAN;AYKUT;ALTIN
Trabzonspor vs. Gaziantepspor - Saturday December 6 - 2003,Gaziantepspor,hard,3-5-2,CATKIC;POLAT;TORAMAN;JOHNSON;BOUAZIZI;BOLUKBASI;AYHAN;OZBAY;NAMLI;LAZAROV;JAZIRI
Trabzonspor vs. Gaziantepspor - Saturday December 6 - 2003,Trabzonspor,easy,4-4-2,PETKOVIC;D'HAENE;YAVUZ;CIMSIR;UCUNCU;EGE;SOMERS;ROMASHCHENKO;KARADENIZ;YATTARA;TEKKE
Ankaragucu vs. Fenerbahce - Sunday December 7 - 2003,Ankaragucu,hard,4-4-2,BAHADIR;EL DESOUKI;DURSUN;BARIS;OZSARAC;TURKMEHMET;OZLEM;YILDIRIM;KELES;KARTAL;BULUT
Ankaragucu vs. Fenerbahce - Sunday December 7 - 2003,Fenerbahce,easy,4-4-2,DEMIREL;LUCIANO;TOMAS;PETKOV;OZAT;SAHIN;GUNES;SIMSEK;SANLI;REBROV;VAN HOOIJDONK
Denizlispor vs. Konyaspor - Sunday December 7 - 2003,Denizlispor,hard,4-4-2,HAMIDOU;ATAN;KRATOCHVIL;KECELI;AKINCI;BOYRAZ;GULPINAR;MULTAHARJU;BAYAZIT;AKDENIZ;MARTIN
Denizlispor vs. Konyaspor - Sunday December 7 - 2003,Konyaspor,hard,3-5-2,BOUKAR;GUNDOSTU;TEMIZKANOGLU;CELIK;DEMIR;KARACA;YESILKAYA;AKSOY;BIRYOL;ISLER;TURKMEN
Malatyaspor vs. Genclerbirligi - Sunday December 7 - 2003,Genclerbirligi,hard,3-5-2,BOTONJIC;BOZKURT;EL SAKA;MERCIMEK;DAEMS;TANDOGAN;BALCI;MBAYO;CIHAN;YOULA;OZKAN
Malatyaspor vs. Genclerbirligi - Sunday December 7 - 2003,Malatyaspor,hard,4-4-2,TUNCAY;KORKMAZ;SEYHAN;KOCAK;ABDELAZIZ;BENSOL;YAVAS;MKHALELE;AKAGUNDUZ;BIRLIK;ULUSOY
Rizespor vs. Bursaspor - Sunday December 7 - 2003,Bursaspor,hard,3-5-2,KULBILGE;KORKMAZ;DAMLA;MIU;KILIC;JUNIOR;SERTKAYA;TUNA;FRASINEANU;GANEA;YILMAZ
Rizespor vs. Bursaspor - Sunday December 7 - 2003,Rizespor,hard,3-5-2,YIGITER;CAGIRAN;VICTORIA;AZER;BESERLER;AVCI;SEDLAK;SONBAY;ASKAROGLU;CHUKWU;OZTURK
Akcaabat Sebatspor vs. Besiktas - Saturday December 13 - 2003,Akcaabat Sebatspor,hard,3-5-2,AKTAS;BAYRAK;GEZMIS;UZUN;YILMAZ;DERELI;ZAJAC;TOKAC;OZGUR;BILAZER;KINALI
Akcaabat Sebatspor vs. Besiktas - Saturday December 13 - 2003,Besiktas,easy,3-4-1-2,CORDOBA;RONALDO GUIARO;ZAGO;HAVUTCU;YILDIRIM;GIUNTI;METIN;AHMED HASSAN;TOPRAKTEPE;KOC;KALOGLU
Fenerbahce vs. Denizlispor - Saturday December 13 - 2003,Denizlispor,hard,4-4-2,HAMIDOU;ATAN;BAYER;KRATOCHVIL;KECELI;KARTOP;GULPINAR;MULTAHARJU;BAYAZIT;AKDENIZ;MARTIN
Fenerbahce vs. Denizlispor - Saturday December 13 - 2003,Fenerbahce,easy,4-4-2,DEMIREL;LUCIANO;TOMAS;OZAT;PETKOV;SAHIN;GUNES;SANLI;AKIN;REBROV;VAN HOOIJDONK
Gaziantepspor vs. Elazigspor - Saturday December 13 - 2003,Elazigspor,hard,4-4-2,KONIG;DEBNAR;OZALP;TURGUT;KURNAZ;CZINEGE;MARANGOZ;HATIPOGLU;DELIORMAN;KOPRULU;ALTUN
Gaziantepspor vs. Elazigspor - Saturday December 13 - 2003,Gaziantepspor,hard,3-5-2,CATKIC;POLAT;TORAMAN;JOHNSON;BOUAZIZI;BOLUKBASI;OZBAY;KARAKAYIS;NAMLI;LAZAROV;JAZIRI
Genclerbirligi vs. Istanbulspor - Saturday December 13 - 2003,Genclerbirligi,hard,3-5-2,BOTONJIC;BOZKURT;BARIS;EL SAKA;OZBEY;BALCI;SKOKO;MBAYO;CIHAN;YOULA;OZKAN
Genclerbirligi vs. Istanbulspor - Saturday December 13 - 2003,Istanbulspor,hard,4-4-2,DAGLAROGLU;AKBAS;DOGANTEZ;OKECHUKWU;SAIDOU;VIDUSLU;KUS;BAYAR;ALEKSANDROV;YOZGATLI;BALILI
Adanaspor vs. Ankaragucu - Sunday December 14 - 2003,Adanaspor,hard,4-5-1,SAHIN;BEKIROGLU;BUDAK;KOSE;OZTURK;UNAL;BEKIROGLU;DALCICEK;YUCETAS;LALIK;ATES
Adanaspor vs. Ankaragucu - Sunday December 14 - 2003,Ankaragucu,hard,4-4-2,BAHADIR;EL DESOUKI;KUTLU;BARIS;DURSUN;TURKMEHMET;OZLEM;YILDIRIM;BULUT;KELES;RAGAB
Bursaspor vs. Diyarbakirspor - Sunday December 14 - 2003,Bursaspor,hard,4-4-2,KULBILGE;GURACAR;KORKMAZ;BULUT;DAMLA;MIU;JUNIOR;SERTKAYA;TUNA;ESER;YILMAZ
Bursaspor vs. Diyarbakirspor - Sunday December 14 - 2003,Diyarbakirspor,hard,4-4-2,KARAGOL;BECEREN;BOZACI;STAVREVSKI;TUNC;DEMIRCIOGLU;YIGIT;GHODHBANE;JUPI;GUNER;HACIOGLU
Galatasaray vs. Trabzonspor - Sunday December 14 - 2003,Galatasaray,easy,4-4-2,MONDRAGON;AK;KORKMAZ;DE BOER;SARIOGLU;PETRE;HASPOLATLI;ERCAN;BRATU;GOKTAN;SUKUR
Galatasaray vs. Trabzonspor - Sunday December 14 - 2003,Trabzonspor,easy,4-2-3-1,PETKOVIC;D'HAENE;YAVUZ;CIMSIR;UCUNCU;EGE;ROMASHCHENKO;SOMERS;KARADENIZ;YATTARA;TEKKE
Konyaspor vs. Malatyaspor - Sunday December 14 - 2003,Konyaspor,hard,4-4-2,ONGUN;GUNDOSTU;TEMIZKANOGLU;CELIK;DEMIR;KARACA;YESILKAYA;AKSOY;BIRYOL;ISLER;TURKMEN
Konyaspor vs. Malatyaspor - Sunday December 14 - 2003,Malatyaspor,hard,4-4-2,TUNCAY;HUSEYINOGLU;KORKMAZ;SEYHAN;KOCAK;BENSOL;YAVAS;ONCAN;MKHALELE;AKAGUNDUZ;ULUSOY
Rizespor vs. Samsunspor - Sunday December 14 - 2003,Rizespor,hard,4-4-2,YIGITER;DUYMUS;VICTORIA;AZER;BESERLER;AVCI;SEDLAK;SONBAY;ASKAROGLU;CHUKWU;OZTURK
Rizespor vs. Samsunspor - Sunday December 14 - 2003,Samsunspor,hard,3-5-2,SHORUNMU;YAVAS;YELEK;OZKOYLU;ADALTO;CAN;GUNGOR;SAGIR;TURHAN;AYDIN;AYKUT
Besiktas vs. Rizespor - Saturday December 20 - 2003,Besiktas,easy,3-5-2,CORDOBA;ASIK;RONALDO GUIARO;ZAGO;UZULMEZ;HAVUTCU;DABROWSKI;METIN;YALCIN;MANSIZ;PANCU
Besiktas vs. Rizespor - Saturday December 20 - 2003,Rizespor,hard,4-4-2,YIGITER;CAGIRAN;VICTORIA;AZER;BESERLER;AVCI;TATAN;SEDLAK;ASKAROGLU;DEMIRAY;CHUKWU
Elazigspor vs. Galatasaray - Saturday December 20 - 2003,Elazigspor,hard,4-4-2,KONIG;DEBNAR;GUR;OZALP;TURGUT;CZINEGE;DELIORMAN;HATIPOGLU;MARANGOZ;ALTUN;YANIK
Elazigspor vs. Galatasaray - Saturday December 20 - 2003,Galatasaray,easy,4-4-2,ERCETIN;ERDOGAN;TAMAS;PENBE;PRATES;SARIOGLU;PETRE;BATISTA;SAS;BRATU;KARAN
Trabzonspor vs. Genclerbirligi - Saturday December 20 - 2003,Genclerbirligi,hard,3-5-2,BOTONJIC;BOZKURT;BARIS;EL SAKA;MERCIMEK;DAEMS;BALCI;TANDOGAN;SKOKO;CIHAN;OZKAN
Trabzonspor vs. Genclerbirligi - Saturday December 20 - 2003,Trabzonspor,easy,4-4-2,PETKOVIC;D'HAENE;YAVUZ;CIMSIR;UCUNCU;EGE;SOMERS;ROMASHCHENKO;KARADENIZ;YATTARA;TEKKE
Ankaragucu vs. Akcaabat Sebatspor - Sunday December 21 - 2003,Akcaabat Sebatspor,hard,3-5-2,AKTAS;GEZMIS;UZUN;YILMAZ;DERELI;KIP;ZAJAC;ERGIN;OZGUR;KINALI;PARLAYAN
Ankaragucu vs. Akcaabat Sebatspor - Sunday December 21 - 2003,Ankaragucu,hard,3-5-2,BAHADIR;EL DESOUKI;KUTLU;BARIS;DURSUN;TURKMEHMET;OZLEM;YILDIRIM;BULUT;KARTAL;KELES
Denizlispor vs. Adanaspor - Sunday December 21 - 2003,Adanaspor,hard,4-3-3,SAHIN;BEKIROGLU;BUDAK;KOSE;OZTURK;UNAL;BEKIROGLU;LALIK;ATES;BALKAYA;MESZAROS
Denizlispor vs. Adanaspor - Sunday December 21 - 2003,Denizlispor,hard,4-4-2,KUCUK;BAYER;KRATOCHVIL;AKINCI;KARTOP;GULPINAR;MULTAHARJU;BAYAZIT;AKDENIZ;BIRDAL;MARTIN
Diyarbakirspor vs. Gaziantepspor - Sunday December 21 - 2003,Diyarbakirspor,hard,3-5-2,KARAGOL;TUNC;STAVREVSKI;MOURA;BOZACI;BECEREN;DEMIRCIOGLU;YIGIT;GHODHBANE;GUNER;HACIOGLU
Diyarbakirspor vs. Gaziantepspor - Sunday December 21 - 2003,Gaziantepspor,hard,4-4-2,CATKIC;POLAT;YURT;JOHNSON;BOUAZIZI;BOLUKBASI;KOC;OZBAY;NAMLI;JAZIRI;OZER
Istanbulspor vs. Konyaspor - Sunday December 21 - 2003,Istanbulspor,hard,3-5-2,DAGLAROGLU;AKBAS;OKECHUKWU;CAN;SAIDOU;VIDUSLU;KUS;BAYAR;ALEKSANDROV;YOZGATLI;BUSHI
Istanbulspor vs. Konyaspor - Sunday December 21 - 2003,Konyaspor,hard,3-5-2,ONGUN;AKA;GUNDOSTU;TEMIZKANOGLU;CELIK;KARACA;YESILKAYA;AKSOY;BIRYOL;ISLER;TURKMEN
Malatyaspor vs. Fenerbahce - Sunday December 21 - 2003,Fenerbahce,easy,4-1-4-1,DEMIREL;LUCIANO;TOMAS;OZAT;PETKOV;ERDOGDU;MEHMET AURELIO;SAHIN;GUNES;AKIN;VAN HOOIJDONK
Malatyaspor vs. Fenerbahce - Sunday December 21 - 2003,Malatyaspor,hard,4-4-2,TUNCAY;SEYHAN;KOCAK;DUMAN;ABDELAZIZ;BENSOL;PACHOLA;MKHALELE;ULUSOY;BIRLIK;AKAGUNDUZ
Samsunspor vs. Bursaspor - Sunday December 21 - 2003,Bursaspor,hard,3-5-2,KULBILGE;GURACAR;KORKMAZ;BULUT;MIU;SERTKAYA;SEVEN;TUNA;ALEMDAR;ESER;YILMAZ
Samsunspor vs. Bursaspor - Sunday December 21 - 2003,Samsunspor,hard,4-4-2,SHORUNMU;YAVAS;YELEK;ADALTO;CAN;GUNGOR;KIRITA;NAS;SAGIR;JUNINHO CEARENSE;AYKUT
Fenerbahce vs. Rizespor - Sunday January 18 - 2004,Fenerbahce,easy,4-4-2,DEMIREL;GULDUREN;LUCIANO;TOMAS;OZAT;SAHIN;GUNES;SANLI;REBROV;VAN HOOIJDONK;NOBRE
Fenerbahce vs. Rizespor - Sunday January 18 - 2004,Rizespor,hard,4-4-2,YIGITER;CAGIRAN;DUYMUS;AZER;AVCI;NENE;SEDLAK;ASKAROGLU;BAKI;DEMIRAY;OZTURK
Diyarbakirspor vs. Galatasaray - Friday January 23 - 2004,Diyarbakirspor,hard,3-5-2,KARAGOL;SAATCIOGLU;TUNC;BOZACI;BECEREN;DEMIRCIOGLU;YIGIT;JUPI;SAMATYALI;HACIOGLU;BAKADAL
Diyarbakirspor vs. Galatasaray - Friday January 23 - 2004,Galatasaray,easy,4-2-3-1,MONDRAGON;AK;TAMAS;USTA;PENBE;SARIOGLU;PETRE;BATISTA;AKMAN;ARSLAN;BRATU
Denizlispor vs. Akcaabat Sebatspor - Saturday January 24 - 2004,Akcaabat Sebatspor,hard,3-5-2,AKTAS;BAYRAK;GEZMIS;UZUN;YILMAZ;DERELI;KIP;OZGUR;ERGIN;KINALI;PARLAYAN
Denizlispor vs. Akcaabat Sebatspor - Saturday January 24 - 2004,Denizlispor,hard,4-4-2,PAULINHO;KUCUK;ATAN;BAYER;KRATOCHVIL;GULPINAR;KARTOP;MULTAHARJU;AKDENIZ;BAYAZIT;MARTIN
Ankaragucu vs. Rizespor - Sunday January 25 - 2004,Ankaragucu,hard,3-5-2,OZGULTEKIN;DOGANTEZ;DURSUN;OZLEM;TASDEMIR;YUCETAS;YILDIRIM;ALBAYRAK;NAMDAR;BULUT;KELES
Ankaragucu vs. Rizespor - Sunday January 25 - 2004,Rizespor,hard,3-5-2,SEN;AKICI;CAGIRAN;DUYMUS;CEPNI;AZER;NENE;TATAN;SEDLAK;DURO;OZTURK
Besiktas vs. Samsunspor - Sunday January 25 - 2004,Besiktas,easy,3-5-2,CORDOBA;ZAGO;UZULMEZ;GIUNTI;HAVUTCU;SULUN;YILDIRIM;DABROWSKI;METIN;MANSIZ;PANCU
Besiktas vs. Samsunspor - Sunday January 25 - 2004,Samsunspor,hard,4-4-2,SHORUNMU;YAVAS;YELEK;CAN;GUNGOR;KIRITA;SAGIR;TURHAN;JULIO CESAR;AYKUT;KARAMAN
Elazigspor vs. Genclerbirligi - Sunday January 25 - 2004,Elazigspor,hard,3-5-2,KONIG;DEBNAR;GUR;OZALP;TURGUT;DELIORMAN;MARANGOZ;HATIPOGLU;ALTUN;EFFA-OWONA;YANIK
Elazigspor vs. Genclerbirligi - Sunday January 25 - 2004,Genclerbirligi,hard,3-5-2,BOTONJIC;BOZKURT;BARIS;OZBEY;DAEMS;TANDOGAN;BALCI;SKOKO;CIHAN;EROL;OZKAN
Gaziantepspor vs. Bursaspor - Sunday January 25 - 2004,Bursaspor,hard,4-4-2,KULBILGE;GURACAR;KORKMAZ;BULUT;JUNIOR;GROZDIC;TUNA;GURSEL;ESER;OSTERC;YILMAZ
Gaziantepspor vs. Bursaspor - Sunday January 25 - 2004,Gaziantepspor,hard,3-5-2,CATKIC;POLAT;TORAMAN;COLAK;JOHNSON;BAYRAKTAR;OZBAY;NAMLI;SIMSEK;LAZAROV;OZER
Istanbulspor vs. Fenerbahce - Sunday January 25 - 2004,Fenerbahce,easy,4-4-2,DEMIREL;LUCIANO;OZAT;PETKOV;AKYEL;MEHMET AURELIO;SAHIN;GUNES;SANLI;VAN HOOIJDONK;NOBRE
Istanbulspor vs. Fenerbahce - Sunday January 25 - 2004,Istanbulspor,hard,4-4-2,DAGLAROGLU;AKBAS;OKECHUKWU;BUYUK;CAN;VIDUSLU;SAIDOU;KUS;BAYAR;ALEKSANDROV;BOLIC
Malatyaspor vs. Adanaspor - Sunday January 25 - 2004,Adanaspor,hard,3-5-2,KUCUKTAKA;BEKIROGLU;YANYALI;OZTURK;YAVUZ;OZATAK;DALCICEK;LALIK;GURSOY;BALKAYA;MESZAROS
Malatyaspor vs. Adanaspor - Sunday January 25 - 2004,Malatyaspor,hard,4-4-2,TUNCAY;KORKMAZ;SEYHAN;KOCAK;ABDELAZIZ;BENSOL;KAHRAMAN;YAVAS;MKHALELE;AKAGUNDUZ;BIRLIK
Trabzonspor vs. Konyaspor - Sunday January 25 - 2004,Konyaspor,hard,3-5-2,BOUKAR;TEMIZKANOGLU;CELIK;DUMAN;DEMIR;PEREIRA;KARACA;YESILKAYA;AKSOY;BIRYOL;ISLER
Trabzonspor vs. Konyaspor - Sunday January 25 - 2004,Trabzonspor,easy,4-4-2,PETKOVIC;D'HAENE;ASIL;EREN;CIMSIR;EGE;SOMERS;KARADENIZ;YATTARA;AHINFUL;YILMAZ
Galatasaray vs. Gaziantepspor - Saturday January 31 - 2004,Galatasaray,easy,4-2-3-1,ERCETIN;AK;ERDOGAN;PENBE;PRATES;SARIOGLU;PETRE;AKMAN;ERDOGAN;ARSLAN;SUKUR
Galatasaray vs. Gaziantepspor - Saturday January 31 - 2004,Gaziantepspor,hard,3-5-2,CATKIC;POLAT;TORAMAN;JOHNSON;BAYRAKTAR;BOLUKBASI;OZBAY;NAMLI;SIMSEK;LAZAROV;OZER
Adanaspor vs. Istanbulspor - Sunday February 1 - 2004,Adanaspor,hard,3-5-2,KUCUKTAKA;BEKIROGLU;BUDAK;OZTURK;KAPLAN;OZATAK;DALCICEK;LALIK;GURSOY;BALKAYA;MESZAROS
Adanaspor vs. Istanbulspor - Sunday February 1 - 2004,Istanbulspor,hard,4-4-2,DAGLAROGLU;AKBAS;AYHAN;BUYUK;ANDRE BORGES;SAIDOU;KOCABAL;BAYAR;ALEKSANDROV;BALILI;BOLIC
Akcaabat Sebatspor vs. Malatyaspor - Sunday February 1 - 2004,Akcaabat Sebatspor,hard,3-5-2,AKTAS;BAYRAK;GEZMIS;UZUN;YILMAZ;DERELI;KIP;ERGIN;OZGUR;KAYNAK;KINALI
Akcaabat Sebatspor vs. Malatyaspor - Sunday February 1 - 2004,Malatyaspor,hard,3-5-2,TUNCAY;KORKMAZ;SEYHAN;KOCAK;ABDELAZIZ;BENSOL;KAHRAMAN;MKHALELE;AKAGUNDUZ;BIRLIK;ULUSOY
Bursaspor vs. Besiktas - Sunday February 1 - 2004,Besiktas,easy,3-5-2,CORDOBA;RONALDO GUIARO;ZAGO;GIUNTI;HAVUTCU;YILDIRIM;DABROWSKI;METIN;YALCIN;TOPRAKTEPE;MANSIZ
Bursaspor vs. Besiktas - Sunday February 1 - 2004,Bursaspor,hard,4-4-2,KULBILGE;GURACAR;KORKMAZ;BULUT;MIU;GROZDIC;SERTKAYA;TUNA;GURSEL;ESER;OSTERC
Fenerbahce vs. Trabzonspor - Sunday February 1 - 2004,Fenerbahce,easy,3-5-2,DEMIREL;GULDUREN;LUCIANO;TOMAS;OZAT;MEHMET AURELIO;SAHIN;GUNES;SANLI;NOBRE;VAN HOOIJDONK
Fenerbahce vs. Trabzonspor - Sunday February 1 - 2004,Trabzonspor,easy,4-4-2,PETKOVIC;D'HAENE;YAVUZ;BEKIROGLU;EREN;CIMSIR;EGE;SOMERS;KARADENIZ;AHINFUL;TEKKE
Genclerbirligi vs. Diyarbakirspor - Sunday February 1 - 2004,Diyarbakirspor,hard,3-5-2,KARAGOL;SAATCIOGLU;TUNC;STAVREVSKI;BOZACI;BECEREN;DEMIRCIOGLU;YIGIT;JUPI;GUNER;HACIOGLU
Genclerbirligi vs. Diyarbakirspor - Sunday February 1 - 2004,Genclerbirligi,hard,3-5-2,BOTONJIC;BOZKURT;BARIS;OZBEY;DAEMS;BALCI;TANDOGAN;AKIN;SKOKO;CIHAN;OZKAN
Konyaspor vs. Elazigspor - Sunday February 1 - 2004,Elazigspor,hard,4-4-2,KONIG;DEBNAR;OZALP;ARSLANER;TURGUT;SAHIN;CZINEGE;MARANGOZ;DELIORMAN;ALTUN;YANIK
Konyaspor vs. Elazigspor - Sunday February 1 - 2004,Konyaspor,hard,4-4-2,BOUKAR;TEMIZKANOGLU;CELIK;DUMAN;DEMIR;KARACA;YESILKAYA;AKSOY;BIRYOL;ISLER;TURKMEN
Rizespor vs. Denizlispor - Sunday February 1 - 2004,Denizlispor,hard,3-5-2,HAMIDOU;ATAN;BAYER;KRATOCHVIL;BOYRAZ;GULPINAR;KARTOP;MULTAHARJU;AKDENIZ;BAYAZIT;MARTIN
Rizespor vs. Denizlispor - Sunday February 1 - 2004,Rizespor,hard,3-5-2,YIGITER;AKICI;DUYMUS;AZER;AVCI;NENE;ASKAROGLU;DURO;OZDEMIR;CHUKWU;OZTURK
Samsunspor vs. Ankaragucu - Sunday February 1 - 2004,Ankaragucu,hard,4-4-2,OZGULTEKIN;KUTLU;DOGANTEZ;DURSUN;TASDEMIR;YUCETAS;YILDIRIM;ALBAYRAK;NAMDAR;BULUT;KELES
Samsunspor vs. Ankaragucu - Sunday February 1 - 2004,Samsunspor,hard,4-4-2,SHORUNMU;YAVAS;YELEK;ADALTO;CAN;KIRITA;NAS;SAGIR;TURHAN;AYKUT;KARAMAN
Ankaragucu vs. Besiktas - Friday February 6 - 2004,Ankaragucu,hard,3-5-2,OZGULTEKIN;DOGANTEZ;DURSUN;OZLEM;TASDEMIR;KOCAK;YILDIRIM;YUCETAS;ALBAYRAK;BULUT;KELES
Ankaragucu vs. Besiktas - Friday February 6 - 2004,Besiktas,easy,3-5-2,CORDOBA;RONALDO GUIARO;ZAGO;HAVUTCU;SULUN;YILDIRIM;DABROWSKI;METIN;YALCIN;TOPRAKTEPE;PANCU
Denizlispor vs. Samsunspor - Saturday February 7 - 2004,Denizlispor,hard,3-5-2,HAMIDOU;KRATOCHVIL;BAYER;ATAN;BOYRAZ;GULPINAR;KARTOP;MULTAHARJU;AKDENIZ;BAYAZIT;RIZA
Denizlispor vs. Samsunspor - Saturday February 7 - 2004,Samsunspor,hard,4-4-2,SHORUNMU;YAVAS;YELEK;ADALTO;CAN;KIRITA;NAS;SAGIR;TURHAN;AYKUT;KARAMAN
Diyarbakirspor vs. Konyaspor - Saturday February 7 - 2004,Diyarbakirspor,hard,4-4-2,KARAGOL;SAATCIOGLU;TUNC;STAVREVSKI;BECEREN;DEMIRCIOGLU;YIGIT;JUPI;SALAR;HACIOGLU;BAKADAL
Diyarbakirspor vs. Konyaspor - Saturday February 7 - 2004,Konyaspor,hard,4-4-2,BOUKAR;TEMIZKANOGLU;GURELER;CELIK;DUMAN;DEMIR;YESILKAYA;AKSOY;BIRYOL;ISLER;TURKMEN
Elazigspor vs. Fenerbahce - Saturday February 7 - 2004,Elazigspor,hard,3-5-2,KONIG;DEBNAR;NUORELA;OZALP;TURGUT;KURNAZ;HATIPOGLU;CZINEGE;ALTUN;EFFA-OWONA;YANIK
Elazigspor vs. Fenerbahce - Saturday February 7 - 2004,Fenerbahce,easy,3-5-2,DEMIREL;TOMAS;GULDUREN;LUCIANO;OZAT;MEHMET AURELIO;GUNES;SANLI;YOZGATLI;NOBRE;VAN HOOIJDONK
Gaziantepspor vs. Genclerbirligi - Saturday February 7 - 2004,Gaziantepspor,hard,3-5-2,CATKIC;POLAT;COLAK;JOHNSON;BAYRAKTAR;BOLUKBASI;OZBAY;NAMLI;SIMSEK;LAZAROV;OZER
Gaziantepspor vs. Genclerbirligi - Saturday February 7 - 2004,Genclerbirligi,hard,3-5-2,BOTONJIC;BARIS;EL SAKA;OZBEY;DAEMS;BALCI;TANDOGAN;SKOKO;MBAYO;CIHAN;OZKAN
Malatyaspor vs. Rizespor - Saturday February 7 - 2004,Malatyaspor,hard,3-5-2,TUNCAY;KORKMAZ;OZSOY;KOCAK;ABDELAZIZ;BENSOL;GULTEKIN;KAHRAMAN;YAVAS;AKAGUNDUZ;ULUSOY
Malatyaspor vs. Rizespor - Saturday February 7 - 2004,Rizespor,hard,3-5-2,YIGITER;DUYMUS;CEPNI;AZER;AVCI;TATAN;BAKI;DEMIRAY;OZDEMIR;AKYUZ;OZTURK
Galatasaray vs. Bursaspor - Sunday February 8 - 2004,Bursaspor,hard,4-4-2,KULBILGE;GURACAR;MIU;DAMLA;GROZDIC;SERTKAYA;TUNA;GURSEL;ESER;OSTERC;YILMAZ
Galatasaray vs. Bursaspor - Sunday February 8 - 2004,Galatasaray,easy,4-2-3-1,ERCETIN;ERDOGAN;AK;PENBE;SARIOGLU;PRATES;HASPOLATLI;PETRE;AKMAN;ERDOGAN;SUKUR
Istanbulspor vs. Akcaabat Sebatspor - Sunday February 8 - 2004,Akcaabat Sebatspor,hard,4-4-2,AKTAS;GEZMIS;UZUN;YILMAZ;DERELI;KIP;ZAJAC;ERGIN;OZGUR;KAYNAK;KINALI
Istanbulspor vs. Akcaabat Sebatspor - Sunday February 8 - 2004,Istanbulspor,hard,4-4-2,DAGLAROGLU;AKBAS;OKECHUKWU;CAN;SAIDOU;KOCABAL;KUS;BAYAR;ALEKSANDROV;BALILI;BOLIC
Trabzonspor vs. Adanaspor - Sunday February 8 - 2004,Adanaspor,hard,4-4-2,KUCUKTAKA;BEKIROGLU;BUDAK;OZTURK;KAPLAN;OZATAK;DALCICEK;LALIK;GURSOY;BALKAYA;BILICAN
Trabzonspor vs. Adanaspor - Sunday February 8 - 2004,Trabzonspor,easy,4-4-2,PETKOVIC;D'HAENE;SEYHAN;YAVUZ;BEKIROGLU;CIMSIR;EGE;SOMERS;KARADENIZ;TEKKE;YILMAZ
Adanaspor vs. Elazigspor - Saturday February 14 - 2004,Adanaspor,hard,3-5-2,KUCUKTAKA;BEKIROGLU;BUDAK;OZTURK;KAPLAN;OZATAK;DALCICEK;LALIK;GURSOY;KAZMAZ;BALKAYA
Adanaspor vs. Elazigspor - Saturday February 14 - 2004,Elazigspor,hard,3-5-2,KONIG;NUORELA;OZALP;ARSLANER;TURGUT;CZINEGE;DELIORMAN;HATIPOGLU;MARANGOZ;EFFA-OWONA;YANIK
Samsunspor vs. Malatyaspor - Saturday February 14 - 2004,Malatyaspor,hard,4-4-2,TUNCAY;KORKMAZ;OZSOY;KOCAK;BENSOL;GULTEKIN;KAHRAMAN;MKHALELE;AKAGUNDUZ;BIRLIK;ULUSOY
Samsunspor vs. Malatyaspor - Saturday February 14 - 2004,Samsunspor,hard,4-4-2,SHORUNMU;YAVAS;YELEK;ADALTO;CAN;KIRITA;NAS;TURHAN;JULIO CESAR;AYKUT;KARAMAN
Akcaabat Sebatspor vs. Trabzonspor - Sunday February 15 - 2004,Akcaabat Sebatspor,hard,4-4-2,AKTAS;GEZMIS;UZUN;YILMAZ;DERELI;KIP;ZAJAC;OZGUR;DERELIOGLU;KAYNAK;KINALI
Akcaabat Sebatspor vs. Trabzonspor - Sunday February 15 - 2004,Trabzonspor,easy,4-4-2,PETKOVIC;D'HAENE;SEYHAN;YAVUZ;BEKIROGLU;CIMSIR;EGE;SOMERS;KARADENIZ;TEKKE;YILMAZ
Besiktas vs. Denizlispor - Sunday February 15 - 2004,Besiktas,easy,3-5-2,CORDOBA;ASIK;RONALDO GUIARO;UZULMEZ;YILDIRIM;AYDIN;DABROWSKI;YALCIN;ILIE;KALOGLU;PANCU
Besiktas vs. Denizlispor - Sunday February 15 - 2004,Denizlispor,hard,4-4-2,HAMIDOU;KRATOCHVIL;BAYER;ATAN;BOYRAZ;KARTOP;MULTAHARJU;AKDENIZ;BAYAZIT;RIZA;MARTIN
Bursaspor vs. Ankaragucu - Sunday February 15 - 2004,Ankaragucu,hard,3-5-2,OZGULTEKIN;BAIDOO;DOGANTEZ;DURSUN;OZLEM;TASDEMIR;KOCAK;YUCETAS;ALBAYRAK;BULUT;KELES
Bursaspor vs. Ankaragucu - Sunday February 15 - 2004,Bursaspor,hard,3-5-2,KULBILGE;GURACAR;DAMLA;MIU;GROZDIC;SERTKAYA;TUNA;GURSEL;ESER;OSTERC;YILMAZ
Fenerbahce vs. Diyarbakirspor - Sunday February 15 - 2004,Diyarbakirspor,hard,4-5-1,KARAGOL;SAATCIOGLU;TUNC;BOZACI;BECEREN;DEMIRCIOGLU;YIGIT;JUPI;SALAR;HACIOGLU;BAKADAL
Fenerbahce vs. Diyarbakirspor - Sunday February 15 - 2004,Fenerbahce,easy,3-5-2,DEMIREL;GULDUREN;LUCIANO;TOMAS;OZAT;SAHIN;MEHMET AURELIO;GUNES;SANLI;NOBRE;VAN HOOIJDONK
Genclerbirligi vs. Galatasaray - Sunday February 15 - 2004,Galatasaray,easy,4-4-2,MONDRAGON;AK;ERDOGAN;PENBE;PRATES;SARIOGLU;PETRE;AKMAN;ERDOGAN;ATES;SUKUR
Genclerbirligi vs. Galatasaray - Sunday February 15 - 2004,Genclerbirligi,hard,3-5-2,TOKGOZ;BOZKURT;BARIS;EL SAKA;DAEMS;BALCI;TANDOGAN;SKOKO;MBAYO;CIHAN;YOULA
Konyaspor vs. Gaziantepspor - Sunday February 15 - 2004,Gaziantepspor,hard,3-5-2,CATKIC;POLAT;TORAMAN;BAYRAKTAR;BOLUKBASI;AYHAN;OZBAY;NAMLI;SIMSEK;LAZAROV;OZER
Konyaspor vs. Gaziantepspor - Sunday February 15 - 2004,Konyaspor,hard,3-5-2,ONGUN;DIENG;TEMIZKANOGLU;CELIK;DUMAN;KARACA;DEMIR;YESILKAYA;BIRYOL;ISLER;TURKMEN
Rizespor vs. Istanbulspor - Monday February 16 - 2004,Istanbulspor,hard,3-5-2,DAGLAROGLU;AKBAS;AYHAN;OKECHUKWU;CAN;SAIDOU;VIDUSLU;KUS;BAYAR;ALEKSANDROV;BALILI
Rizespor vs. Istanbulspor - Monday February 16 - 2004,Rizespor,hard,3-5-2,SAHIN;AKICI;DUYMUS;VICTORIA;AVCI;ASKAROGLU;BAKI;DEMIRAY;OZDEMIR;AKYUZ;OZTURK
Galatasaray vs. Konyaspor - Saturday February 21 - 2004,Galatasaray,easy,4-4-2,MONDRAGON;ERDOGAN;USTA;PENBE;PRATES;SARIOGLU;PETRE;ERDOGAN;ATES;BRATU;SUKUR
Galatasaray vs. Konyaspor - Saturday February 21 - 2004,Konyaspor,hard,3-5-2,BOUKAR;DIENG;CELIK;DUMAN;DEMIR;KARACA;YESILKAYA;AKSOY;TURKMEN;BIRYOL;ISLER
Genclerbirligi vs. Bursaspor - Saturday February 21 - 2004,Bursaspor,hard,4-4-2,KULBILGE;GURACAR;DAMLA;MIU;JUNIOR;GROZDIC;TUNA;GURSEL;ESER;OSTERC;YILMAZ
Genclerbirligi vs. Bursaspor - Saturday February 21 - 2004,Genclerbirligi,hard,3-5-2,TOKGOZ;BOZKURT;BARIS;EL SAKA;DAEMS;BALCI;TANDOGAN;SKOKO;MBAYO;YOULA;OZKAN
Malatyaspor vs. Besiktas - Saturday February 21 - 2004,Besiktas,easy,3-5-2,CORDOBA;ASIK;RONALDO GUIARO;UZULMEZ;YILDIRIM;AYDIN;HAVUTCU;DABROWSKI;YALCIN;AHMED HASSAN;ILIE
Malatyaspor vs. Besiktas - Saturday February 21 - 2004,Malatyaspor,hard,3-5-2,TUNCAY;KORKMAZ;OZSOY;KOCAK;ABDELAZIZ;BENSOL;KAHRAMAN;MKHALELE;AKAGUNDUZ;BIRLIK;ULUSOY
Denizlispor vs. Ankaragucu - Sunday February 22 - 2004,Ankaragucu,hard,3-5-2,OZGULTEKIN;KUTLU;BARIS;DOGANTEZ;OZLEM;YUCETAS;ALBAYRAK;NAMDAR;BULUT;KARTAL;KELES
Denizlispor vs. Ankaragucu - Sunday February 22 - 2004,Denizlispor,hard,4-4-2,HAMIDOU;KRATOCHVIL;BAYER;ATAN;KECELI;BOYRAZ;KARTOP;MULTAHARJU;AKDENIZ;BAYAZIT;MARTIN
Diyarbakirspor vs. Adanaspor - Sunday February 22 - 2004,Adanaspor,hard,3-5-2,KUCUKTAKA;BEKIROGLU;BUDAK;YANYALI;KAPLAN;OZATAK;YAVUZ;DALCICEK;LALIK;KAZMAZ;BALKAYA
Diyarbakirspor vs. Adanaspor - Sunday February 22 - 2004,Diyarbakirspor,hard,3-5-2,KARAGOL;SAATCIOGLU;STAVREVSKI;BOZACI;BECEREN;YIGIT;GHODHBANE;JUPI;GUNER;HACIOGLU;BAKADAL
Gaziantepspor vs. Fenerbahce - Sunday February 22 - 2004,Fenerbahce,easy,3-5-2,DEMIREL;TOMAS;LUCIANO;OZAT;ERDOGDU;AKYEL;MEHMET AURELIO;ASLAN;SANLI;NOBRE;VAN HOOIJDONK
Gaziantepspor vs. Fenerbahce - Sunday February 22 - 2004,Gaziantepspor,hard,3-5-2,CATKIC;POLAT;TORAMAN;JOHNSON;BAYRAKTAR;BOLUKBASI;OZBAY;NAMLI;SIMSEK;LAZAROV;OZER
Istanbulspor vs. Samsunspor - Sunday February 22 - 2004,Istanbulspor,hard,4-4-2,DAGLAROGLU;AKBAS;AYHAN;BUYUK;CAN;ANDRE BORGES;VIDUSLU;SAIDOU;KUS;ALEKSANDROV;BOLIC
Istanbulspor vs. Samsunspor - Sunday February 22 - 2004,Samsunspor,hard,4-4-2,SHORUNMU;YAVAS;YELEK;ADALTO;CAN;KIRITA;NAS;TURHAN;JULIO CESAR;AYKUT;KARAMAN
Trabzonspor vs. Rizespor - Sunday February 22 - 2004,Rizespor,hard,4-4-2,SAHIN;CAGIRAN;DUYMUS;VICTORIA;AZER;AVCI;ASKAROGLU;DEMIRAY;OZDEMIR;AKYUZ;OZTURK
Trabzonspor vs. Rizespor - Sunday February 22 - 2004,Trabzonspor,easy,4-4-2,PETKOVIC;SEYHAN;YAVUZ;BEKIROGLU;EREN;CIMSIR;TORAMAN;SOMERS;KARADENIZ;AHINFUL;YILMAZ
Elazigspor vs. Akcaabat Sebatspor - Monday February 23 - 2004,Akcaabat Sebatspor,hard,3-5-2,AKTAS;GEZMIS;UZUN;YILMAZ;DERELI;KIP;ZAJAC;ERGIN;OZGUR;KAYNAK;KINALI
Elazigspor vs. Akcaabat Sebatspor - Monday February 23 - 2004,Elazigspor,hard,3-5-2,KONIG;NUORELA;ARSLANER;TURGUT;KURNAZ;CZINEGE;KARAKAYIS;ALTUN;EFFA-OWONA;YAGMUR;YANIK
Rizespor vs. Elazigspor - Saturday February 28 - 2004,Elazigspor,hard,4-4-2,GUNES;KONIG;NUORELA;TURGUT;ARSLANER;KURNAZ;CZINEGE;KARAKAYIS;YANIK;YAGMUR;ALTUN
Rizespor vs. Elazigspor - Saturday February 28 - 2004,Rizespor,hard,4-4-2,SAHIN;CAGIRAN;DUYMUS;VICTORIA;AVCI;BAKI;ASKAROGLU;OZDEMIR;DEMIRAY;AKYUZ;OZTURK
Samsunspor vs. Trabzonspor - Saturday February 28 - 2004,Samsunspor,hard,4-4-2,SHORUNMU;YELEK;OZKOYLU;CAN;GUNGOR;KIRITA;NAS;SAGIR;TURHAN;AYKUT;KARAMAN
Samsunspor vs. Trabzonspor - Saturday February 28 - 2004,Trabzonspor,easy,4-5-1,PETKOVIC;SEYHAN;YAVUZ;BEKIROGLU;EREN;CIMSIR;TORAMAN;SOMERS;ROMASHCHENKO;KARADENIZ;TEKKE
Adanaspor vs. Gaziantepspor - Sunday February 29 - 2004,Adanaspor,hard,4-4-2,KUCUKTAKA;BUDAK;OZTURK;KAPLAN;YAVUZ;OZATAK;DALCICEK;LALIK;GURSOY;KAZMAZ;BALKAYA
Adanaspor vs. Gaziantepspor - Sunday February 29 - 2004,Gaziantepspor,hard,3-5-2,CATKIC;POLAT;TORAMAN;COLAK;GUNES;BAYRAKTAR;AYHAN;OZBAY;NAMLI;LAZAROV;OZER
Akcaabat Sebatspor vs. Diyarbakirspor - Sunday February 29 - 2004,Akcaabat Sebatspor,hard,3-5-2,AKTAS;YILMAZ;UZUN;GEZMIS;DERELI;ZAJAC;KIP;OZGUR;BILAZER;KAYNAK;KINALI
Akcaabat Sebatspor vs. Diyarbakirspor - Sunday February 29 - 2004,Diyarbakirspor,hard,3-5-2,KARAGOL;SAATCIOGLU;STAVREVSKI;BOZACI;TUNC;DEMIRCIOGLU;YIGIT;GHODHBANE;JUPI;GUNER;BAKADAL
Ankaragucu vs. Malatyaspor - Sunday February 29 - 2004,Ankaragucu,hard,3-5-2,OZGULTEKIN;KUTLU;BARIS;DOGANTEZ;DURSUN;OZLEM;TASDEMIR;KOCAK;YUCETAS;ALBAYRAK;BULUT
Ankaragucu vs. Malatyaspor - Sunday February 29 - 2004,Malatyaspor,hard,3-5-2,TUNCAY;KORKMAZ;OZSOY;KOCAK;ABDELAZIZ;BENSOL;KAHRAMAN;MKHALELE;AKAGUNDUZ;BIRLIK;ULUSOY
Besiktas vs. Istanbulspor - Sunday February 29 - 2004,Besiktas,easy,3-5-2,CORDOBA;ASIK;RONALDO GUIARO;ZAGO;UZULMEZ;AYDIN;SULUN;METIN;AHMED HASSAN;KOC;PANCU
Besiktas vs. Istanbulspor - Sunday February 29 - 2004,Istanbulspor,hard,4-4-2,DAGLAROGLU;OKECHUKWU;AKBAS;BUYUK;CAN;ANDRE BORGES;SAIDOU;VIDUSLU;KUS;ALEKSANDROV;BOLIC
Bursaspor vs. Denizlispor - Sunday February 29 - 2004,Bursaspor,hard,3-5-2,KULBILGE;GURACAR;DAMLA;MIU;JUNIOR;GROZDIC;SERTKAYA;TUNA;AL;ESER;YILMAZ
Bursaspor vs. Denizlispor - Sunday February 29 - 2004,Denizlispor,hard,3-5-2,HAMIDOU;KRATOCHVIL;BAYER;ATAN;KECELI;AKINCI;GULPINAR;KARTOP;MULTAHARJU;BAYAZIT;RIZA
Fenerbahce vs. Galatasaray - Sunday February 29 - 2004,Fenerbahce,easy,4-4-2,DEMIREL;LUCIANO;TOMAS;OZAT;ERDOGDU;AKYEL;MEHMET AURELIO;SANLI;YOZGATLI;NOBRE;VAN HOOIJDONK
Fenerbahce vs. Galatasaray - Sunday February 29 - 2004,Galatasaray,easy,4-4-2,MONDRAGON;AK;ERDOGAN;PENBE;PRATES;BATISTA;PETRE;ARSLAN;AKMAN;ATES;KARAN
Konyaspor vs. Genclerbirligi - Sunday February 29 - 2004,Genclerbirligi,hard,3-5-2,BOTONJIC;BOZKURT;MERCIMEK;OZBEY;DAEMS;BALCI;AKIN;MBAYO;CIHAN;EROL;OZKAN
Konyaspor vs. Genclerbirligi - Sunday February 29 - 2004,Konyaspor,hard,3-5-2,BOUKAR;DIENG;TEMIZKANOGLU;DUMAN;GUNEY;DEMIR;KARACA;YESILKAYA;AKSOY;BIRYOL;ISLER
Diyarbakirspor vs. Rizespor - Saturday March 6 - 2004,Diyarbakirspor,hard,3-5-2,KARAGOL;SAATCIOGLU;BECEREN;BOZACI;TUNC;DEMIRCIOGLU;YIGIT;GHODHBANE;JUPI;HACIOGLU;BAKADAL
Diyarbakirspor vs. Rizespor - Saturday March 6 - 2004,Rizespor,hard,4-4-2,SAHIN;CAGIRAN;DUYMUS;VICTORIA;AVCI;ASKAROGLU;DURO;DEMIRAY;OZDEMIR;AKYUZ;OZTURK
Elazigspor vs. Samsunspor - Saturday March 6 - 2004,Elazigspor,hard,4-4-2,KONIG;DEBNAR;NUORELA;ARSLANER;TURGUT;HATIPOGLU;CZINEGE;KARAKAYIS;ALTUN;EFFA-OWONA;YANIK
Elazigspor vs. Samsunspor - Saturday March 6 - 2004,Samsunspor,hard,4-4-2,GENCER;YAVAS;OZKOYLU;ADALTO;GUNGOR;KIRITA;NAS;DOKME;SAGIR;JULIO CESAR;ALTIN
Genclerbirligi vs. Fenerbahce - Saturday March 6 - 2004,Fenerbahce,easy,3-5-2,BILER;LUCIANO;TOMAS;OZAT;AKYEL;MEHMET AURELIO;GUNES;SANLI;YOZGATLI;NOBRE;VAN HOOIJDONK
Genclerbirligi vs. Fenerbahce - Saturday March 6 - 2004,Genclerbirligi,hard,4-4-2,BOTONJIC;BOZKURT;BARIS;EL SAKA;OZBEY;DAEMS;BALCI;TANDOGAN;SKOKO;YOULA;OZKAN
Konyaspor vs. Bursaspor - Saturday March 6 - 2004,Bursaspor,hard,4-4-2,KULBILGE;GURACAR;BULUT;MIU;GROZDIC;SERTKAYA;TUNA;FRASINEANU;GURSEL;ESER;YILMAZ
Konyaspor vs. Bursaspor - Saturday March 6 - 2004,Konyaspor,hard,3-5-2,BOUKAR;DIENG;TEMIZKANOGLU;DUMAN;GUNEY;DEMIR;KARACA;YESILKAYA;AKSOY;BIRYOL;ISLER
Galatasaray vs. Adanaspor - Sunday March 7 - 2004,Adanaspor,hard,4-4-2,KUCUKTAKA;BEKIROGLU;YANYALI;OZTURK;YAVUZ;OZATAK;DALCICEK;LALIK;GURSOY;KAZMAZ;YILDIRAN
Galatasaray vs. Adanaspor - Sunday March 7 - 2004,Galatasaray,easy,4-4-2,MONDRAGON;AK;ERDOGAN;UMUT;PRATES;BATISTA;PETRE;SAS;ATES;BRATU;SUKUR
Gaziantepspor vs. Akcaabat Sebatspor - Sunday March 7 - 2004,Akcaabat Sebatspor,hard,3-5-2,AKTAS;BAYRAK;GEZMIS;GUVEN;UZUN;DERELI;ZAJAC;TOYSAL;OZGUR;DERELIOGLU;KINALI
Gaziantepspor vs. Akcaabat Sebatspor - Sunday March 7 - 2004,Gaziantepspor,hard,3-5-2,CATKIC;POLAT;TORAMAN;BOUAZIZI;JOHNSON;BAYRAKTAR;AGCAY;BOLUKBASI;SIMSEK;LAZAROV;JAZIRI
Istanbulspor vs. Ankaragucu - Sunday March 7 - 2004,Ankaragucu,hard,3-5-2,OZGULTEKIN;KUTLU;BARIS;DOGANTEZ;KOCAK;YILDIRIM;ALBAYRAK;ALKAN;DOGAN;BULUT;KELES
Istanbulspor vs. Ankaragucu - Sunday March 7 - 2004,Istanbulspor,hard,4-4-2,DAGLAROGLU;AKBAS;OKECHUKWU;BUYUK;CAN;ANDRE BORGES;VIDUSLU;SAIDOU;KUS;ALEKSANDROV;BOLIC
Malatyaspor vs. Denizlispor - Sunday March 7 - 2004,Denizlispor,hard,3-5-2,HAMIDOU;KRATOCHVIL;OZSARAC;BAYER;ATAN;KECELI;GULPINAR;KARTOP;MULTAHARJU;BAYAZIT;RIZA
Malatyaspor vs. Denizlispor - Sunday March 7 - 2004,Malatyaspor,hard,3-5-2,TUNCAY;KORKMAZ;OZSOY;KOCAK;ABDELAZIZ;UZ;BENSOL;ONCAN;MKHALELE;BIRLIK;ULUSOY
Trabzonspor vs. Besiktas - Sunday March 7 - 2004,Besiktas,easy,3-5-2,CORDOBA;RONALDO GUIARO;ZAGO;YILDIRIM;GIUNTI;HAVUTCU;DABROWSKI;YALCIN;TOPRAKTEPE;KALOGLU;PANCU
Trabzonspor vs. Besiktas - Sunday March 7 - 2004,Trabzonspor,easy,4-2-3-1,PETKOVIC;SEYHAN;YAVUZ;BEKIROGLU;EREN;CIMSIR;TORAMAN;SOMERS;ROMASHCHENKO;KARADENIZ;TEKKE
Ankaragucu vs. Trabzonspor - Friday March 12 - 2004,Ankaragucu,hard,3-5-2,OZGULTEKIN;KUTLU;BARIS;DOGANTEZ;DURSUN;KOCAK;YILDIRIM;DOGAN;ALKAN;BULUT;KELES
Ankaragucu vs. Trabzonspor - Friday March 12 - 2004,Trabzonspor,easy,4-5-1,PETKOVIC;SEYHAN;YAVUZ;EREN;TORAMAN;UCUNCU;CIMSIR;SOMERS;KARADENIZ;YATTARA;TEKKE
Akcaabat Sebatspor vs. Galatasaray - Saturday March 13 - 2004,Akcaabat Sebatspor,hard,5-4-1,AKTAS;BAYRAK;GEZMIS;UZUN;YILMAZ;EKSIOGLU;DERELI;ZAJAC;TOYSAL;OZGUR;KINALI
Akcaabat Sebatspor vs. Galatasaray - Saturday March 13 - 2004,Galatasaray,easy,4-4-2,MONDRAGON;AK;ERDOGAN;UMUT;PRATES;BATISTA;PETRE;SAS;ATES;BRATU;SUKUR
Bursaspor vs. Malatyaspor - Saturday March 13 - 2004,Bursaspor,hard,4-4-2,KULBILGE;GURACAR;BULUT;DAMLA;MIU;GROZDIC;SERTKAYA;TUNA;GURSEL;ESER;YILMAZ
Bursaspor vs. Malatyaspor - Saturday March 13 - 2004,Malatyaspor,hard,3-5-2,TUNCAY;KORKMAZ;OZSOY;KOCAK;ABDELAZIZ;BENSOL;KAHRAMAN;YAVAS;MKHALELE;AKAGUNDUZ;BIRLIK
Denizlispor vs. Istanbulspor - Saturday March 13 - 2004,Denizlispor,hard,4-4-2,HAMIDOU;OZSARAC;KRATOCHVIL;BAYER;ATAN;KECELI;GULPINAR;KARTOP;MULTAHARJU;BAYAZIT;RIZA
Denizlispor vs. Istanbulspor - Saturday March 13 - 2004,Istanbulspor,hard,4-4-2,DAGLAROGLU;AYHAN;OKECHUKWU;BUYUK;CAN;ANDRE BORGES;VIDUSLU;SAIDOU;KUS;ALEKSANDROV;BUSHI
Fenerbahce vs. Konyaspor - Saturday March 13 - 2004,Fenerbahce,easy,4-4-2,BILER;LUCIANO;TOMAS;OZAT;MEHMET AURELIO;GUNES;ASLAN;SANLI;YOZGATLI;VAN HOOIJDONK;NOBRE
Fenerbahce vs. Konyaspor - Saturday March 13 - 2004,Konyaspor,hard,4-5-1,BOUKAR;DIENG;TEMIZKANOGLU;CELIK;DUMAN;GUNEY;KARACA;DEMIR;YESILKAYA;ISLER;TURKMEN
Besiktas vs. Elazigspor - Sunday March 14 - 2004,Besiktas,easy,3-5-2,KURSUNLU;RONALDO GUIARO;ZAGO;UZULMEZ;HAVUTCU;YILDIRIM;GIUNTI;AYDIN;YALCIN;AHMED HASSAN;KALOGLU
Besiktas vs. Elazigspor - Sunday March 14 - 2004,Elazigspor,hard,4-4-2,KONIG;DEBNAR;NUORELA;OZALP;ARSLANER;TURGUT;CZINEGE;HATIPOGLU;KARAKAYIS;ALTUN;YANIK
Rizespor vs. Gaziantepspor - Sunday March 14 - 2004,Gaziantepspor,hard,3-5-2,CATKIC;POLAT;JOHNSON;BOUAZIZI;BAYRAKTAR;AYHAN;OZBAY;NAMLI;SIMSEK;LAZAROV;JAZIRI
Rizespor vs. Gaziantepspor - Sunday March 14 - 2004,Rizespor,hard,4-4-2,SAHIN;CAGIRAN;DUYMUS;VICTORIA;AVCI;ASKAROGLU;BAKI;DEMIRAY;OZDEMIR;AKYUZ;OZTURK
Samsunspor vs. Diyarbakirspor - Sunday March 14 - 2004,Diyarbakirspor,hard,3-5-2,KARAGOL;SAATCIOGLU;BECEREN;BOZACI;STAVREVSKI;TUNC;DEMIRCIOGLU;YIGIT;GHODHBANE;HACIOGLU;BAKADAL
Samsunspor vs. Diyarbakirspor - Sunday March 14 - 2004,Samsunspor,hard,3-5-2,GENCER;MILTON DO O;YAVAS;CAN;GUNGOR;KIRITA;NAS;SAGIR;TURHAN;ALTIN;AYKUT
Diyarbakirspor vs. Besiktas - Friday March 19 - 2004,Besiktas,easy,3-5-2,CORDOBA;ASIK;ZAGO;UZULMEZ;AYDIN;GIUNTI;HAVUTCU;YILDIRIM;YALCIN;ILIE;PANCU
Diyarbakirspor vs. Besiktas - Friday March 19 - 2004,Diyarbakirspor,hard,4-4-2,KARAGOL;SAATCIOGLU;BECEREN;BOZACI;TUNC;DEMIRCIOGLU;GHODHBANE;JUPI;SALAR;HACIOGLU;BAKADAL
Galatasaray vs. Rizespor - Saturday March 20 - 2004,Galatasaray,easy,4-4-2,MONDRAGON;ERDOGAN;UMUT;PRATES;SARIOGLU;BATISTA;PETRE;AKMAN;SAS;BRATU;SUKUR
Galatasaray vs. Rizespor - Saturday March 20 - 2004,Rizespor,hard,4-4-2,SAHIN;AKICI;CAGIRAN;AZER;AVCI;BAKI;ASKAROGLU;DURO;DEMIRAY;AKYUZ;OZTURK
Gaziantepspor vs. Samsunspor - Saturday March 20 - 2004,Gaziantepspor,hard,4-4-2,CATKIC;POLAT;TORAMAN;JOHNSON;BOUAZIZI;BOLUKBASI;AYHAN;OZBAY;LAZAROV;JAZIRI;OZER
Gaziantepspor vs. Samsunspor - Saturday March 20 - 2004,Samsunspor,hard,4-4-2,GENCER;YAVAS;YELEK;CAN;GUNGOR;KIRITA;NAS;SAGIR;TURHAN;ALTIN;AYKUT
Konyaspor vs. Adanaspor - Saturday March 20 - 2004,Adanaspor,hard,4-4-2,ONEN;KIRINTILI;BEKIROGLU;BUDAK;YANYALI;UNAL;KAPLAN;OZATAK;TOKAC;KAZMAZ;YILDIRAN
Konyaspor vs. Adanaspor - Saturday March 20 - 2004,Konyaspor,hard,4-4-2,BOUKAR;DIENG;TEMIZKANOGLU;CELIK;DUMAN;GUNEY;KARACA;YESILKAYA;AKSOY;BIRYOL;ISLER
Elazigspor vs. Ankaragucu - Sunday March 21 - 2004,Ankaragucu,hard,3-5-2,OZGULTEKIN;BARIS;DOGANTEZ;DURSUN;KOCAK;YUCETAS;ALBAYRAK;ALKAN;BULUT;KELES;RAGAB
Elazigspor vs. Ankaragucu - Sunday March 21 - 2004,Elazigspor,hard,4-4-2,KONIG;DEBNAR;NUORELA;ARSLANER;TURGUT;CZINEGE;HATIPOGLU;KARAKAYIS;ALTUN;YAGMUR;YANIK
Fenerbahce vs. Bursaspor - Sunday March 21 - 2004,Bursaspor,hard,4-4-2,KULBILGE;GURACAR;MIU;DAMLA;KILIC;SEVEN;TUNA;FRASINEANU;GURSEL;ESER;YILMAZ
Fenerbahce vs. Bursaspor - Sunday March 21 - 2004,Fenerbahce,easy,3-5-2,DEMIREL;TOMAS;ERDOGDU;OZAT;AKYEL;MEHMET AURELIO;GUNES;SANLI;REBROV;NOBRE;VAN HOOIJDONK
Genclerbirligi vs. Akcaabat Sebatspor - Sunday March 21 - 2004,Akcaabat Sebatspor,hard,3-5-2,AKTAS;BAYRAK;GEZMIS;GUVEN;UZUN;DERELI;ZAJAC;TOYSAL;BILAZER;OZGUR;KINALI
Genclerbirligi vs. Akcaabat Sebatspor - Sunday March 21 - 2004,Genclerbirligi,hard,3-5-2,BOTONJIC;BARIS;EL SAKA;OZBEY;DAEMS;BALCI;AKIN;BASTURK;MBAYO;CIHAN;YOULA
Istanbulspor vs. Malatyaspor - Sunday March 21 - 2004,Istanbulspor,hard,3-5-2,DAGLAROGLU;AKBAS;AYHAN;BUYUK;CAN;ANDRE BORGES;VIDUSLU;KUS;ALEKSANDROV;BOLIC;BUSHI
Istanbulspor vs. Malatyaspor - Sunday March 21 - 2004,Malatyaspor,hard,3-5-2,TUNCAY;KORKMAZ;OZSOY;KOCAK;ABDELAZIZ;BENSOL;KAHRAMAN;YAVAS;MKHALELE;AKAGUNDUZ;BIRLIK
Trabzonspor vs. Denizlispor - Sunday March 21 - 2004,Denizlispor,hard,4-4-2,HAMIDOU;KRATOCHVIL;BAYER;ATAN;KECELI;GULPINAR;KARTOP;MULTAHARJU;AKDENIZ;BAYAZIT;RIZA
Trabzonspor vs. Denizlispor - Sunday March 21 - 2004,Trabzonspor,easy,3-5-2,PETKOVIC;SEYHAN;YAVUZ;BEKIROGLU;EREN;CIMSIR;UCUNCU;TORAMAN;ROMASHCHENKO;KARADENIZ;TEKKE
Samsunspor vs. Galatasaray - Friday March 26 - 2004,Galatasaray,easy,4-4-2,MONDRAGON;AK;KORKMAZ;USTA;PRATES;SARIOGLU;BATISTA;PETRE;SAS;BRATU;SUKUR
Samsunspor vs. Galatasaray - Friday March 26 - 2004,Samsunspor,hard,4-4-2,GENCER;YELEK;YAVAS;CAN;GUNGOR;KIRITA;NAS;SAGIR;TURHAN;ALTIN;AYKUT
Adanaspor vs. Fenerbahce - Saturday March 27 - 2004,Adanaspor,hard,3-5-2,KIRINTILI;BEKIROGLU;YANYALI;OZTURK;UNAL;YAVUZ;OZATAK;DALCICEK;TOKAC;KAZMAZ;BILICAN
Adanaspor vs. Fenerbahce - Saturday March 27 - 2004,Fenerbahce,easy,3-5-2,DEMIREL;LUCIANO;TOMAS;ERDOGDU;OZAT;AKYEL;MEHMET AURELIO;SAHIN;GUNES;NOBRE;VAN HOOIJDONK
Akcaabat Sebatspor vs. Konyaspor - Saturday March 27 - 2004,Akcaabat Sebatspor,hard,3-5-2,AKTAS;BAYRAK;GEZMIS;UZUN;YILMAZ;DERELI;ZAJAC;BILAZER;OZGUR;KINALI;SUMIALA
Akcaabat Sebatspor vs. Konyaspor - Saturday March 27 - 2004,Konyaspor,hard,3-5-2,BOUKAR;DIENG;GUNDOSTU;CELIK;DUMAN;GUNEY;KARACA;YESILKAYA;AKSOY;BIRYOL;ISLER
Ankaragucu vs. Diyarbakirspor - Saturday March 27 - 2004,Ankaragucu,hard,3-5-2,USAK;BARIS;DOGANTEZ;DURSUN;KOCAK;YILDIRIM;ALBAYRAK;BULUT;KARTAL;KELES;RAGAB
Ankaragucu vs. Diyarbakirspor - Saturday March 27 - 2004,Diyarbakirspor,hard,3-5-2,KARAGOL;BECEREN;STAVREVSKI;TUNC;DEMIRCIOGLU;GHODHBANE;YUNGUL;JUPI;SALAR;HACIOGLU;BAKADAL
Besiktas vs. Gaziantepspor - Saturday March 27 - 2004,Besiktas,easy,3-5-2,CORDOBA;ASIK;ZAGO;UZULMEZ;HAVUTCU;YILDIRIM;SULUN;GIUNTI;METIN;AHMED HASSAN;PANCU
Besiktas vs. Gaziantepspor - Saturday March 27 - 2004,Gaziantepspor,hard,4-4-1-1,CATKIC;POLAT;TORAMAN;BOUAZIZI;JOHNSON;AGCAY;BOLUKBASI;AYHAN;KOC;SIMSEK;LAZAROV
Bursaspor vs. Istanbulspor - Saturday March 27 - 2004,Bursaspor,hard,3-5-2,KULBILGE;GURACAR;DAMLA;MIU;KILIC;JUNIOR;SEVEN;FRASINEANU;GURSEL;OSTERC;YILMAZ
Bursaspor vs. Istanbulspor - Saturday March 27 - 2004,Istanbulspor,hard,3-5-2,DAGLAROGLU;AKBAS;AYHAN;KAMBUROGLU;BUYUK;CAN;VIDUSLU;SAIDOU;ALEKSANDROV;BOLIC;BUSHI
Denizlispor vs. Elazigspor - Saturday March 27 - 2004,Denizlispor,hard,3-5-2,HAMIDOU;ATAN;BAYER;KRATOCHVIL;GULPINAR;KARTOP;MULTAHARJU;AKDENIZ;BAYAZIT;RIZA;MARTIN
Denizlispor vs. Elazigspor - Saturday March 27 - 2004,Elazigspor,hard,4-4-2,KONIG;DEBNAR;NUORELA;OZALP;ARSLANER;TURGUT;HATIPOGLU;CZINEGE;KARAKAYIS;ALTUN;YANIK
Malatyaspor vs. Trabzonspor - Saturday March 27 - 2004,Malatyaspor,hard,3-5-2,TUNCAY;KORKMAZ;OZSOY;KOCAK;ABDELAZIZ;GULTEKIN;KAHRAMAN;YAVAS;MKHALELE;BIRLIK;ULUSOY
Malatyaspor vs. Trabzonspor - Saturday March 27 - 2004,Trabzonspor,easy,4-4-2,PETKOVIC;SEYHAN;YAVUZ;BEKIROGLU;EREN;CIMSIR;EGE;ROMASHCHENKO;SOMERS;KARADENIZ;TEKKE
Rizespor vs. Genclerbirligi - Saturday March 27 - 2004,Genclerbirligi,hard,3-5-2,TOKGOZ;BOZKURT;MERCIMEK;OZBEY;SAM;AKIN;SERAS;KAYA;CIHAN;EROL;OZTURK
Rizespor vs. Genclerbirligi - Saturday March 27 - 2004,Rizespor,hard,3-5-2,SAHIN;CAGIRAN;DUYMUS;AZER;ALPUGAN;BAKI;ASKAROGLU;DEMIRAY;OZDEMIR;AKYUZ;OZTURK
Adanaspor vs. Genclerbirligi - Wednesday March 31 - 2004,Adanaspor,hard,4-4-2,ONEN;KIRINTILI;YANYALI;OZTURK;UNAL;YAVUZ;OZATAK;TOKAC;GURSOY;KAZMAZ;BILICAN
Adanaspor vs. Genclerbirligi - Wednesday March 31 - 2004,Genclerbirligi,hard,4-4-2,TOKGOZ;BOZKURT;MERCIMEK;OZBEY;EL SAKA;TANDOGAN;AKIN;KAYA;CIHAN;YOULA;OZKAN
Diyarbakirspor vs. Denizlispor - Saturday April 3 - 2004,Denizlispor,hard,4-4-2,HAMIDOU;KRATOCHVIL;BAYER;ATAN;GULPINAR;KARTOP;MULTAHARJU;AKDENIZ;BAYAZIT;RIZA;MARTIN
Diyarbakirspor vs. Denizlispor - Saturday April 3 - 2004,Diyarbakirspor,hard,3-5-2,SAHIN;BECEREN;BOZACI;STAVREVSKI;TUNC;DEMIRCIOGLU;GHODHBANE;JUPI;SALAR;GUNER;HACIOGLU
Fenerbahce vs. Akcaabat Sebatspor - Saturday April 3 - 2004,Akcaabat Sebatspor,hard,5-4-1,AKTAS;YILMAZ;UZUN;GUVEN;GEZMIS;BAYRAK;DERELI;TOYSAL;BILAZER;OZGUR;KINALI
Fenerbahce vs. Akcaabat Sebatspor - Saturday April 3 - 2004,Fenerbahce,easy,3-5-2,DEMIREL;LUCIANO;PETKOV;OZAT;AKYEL;MEHMET AURELIO;GUNES;SANLI;AKIN;NOBRE;VAN HOOIJDONK
Gaziantepspor vs. Ankaragucu - Saturday April 3 - 2004,Ankaragucu,hard,3-5-2,OZGULTEKIN;EL DESOUKI;DOGANTEZ;DURSUN;TASDEMIR;OZLEM;KOCAK;ALBAYRAK;BULUT;KARTAL;KELES
Gaziantepspor vs. Ankaragucu - Saturday April 3 - 2004,Gaziantepspor,hard,3-5-2,CATKIC;POLAT;TORAMAN;AGCAY;BAYRAKTAR;GUNES;BOLUKBASI;KOC;OZBAY;LAZAROV;JAZIRI
Konyaspor vs. Rizespor - Saturday April 3 - 2004,Konyaspor,hard,4-4-2,ONGUN;DIENG;GUNDOSTU;CELIK;DUMAN;GUNEY;KARACA;YESILKAYA;AKSOY;BIRYOL;ISLER
Konyaspor vs. Rizespor - Saturday April 3 - 2004,Rizespor,hard,4-4-2,SAHIN;CAGIRAN;DUYMUS;ALPUGAN;AVCI;BAKI;ASKAROGLU;DEMIRAY;OZDEMIR;AKYUZ;OZTURK
Trabzonspor vs. Istanbulspor - Saturday April 3 - 2004,Istanbulspor,hard,4-4-2,DAGLAROGLU;AYHAN;AKYUZ;CAN;SAIDOU;VIDUSLU;KUS;ALEKSANDROV;BOLIC;BUSHI;YANIK
Trabzonspor vs. Istanbulspor - Saturday April 3 - 2004,Trabzonspor,easy,4-4-2,PETKOVIC;SEYHAN;YAVUZ;BEKIROGLU;EREN;CIMSIR;SOMERS;KARADENIZ;YATTARA;TEKKE;YILMAZ
Adanaspor vs. Bursaspor - Sunday April 4 - 2004,Adanaspor,hard,4-4-2,KIRINTILI;YANYALI;OZTURK;UNAL;YAVUZ;OZATAK;DALCICEK;TOKAC;GURSOY;KAZMAZ;BILICAN
Adanaspor vs. Bursaspor - Sunday April 4 - 2004,Bursaspor,hard,4-4-2,KULBILGE;KORKMAZ;DAMLA;MIU;GROZDIC;SEVEN;TUNA;GURSEL;ESER;OSTERC;YILMAZ
Elazigspor vs. Malatyaspor - Sunday April 4 - 2004,Elazigspor,hard,4-4-2,KONIG;DEBNAR;NUORELA;ARSLANER;TURGUT;CZINEGE;MARANGOZ;HATIPOGLU;KARAKAYIS;ALTUN;YAGMUR
Elazigspor vs. Malatyaspor - Sunday April 4 - 2004,Malatyaspor,hard,3-5-2,MILOSEVSKI;KORKMAZ;OZSOY;KOCAK;BENSOL;GULTEKIN;KAHRAMAN;YAVAS;MKHALELE;BIRLIK;ULUSOY
Galatasaray vs. Besiktas - Sunday April 4 - 2004,Besiktas,easy,3-5-2,CORDOBA;ASIK;ZAGO;UZULMEZ;GIUNTI;HAVUTCU;SULUN;YILDIRIM;AHMED HASSAN;METIN;PANCU
Galatasaray vs. Besiktas - Sunday April 4 - 2004,Galatasaray,easy,4-4-2,MONDRAGON;AK;KORKMAZ;USTA;UNSAL;SARIOGLU;PETRE;AKMAN;SAS;ATES;GOKTAN
Genclerbirligi vs. Samsunspor - Sunday April 4 - 2004,Genclerbirligi,hard,3-5-2,TOKGOZ;BARIS;EL SAKA;OZBEY;DAEMS;BALCI;TANDOGAN;SKOKO;CIHAN;YOULA;OZKAN
Genclerbirligi vs. Samsunspor - Sunday April 4 - 2004,Samsunspor,hard,3-5-2,GENCER;YAVAS;YELEK;OZKOYLU;CAN;GUNGOR;NAS;SAGIR;TURHAN;ALTIN;AYKUT
Rizespor vs. Fenerbahce - Friday April 9 - 2004,Fenerbahce,easy,4-4-2,DEMIREL;LUCIANO;PETKOV;OZAT;AKYEL;MEHMET AURELIO;GUNES;SANLI;AKIN;NOBRE;VAN HOOIJDONK
Rizespor vs. Fenerbahce - Friday April 9 - 2004,Rizespor,hard,4-4-2,SAHIN;CAGIRAN;DUYMUS;ALPUGAN;AVCI;BAKI;ASKAROGLU;DEMIRAY;OZDEMIR;AKYUZ;OZTURK
Akcaabat Sebatspor vs. Adanaspor - Saturday April 10 - 2004,Adanaspor,hard,3-5-2,KIRINTILI;BEKIROGLU;UNAL;BUDAK;KAPLAN;YAVUZ;OZATAK;LALIK;GURSOY;KAZMAZ;BILICAN
Akcaabat Sebatspor vs. Adanaspor - Saturday April 10 - 2004,Akcaabat Sebatspor,hard,3-5-2,AKTAS;GEZMIS;YILMAZ;BAYRAK;UZUN;DERELI;TOYSAL;BILAZER;OZGUR;PARLAYAN;KINALI
Ankaragucu vs. Galatasaray - Saturday April 10 - 2004,Ankaragucu,hard,3-5-2,USAK;BAIDOO;EL DESOUKI;BARIS;DURSUN;OZLEM;KOCAK;YUCETAS;BULUT;KARTAL;KELES
Ankaragucu vs. Galatasaray - Saturday April 10 - 2004,Galatasaray,easy,4-4-2,MONDRAGON;ERDOGAN;KORKMAZ;USTA;UNSAL;SARIOGLU;PETRE;AKMAN;SAS;ERDEM;SUKUR
Bursaspor vs. Trabzonspor - Saturday April 10 - 2004,Bursaspor,hard,4-4-2,KULBILGE;GURACAR;KORKMAZ;DAMLA;MIU;SEVEN;GROZDIC;TUNA;FRASINEANU;ESER;YILMAZ
Bursaspor vs. Trabzonspor - Saturday April 10 - 2004,Trabzonspor,easy,4-4-2,PETKOVIC;SEYHAN;YAVUZ;BEKIROGLU;EREN;CIMSIR;EGE;SOMERS;KARADENIZ;TEKKE;YILMAZ
Istanbulspor vs. Elazigspor - Saturday April 10 - 2004,Elazigspor,hard,4-4-2,KONIG;KIZILSIMSEK;ARSLANER;KURNAZ;SAHIN;TURGUT;MARANGOZ;HATIPOGLU;KARAKAYIS;ALTUN;YAGMUR
Istanbulspor vs. Elazigspor - Saturday April 10 - 2004,Istanbulspor,hard,4-4-2,DAGLAROGLU;AYHAN;OKECHUKWU;BUYUK;CAN;VIDUSLU;SAIDOU;KUS;ALEKSANDROV;BOLIC;BUSHI
Besiktas vs. Genclerbirligi - Sunday April 11 - 2004,Besiktas,easy,3-5-2,CORDOBA;ASIK;ZAGO;UZULMEZ;GIUNTI;SULUN;YILDIRIM;HAVUTCU;METIN;AHMED HASSAN;PANCU
Besiktas vs. Genclerbirligi - Sunday April 11 - 2004,Genclerbirligi,hard,4-4-2,TOKGOZ;BOZKURT;OZBEY;BARIS;EL SAKA;DAEMS;TANDOGAN;SKOKO;OZKAN;YOULA;CIHAN
Denizlispor vs. Gaziantepspor - Sunday April 11 - 2004,Denizlispor,hard,3-5-2,HAMIDOU;ATAN;KRATOCHVIL;BAYER;GULPINAR;KARTOP;MULTAHARJU;AKDENIZ;BAYAZIT;RIZA;MARTIN
Denizlispor vs. Gaziantepspor - Sunday April 11 - 2004,Gaziantepspor,hard,3-5-2,CATKIC;POLAT;TORAMAN;AGCAY;BOLUKBASI;OZBAY;KOC;SIMSEK;NAMLI;LAZAROV;JAZIRI
Malatyaspor vs. Diyarbakirspor - Sunday April 11 - 2004,Diyarbakirspor,hard,3-5-2,SAHIN;BECEREN;STAVREVSKI;BOZACI;TUNC;YIGIT;GHODHBANE;JUPI;SALAR;GUNER;HACIOGLU
Malatyaspor vs. Diyarbakirspor - Sunday April 11 - 2004,Malatyaspor,hard,4-4-2,MILOSEVSKI;OZSOY;KORKMAZ;KOCAK;BENSOL;PACHOLA;KAHRAMAN;YAVAS;MKHALELE;ULUSOY;BIRLIK
Galatasaray vs. Denizlispor - Friday April 16 - 2004,Denizlispor,hard,4-4-2,HAMIDOU;ATAN;BAYER;KRATOCHVIL;GULPINAR;KARTOP;MULTAHARJU;AKDENIZ;BAYAZIT;RIZA;MARTIN
Galatasaray vs. Denizlispor - Friday April 16 - 2004,Galatasaray,easy,4-4-2,ERCETIN;AK;KORKMAZ;PENBE;UNSAL;PRATES;SARIOGLU;PETRE;SAS;ATES;BRATU
Elazigspor vs. Trabzonspor - Saturday April 17 - 2004,Elazigspor,hard,4-4-2,GUNES;BAHADIR;DEBNAR;NUORELA;KIZILSIMSEK;OZALP;TURGUT;DELIORMAN;MARANGOZ;ALTUN;YAGMUR
Elazigspor vs. Trabzonspor - Saturday April 17 - 2004,Trabzonspor,easy,4-4-2,PETKOVIC;D'HAENE;SEYHAN;YAVUZ;BEKIROGLU;EREN;CIMSIR;EGE;KARADENIZ;YATTARA;TEKKE
Gaziantepspor vs. Malatyaspor - Saturday April 17 - 2004,Gaziantepspor,hard,3-5-2,TARAKCI;POLAT;TORAMAN;AGCAY;GUNES;BOLUKBASI;KOC;OZBAY;SIMSEK;ICLI;JAZIRI
Gaziantepspor vs. Malatyaspor - Saturday April 17 - 2004,Malatyaspor,hard,4-4-2,MILOSEVSKI;OZSOY;KORKMAZ;KOCAK;BENSOL;PACHOLA;KAHRAMAN;YAVAS;MKHALELE;ULUSOY;BIRLIK
Genclerbirligi vs. Ankaragucu - Saturday April 17 - 2004,Ankaragucu,hard,3-5-2,USAK;BAIDOO;EL DESOUKI;BARIS;DURSUN;OZLEM;KOCAK;NAMDAR;BULUT;KARTAL;KELES
Genclerbirligi vs. Ankaragucu - Saturday April 17 - 2004,Genclerbirligi,hard,3-5-2,TOKGOZ;EL SAKA;MERCIMEK;OZBEY;DAEMS;BALCI;SKOKO;MBAYO;CIHAN;YOULA;OZKAN
Konyaspor vs. Besiktas - Saturday April 17 - 2004,Besiktas,easy,3-5-2,CORDOBA;ASIK;RONALDO GUIARO;UZULMEZ;GIUNTI;AYDIN;YILDIRIM;DABROWSKI;AHMED HASSAN;TOPRAKTEPE;ILIE
Konyaspor vs. Besiktas - Saturday April 17 - 2004,Konyaspor,hard,4-4-2,ONGUN;DIENG;TEMIZKANOGLU;GUNEY;DUMAN;KARACA;DEMIR;YESILKAYA;AKSOY;ISLER;BIRYOL
Adanaspor vs. Rizespor - Sunday April 18 - 2004,Adanaspor,hard,4-4-2,ACAR;BEKIROGLU;BUDAK;UNAL;KAPLAN;YAVUZ;OZATAK;LALIK;GURSOY;KAZMAZ;BALKAYA
Adanaspor vs. Rizespor - Sunday April 18 - 2004,Rizespor,hard,3-5-2,SAHIN;CAGIRAN;DUYMUS;ALPUGAN;AVCI;TATAN;BAKI;DEMIRAY;OZDEMIR;AKYUZ;OZTURK
Akcaabat Sebatspor vs. Bursaspor - Sunday April 18 - 2004,Akcaabat Sebatspor,hard,3-5-2,AKTAS;BAYRAK;GEZMIS;UZUN;YILMAZ;DERELI;ZAJAC;TOYSAL;OZGUR;KINALI;PARLAYAN
Akcaabat Sebatspor vs. Bursaspor - Sunday April 18 - 2004,Bursaspor,hard,4-4-2,KULBILGE;KORKMAZ;DAMLA;MIU;SEVEN;TUNA;FRASINEANU;ALEMDAR;GURSEL;OSTERC;YILMAZ
Diyarbakirspor vs. Istanbulspor - Sunday April 18 - 2004,Diyarbakirspor,hard,4-4-2,KARAGOL;STAVREVSKI;TUNC;DEMIRCIOGLU;YIGIT;GHODHBANE;JUPI;SAMATYALI;SALAR;GUNER;HACIOGLU
Diyarbakirspor vs. Istanbulspor - Sunday April 18 - 2004,Istanbulspor,hard,3-5-2,DAGLAROGLU;AYHAN;OKECHUKWU;BUYUK;CAN;VIDUSLU;SAIDOU;KUS;ALEKSANDROV;BOLIC;BUSHI
Fenerbahce vs. Samsunspor - Sunday April 18 - 2004,Fenerbahce,easy,3-5-2,DEMIREL;LUCIANO;TOMAS;OZAT;AKYEL;MEHMET AURELIO;GUNES;SANLI;AKIN;NOBRE;VAN HOOIJDONK
Fenerbahce vs. Samsunspor - Sunday April 18 - 2004,Samsunspor,hard,4-4-2,SHORUNMU;YAVAS;YELEK;CAN;GUNGOR;KIRITA;NAS;SAGIR;TURHAN;ALTIN;AYKUT
Samsunspor vs. Konyaspor - Wednesday April 21 - 2004,Konyaspor,hard,3-5-2,ONGUN;DIENG;TEMIZKANOGLU;DUMAN;CELIK;KARACA;DEMIR;YESILKAYA;AKSOY;ISLER;BIRYOL
Samsunspor vs. Konyaspor - Wednesday April 21 - 2004,Samsunspor,hard,3-5-2,SHORUNMU;ULUN;YELEK;YAVAS;GUNGOR;KIRITA;NAS;SAGIR;AYDIN;ALTIN;AYKUT
Malatyaspor vs. Galatasaray - Friday April 23 - 2004,Galatasaray,easy,4-4-2,MONDRAGON;AK;KORKMAZ;PENBE;UNSAL;PRATES;HASPOLATLI;BALJIC;SAS;ATES;SUKUR
Malatyaspor vs. Galatasaray - Friday April 23 - 2004,Malatyaspor,hard,4-4-2,MILOSEVSKI;KORKMAZ;KOCAK;ASIL;BENSOL;KAHRAMAN;PACHOLA;YAVAS;MKHALELE;BIRLIK;ULUSOY
Bursaspor vs. Elazigspor - Saturday April 24 - 2004,Bursaspor,hard,4-4-2,KULBILGE;KORKMAZ;BULUT;MIU;SEVEN;TUNA;FRASINEANU;ALEMDAR;GURSEL;OSTERC;YILMAZ
Bursaspor vs. Elazigspor - Saturday April 24 - 2004,Elazigspor,hard,3-5-2,GUNES;BAHADIR;DEBNAR;NUORELA;ARSLANER;TURGUT;DELIORMAN;MARANGOZ;HATIPOGLU;ALTUN;YANIK
Istanbulspor vs. Gaziantepspor - Saturday April 24 - 2004,Gaziantepspor,hard,3-5-2,CATKIC;POLAT;JOHNSON;BOUAZIZI;AGCAY;BOLUKBASI;AYHAN;KOC;OZBAY;LAZAROV;OZER
Istanbulspor vs. Gaziantepspor - Saturday April 24 - 2004,Istanbulspor,hard,3-5-2,DAGLAROGLU;AYHAN;OKECHUKWU;BUYUK;CAN;VIDUSLU;SAIDOU;KUS;ALEKSANDROV;BOLIC;BUSHI
Rizespor vs. Akcaabat Sebatspor - Saturday April 24 - 2004,Akcaabat Sebatspor,hard,4-4-2,AKTAS;BAYRAK;UZUN;OZDIN;EKSIOGLU;DERELI;KIP;OSEI;OZGUR;DERELIOGLU;KAYNAK
Rizespor vs. Akcaabat Sebatspor - Saturday April 24 - 2004,Rizespor,hard,3-5-2,SAHIN;CAGIRAN;DUYMUS;AZER;ALPUGAN;AVCI;BAKI;DEMIRAY;OZDEMIR;AKYUZ;OZTURK
Trabzonspor vs. Diyarbakirspor - Saturday April 24 - 2004,Diyarbakirspor,hard,4-4-2,KARAGOL;SAATCIOGLU;BOZACI;STAVREVSKI;TUNC;DEMIRCIOGLU;YIGIT;JUPI;SAMATYALI;HACIOGLU;BAKADAL
Trabzonspor vs. Diyarbakirspor - Saturday April 24 - 2004,Trabzonspor,easy,4-4-2,PETKOVIC;SEYHAN;YAVUZ;BEKIROGLU;EREN;CIMSIR;EGE;KARADENIZ;YATTARA;TEKKE;YILMAZ
Ankaragucu vs. Konyaspor - Sunday April 25 - 2004,Ankaragucu,hard,3-5-2,USAK;BAIDOO;EL DESOUKI;BARIS;DURSUN;OZLEM;KOCAK;DOGAN;BULUT;KARTAL;KELES
Ankaragucu vs. Konyaspor - Sunday April 25 - 2004,Konyaspor,hard,3-5-2,ONGUN;DIENG;TEMIZKANOGLU;DUMAN;CELIK;DEMIR;KARACA;YESILKAYA;SEN;BIRYOL;ISLER
Besiktas vs. Fenerbahce - Sunday April 25 - 2004,Besiktas,easy,3-5-2,CORDOBA;ZAGO;UZULMEZ;YILDIRIM;SULUN;GIUNTI;DABROWSKI;YALCIN;METIN;TOPRAKTEPE;PANCU
Besiktas vs. Fenerbahce - Sunday April 25 - 2004,Fenerbahce,easy,4-4-2,DEMIREL;LUCIANO;TOMAS;OZAT;AKYEL;MEHMET AURELIO;GUNES;SANLI;AKIN;VAN HOOIJDONK;NOBRE
Denizlispor vs. Genclerbirligi - Sunday April 25 - 2004,Denizlispor,hard,3-5-2,HAMIDOU;KRATOCHVIL;BAYER;ATAN;GULPINAR;KARTOP;MULTAHARJU;AKDENIZ;BAYAZIT;RIZA;MARTIN
Denizlispor vs. Genclerbirligi - Sunday April 25 - 2004,Genclerbirligi,hard,3-5-2,BOTONJIC;BOZKURT;BARIS;EL SAKA;OZBEY;DAEMS;BALCI;SKOKO;CIHAN;YOULA;OZKAN
Samsunspor vs. Adanaspor - Sunday April 25 - 2004,Adanaspor,hard,4-4-2,ONEN;KIRINTILI;BEKIROGLU;BUDAK;UNAL;KAPLAN;BOZ;OZATAK;LALIK;BALKAYA;YILDIRAN
Samsunspor vs. Adanaspor - Sunday April 25 - 2004,Samsunspor,hard,4-3-3,SHORUNMU;AKTEPE;YAVAS;YELEK;ADALTO;KIRITA;SAGIR;TURHAN;AYDIN;ALTIN;AYKUT
Adanaspor vs. Besiktas - Saturday May 1 - 2004,Adanaspor,hard,4-4-2,ONEN;KIRINTILI;BEKIROGLU;BUDAK;OZTURK;UNAL;KAPLAN;OZATAK;LALIK;KAZMAZ;BALKAYA
Adanaspor vs. Besiktas - Saturday May 1 - 2004,Besiktas,easy,3-5-2,KURSUNLU;ASIK;RONALDO GUIARO;UZULMEZ;AYDIN;GIUNTI;YILDIRIM;METIN;KOC;ILIE;KALOGLU
Akcaabat Sebatspor vs. Samsunspor - Saturday May 1 - 2004,Akcaabat Sebatspor,hard,4-4-2,AKTAS;BAYRAK;GEZMIS;UZUN;OZDIN;EKSIOGLU;DERELI;OSEI;OZGUR;DERELIOGLU;KAYNAK
Akcaabat Sebatspor vs. Samsunspor - Saturday May 1 - 2004,Samsunspor,hard,3-5-2,SHORUNMU;AKTEPE;YAVAS;YELEK;GUNGOR;KIRITA;SAGIR;DOKME;TURHAN;ALTIN;AYKUT
Fenerbahce vs. Ankaragucu - Saturday May 1 - 2004,Ankaragucu,hard,3-5-2,USAK;BAIDOO;EL DESOUKI;BARIS;TASDEMIR;OZLEM;KOCAK;ALBAYRAK;BULUT;KARTAL;KELES
Fenerbahce vs. Ankaragucu - Saturday May 1 - 2004,Fenerbahce,easy,4-4-2,DEMIREL;LUCIANO;TOMAS;OZAT;MEHMET AURELIO;SAHIN;GUNES;SANLI;YOZGATLI;NOBRE;VAN HOOIJDONK
Gaziantepspor vs. Trabzonspor - Saturday May 1 - 2004,Gaziantepspor,hard,4-4-2,CATKIC;TORAMAN;JOHNSON;BOUAZIZI;AGCAY;BOLUKBASI;AYHAN;KOC;OZBAY;LAZAROV;OZER
Gaziantepspor vs. Trabzonspor - Saturday May 1 - 2004,Trabzonspor,easy,4-3-1-2,PETKOVIC;D'HAENE;YAVUZ;BEKIROGLU;EREN;CIMSIR;UCUNCU;EGE;KARADENIZ;AHINFUL;YILMAZ
Genclerbirligi vs. Malatyaspor - Saturday May 1 - 2004,Genclerbirligi,hard,3-5-2,BOTONJIC;BOZKURT;OZBEY;BARIS;DAEMS;BALCI;MBAYO;CIHAN;YOULA;OZKAN;OZTURK
Genclerbirligi vs. Malatyaspor - Saturday May 1 - 2004,Malatyaspor,hard,3-5-2,MILOSEVSKI;KORKMAZ;OZSOY;KOCAK;UZ;BENSOL;KAHRAMAN;YAVAS;MKHALELE;BIRLIK;ULUSOY
Konyaspor vs. Denizlispor - Saturday May 1 - 2004,Denizlispor,hard,4-4-2,HAMIDOU;OZSARAC;KRATOCHVIL;BAYER;KECELI;GULPINAR;MULTAHARJU;AKDENIZ;BAYAZIT;RIZA;MARTIN
Konyaspor vs. Denizlispor - Saturday May 1 - 2004,Konyaspor,hard,4-4-2,ONGUN;DIENG;TEMIZKANOGLU;DUMAN;CELIK;DEMIR;KARACA;YESILKAYA;AKSOY;BIRYOL;ISLER
Bursaspor vs. Rizespor - Sunday May 2 - 2004,Bursaspor,hard,4-4-2,KULBILGE;KORKMAZ;BULUT;DAMLA;MIU;SEVEN;TUNA;ALEMDAR;GURSEL;OSTERC;YILMAZ
Bursaspor vs. Rizespor - Sunday May 2 - 2004,Rizespor,hard,3-5-2,SAHIN;DUYMUS;AZER;ALPUGAN;AVCI;TATAN;BAKI;DEMIRAY;OZDEMIR;AKYUZ;OZTURK
Elazigspor vs. Diyarbakirspor - Sunday May 2 - 2004,Diyarbakirspor,hard,3-5-2,KARAGOL;SAATCIOGLU;TUNC;STAVREVSKI;BOZACI;BECEREN;YIGIT;JUPI;SAMATYALI;GUNER;HACIOGLU
Elazigspor vs. Diyarbakirspor - Sunday May 2 - 2004,Elazigspor,hard,4-4-2,GUNES;BAHADIR;COL;KIZILSIMSEK;TURGUT;HATIPOGLU;MARANGOZ;DELIORMAN;KOPRULU;ALTUN;YANIK
Galatasaray vs. Istanbulspor - Sunday May 2 - 2004,Galatasaray,easy,4-4-2,MONDRAGON;AK;KORKMAZ;PENBE;UNSAL;PRATES;SARIOGLU;PETRE;SAS;ATES;SUKUR
Galatasaray vs. Istanbulspor - Sunday May 2 - 2004,Istanbulspor,hard,4-4-2,DAGLAROGLU;AYHAN;OKECHUKWU;CAN;BUYUK;SAIDOU;VIDUSLU;KUS;ALEKSANDROV;BALILI;BOLIC
Ankaragucu vs. Adanaspor - Saturday May 8 - 2004,Adanaspor,hard,3-5-2,ONEN;KIRINTILI;BEKIROGLU;BUDAK;KAPLAN;BOZ;OZATAK;TOKAC;LALIK;KAZMAZ;BALKAYA
Ankaragucu vs. Adanaspor - Saturday May 8 - 2004,Ankaragucu,hard,3-5-2,USAK;BAIDOO;EL DESOUKI;DURSUN;TURKMEHMET;KOCAK;YILDIRIM;ERIS;BULUT;KARTAL;KELES
Elazigspor vs. Gaziantepspor - Saturday May 8 - 2004,Elazigspor,hard,4-4-2,BAHADIR;COL;KIZILSIMSEK;SAHIN;TURGUT;DELIORMAN;MARANGOZ;KOPRULU;KARAKAYIS;YAMAN;ALTUN
Elazigspor vs. Gaziantepspor - Saturday May 8 - 2004,Gaziantepspor,hard,3-5-2,TARAKCI;IRTEGUN;POLAT;JOHNSON;GUNES;AGCAY;BOLUKBASI;KOC;OZBAY;LAZAROV;OZER
Malatyaspor vs. Konyaspor - Saturday May 8 - 2004,Konyaspor,hard,4-4-2,ONGUN;DIENG;GUNDOSTU;CELIK;DUMAN;GUNEY;DEMIR;KARACA;AKSOY;TURKMEN;BIRYOL
Malatyaspor vs. Konyaspor - Saturday May 8 - 2004,Malatyaspor,hard,4-4-2,TUNCAY;KORKMAZ;OZSOY;KOCAK;BENSOL;PACHOLA;YAVAS;KAHRAMAN;MKHALELE;BIRLIK;ULUSOY
Besiktas vs. Akcaabat Sebatspor - Sunday May 9 - 2004,Akcaabat Sebatspor,hard,3-5-2,AKTAS;BAYRAK;GEZMIS;UZUN;OZDIN;DERELI;KIP;ERGIN;OZGUR;DERELIOGLU;KAYNAK
Besiktas vs. Akcaabat Sebatspor - Sunday May 9 - 2004,Besiktas,easy,3-5-2,KURSUNLU;ASIK;RONALDO GUIARO;ZAGO;UZULMEZ;YILDIRIM;DABROWSKI;YALCIN;METIN;TOPRAKTEPE;ILIE
Denizlispor vs. Fenerbahce - Sunday May 9 - 2004,Denizlispor,hard,4-4-2,HAMIDOU;ATAN;KRATOCHVIL;KECELI;KARTOP;GULPINAR;MULTAHARJU;BAYAZIT;AKDENIZ;RIZA;MARTIN
Denizlispor vs. Fenerbahce - Sunday May 9 - 2004,Fenerbahce,easy,4-4-2,DEMIREL;LUCIANO;TOMAS;OZAT;MEHMET AURELIO;SAHIN;GUNES;SANLI;AKIN;VAN HOOIJDONK;NOBRE
Diyarbakirspor vs. Bursaspor - Sunday May 9 - 2004,Bursaspor,hard,4-4-2,KULBILGE;KORKMAZ;BULUT;MIU;GROZDIC;TUNA;FRASINEANU;ALEMDAR;GURSEL;OSTERC;YILMAZ
Diyarbakirspor vs. Bursaspor - Sunday May 9 - 2004,Diyarbakirspor,hard,3-5-2,KARAGOL;SAATCIOGLU;BECEREN;BOZACI;STAVREVSKI;TUNC;DEMIRCIOGLU;YIGIT;GHODHBANE;JUPI;HACIOGLU
Istanbulspor vs. Genclerbirligi - Sunday May 9 - 2004,Genclerbirligi,hard,4-4-2,TOKGOZ;BOZKURT;BARIS;MERCIMEK;DAEMS;TANDOGAN;BALCI;SKOKO;MBAYO;CIHAN;OZKAN
Istanbulspor vs. Genclerbirligi - Sunday May 9 - 2004,Istanbulspor,hard,4-4-2,DAGLAROGLU;AYHAN;OKECHUKWU;BUYUK;ANDRE BORGES;CAN;SAIDOU;VIDUSLU;ALEKSANDROV;BALILI;BOLIC
Samsunspor vs. Rizespor - Sunday May 9 - 2004,Rizespor,hard,3-5-2,SAHIN;CAGIRAN;DUYMUS;ALPUGAN;AVCI;TATAN;BAKI;DEMIRAY;OZDEMIR;AKYUZ;OZTURK
Samsunspor vs. Rizespor - Sunday May 9 - 2004,Samsunspor,hard,4-4-2,SHORUNMU;ULUN;YAVAS;YELEK;GUNGOR;KIRITA;DOKME;SAGIR;TURHAN;ALTIN;AYKUT
Trabzonspor vs. Galatasaray - Sunday May 9 - 2004,Galatasaray,easy,4-4-2,ERCETIN;KORKMAZ;USTA;PENBE;UNSAL;PETRE;HASPOLATLI;AKMAN;ATES;ERDEM;SUKUR
Trabzonspor vs. Galatasaray - Sunday May 9 - 2004,Trabzonspor,easy,4-4-2,PETKOVIC;SEYHAN;YAVUZ;BEKIROGLU;EREN;CIMSIR;TORAMAN;EGE;KARADENIZ;AHINFUL;YILMAZ
Fenerbahce vs. Malatyaspor - Friday May 14 - 2004,Fenerbahce,easy,4-4-2,DEMIREL;LUCIANO;TOMAS;OZAT;MEHMET AURELIO;SAHIN;GUNES;SANLI;AKIN;VAN HOOIJDONK;NOBRE
Fenerbahce vs. Malatyaspor - Friday May 14 - 2004,Malatyaspor,hard,4-4-2,MILOSEVSKI;KORKMAZ;OZSOY;KOCAK;BENSOL;YAVAS;KAHRAMAN;PACHOLA;MKHALELE;BIRLIK;ULUSOY
Adanaspor vs. Denizlispor - Saturday May 15 - 2004,Adanaspor,hard,3-5-2,ONEN;KIRINTILI;BUDAK;KAPLAN;BOZ;OZATAK;TOKAC;LALIK;KAZMAZ;BALKAYA;MESZAROS
Adanaspor vs. Denizlispor - Saturday May 15 - 2004,Denizlispor,hard,4-4-2,HAMIDOU;ATAN;KRATOCHVIL;OZSARAC;KECELI;AKINCI;BOYRAZ;KARTOP;MULTAHARJU;AKDENIZ;MARTIN
Akcaabat Sebatspor vs. Ankaragucu - Saturday May 15 - 2004,Akcaabat Sebatspor,hard,3-5-2,AKTAS;BAYRAK;GEZMIS;UZUN;OZDIN;DERELI;KIP;ERGIN;OZGUR;DERELIOGLU;KAYNAK
Akcaabat Sebatspor vs. Ankaragucu - Saturday May 15 - 2004,Ankaragucu,hard,3-5-2,USAK;KUTLU;BARIS;DURSUN;TURKMEHMET;OZLEM;TASDEMIR;KOCAK;YILDIRIM;ERIS;BULUT
Bursaspor vs. Samsunspor - Saturday May 15 - 2004,Bursaspor,hard,4-4-2,KULBILGE;DEPE;KORKMAZ;BULUT;MIU;SEVEN;GROZDIC;TUNA;FRASINEANU;OSTERC;YILMAZ
Bursaspor vs. Samsunspor - Saturday May 15 - 2004,Samsunspor,hard,4-3-3,SHORUNMU;ULUN;YAVAS;YELEK;GUNGOR;KIRITA;DOKME;SAGIR;TURHAN;AYDIN;ALTIN
Galatasaray vs. Elazigspor - Saturday May 15 - 2004,Elazigspor,hard,4-4-2,GULCEMAL;BAHADIR;COL;KIZILSIMSEK;SAHIN;HATIPOGLU;MARANGOZ;KOPRULU;YAMAN;ALTUN;YAGMUR
Galatasaray vs. Elazigspor - Saturday May 15 - 2004,Galatasaray,easy,4-4-2,RICHARD KINGSON;ERDOGAN;KORKMAZ;USTA;UNSAL;SARIOGLU;ERDOGAN;ARSLAN;AKMAN;BALJIC;BRATU
Gaziantepspor vs. Diyarbakirspor - Saturday May 15 - 2004,Diyarbakirspor,hard,3-5-2,SAHIN;SAATCIOGLU;BECEREN;BOZACI;STAVREVSKI;MOURA;DEMIRCIOGLU;YIGIT;JUPI;SAMATYALI;GUNER
Gaziantepspor vs. Diyarbakirspor - Saturday May 15 - 2004,Gaziantepspor,hard,4-4-2,CATKIC;IRTEGUN;AGCAY;JOHNSON;BOUAZIZI;GUNES;BOLUKBASI;AYHAN;OZBAY;KARA;OZER
Genclerbirligi vs. Trabzonspor - Saturday May 15 - 2004,Genclerbirligi,hard,3-5-2,TOKGOZ;BOZKURT;BARIS;MERCIMEK;BALCI;TANDOGAN;SKOKO;BASTURK;CIHAN;OZKAN;OZTURK
Genclerbirligi vs. Trabzonspor - Saturday May 15 - 2004,Trabzonspor,easy,4-3-3,SONMEZ;D'HAENE;SEYHAN;YAVUZ;BEKIROGLU;EREN;AYGUN;CIMSIR;TORAMAN;YATTARA;AHINFUL
Konyaspor vs. Istanbulspor - Saturday May 15 - 2004,Istanbulspor,hard,4-4-2,DAGLAROGLU;AYHAN;OKECHUKWU;BUYUK;ANDRE BORGES;CAN;SAIDOU;VIDUSLU;ALEKSANDROV;BALILI;BOLIC
Konyaspor vs. Istanbulspor - Saturday May 15 - 2004,Konyaspor,hard,3-5-2,ONGUN;DIENG;TEMIZKANOGLU;GURELER;CELIK;DUMAN;GUNEY;DEMIR;AKSOY;BIRYOL;ISLER
Rizespor vs. Besiktas - Saturday May 15 - 2004,Besiktas,easy,3-5-2,KURSUNLU;ASIK;RONALDO GUIARO;ZAN;UZULMEZ;AYDIN;YILDIRIM;DABROWSKI;METIN;TOPRAKTEPE;KALOGLU
Rizespor vs. Besiktas - Saturday May 15 - 2004,Rizespor,hard,4-4-2,SAHIN;CAGIRAN;DUYMUS;AZER;AVCI;TATAN;BAKI;DEMIRAY;OZDEMIR;AKYUZ;OZTURK
