game,team,difficulty,formation,lineup
Bucaspor vs. Besiktas - Saturday August 14 - 2010,Besiktas,easy,4-2-3-1,ARIKAN;UZULMEZ;FERRARI;ZAPOTOCNY;GUVEN;UYSAL;ERNST;QUARESMA;GUTI;KAHVECI;BOBO
Bucaspor vs. Besiktas - Saturday August 14 - 2010,Bucaspor,hard,4-5-1,FERNANDES;MULEMO;AK;BAHTIYAROGLU;LEKO;TASKIRAN;TUNCER;DAGASAN;BASDAG;AYDIN;AKTAS
Eskisehirspor vs. Genclerbirligi - Saturday August 14 - 2010,Eskisehirspor,hard,4-4-2,IVESA;YAMAN;COSKUN;NADAREVIC;ARSLAN;OZTURK;KAYA;PELE;ESER;JOHN;KARADENIZ
Eskisehirspor vs. Genclerbirligi - Saturday August 14 - 2010,Genclerbirligi,hard,4-2-3-1,KULBILGE;KALKAN;CURRI;KULUSIC;BOZ;CAN;CUBUKCU;DELIBALTA;HARBUZI;MERIC;ZEC
Gaziantepspor vs. Kasimpasa - Saturday August 14 - 2010,Gaziantepspor,hard,4-4-2,KARCEMARSKAS;IVAN;AYHAN;GUNGOR;KURTULUS;OZGUR;JORGINHO;ZURITA;ADIN;YILMAZ;CESAR
Gaziantepspor vs. Kasimpasa - Saturday August 14 - 2010,Kasimpasa,hard,4-5-1,OZGEN;KAPLAN;LUIZ HENRIQUE;ONER;VARELA;AYGUNES;KELLER;KURTULUS;ACIL;DIMITROV;MARTIN
Sivasspor vs. Galatasaray - Saturday August 14 - 2010,Galatasaray,easy,4-3-3,ERCETIN;BALTA;CETIN;NEILL;TURAN;AKMAN;CANA;SARP;COLAK;KEWELL;TURAN
Sivasspor vs. Galatasaray - Saturday August 14 - 2010,Sivasspor,hard,4-5-1,RAMOVIC;YERLIKAYA;BAYRAK;IVANOVS;DERELI;YILMAZ;NAS;ERIS;BEKMEZCI;MBANANGOYE;YILDIZ
Ankaragucu vs. Trabzonspor - Sunday August 15 - 2010,Ankaragucu,hard,4-2-3-1,ONGUN;DURUER;RAJNOCH;TOSCALI;ZEWLAKOW;GUCER;KOCAK;SESTAK;SAPARA;VAROL;MEYE
Ankaragucu vs. Trabzonspor - Sunday August 15 - 2010,Trabzonspor,easy,4-3-3,KIVRAK;CALE;KORKMAZ;GLOWACKI;BALCI;INAN;GULSELAM;COLMAN;ALANZINHO;GUTIERREZ;YILMAZ
Fenerbahce vs. Antalyaspor - Sunday August 15 - 2010,Antalyaspor,hard,4-5-1,KESER;OZKAYNAK;RADELJIC;UZUMCU;SEKMAN;ATES;PROMENT;ARSLAN;BARIS;TITA;ZITOUNI
Fenerbahce vs. Antalyaspor - Sunday August 15 - 2010,Fenerbahce,easy,4-2-3-1,DEMIREL;SANTOS;FABIO BILICA;LUGANO;GONUL;CRISTIAN;BELOZOGLU;STOCH;ALEX;TOPUZ;SENTURK
Kardemir Dc Karabukspor vs. Manisaspor - Sunday August 15 - 2010,Kardemir Dc Karabukspor,hard,4-5-1,TOMIC;SERIC;COGUM;DEUMI;ZENGIN;CEYLAN;HIKMET;CERNAT;TOZO;AKIN;EMENIKE
Kardemir Dc Karabukspor vs. Manisaspor - Sunday August 15 - 2010,Manisaspor,hard,4-5-1,AVCIBAY;MOMHA;OZSARAC;TOK;BARIS;SIMPSON;INCEDEMIR;DICA;CALISKAN;EMRECIKSIN;KAHE
Bursaspor vs. Konyaspor - Monday August 16 - 2010,Bursaspor,hard,4-2-3-1,IVANKOV;WEDERSON;ERDOGAN;STEPANOV;TANDOGAN;CIMSIR;ERGIC;IPEK;NUNEZ;SEN;BAHADIR
Bursaspor vs. Konyaspor - Monday August 16 - 2010,Konyaspor,hard,4-5-1,TOKGOZ;ABBAS;KERE;YAVUZ;ASLANTAS;DOCKAL;GUNGOR;EGE;TORAMAN;ACAR;GRAJCIAR
Buyuksehir Belediyespor vs. Kayserispor - Monday August 16 - 2010,Buyuksehir Belediyespor,hard,4-3-3,HASAGIC;EKSIOGLU;DEPE;YILMAZ;HASPOLATLI;KORKMAZ;TEKDEMIR;HOLMEN;AKIN;KOSE;ALIN
Buyuksehir Belediyespor vs. Kayserispor - Monday August 16 - 2010,Kayserispor,hard,4-4-2,HAMIDOU;KALDIRIM;ALEKSANDRE AMISULASHVILI;KESIMAL;CAKIR;TEBER;DURAK;TROISI;ANDRE MORITZ;BOYRAZ;CANGELE
Kayserispor vs. Kardemir Dc Karabukspor - Friday August 20 - 2010,Kardemir Dc Karabukspor,hard,4-5-1,TOMIC;SERIC;COGUM;DEUMI;ZENGIN;CEYLAN;HIKMET;CERNAT;TOZO;AKIN;EMENIKE
Kayserispor vs. Kardemir Dc Karabukspor - Friday August 20 - 2010,Kayserispor,hard,4-4-2,HAMIDOU;KALDIRIM;ALEKSANDRE AMISULASHVILI;KESIMAL;CAKIR;TEBER;DURAK;TROISI;ANDRE MORITZ;BOYRAZ;CANGELE
Konyaspor vs. Eskisehirspor - Friday August 20 - 2010,Eskisehirspor,hard,4-2-3-1,IVESA;YAMAN;COSKUN;NADAREVIC;ARSLAN;KAYA;PELE;TELLO;OZTURK;ZENGIN;JOHN
Konyaspor vs. Eskisehirspor - Friday August 20 - 2010,Konyaspor,hard,4-4-2,TOKGOZ;ABBAS;KERE;YAVUZ;GUNGOR;DOCKAL;TORAMAN;EGE;GRAJCIAR;YAGMUR;LIETAVA
Antalyaspor vs. Sivasspor - Saturday August 21 - 2010,Antalyaspor,hard,4-4-2,KESER;TUNCER;BARIS;RADELJIC;SEKMAN;TITA;PROMENT;ARSLAN;ZITOUNI;DJIEHOUA;ATES
Antalyaspor vs. Sivasspor - Saturday August 21 - 2010,Sivasspor,hard,4-2-3-1,RAMOVIC;BIKMAZ;BAYRAK;IVANOVS;DERELI;BEKMEZCI;NAS;YILMAZ;MBANANGOYE;ERIS;YILDIZ
Besiktas vs. Buyuksehir Belediyespor - Saturday August 21 - 2010,Besiktas,easy,4-2-3-1,GONEN;UZULMEZ;GULUM;FERRARI;GUVEN;ERNST;DELGADO;QUARESMA;KAHVECI;HILBERT;HOLOSKO
Besiktas vs. Buyuksehir Belediyespor - Saturday August 21 - 2010,Buyuksehir Belediyespor,hard,4-2-3-1,HASAGIC;EKSIOGLU;DEPE;YILMAZ;SAHIN;KORKMAZ;TEKDEMIR;AKIN;HOLMEN;KOSE;ALIN
Galatasaray vs. Bursaspor - Sunday August 22 - 2010,Bursaspor,hard,4-5-1,IVANKOV;WEDERSON;ERDOGAN;STEPANOV;TANDOGAN;IPEK;ERGIC;BATALLA;CIMSIR;SEN;YILDIRIM
Galatasaray vs. Bursaspor - Sunday August 22 - 2010,Galatasaray,easy,4-3-3,CEYLAN;TURAN;CETIN;NEILL;SARIOGLU;AKMAN;SARP;OZBEK;KEWELL;BAROS;TURAN
Genclerbirligi vs. Gaziantepspor - Sunday August 22 - 2010,Gaziantepspor,hard,4-5-1,KARCEMARSKAS;IVAN;AYHAN;GUNGOR;SUME;ARI;KURTULUS;JORGINHO;ZURITA;ADIN;YILMAZ
Genclerbirligi vs. Gaziantepspor - Sunday August 22 - 2010,Genclerbirligi,hard,4-5-1,KULBILGE;KALKAN;CURRI;BOZ;SAM;MERIC;JEDINAK;HARBUZI;CAN;CALIK;ZEC
Manisaspor vs. Ankaragucu - Sunday August 22 - 2010,Ankaragucu,hard,4-4-2,ONGUN;KLUKOWSKI;TOSCALI;ZEWLAKOW;UCAR;CEK;GUCER;SAPARA;VAROL;SESTAK;AKAN
Manisaspor vs. Ankaragucu - Sunday August 22 - 2010,Manisaspor,hard,4-3-3,AVCIBAY;MOMHA;DIXON;OZSARAC;BARIS;OZGUR;INCEDEMIR;CALISKAN;PROMISE;KAHE;EMRECIKSIN
Kasimpasa vs. Bucaspor - Monday August 23 - 2010,Bucaspor,hard,4-4-2,FERNANDES;MULEMO;AK;TOMAS;COLGECEN;TASKIRAN;DAGASAN;BASDAG;LEKO;MENDY;MANUCHO
Kasimpasa vs. Bucaspor - Monday August 23 - 2010,Kasimpasa,hard,4-5-1,OZGEN;KAPLAN;LUIZ HENRIQUE;ONER;VARELA;DIMITROV;KELLER;KURTULUS;ACIL;AYGUNES;MARTIN
Trabzonspor vs. Fenerbahce - Monday August 23 - 2010,Fenerbahce,easy,4-4-2,GUNOK;SANTOS;FABIO BILICA;LUGANO;GONUL;HURMACI;CRISTIAN;BELOZOGLU;TOPUZ;NIANG;SENTURK
Trabzonspor vs. Fenerbahce - Monday August 23 - 2010,Trabzonspor,easy,4-3-3,KIVRAK;CALE;KORKMAZ;GLOWACKI;BALCI;COLMAN;GULSELAM;INAN;ALANZINHO;GUTIERREZ;YATTARA
Ankaragucu vs. Kayserispor - Friday August 27 - 2010,Ankaragucu,hard,4-5-1,ONGUN;KLUKOWSKI;TOSCALI;ZEWLAKOW;UCAR;CEK;GUCER;SAPARA;RAJNOCH;VAROL;AKAN
Ankaragucu vs. Kayserispor - Friday August 27 - 2010,Kayserispor,hard,4-2-3-1,HAMIDOU;KALDIRIM;ALEKSANDRE AMISULASHVILI;KESIMAL;TURACI;TEBER;SANTANA;TROISI;ANDRE MORITZ;CANGELE;BOYRAZ
Gaziantepspor vs. Konyaspor - Friday August 27 - 2010,Gaziantepspor,hard,4-4-2,KARCEMARSKAS;IVAN;AYHAN;GUNGOR;SUME;ADIN;KURTULUS;CEYLAN;SOSA;YILMAZ;CESAR
Gaziantepspor vs. Konyaspor - Friday August 27 - 2010,Konyaspor,hard,4-5-1,TOKGOZ;ABBAS;KERE;YAVUZ;ASLANTAS;DOCKAL;TORAMAN;MONTANO;GUNGOR;ACAR;LIETAVA
Bucaspor vs. Genclerbirligi - Saturday August 28 - 2010,Bucaspor,hard,4-4-2,FERNANDES;MULEMO;AK;TOMAS;COLGECEN;TASKIRAN;DAGASAN;LEKO;AYDIN;MENDY;MANUCHO
Bucaspor vs. Genclerbirligi - Saturday August 28 - 2010,Genclerbirligi,hard,4-5-1,KULBILGE;KALKAN;CURRI;DEMIR;SAM;DELIBALTA;JEDINAK;HARBUZI;CAN;MEHMET;ZEC
Buyuksehir Belediyespor vs. Kasimpasa - Saturday August 28 - 2010,Buyuksehir Belediyespor,hard,4-4-2,HASAGIC;EKSIOGLU;TEKDEMIR;DEPE;SAHIN;SUZEN;KORKMAZ;HOLMEN;AKIN;KOSE;ALIN
Buyuksehir Belediyespor vs. Kasimpasa - Saturday August 28 - 2010,Kasimpasa,hard,4-4-2,SAHIN;KAPLAN;LUIZ HENRIQUE;ONER;KELLER;AYGUNES;ACIL;KURTULUS;VARELA;MARTIN;DIMITROV
Sivasspor vs. Bursaspor - Saturday August 28 - 2010,Bursaspor,hard,4-2-3-1,IVANKOV;WEDERSON;ERDOGAN;STEPANOV;TANDOGAN;CIMSIR;ERGIC;IPEK;BATALLA;SEN;NUNEZ
Sivasspor vs. Bursaspor - Saturday August 28 - 2010,Sivasspor,hard,4-2-3-1,RAMOVIC;BIKMAZ;BAYRAK;IVANOVS;DERELI;BEKMEZCI;NAS;YILMAZ;MBANANGOYE;ERIS;YILDIZ
Eskisehirspor vs. Galatasaray - Sunday August 29 - 2010,Eskisehirspor,hard,4-5-1,IVESA;YAMAN;COSKUN;VUCKO;ARSLAN;TELLO;KAYA;OZTURK;PELE;ESER;KARADENIZ
Eskisehirspor vs. Galatasaray - Sunday August 29 - 2010,Galatasaray,easy,4-3-3,CEYLAN;KURTULUS;CETIN;NEILL;TURAN;OZBEK;SARP;AKMAN;TURAN;BAROS;ELANO
Fenerbahce vs. Manisaspor - Sunday August 29 - 2010,Fenerbahce,easy,4-5-1,GUNOK;ERKIN;FABIO BILICA;LUGANO;ALKAN;STOCH;CRISTIAN;ALEX;BELOZOGLU;TOPUZ;NIANG
Fenerbahce vs. Manisaspor - Sunday August 29 - 2010,Manisaspor,hard,4-5-1,AVCIBAY;AYDIN;DIXON;TOK;COKMUS;SIMPSON;GUVEN;CALISKAN;YILMAZ;EMRECIKSIN;PROMISE
Kardemir Dc Karabukspor vs. Besiktas - Sunday August 29 - 2010,Besiktas,easy,4-5-1,GONEN;UZULMEZ;TORAMAN;ZAPOTOCNY;DAG;QUARESMA;UYSAL;GUTI;ERNST;TABATA;NOBRE
Kardemir Dc Karabukspor vs. Besiktas - Sunday August 29 - 2010,Kardemir Dc Karabukspor,hard,4-4-1-1,TOMIC;SERIC;COGUM;DEUMI;ZENGIN;CEYLAN;HIKMET;TOZO;AKIN;CERNAT;EMENIKE
Antalyaspor vs. Trabzonspor - Monday August 30 - 2010,Antalyaspor,hard,4-3-3,NDJOCK;TUNCER;BARIS;RADELJIC;SEKMAN;SERAS;ARSLAN;PROMENT;ATES;DJIEHOUA;TITA
Antalyaspor vs. Trabzonspor - Monday August 30 - 2010,Trabzonspor,easy,4-2-3-1,KIVRAK;CALE;KORKMAZ;KACAR;BALCI;COLMAN;INAN;JAJA;ALANZINHO;YATTARA;BULUT
Bursaspor vs. Eskisehirspor - Friday September 10 - 2010,Bursaspor,hard,4-2-3-1,IVANKOV;WEDERSON;OZTURK;STEPANOV;TANDOGAN;CIMSIR;ERGIC;IPEK;INSUA;SEN;YILDIRIM
Bursaspor vs. Eskisehirspor - Friday September 10 - 2010,Eskisehirspor,hard,4-5-1,KOCA;YAMAN;COSKUN;VUCKO;ERTUGRUL;TELLO;KAYA;OZTURK;PELE;ARSLAN;JOHN
Besiktas vs. Ankaragucu - Saturday September 11 - 2010,Ankaragucu,hard,4-5-1,ONGUN;KLUKOWSKI;RAJNOCH;TOSCALI;UCAR;CAKIR;GUCER;SAPARA;DURUER;VAROL;MEYE
Besiktas vs. Ankaragucu - Saturday September 11 - 2010,Besiktas,easy,4-4-2,GONEN;KOYBASI;FERRARI;TORAMAN;UYSAL;KAHVECI;ERNST;GUTI;DAG;NOBRE;BOBO
Kayserispor vs. Fenerbahce - Saturday September 11 - 2010,Fenerbahce,easy,4-2-3-1,DEMIREL;ERKIN;LUGANO;YOBO;ALKAN;CRISTIAN;BELOZOGLU;STOCH;ALEX;TOPUZ;NIANG
Kayserispor vs. Fenerbahce - Saturday September 11 - 2010,Kayserispor,hard,4-2-3-1,HAMIDOU;KALDIRIM;ALEKSANDRE AMISULASHVILI;CAKIR;KESIMAL;SANTANA;TEBER;TROISI;CANGELE;OZCAL;OZGEN
Konyaspor vs. Bucaspor - Saturday September 11 - 2010,Bucaspor,hard,4-3-3,FERNANDES;MULEMO;AK;TOMAS;COLGECEN;LEKO;DAGASAN;BASDAG;MENDY;MANUCHO;AYDIN
Konyaspor vs. Bucaspor - Saturday September 11 - 2010,Konyaspor,hard,4-4-2,TOKGOZ;ABBAS;KERE;YAVUZ;GUNGOR;MONTANO;TORAMAN;ACAR;GRAJCIAR;THIERRY FIDJEU TAZEMETA;LIETAVA
Manisaspor vs. Antalyaspor - Saturday September 11 - 2010,Antalyaspor,hard,4-3-3,NDJOCK;TUNCER;BARIS;RADELJIC;SEKMAN;INCEMAN;SERAS;PROMENT;ATES;DJIEHOUA;TITA
Manisaspor vs. Antalyaspor - Saturday September 11 - 2010,Manisaspor,hard,4-3-3,AVCIBAY;AYDIN;GABRIEL;OZSARAC;COKMUS;YILMAZ;CALISKAN;ERDOGAN;PROMISE;MAKUKULA;EMRECIKSIN
Galatasaray vs. Gaziantepspor - Monday September 13 - 2010,Galatasaray,easy,4-3-3,CEYLAN;INSUA;CETIN;NEILL;TURAN;ELANO;SARP;AKMAN;KEWELL;BAROS;MISIMOVIC
Galatasaray vs. Gaziantepspor - Monday September 13 - 2010,Gaziantepspor,hard,4-4-2,KARCEMARSKAS;IVAN;AYHAN;GUNGOR;SUME;ADIN;KURTULUS;ZURITA;POPOV;BETO;CESAR
Genclerbirligi vs. Buyuksehir Belediyespor - Monday September 13 - 2010,Buyuksehir Belediyespor,hard,4-3-3,HASAGIC;SUZEN;EKSIOGLU;DEPE;SAHIN;HASPOLATLI;HOLMEN;TEKDEMIR;AKIN;KOSE;ALIN
Genclerbirligi vs. Buyuksehir Belediyespor - Monday September 13 - 2010,Genclerbirligi,hard,4-3-3,KULBILGE;SAM;CURRI;DEMIR;BOZ;JEDINAK;HARBUZI;CAN;ZEC;SMELTZ;MEHMET
Kasimpasa vs. Kardemir Dc Karabukspor - Monday September 13 - 2010,Kardemir Dc Karabukspor,hard,4-5-1,TOMIC;SERIC;DEUMI;OZDIN;SOYLER;AKIN;HIKMET;CERNAT;TOZO;ZENGIN;EMENIKE
Kasimpasa vs. Kardemir Dc Karabukspor - Monday September 13 - 2010,Kasimpasa,hard,4-4-2,SAHIN;KAPLAN;LUIZ HENRIQUE;ACIL;KELLER;DIMITROV;TJIKUZU;KURTULUS;VARELA;GULEC;BEBBE
Trabzonspor vs. Sivasspor - Monday September 13 - 2010,Sivasspor,hard,4-5-1,RAMOVIC;BIKMAZ;BAYRAK;IVANOVS;KAVUK;YILMAZ;BEKMEZCI;ERIS;NAS;DERELI;YILDIZ
Trabzonspor vs. Sivasspor - Monday September 13 - 2010,Trabzonspor,easy,4-4-2,KIVRAK;OZTORUN;KORKMAZ;KACAR;BALCI;BULUT;INAN;COLMAN;YATTARA;GUTIERREZ;JAJA
Trabzonspor vs. Manisaspor - Friday September 17 - 2010,Manisaspor,hard,4-3-3,AVCIBAY;AYDIN;DIXON;KALABANE;BARIS;GUVEN;INCEDEMIR;ERDOGAN;SIMPSON;MAKUKULA;PROMISE
Trabzonspor vs. Manisaspor - Friday September 17 - 2010,Trabzonspor,easy,4-4-2,KIVRAK;OZTORUN;KORKMAZ;KACAR;BALCI;JAJA;INAN;COLMAN;YATTARA;GUTIERREZ;BULUT
Ankaragucu vs. Kasimpasa - Saturday September 18 - 2010,Ankaragucu,hard,4-2-3-1,ONGUN;KLUKOWSKI;RAJNOCH;YOLDAS;VAROL;WEEKS;KOCAK;GABRIC;SAPARA;AKAN;VITTEK
Ankaragucu vs. Kasimpasa - Saturday September 18 - 2010,Kasimpasa,hard,4-4-2,SAHIN;KAPLAN;LUIZ HENRIQUE;BASDAS;KELLER;DIMITROV;TJIKUZU;KURTULUS;VARELA;GULEC;BEBBE
Antalyaspor vs. Kayserispor - Saturday September 18 - 2010,Antalyaspor,hard,4-3-3,NDJOCK;TUNCER;BARIS;RADELJIC;SEKMAN;INCEMAN;AGCAY;SERAS;ATES;DJIEHOUA;TITA
Antalyaspor vs. Kayserispor - Saturday September 18 - 2010,Kayserispor,hard,4-2-3-1,HAMIDOU;KALDIRIM;ALEKSANDRE AMISULASHVILI;KESIMAL;TURACI;TEBER;SANTANA;TROISI;ANDRE MORITZ;BOYRAZ;ZALAYETA
Bucaspor vs. Galatasaray - Saturday September 18 - 2010,Bucaspor,hard,4-4-2,FERNANDES;MULEMO;AK;TOMAS;COLGECEN;TASKIRAN;DAGASAN;BASDAG;LEKO;MENDY;MANUCHO
Bucaspor vs. Galatasaray - Saturday September 18 - 2010,Galatasaray,easy,4-3-3,CEYLAN;INSUA;CETIN;NEILL;KURTULUS;AKMAN;SARP;MISIMOVIC;KEWELL;BAROS;PINO
Sivasspor vs. Eskisehirspor - Saturday September 18 - 2010,Eskisehirspor,hard,4-2-3-1,KOCA;YAMAN;NADAREVIC;VUCKO;COSKUN;ERTUGRUL;POTUK;TELLO;OZTURK;ZENGIN;JOHN
Sivasspor vs. Eskisehirspor - Saturday September 18 - 2010,Sivasspor,hard,4-2-3-1,RAMOVIC;DERELI;DIALLO;IVANOVS;SOZGELMEZ;BEKMEZCI;NAS;YILMAZ;KEITA;ERIS;YILDIZ
Buyuksehir Belediyespor vs. Konyaspor - Sunday September 19 - 2010,Buyuksehir Belediyespor,hard,4-3-3,HASAGIC;EKSIOGLU;ARAT;DEPE;SAHIN;HOLMEN;TEKDEMIR;SUZEN;AKIN;TUM;ALIN
Buyuksehir Belediyespor vs. Konyaspor - Sunday September 19 - 2010,Konyaspor,hard,4-5-1,TOKGOZ;ABBAS;KERE;YAVUZ;ASLANTAS;MONTANO;TORAMAN;GRAJCIAR;GUNGOR;DOCKAL;THIERRY FIDJEU TAZEMETA
Fenerbahce vs. Besiktas - Sunday September 19 - 2010,Besiktas,easy,4-5-1,ARIKAN;KOYBASI;TORAMAN;ZAPOTOCNY;DAG;QUARESMA;MEHMET AURELIO;GUTI;ERNST;KAHVECI;NOBRE
Fenerbahce vs. Besiktas - Sunday September 19 - 2010,Fenerbahce,easy,4-5-1,DEMIREL;SANTOS;FABIO BILICA;LUGANO;GONUL;DIA;SAHIN;ALEX;BELOZOGLU;TOPUZ;NIANG
Kardemir Dc Karabukspor vs. Genclerbirligi - Sunday September 19 - 2010,Genclerbirligi,hard,4-3-3,KULBILGE;SAM;CURRI;DEMIR;BOZ;JEDINAK;HARBUZI;CAN;ZEC;SMELTZ;MEHMET
Kardemir Dc Karabukspor vs. Genclerbirligi - Sunday September 19 - 2010,Kardemir Dc Karabukspor,hard,4-5-1,TOMIC;SERIC;DEUMI;OZDIN;SOYLER;AKIN;HIKMET;CERNAT;OZMERT;ZENGIN;EMENIKE
Bursaspor vs. Bucaspor - Friday September 24 - 2010,Bucaspor,hard,4-4-2,FERNANDES;MULEMO;BAHTIYAROGLU;TOMAS;COLGECEN;TASKIRAN;LEKO;DAGASAN;AYDIN;AKTAS;MANUCHO
Bursaspor vs. Bucaspor - Friday September 24 - 2010,Bursaspor,hard,4-2-3-1,OZKAN;WEDERSON;ERDOGAN;OZTURK;TANDOGAN;CIMSIR;HAS;IPEK;NUNEZ;BAHADIR;STEINERT
Besiktas vs. Antalyaspor - Saturday September 25 - 2010,Antalyaspor,hard,4-3-3,NDJOCK;TUNCER;RADELJIC;BARIS;SEKMAN;ARSLAN;AGCAY;SERAS;ATES;DJIEHOUA;TITA
Besiktas vs. Antalyaspor - Saturday September 25 - 2010,Besiktas,easy,4-5-1,ARIKAN;UZULMEZ;TORAMAN;ZAPOTOCNY;UYSAL;QUARESMA;MEHMET AURELIO;TABATA;ERNST;HILBERT;BOBO
Eskisehirspor vs. Gaziantepspor - Saturday September 25 - 2010,Eskisehirspor,hard,4-4-2,KOCA;YAMAN;NADAREVIC;VUCKO;COSKUN;OZTURK;ERTUGRUL;PELE;ARSLAN;SARI;KARADENIZ
Eskisehirspor vs. Gaziantepspor - Saturday September 25 - 2010,Gaziantepspor,hard,4-4-2,KARCEMARSKAS;IVAN;AYHAN;GUNGOR;SUME;POPOV;KURTULUS;ZURITA;ADIN;YILMAZ;CESAR
Genclerbirligi vs. Ankaragucu - Saturday September 25 - 2010,Ankaragucu,hard,4-4-2,ONGUN;KLUKOWSKI;RAJNOCH;YOLDAS;VAROL;CEK;KOCAK;WEEKS;SAPARA;MEYE;VITTEK
Genclerbirligi vs. Ankaragucu - Saturday September 25 - 2010,Genclerbirligi,hard,4-4-2,KULBILGE;KALKAN;DEMIR;KULUSIC;SAM;DELIBALTA;JEDINAK;CAN;CALIK;TAMBWE;SMELTZ
Galatasaray vs. Buyuksehir Belediyespor - Sunday September 26 - 2010,Buyuksehir Belediyespor,hard,4-4-2,HASAGIC;EKSIOGLU;ARAT;DEPE;SAHIN;SUZEN;TEKDEMIR;HOLMEN;AKIN;TUM;ALIN
Galatasaray vs. Buyuksehir Belediyespor - Sunday September 26 - 2010,Galatasaray,easy,4-3-3,CEYLAN;INSUA;CETIN;NEILL;KURTULUS;AKMAN;CANA;MISIMOVIC;PINO;BAROS;YILMAZ
Kayserispor vs. Trabzonspor - Sunday September 26 - 2010,Kayserispor,hard,4-2-3-1,HAMIDOU;KALDIRIM;ALEKSANDRE AMISULASHVILI;KESIMAL;TURACI;SANTANA;TEBER;TROISI;OZCAL;BOYRAZ;ZALAYETA
Kayserispor vs. Trabzonspor - Sunday September 26 - 2010,Trabzonspor,easy,4-2-3-1,KIVRAK;CALE;KORKMAZ;KACAR;BALCI;INAN;COLMAN;ALANZINHO;BAYTAR;YILMAZ;GUTIERREZ
Konyaspor vs. Kardemir Dc Karabukspor - Sunday September 26 - 2010,Kardemir Dc Karabukspor,hard,4-5-1,TOMIC;SERIC;DEUMI;OZDIN;AKTURK;CERNAT;HIKMET;OZMERT;SOYLER;ZENGIN;EMENIKE
Konyaspor vs. Kardemir Dc Karabukspor - Sunday September 26 - 2010,Konyaspor,hard,4-5-1,TOKGOZ;ASLANTAS;KERE;YAVUZ;EREN;MONTANO;TORAMAN;SYLLA;GUNGOR;GRAJCIAR;LIETAVA
Manisaspor vs. Sivasspor - Sunday September 26 - 2010,Manisaspor,hard,4-3-3,AVCIBAY;AYDIN;DIXON;KALABANE;BARIS;GUVEN;INCEDEMIR;ERDOGAN;SIMPSON;MAKUKULA;PROMISE
Manisaspor vs. Sivasspor - Sunday September 26 - 2010,Sivasspor,hard,4-1-4-1,RAMOVIC;YERLIKAYA;DIALLO;IVANOVS;SOZGELMEZ;SAIDOU;YILMAZ;NAS;KEITA;ERIS;YILDIZ
Kasimpasa vs. Fenerbahce - Monday September 27 - 2010,Fenerbahce,easy,4-2-3-1,DEMIREL;SANTOS;FABIO BILICA;LUGANO;GONUL;SAHIN;BELOZOGLU;DIA;ALEX;TOPUZ;NIANG
Kasimpasa vs. Fenerbahce - Monday September 27 - 2010,Kasimpasa,hard,4-4-2,SAHIN;TEBER;BASDAS;ONER;KELLER;COLAK;KURTULUS;SARMOV;KALA;MARTIN;AYGUNES
Bucaspor vs. Eskisehirspor - Friday October 1 - 2010,Bucaspor,hard,4-4-2,FERNANDES;TASKIRAN;BAHTIYAROGLU;TOMAS;MULEMO;DAHMANE;DAGASAN;BASDAG;AYDIN;MENDY;MANUCHO
Bucaspor vs. Eskisehirspor - Friday October 1 - 2010,Eskisehirspor,hard,4-5-1,KOCA;YAMAN;NADAREVIC;VUCKO;COSKUN;KOCABEY;ERTUGRUL;OZTURK;PELE;ARSLAN;KARADENIZ
Kardemir Dc Karabukspor vs. Galatasaray - Friday October 1 - 2010,Galatasaray,easy,4-3-3,CEYLAN;INSUA;NEILL;ZAN;KURTULUS;AKMAN;CANA;OZBEK;KEWELL;PINO;MISIMOVIC
Kardemir Dc Karabukspor vs. Galatasaray - Friday October 1 - 2010,Kardemir Dc Karabukspor,hard,4-5-1,TOMIC;SERIC;DEUMI;OZDIN;ZENGIN;CERNAT;TOZO;OZMERT;SOYLER;AVCI;EMENIKE
Ankaragucu vs. Konyaspor - Saturday October 2 - 2010,Ankaragucu,hard,4-4-2,ONGUN;KLUKOWSKI;RAJNOCH;ZEWLAKOW;UCAR;CEK;KOCAK;SAPARA;VAROL;SESTAK;AKAN
Ankaragucu vs. Konyaspor - Saturday October 2 - 2010,Konyaspor,hard,4-5-1,TOKGOZ;ASLANTAS;KERE;YAVUZ;EREN;GRAJCIAR;GUNGOR;KLEIN;KARADUMAN;DOCKAL;LIETAVA
Fenerbahce vs. Genclerbirligi - Saturday October 2 - 2010,Fenerbahce,easy,4-2-3-1,DEMIREL;ERKIN;LUGANO;YOBO;GONUL;SAHIN;BELOZOGLU;DIA;ALEX;TOPUZ;NIANG
Fenerbahce vs. Genclerbirligi - Saturday October 2 - 2010,Genclerbirligi,hard,4-4-2,KARABULUT;KALKAN;DEMIR;KULUSIC;SAM;TAMBWE;JEDINAK;DELIBALTA;CAN;SMELTZ;CALIK
Manisaspor vs. Kayserispor - Saturday October 2 - 2010,Kayserispor,hard,4-3-3,HAMIDOU;KALDIRIM;ALEKSANDRE AMISULASHVILI;KESIMAL;TURACI;TEBER;ANDRE MORITZ;SANTANA;SISMANOGLU;ZALAYETA;BOYRAZ
Manisaspor vs. Kayserispor - Saturday October 2 - 2010,Manisaspor,hard,4-4-2,AVCIBAY;AYDIN;KALABANE;INCEDEMIR;DIXON;SIMPSON;GUVEN;ERDOGAN;GOKOGLAN;MAKUKULA;PROMISE
Antalyaspor vs. Kasimpasa - Sunday October 3 - 2010,Antalyaspor,hard,4-3-3,NDJOCK;TUNCER;RADELJIC;BARIS;SEKMAN;INCEMAN;AGCAY;SERAS;TITA;CIHAN;ZITOUNI
Antalyaspor vs. Kasimpasa - Sunday October 3 - 2010,Kasimpasa,hard,4-3-3,OZBIR;TEBER;LUIZ HENRIQUE;ACIL;BASDAS;TJIKUZU;KURTULUS;SARMOV;BEBBE;MARTIN;KALA
Buyuksehir Belediyespor vs. Bursaspor - Sunday October 3 - 2010,Bursaspor,hard,4-2-3-1,IVANKOV;WEDERSON;ERDOGAN;OZTURK;KECELI;CIMSIR;HAS;IPEK;INSUA;SEN;BAHADIR
Buyuksehir Belediyespor vs. Bursaspor - Sunday October 3 - 2010,Buyuksehir Belediyespor,hard,4-4-2,HASAGIC;EKSIOGLU;AKYUZ;ARAT;KUS;SUZEN;TEKDEMIR;HOLMEN;AKIN;TUM;KOSE
Sivasspor vs. Gaziantepspor - Sunday October 3 - 2010,Gaziantepspor,hard,4-2-3-1,BEZGIN;IVAN;CAN;AYHAN;SUME;KURTULUS;ZURITA;CESAR;POPOV;ADIN;YILMAZ
Sivasspor vs. Gaziantepspor - Sunday October 3 - 2010,Sivasspor,hard,4-5-1,VARDAR;YERLIKAYA;DIALLO;IVANOVS;DERELI;YILMAZ;SAIDOU;BEKMEZCI;NAS;KILIC;YILDIZ
Trabzonspor vs. Besiktas - Sunday October 3 - 2010,Besiktas,easy,4-2-3-1,ARIKAN;KOYBASI;TORAMAN;ZAPOTOCNY;HILBERT;ERNST;MEHMET AURELIO;GUTI;TABATA;HOLOSKO;NOBRE
Trabzonspor vs. Besiktas - Sunday October 3 - 2010,Trabzonspor,easy,4-2-3-1,KIVRAK;CALE;KORKMAZ;YUMLU;BALCI;INAN;COLMAN;YATTARA;BAYTAR;YILMAZ;GUTIERREZ
Bursaspor vs. Kardemir Dc Karabukspor - Friday October 15 - 2010,Bursaspor,hard,4-3-3,IVANKOV;WEDERSON;ERDOGAN;OZTURK;TANDOGAN;BATALLA;SVENSSON;INSUA;IPEK;BAHADIR;ODABASI
Bursaspor vs. Kardemir Dc Karabukspor - Friday October 15 - 2010,Kardemir Dc Karabukspor,hard,4-5-1,TOMIC;SERIC;DEUMI;OZDIN;ZENGIN;CERNAT;TOZO;OZMERT;SOYLER;AVCI;EMENIKE
Besiktas vs. Manisaspor - Saturday October 16 - 2010,Besiktas,easy,4-4-2,ARIKAN;UZULMEZ;FERRARI;TORAMAN;UYSAL;TABATA;ERNST;FINK;HILBERT;NOBRE;BOBO
Besiktas vs. Manisaspor - Saturday October 16 - 2010,Manisaspor,hard,4-5-1,AVCIBAY;AYDIN;DIXON;KALABANE;BARIS;SIMPSON;GUVEN;ERDOGAN;INCEDEMIR;PROMISE;MAKUKULA
Eskisehirspor vs. Buyuksehir Belediyespor - Saturday October 16 - 2010,Buyuksehir Belediyespor,hard,4-3-3,BAHADIR;EKSIOGLU;AKYUZ;ARAT;KUS;HOLMEN;TEKDEMIR;SUZEN;KOSE;TUM;AKIN
Eskisehirspor vs. Buyuksehir Belediyespor - Saturday October 16 - 2010,Eskisehirspor,hard,4-4-2,IVESA;YAMAN;NADAREVIC;SADYQOV;ARSLAN;ZENGIN;KAYA;PELE;OZTURK;SARI;KARADENIZ
Gaziantepspor vs. Bucaspor - Saturday October 16 - 2010,Bucaspor,hard,4-5-1,FERNANDES;MULEMO;AK;TOMAS;GUNES;TASKIRAN;BASDAG;KAYA;DAGASAN;AYDIN;MENDY
Gaziantepspor vs. Bucaspor - Saturday October 16 - 2010,Gaziantepspor,hard,4-2-3-1,KARCEMARSKAS;IVAN;CAN;AYHAN;SUME;KURTULUS;ZURITA;ADIN;POPOV;SOSA;YILMAZ
Galatasaray vs. Ankaragucu - Sunday October 17 - 2010,Ankaragucu,hard,4-4-2,ONGUN;KLUKOWSKI;RAJNOCH;ZEWLAKOW;UCAR;CEK;WEEKS;SAPARA;VAROL;SESTAK;AKAN
Galatasaray vs. Ankaragucu - Sunday October 17 - 2010,Galatasaray,easy,4-3-3,CEYLAN;INSUA;BALTA;CETIN;SARIOGLU;AKMAN;SARP;MISIMOVIC;PINO;BAROS;KURTULUS
Genclerbirligi vs. Antalyaspor - Sunday October 17 - 2010,Antalyaspor,hard,4-3-3,CATKIC;TUNCER;RADELJIC;BARIS;SEKMAN;INCEMAN;AGCAY;SERAS;TITA;CIHAN;ZITOUNI
Genclerbirligi vs. Antalyaspor - Sunday October 17 - 2010,Genclerbirligi,hard,4-3-3,KULBILGE;KALKAN;DEMIR;KULUSIC;SAM;DELIBALTA;CAN;HARBUZI;ZEC;MEHMET;CALIK
Kasimpasa vs. Trabzonspor - Sunday October 17 - 2010,Kasimpasa,hard,4-4-2,SAHIN;TEBER;BASDAS;ACIL;KELLER;GULEC;KURTULUS;OZTURK;AYGUNES;MARTIN;KARADAS
Kasimpasa vs. Trabzonspor - Sunday October 17 - 2010,Trabzonspor,easy,4-3-3,KIVRAK;CALE;KORKMAZ;YUMLU;BALCI;COLMAN;GULSELAM;INAN;ALANZINHO;BULUT;YILMAZ
Kayserispor vs. Sivasspor - Sunday October 17 - 2010,Kayserispor,hard,4-3-3,HAMIDOU;KALDIRIM;ALEKSANDRE AMISULASHVILI;KESIMAL;TURACI;SANTANA;ANDRE MORITZ;TEBER;SISMANOGLU;ZALAYETA;BOYRAZ
Kayserispor vs. Sivasspor - Sunday October 17 - 2010,Sivasspor,hard,4-5-1,VARDAR;YERLIKAYA;DIALLO;IVANOVS;DERELI;MBANANGOYE;SAIDOU;ERIS;BEKMEZCI;NAS;PEDRIEL
Konyaspor vs. Fenerbahce - Monday October 18 - 2010,Fenerbahce,easy,4-3-3,DEMIREL;ERKIN;LUGANO;YOBO;GONUL;HURMACI;BELOZOGLU;TOPUZ;STOCH;NIANG;DIA
Konyaspor vs. Fenerbahce - Monday October 18 - 2010,Konyaspor,hard,4-5-1,USAK;KAHYA;KERE;TORAMAN;ABBAS;GUNGOR;KARADUMAN;GRAJCIAR;ACAR;ASLANTAS;LIETAVA
Kardemir Dc Karabukspor vs. Eskisehirspor - Friday October 22 - 2010,Eskisehirspor,hard,4-4-2,IVESA;YAMAN;NADAREVIC;SADYQOV;COSKUN;OZTURK;ERTUGRUL;KAYA;ZENGIN;SARI;KARADENIZ
Kardemir Dc Karabukspor vs. Eskisehirspor - Friday October 22 - 2010,Kardemir Dc Karabukspor,hard,4-5-1,TOMIC;SERIC;DEUMI;OZDIN;SOYLER;AVCI;HIKMET;OZMERT;TOZO;ZENGIN;EMENIKE
Sivasspor vs. Bucaspor - Friday October 22 - 2010,Bucaspor,hard,4-5-1,FERNANDES;AK;BAHTIYAROGLU;TOMAS;COLGECEN;AYDIN;DAGASAN;KAYA;TUNCER;TASKIRAN;MENDY
Sivasspor vs. Bucaspor - Friday October 22 - 2010,Sivasspor,hard,4-5-1,VARDAR;ERDAL;DIALLO;BAYRAK;DERELI;KILIC;BEKMEZCI;ERIS;MBANANGOYE;NAS;SAHIN
Antalyaspor vs. Konyaspor - Saturday October 23 - 2010,Antalyaspor,hard,4-3-3,CATKIC;OZKAYNAK;BARIS;RADELJIC;SEKMAN;INCEMAN;AGCAY;SERAS;ATES;CIHAN;TITA
Antalyaspor vs. Konyaspor - Saturday October 23 - 2010,Konyaspor,hard,4-2-3-1,USAK;ABBAS;KERE;YAVUZ;GUNGOR;ACAR;KAHYA;KILICASLAN;DOCKAL;MONTANO;GRAJCIAR
Buyuksehir Belediyespor vs. Gaziantepspor - Saturday October 23 - 2010,Buyuksehir Belediyespor,hard,4-3-3,HASAGIC;EKSIOGLU;AKYUZ;DEPE;KUS;HOLMEN;TEKDEMIR;SUZEN;AKIN;TUM;KOSE
Buyuksehir Belediyespor vs. Gaziantepspor - Saturday October 23 - 2010,Gaziantepspor,hard,4-2-3-1,KARCEMARSKAS;IVAN;AYHAN;GUNGOR;SUME;KURTULUS;CEYLAN;SOSA;POPOV;ADIN;YILMAZ
Trabzonspor vs. Genclerbirligi - Saturday October 23 - 2010,Genclerbirligi,hard,4-2-3-1,KULBILGE;KALKAN;DEMIR;KULUSIC;BOZ;CAN;JEDINAK;ZEC;HARBUZI;CALIK;MEHMET
Trabzonspor vs. Genclerbirligi - Saturday October 23 - 2010,Trabzonspor,easy,4-3-3,KIVRAK;CALE;KORKMAZ;YUMLU;BALCI;INAN;GULSELAM;COLMAN;ALANZINHO;BULUT;YILMAZ
Ankaragucu vs. Bursaspor - Sunday October 24 - 2010,Ankaragucu,hard,4-4-2,ONGUN;KLUKOWSKI;RAJNOCH;TOSCALI;YOLDAS;CEK;WEEKS;SAPARA;VAROL;SESTAK;AKAN
Ankaragucu vs. Bursaspor - Sunday October 24 - 2010,Bursaspor,hard,4-3-3,IVANKOV;WEDERSON;ERDOGAN;OZTURK;KECELI;BATALLA;CIMSIR;INSUA;SEN;BAHADIR;YILDIRIM
Fenerbahce vs. Galatasaray - Sunday October 24 - 2010,Fenerbahce,easy,4-5-1,DEMIREL;ERKIN;LUGANO;YOBO;GONUL;STOCH;TOPUZ;ALEX;BELOZOGLU;DIA;NIANG
Fenerbahce vs. Galatasaray - Sunday October 24 - 2010,Galatasaray,easy,4-5-1,ERCETIN;BALTA;CETIN;NEILL;SARIOGLU;MISIMOVIC;CANA;AKMAN;SARP;ELANO;PINO
Manisaspor vs. Kasimpasa - Sunday October 24 - 2010,Kasimpasa,hard,4-4-2,SAHIN;KAPLAN;BASDAS;LUIZ HENRIQUE;VARELA;AYGUNES;KURTULUS;SARMOV;KALA;AYDIN;ABDUL
Manisaspor vs. Kasimpasa - Sunday October 24 - 2010,Manisaspor,hard,4-5-1,AVCIBAY;MOMHA;DIXON;OZSARAC;BARIS;SIMPSON;GUVEN;ERDOGAN;INCEDEMIR;PROMISE;MAKUKULA
Kayserispor vs. Besiktas - Monday October 25 - 2010,Besiktas,easy,4-5-1,RECBER;UZULMEZ;ZAPOTOCNY;TORAMAN;UYSAL;KAHVECI;ERNST;BAYRAMOGLU;FINK;HILBERT;BOBO
Kayserispor vs. Besiktas - Monday October 25 - 2010,Kayserispor,hard,4-5-1,HAMIDOU;KALDIRIM;ALEKSANDRE AMISULASHVILI;KESIMAL;TURACI;SANTANA;TEBER;ANDRE MORITZ;OZCAL;BOYRAZ;SISMANOGLU
Bursaspor vs. Fenerbahce - Friday October 29 - 2010,Bursaspor,hard,4-5-1,IVANKOV;WEDERSON;ERDOGAN;OZTURK;TANDOGAN;SEN;CIMSIR;BATALLA;ERGIC;BAHADIR;YILDIRIM
Bursaspor vs. Fenerbahce - Friday October 29 - 2010,Fenerbahce,easy,4-2-3-1,DEMIREL;ERKIN;FABIO BILICA;YOBO;GONUL;CRISTIAN;BELOZOGLU;STOCH;ALEX;TOPUZ;SENTURK
Eskisehirspor vs. Ankaragucu - Saturday October 30 - 2010,Ankaragucu,hard,4-4-2,SENECKY;KLUKOWSKI;RAJNOCH;ZEWLAKOW;YOLDAS;DURUER;KOCAK;WEEKS;VAROL;SESTAK;AKAN
Eskisehirspor vs. Ankaragucu - Saturday October 30 - 2010,Eskisehirspor,hard,4-4-2,IVESA;YAMAN;NADAREVIC;SADYQOV;COSKUN;OZTURK;ERTUGRUL;KAYA;ZENGIN;SARI;KARADENIZ
Galatasaray vs. Antalyaspor - Saturday October 30 - 2010,Antalyaspor,hard,4-2-3-1,CATKIC;TUNCER;NIZAM;RADELJIC;SEKMAN;AGCAY;SERAS;TITA;INCEMAN;ATES;CIHAN
Galatasaray vs. Antalyaspor - Saturday October 30 - 2010,Galatasaray,easy,4-2-3-1,CEYLAN;BALTA;CETIN;NEILL;SARIOGLU;CANA;SARP;MISIMOVIC;OZBEK;KURTULUS;PINO
Gaziantepspor vs. Kardemir Dc Karabukspor - Saturday October 30 - 2010,Gaziantepspor,hard,4-2-3-1,KARCEMARSKAS;IVAN;AYHAN;NOUNKEU;SUME;KURTULUS;CEYLAN;CESAR;POPOV;ADIN;BETO
Gaziantepspor vs. Kardemir Dc Karabukspor - Saturday October 30 - 2010,Kardemir Dc Karabukspor,hard,4-5-1,TOMIC;SERIC;DEUMI;OZDIN;ZENGIN;ELMAS;SOYLER;OZMERT;TOZO;PARLAK;EMENIKE
Besiktas vs. Sivasspor - Sunday October 31 - 2010,Besiktas,easy,4-5-1,RECBER;UZULMEZ;GULUM;TORAMAN;UYSAL;HOLOSKO;ERNST;TABATA;GUTI;HILBERT;BOBO
Besiktas vs. Sivasspor - Sunday October 31 - 2010,Sivasspor,hard,4-5-1,VARDAR;ERDAL;BAYRAK;IVANOVS;DERELI;KILIC;BEKMEZCI;MBANANGOYE;KEITA;NAS;YILDIZ
Bucaspor vs. Buyuksehir Belediyespor - Sunday October 31 - 2010,Bucaspor,hard,4-5-1,FERNANDES;AK;BAHTIYAROGLU;KIZILKAYA;YANIK;TASKIRAN;LEKO;DAGASAN;TUNCER;AYDIN;MENDY
Bucaspor vs. Buyuksehir Belediyespor - Sunday October 31 - 2010,Buyuksehir Belediyespor,hard,4-3-3,HASAGIC;EKSIOGLU;AKYUZ;DEPE;HASPOLATLI;HOLMEN;TEKDEMIR;SUZEN;KOSE;TUM;AKIN
Genclerbirligi vs. Manisaspor - Sunday October 31 - 2010,Genclerbirligi,hard,4-3-3,KULBILGE;KALKAN;DEMIR;KULUSIC;SAM;JEDINAK;HARBUZI;CAN;CALIK;ZEC;MERIC
Genclerbirligi vs. Manisaspor - Sunday October 31 - 2010,Manisaspor,hard,4-5-1,AVCIBAY;AYDIN;DIXON;OZSARAC;BARIS;SIMPSON;GUVEN;ERDOGAN;INCEDEMIR;PROMISE;MAKUKULA
Kasimpasa vs. Kayserispor - Sunday October 31 - 2010,Kasimpasa,hard,4-4-2,OZGEN;KAPLAN;BASDAS;LUIZ HENRIQUE;KELLER;KALA;TJIKUZU;KURTULUS;VARELA;MARTIN;DIMITROV
Kasimpasa vs. Kayserispor - Sunday October 31 - 2010,Kayserispor,hard,4-5-1,HAMIDOU;KALDIRIM;ALEKSANDRE AMISULASHVILI;KESIMAL;TURACI;BOYRAZ;SANTANA;OZCAL;TEBER;BILGIN;ZALAYETA
Konyaspor vs. Trabzonspor - Monday November 1 - 2010,Konyaspor,hard,4-5-1,USAK;ABBAS;KERE;YAVUZ;ASLANTAS;SAHIN;TORAMAN;GRAJCIAR;SEDEF;DOCKAL;THIERRY FIDJEU TAZEMETA
Konyaspor vs. Trabzonspor - Monday November 1 - 2010,Trabzonspor,easy,4-2-3-1,KIVRAK;OZTORUN;KORKMAZ;GLOWACKI;BALCI;ATAS;INAN;JAJA;BAYTAR;YILMAZ;BULUT
Kayserispor vs. Genclerbirligi - Friday November 5 - 2010,Genclerbirligi,hard,4-3-3,KULBILGE;KALKAN;DEMIR;KULUSIC;SAM;JEDINAK;DELIBALTA;CAN;CALIK;ZEC;MERIC
Kayserispor vs. Genclerbirligi - Friday November 5 - 2010,Kayserispor,hard,4-2-3-1,HAMIDOU;KALDIRIM;ALEKSANDRE AMISULASHVILI;KESIMAL;TURACI;TEBER;DURAK;BOYRAZ;ANDRE MORITZ;BILGIN;ZALAYETA
Ankaragucu vs. Gaziantepspor - Saturday November 6 - 2010,Ankaragucu,hard,4-4-2,SENECKY;KLUKOWSKI;RAJNOCH;ZEWLAKOW;UCAR;DURUER;KOCAK;SAPARA;VAROL;SESTAK;AKAN
Ankaragucu vs. Gaziantepspor - Saturday November 6 - 2010,Gaziantepspor,hard,4-2-3-1,KARCEMARSKAS;IVAN;AYHAN;NOUNKEU;KURTULUS;GULLE;CEYLAN;POPOV;JORGINHO;ADIN;SOSA
Antalyaspor vs. Bursaspor - Saturday November 6 - 2010,Antalyaspor,hard,4-3-3,CATKIC;TUNCER;NIZAM;BARIS;SEKMAN;INCEMAN;AGCAY;SERAS;TITA;CIHAN;ZITOUNI
Antalyaspor vs. Bursaspor - Saturday November 6 - 2010,Bursaspor,hard,4-3-3,IVANKOV;KECELI;OZTURK;STEPANOV;TANDOGAN;BATALLA;CIMSIR;INSUA;IPEK;BAHADIR;NUNEZ
Fenerbahce vs. Eskisehirspor - Saturday November 6 - 2010,Eskisehirspor,hard,4-2-3-1,IVESA;YAMAN;NADAREVIC;SADYQOV;ARSLAN;ERTUGRUL;PELE;ZENGIN;OZTURK;OZBAYRAKTAR;KARADENIZ
Fenerbahce vs. Eskisehirspor - Saturday November 6 - 2010,Fenerbahce,easy,4-2-3-1,DEMIREL;ERKIN;LUGANO;YOBO;GONUL;CRISTIAN;BELOZOGLU;STOCH;ALEX;TOPUZ;SENTURK
Kardemir Dc Karabukspor vs. Bucaspor - Saturday November 6 - 2010,Bucaspor,hard,4-5-1,FERNANDES;MULEMO;AK;KIZILKAYA;YANIK;DAHMANE;LEKO;DAGASAN;TUNCER;KAYA;MENDY
Kardemir Dc Karabukspor vs. Bucaspor - Saturday November 6 - 2010,Kardemir Dc Karabukspor,hard,4-5-1,TOMIC;SERIC;DEUMI;OZDIN;ZENGIN;ELMAS;SOYLER;AKIN;TOZO;PARLAK;EMENIKE
Manisaspor vs. Konyaspor - Sunday November 7 - 2010,Konyaspor,hard,4-5-1,USAK;ABBAS;KERE;YAVUZ;ASLANTAS;SAHIN;TORAMAN;GRAJCIAR;GUNGOR;BANGOURA;THIERRY FIDJEU TAZEMETA
Manisaspor vs. Konyaspor - Sunday November 7 - 2010,Manisaspor,hard,4-3-3,AVCIBAY;AYDIN;DIXON;KALABANE;BARIS;CALISKAN;INCEDEMIR;ERDOGAN;SIMPSON;MAKUKULA;PROMISE
Sivasspor vs. Buyuksehir Belediyespor - Sunday November 7 - 2010,Buyuksehir Belediyespor,hard,4-3-3,BAHADIR;SUZEN;EKSIOGLU;DEPE;AKYUZ;HASPOLATLI;HOLMEN;TEKDEMIR;AKIN;TUM;KOSE
Sivasspor vs. Buyuksehir Belediyespor - Sunday November 7 - 2010,Sivasspor,hard,4-2-3-1,VARDAR;ERDAL;BAYRAK;IVANOVS;DERELI;BEKMEZCI;KEITA;KAMANAN;MBANANGOYE;ERIS;YILDIZ
Trabzonspor vs. Galatasaray - Sunday November 7 - 2010,Galatasaray,easy,4-2-3-1,CEYLAN;INSUA;CETIN;NEILL;SARIOGLU;CANA;SARP;MISIMOVIC;AKMAN;ELANO;PINO
Trabzonspor vs. Galatasaray - Sunday November 7 - 2010,Trabzonspor,easy,4-2-3-1,KIVRAK;CALE;KORKMAZ;KACAR;BALCI;INAN;COLMAN;JAJA;BAYTAR;YILMAZ;BULUT
Besiktas vs. Kasimpasa - Monday November 8 - 2010,Besiktas,easy,4-5-1,RECBER;KOYBASI;GULUM;TORAMAN;GUVEN;KAHVECI;MEHMET AURELIO;GUTI;ERNST;HOLOSKO;BOBO
Besiktas vs. Kasimpasa - Monday November 8 - 2010,Kasimpasa,hard,4-5-1,OZGEN;KAPLAN;BASDAS;LUIZ HENRIQUE;OCAL;AYGUNES;KELLER;KURTULUS;TJIKUZU;DIMITROV;MARTIN
Konyaspor vs. Kayserispor - Friday November 12 - 2010,Kayserispor,hard,4-3-3,HAMIDOU;KALDIRIM;ALEKSANDRE AMISULASHVILI;KESIMAL;TURACI;SANTANA;ANDRE MORITZ;TEBER;SISMANOGLU;ZALAYETA;BOYRAZ
Konyaspor vs. Kayserispor - Friday November 12 - 2010,Konyaspor,hard,4-5-1,USAK;ABBAS;KERE;YAVUZ;ASLANTAS;KILICASLAN;TORAMAN;GUNGOR;ACAR;SAHIN;THIERRY FIDJEU TAZEMETA
Bucaspor vs. Ankaragucu - Saturday November 13 - 2010,Ankaragucu,hard,4-4-2,SENECKY;KLUKOWSKI;RAJNOCH;UCAR;KAGAN SOYLEMEZGILLER;SAPARA;KOCAK;WEEKS;VAROL;SESTAK;AKAN
Bucaspor vs. Ankaragucu - Saturday November 13 - 2010,Bucaspor,hard,4-5-1,FERNANDES;MULEMO;BAHTIYAROGLU;YANIK;COLGECEN;TASKIRAN;LEKO;KAYA;TUNCER;AYDIN;MANUCHO
Bursaspor vs. Trabzonspor - Saturday November 13 - 2010,Bursaspor,hard,4-2-3-1,IVANKOV;WEDERSON;ERDOGAN;OZTURK;KECELI;CIMSIR;ERGIC;IPEK;INSUA;BAHADIR;YILDIRIM
Bursaspor vs. Trabzonspor - Saturday November 13 - 2010,Trabzonspor,easy,4-2-3-1,KIVRAK;CALE;KORKMAZ;KACAR;BALCI;GULSELAM;INAN;JAJA;BAYTAR;YILMAZ;BULUT
Eskisehirspor vs. Antalyaspor - Saturday November 13 - 2010,Antalyaspor,hard,4-5-1,CATKIC;OZKAYNAK;RADELJIC;BARIS;SEKMAN;TUNCER;PROMENT;SERAS;INCEMAN;ZITOUNI;DJIEHOUA
Eskisehirspor vs. Antalyaspor - Saturday November 13 - 2010,Eskisehirspor,hard,4-4-2,IVESA;YAMAN;DIEGO ANGELO;NADAREVIC;COSKUN;ZENGIN;ERTUGRUL;KAYA;OZBAYRAKTAR;SARI;KARADENIZ
Gaziantepspor vs. Fenerbahce - Saturday November 13 - 2010,Fenerbahce,easy,4-2-3-1,DEMIREL;ERKIN;YOBO;IRTEGUN;GONUL;TOPUZ;CRISTIAN;STOCH;ALEX;KAZIM-RICHARDS;SENTURK
Gaziantepspor vs. Fenerbahce - Saturday November 13 - 2010,Gaziantepspor,hard,4-2-3-1,KARCEMARSKAS;IVAN;AYHAN;NOUNKEU;KURTULUS;GULLE;CEYLAN;ARI;JORGINHO;ADIN;SOSA
Buyuksehir Belediyespor vs. Kardemir Dc Karabukspor - Sunday November 14 - 2010,Buyuksehir Belediyespor,hard,4-5-1,BAHADIR;EKSIOGLU;AKYUZ;DEPE;HASPOLATLI;SUZEN;INANC;HOLMEN;TEKDEMIR;AKIN;TUM
Buyuksehir Belediyespor vs. Kardemir Dc Karabukspor - Sunday November 14 - 2010,Kardemir Dc Karabukspor,hard,4-3-3,TOMIC;SERIC;DEUMI;OZDIN;ZENGIN;HIKMET;SOYLER;TOZO;ELMAS;EMENIKE;PARLAK
Galatasaray vs. Manisaspor - Sunday November 14 - 2010,Galatasaray,easy,4-5-1,CEYLAN;INSUA;CETIN;NEILL;TURAN;KEWELL;CANA;ELANO;AKMAN;SARIOGLU;PINO
Galatasaray vs. Manisaspor - Sunday November 14 - 2010,Manisaspor,hard,4-4-2,AVCIBAY;AYDIN;DIXON;KALABANE;BARIS;ERDOGAN;INCEDEMIR;GUVEN;SIMPSON;MAKUKULA;PROMISE
Genclerbirligi vs. Besiktas - Sunday November 14 - 2010,Besiktas,easy,4-5-1,RECBER;UZULMEZ;GULUM;TORAMAN;HILBERT;TABATA;ERNST;GUTI;MEHMET AURELIO;QUARESMA;HOLOSKO
Genclerbirligi vs. Besiktas - Sunday November 14 - 2010,Genclerbirligi,hard,4-5-1,KULBILGE;KALKAN;BOZ;KULUSIC;SAM;MERIC;JEDINAK;DELIBALTA;CAN;CALIK;SMELTZ
Kasimpasa vs. Sivasspor - Sunday November 14 - 2010,Kasimpasa,hard,4-4-2,OZGEN;KAPLAN;BASDAS;LUIZ HENRIQUE;KELLER;AYGUNES;TJIKUZU;KURTULUS;OCAL;MARTIN;DIMITROV
Kasimpasa vs. Sivasspor - Sunday November 14 - 2010,Sivasspor,hard,4-4-2,SEKER;ERDAL;DIALLO;BAYRAK;KAVUK;YILMAZ;BEKMEZCI;YESILKAYA;NAS;YILDIZ;KAMANAN
Besiktas vs. Konyaspor - Saturday November 20 - 2010,Besiktas,easy,4-5-1,GONEN;UZULMEZ;GULUM;TORAMAN;HILBERT;QUARESMA;ERNST;TABATA;MEHMET AURELIO;HOLOSKO;NOBRE
Besiktas vs. Konyaspor - Saturday November 20 - 2010,Konyaspor,hard,4-5-1,TOKGOZ;ASLANTAS;KERE;YAVUZ;GUNGOR;KILICASLAN;TORAMAN;MONTANO;ACAR;SAHIN;GRAJCIAR
Kasimpasa vs. Genclerbirligi - Saturday November 20 - 2010,Genclerbirligi,hard,4-3-3,KULBILGE;KALKAN;BALAK;KULUSIC;BOZ;JEDINAK;DELIBALTA;CAN;CALIK;MEHMET;MERIC
Kasimpasa vs. Genclerbirligi - Saturday November 20 - 2010,Kasimpasa,hard,4-4-2,OZGEN;KAPLAN;BASDAS;LUIZ HENRIQUE;KELLER;KALA;TJIKUZU;KURTULUS;VARELA;MARTIN;DIMITROV
Manisaspor vs. Bursaspor - Saturday November 20 - 2010,Bursaspor,hard,4-2-3-1,IVANKOV;WEDERSON;ERDOGAN;OZTURK;KECELI;SVENSSON;ERGIC;IPEK;BATALLA;ODABASI;BAHADIR
Manisaspor vs. Bursaspor - Saturday November 20 - 2010,Manisaspor,hard,4-3-3,BILER;AYDIN;DIXON;KALABANE;BARIS;OZGUR;GUVEN;ERDOGAN;SIMPSON;MAKUKULA;PROMISE
Sivasspor vs. Kardemir Dc Karabukspor - Saturday November 20 - 2010,Kardemir Dc Karabukspor,hard,4-3-3,OZTURK;SERIC;DEUMI;OZDIN;ZENGIN;AKIN;SOYLER;HIKMET;EMENIKE;ANGELOV;PARLAK
Sivasspor vs. Kardemir Dc Karabukspor - Saturday November 20 - 2010,Sivasspor,hard,4-2-3-1,SEKER;ERDAL;DIALLO;BAYRAK;KAVUK;BEKMEZCI;NAS;KAMANAN;YILMAZ;PEDRIEL;YILDIZ
Ankaragucu vs. Buyuksehir Belediyespor - Sunday November 21 - 2010,Ankaragucu,hard,4-2-3-1,SENECKY;DURUER;RAJNOCH;TOSCALI;UCAR;WEEKS;KAGAN SOYLEMEZGILLER;GABRIC;SAPARA;VAROL;SAHIN
Ankaragucu vs. Buyuksehir Belediyespor - Sunday November 21 - 2010,Buyuksehir Belediyespor,hard,4-3-3,BAHADIR;EKSIOGLU;AKYUZ;TEKDEMIR;HASPOLATLI;KORKMAZ;INANC;HOLMEN;AKIN;TUM;KOSE
Antalyaspor vs. Gaziantepspor - Sunday November 21 - 2010,Antalyaspor,hard,4-3-3,CATKIC;OZKAYNAK;BARIS;RADELJIC;SEKMAN;INCEMAN;AGCAY;SERAS;ATES;DJIEHOUA;TITA
Antalyaspor vs. Gaziantepspor - Sunday November 21 - 2010,Gaziantepspor,hard,4-2-3-1,KARCEMARSKAS;CAN;AYHAN;GUNGOR;KURTULUS;GULLE;CEYLAN;IVAN;POPOV;ADIN;SOSA
Kayserispor vs. Galatasaray - Sunday November 21 - 2010,Galatasaray,easy,4-5-1,CEYLAN;BALTA;CETIN;NEILL;TURAN;KEWELL;OZBEK;ELANO;AKMAN;SARIOGLU;PINO
Kayserispor vs. Galatasaray - Sunday November 21 - 2010,Kayserispor,hard,4-5-1,HAMIDOU;KALDIRIM;ALEKSANDRE AMISULASHVILI;TURACI;CAKIR;SISMANOGLU;TEBER;DURAK;SANTANA;BOYRAZ;ZALAYETA
Trabzonspor vs. Eskisehirspor - Sunday November 21 - 2010,Eskisehirspor,hard,4-2-3-1,IVESA;YAMAN;DIEGO ANGELO;NADAREVIC;COSKUN;ERTUGRUL;KAYA;ZENGIN;POTUK;ARSLAN;OZBAYRAKTAR
Trabzonspor vs. Eskisehirspor - Sunday November 21 - 2010,Trabzonspor,easy,4-2-3-1,KIVRAK;CALE;KORKMAZ;KACAR;BALCI;COLMAN;INAN;JAJA;BAYTAR;YILMAZ;BULUT
Fenerbahce vs. Bucaspor - Monday November 22 - 2010,Bucaspor,hard,4-4-2,FERNANDES;MULEMO;BAHTIYAROGLU;COLGECEN;YANIK;TASKIRAN;LEKO;KAYA;AYDIN;MENDY;MANUCHO
Fenerbahce vs. Bucaspor - Monday November 22 - 2010,Fenerbahce,easy,4-2-3-1,DEMIREL;SANTOS;YOBO;IRTEGUN;GONUL;CRISTIAN;IRAVUL;STOCH;ALEX;TOPUZ;NIANG
Eskisehirspor vs. Manisaspor - Friday November 26 - 2010,Eskisehirspor,hard,4-1-4-1,IVESA;YAMAN;DIEGO ANGELO;NADAREVIC;COSKUN;ERTUGRUL;ZENGIN;POTUK;KAYA;OZBAYRAKTAR;JOHN
Eskisehirspor vs. Manisaspor - Friday November 26 - 2010,Manisaspor,hard,4-3-3,AVCIBAY;AYDIN;DIXON;KALABANE;COKMUS;GUVEN;INCEDEMIR;ERDOGAN;SIMPSON;MAKUKULA;PROMISE
Buyuksehir Belediyespor vs. Fenerbahce - Saturday November 27 - 2010,Buyuksehir Belediyespor,hard,4-5-1,HASAGIC;EKSIOGLU;AKYUZ;TEKDEMIR;HASPOLATLI;AKIN;INANC;HOLMEN;SUZEN;KORKMAZ;TUM
Buyuksehir Belediyespor vs. Fenerbahce - Saturday November 27 - 2010,Fenerbahce,easy,4-2-3-1,DEMIREL;ERKIN;IRTEGUN;YOBO;GONUL;CRISTIAN;IRAVUL;STOCH;ALEX;TOPUZ;NIANG
Gaziantepspor vs. Trabzonspor - Saturday November 27 - 2010,Gaziantepspor,hard,4-2-3-1,KARCEMARSKAS;CAN;AYHAN;GUNGOR;KURTULUS;GULLE;CEYLAN;IVAN;POPOV;JORGINHO;SOSA
Gaziantepspor vs. Trabzonspor - Saturday November 27 - 2010,Trabzonspor,easy,4-2-3-1,KIVRAK;CALE;KORKMAZ;KACAR;BALCI;COLMAN;INAN;JAJA;ALANZINHO;YILMAZ;BULUT
Genclerbirligi vs. Sivasspor - Saturday November 27 - 2010,Genclerbirligi,hard,4-2-3-1,KULBILGE;KALKAN;BALAK;KULUSIC;BOZ;CAN;AYDOGDU;CALIK;DELIBALTA;MERIC;TAMBWE
Genclerbirligi vs. Sivasspor - Saturday November 27 - 2010,Sivasspor,hard,4-2-3-1,RAMOVIC;ERDAL;DIALLO;BAYRAK;KAVUK;BEKMEZCI;NAS;KAMANAN;YILMAZ;PEDRIEL;YILDIZ
Konyaspor vs. Kasimpasa - Saturday November 27 - 2010,Kasimpasa,hard,4-5-1,OZGEN;KAPLAN;BASDAS;LUIZ HENRIQUE;OCAL;KALA;KELLER;KURTULUS;TJIKUZU;VARELA;MARTIN
Konyaspor vs. Kasimpasa - Saturday November 27 - 2010,Konyaspor,hard,4-2-3-1,TOKGOZ;ASLANTAS;KERE;KLEIN;GUNGOR;ACAR;SAHIN;KILICASLAN;MONTANO;DOCKAL;GRAJCIAR
Bucaspor vs. Antalyaspor - Sunday November 28 - 2010,Antalyaspor,hard,4-3-3,CATKIC;TUNCER;UZUMCU;RADELJIC;BARIS;INCEMAN;AGCAY;SERAS;ATES;DJIEHOUA;TITA
Bucaspor vs. Antalyaspor - Sunday November 28 - 2010,Bucaspor,hard,4-4-2,OZMEN;MULEMO;AK;COLGECEN;COREKCI;TASKIRAN;DAGASAN;LEKO;AYDIN;MENDY;MANUCHO
Galatasaray vs. Besiktas - Sunday November 28 - 2010,Besiktas,easy,4-5-1,GONEN;KOYBASI;GULUM;TORAMAN;HILBERT;TABATA;ERNST;GUTI;MEHMET AURELIO;HOLOSKO;NOBRE
Galatasaray vs. Besiktas - Sunday November 28 - 2010,Galatasaray,easy,4-3-3,CEYLAN;BALTA;CETIN;NEILL;TURAN;ELANO;CANA;AKMAN;KEWELL;PINO;SARIOGLU
Kardemir Dc Karabukspor vs. Ankaragucu - Sunday November 28 - 2010,Ankaragucu,hard,4-2-3-1,SENECKY;ZEWLAKOW;RAJNOCH;TOSCALI;UCAR;KOCAK;DURUER;SAHIN;SAPARA;VAROL;SESTAK
Kardemir Dc Karabukspor vs. Ankaragucu - Sunday November 28 - 2010,Kardemir Dc Karabukspor,hard,4-5-1,TOMIC;SERIC;BAL;DEUMI;ZENGIN;AKIN;TOZO;OZMERT;SOYLER;PARLAK;EMENIKE
Bursaspor vs. Kayserispor - Monday November 29 - 2010,Bursaspor,hard,4-3-3,IVANKOV;WEDERSON;OZTURK;STEPANOV;KECELI;BATALLA;SVENSSON;INSUA;IPEK;BAHADIR;SEN
Bursaspor vs. Kayserispor - Monday November 29 - 2010,Kayserispor,hard,4-2-3-1,HAMIDOU;KALDIRIM;ALEKSANDRE AMISULASHVILI;KESIMAL;TURACI;DURAK;SANTANA;TEBER;ANDRE MORITZ;BOYRAZ;SISMANOGLU
Trabzonspor vs. Bucaspor - Friday December 3 - 2010,Bucaspor,hard,4-2-3-1,OZMEN;AK;BAHTIYAROGLU;COLGECEN;COREKCI;BASDAG;DAGASAN;AYDIN;MENDY;KAYA;MANUCHO
Trabzonspor vs. Bucaspor - Friday December 3 - 2010,Trabzonspor,easy,4-2-3-1,KIVRAK;CALE;KORKMAZ;KACAR;BALCI;INAN;COLMAN;JAJA;ALANZINHO;YATTARA;BULUT
Ankaragucu vs. Sivasspor - Saturday December 4 - 2010,Ankaragucu,hard,4-4-2,SENECKY;KLUKOWSKI;RAJNOCH;TOSCALI;UCAR;SAPARA;KAGAN SOYLEMEZGILLER;KOCAK;VAROL;SESTAK;AKAN
Ankaragucu vs. Sivasspor - Saturday December 4 - 2010,Sivasspor,hard,4-4-2,RAMOVIC;ERDAL;DIALLO;IVANOVS;KAVUK;YILMAZ;BEKMEZCI;NAS;KILIC;YILDIZ;PEDRIEL
Kasimpasa vs. Galatasaray - Saturday December 4 - 2010,Galatasaray,easy,4-3-3,CEYLAN;BALTA;ZAN;NEILL;SARIOGLU;OZBEK;CANA;AKMAN;PINO;KEWELL;YILMAZ
Kasimpasa vs. Galatasaray - Saturday December 4 - 2010,Kasimpasa,hard,4-5-1,OZGEN;KAPLAN;BASDAS;LUIZ HENRIQUE;VARELA;KALA;KELLER;KURTULUS;OZTURK;TJIKUZU;MARTIN
Manisaspor vs. Gaziantepspor - Saturday December 4 - 2010,Gaziantepspor,hard,4-1-4-1,KARCEMARSKAS;IVAN;AYHAN;GUNGOR;SUME;GULLE;POPOV;CEYLAN;ZURITA;ADIN;SOSA
Manisaspor vs. Gaziantepspor - Saturday December 4 - 2010,Manisaspor,hard,4-3-3,AVCIBAY;AYDIN;DIXON;KALABANE;COKMUS;GUVEN;INCEDEMIR;ERDOGAN;SIMPSON;KAHE;PROMISE
Antalyaspor vs. Buyuksehir Belediyespor - Sunday December 5 - 2010,Antalyaspor,hard,4-3-3,CATKIC;TUNCER;RADELJIC;BARIS;SEKMAN;INCEMAN;AGCAY;SERAS;ATES;DJIEHOUA;TITA
Antalyaspor vs. Buyuksehir Belediyespor - Sunday December 5 - 2010,Buyuksehir Belediyespor,hard,4-3-3,HASAGIC;SUZEN;AKYUZ;TEKDEMIR;HASPOLATLI;KORKMAZ;INANC;HOLMEN;AKIN;TUM;KOSE
Besiktas vs. Bursaspor - Sunday December 5 - 2010,Besiktas,easy,4-5-1,GONEN;UZULMEZ;GULUM;TORAMAN;UYSAL;HOLOSKO;ERNST;GUTI;MEHMET AURELIO;HILBERT;KUCIK
Besiktas vs. Bursaspor - Sunday December 5 - 2010,Bursaspor,hard,4-5-1,IVANKOV;WEDERSON;ERDOGAN;OZTURK;KECELI;IPEK;SVENSSON;BATALLA;ERGIC;SEN;BAHADIR
Fenerbahce vs. Kardemir Dc Karabukspor - Sunday December 5 - 2010,Fenerbahce,easy,4-2-3-1,DEMIREL;ERKIN;LUGANO;YOBO;GONUL;CRISTIAN;BELOZOGLU;STOCH;ALEX;TOPUZ;NIANG
Fenerbahce vs. Kardemir Dc Karabukspor - Sunday December 5 - 2010,Kardemir Dc Karabukspor,hard,4-3-3,TOMIC;SERIC;BAL;DEUMI;ZENGIN;HIKMET;SOYLER;TOZO;PARLAK;EMENIKE;AVCI
Konyaspor vs. Genclerbirligi - Sunday December 5 - 2010,Genclerbirligi,hard,4-2-3-1,KULBILGE;KALKAN;DEMIR;KULUSIC;SAM;CAN;AYDOGDU;CALIK;DELIBALTA;MERIC;TAMBWE
Konyaspor vs. Genclerbirligi - Sunday December 5 - 2010,Konyaspor,hard,4-2-3-1,TOKGOZ;ABBAS;KERE;YAVUZ;ASLANTAS;TORAMAN;ACAR;MONTANO;GRAJCIAR;SAHIN;THIERRY FIDJEU TAZEMETA
Kayserispor vs. Eskisehirspor - Monday December 6 - 2010,Eskisehirspor,hard,4-2-3-1,IVESA;YAMAN;DIEGO ANGELO;NADAREVIC;COSKUN;ERTUGRUL;POTUK;ZENGIN;ESER;OZBAYRAKTAR;JOHN
Kayserispor vs. Eskisehirspor - Monday December 6 - 2010,Kayserispor,hard,4-3-3,HAMIDOU;KALDIRIM;ALEKSANDRE AMISULASHVILI;GUNGOR;TURACI;DURAK;ANDRE MORITZ;TEBER;BOYRAZ;SISMANOGLU;OZGEN
Eskisehirspor vs. Besiktas - Friday December 10 - 2010,Besiktas,easy,4-5-1,GONEN;UZULMEZ;GULUM;TORAMAN;UYSAL;HOLOSKO;ERNST;GUTI;MEHMET AURELIO;HILBERT;KUCIK
Eskisehirspor vs. Besiktas - Friday December 10 - 2010,Eskisehirspor,hard,4-5-1,IVESA;DIEGO ANGELO;COSKUN;NADAREVIC;SARI;ZENGIN;ERTUGRUL;OZTURK;POTUK;ESER;KARADENIZ
Bucaspor vs. Manisaspor - Saturday December 11 - 2010,Bucaspor,hard,4-5-1,OZMEN;MULEMO;AK;COLGECEN;COREKCI;TASKIRAN;BASDAG;KAYA;LEKO;AYDIN;MANUCHO
Bucaspor vs. Manisaspor - Saturday December 11 - 2010,Manisaspor,hard,4-5-1,AVCIBAY;AYDIN;DIXON;KALABANE;COKMUS;SIMPSON;GUVEN;ERDOGAN;INCEDEMIR;EMRECIKSIN;KAHE
Galatasaray vs. Genclerbirligi - Saturday December 11 - 2010,Galatasaray,easy,4-3-3,CEYLAN;BALTA;NEILL;ZAN;SARIOGLU;AKMAN;OZBEK;CANA;KEWELL;PINO;YILMAZ
Galatasaray vs. Genclerbirligi - Saturday December 11 - 2010,Genclerbirligi,hard,4-4-2,KULBILGE;KALKAN;DEMIR;KULUSIC;SAM;DELIBALTA;CAN;AYDOGDU;MERIC;MEHMET;CALIK
Kardemir Dc Karabukspor vs. Antalyaspor - Saturday December 11 - 2010,Antalyaspor,hard,4-3-3,CATKIC;TUNCER;RADELJIC;BARIS;SEKMAN;INCEMAN;AGCAY;SERAS;TITA;ATES;ZITOUNI
Kardemir Dc Karabukspor vs. Antalyaspor - Saturday December 11 - 2010,Kardemir Dc Karabukspor,hard,4-3-3,TOMIC;SELVI;BAL;DEUMI;ZENGIN;HIKMET;SOYLER;TOZO;PARLAK;EMENIKE;AVCI
Ankaragucu vs. Fenerbahce - Sunday December 12 - 2010,Ankaragucu,hard,4-3-3,SENECKY;KLUKOWSKI;RAJNOCH;ZEWLAKOW;UCAR;VAROL;KAGAN SOYLEMEZGILLER;KOCAK;SAHIN;SESTAK;GABRIC
Ankaragucu vs. Fenerbahce - Sunday December 12 - 2010,Fenerbahce,easy,4-2-3-1,DEMIREL;ERKIN;LUGANO;YOBO;GONUL;CRISTIAN;BELOZOGLU;DIA;ALEX;TOPUZ;NIANG
Buyuksehir Belediyespor vs. Trabzonspor - Sunday December 12 - 2010,Buyuksehir Belediyespor,hard,4-2-3-1,HASAGIC;SUZEN;EKSIOGLU;AKYUZ;KUS;KORKMAZ;TEKDEMIR;KOSE;HOLMEN;HASPOLATLI;TUM
Buyuksehir Belediyespor vs. Trabzonspor - Sunday December 12 - 2010,Trabzonspor,easy,4-2-3-1,KIVRAK;CALE;KORKMAZ;KACAR;BALCI;INAN;COLMAN;YILMAZ;JAJA;YATTARA;BULUT
Gaziantepspor vs. Kayserispor - Sunday December 12 - 2010,Gaziantepspor,hard,4-5-1,KARCEMARSKAS;CAN;AYHAN;GUNGOR;SUME;IVAN;GULLE;POPOV;KURTULUS;ADIN;CESAR
Gaziantepspor vs. Kayserispor - Sunday December 12 - 2010,Kayserispor,hard,4-2-3-1,HAMIDOU;KALDIRIM;ALEKSANDRE AMISULASHVILI;KESIMAL;TURACI;TEBER;DURAK;BOYRAZ;ANDRE MORITZ;BILGIN;OZGEN
Sivasspor vs. Konyaspor - Sunday December 12 - 2010,Konyaspor,hard,4-5-1,TOKGOZ;ABBAS;KERE;YAVUZ;ASLANTAS;SAHIN;TORAMAN;GRAJCIAR;GUNGOR;ACAR;THIERRY FIDJEU TAZEMETA
Sivasspor vs. Konyaspor - Sunday December 12 - 2010,Sivasspor,hard,4-4-2,RAMOVIC;ERDAL;DIALLO;BAYRAK;KAVUK;YILMAZ;BEKMEZCI;NAS;KILIC;YILDIZ;PEDRIEL
Bursaspor vs. Kasimpasa - Monday December 13 - 2010,Bursaspor,hard,4-2-3-1,IVANKOV;WEDERSON;AZIZ;ERDOGAN;KECELI;SVENSSON;ERGIC;IPEK;BATALLA;YILDIRIM;BAHADIR
Bursaspor vs. Kasimpasa - Monday December 13 - 2010,Kasimpasa,hard,4-5-1,OZGEN;KAPLAN;ONER;ACIL;VARELA;TEBER;KELLER;KURTULUS;SARMOV;KALA;GULEC
Trabzonspor vs. Kardemir Dc Karabukspor - Friday December 17 - 2010,Kardemir Dc Karabukspor,hard,4-4-2,TOMIC;SERIC;BAL;DEUMI;ZENGIN;SELVI;HIKMET;OZMERT;AVCI;PARLAK;EMENIKE
Trabzonspor vs. Kardemir Dc Karabukspor - Friday December 17 - 2010,Trabzonspor,easy,4-2-3-1,KIVRAK;CALE;KORKMAZ;KACAR;YUMLU;GULSELAM;INAN;BAYTAR;ALANZINHO;YILMAZ;BULUT
Antalyaspor vs. Ankaragucu - Saturday December 18 - 2010,Ankaragucu,hard,4-2-3-1,SENECKY;KLUKOWSKI;RAJNOCH;ZEWLAKOW;VAROL;KOCAK;KAGAN SOYLEMEZGILLER;SAHIN;SAPARA;CAKIR;SESTAK
Antalyaspor vs. Ankaragucu - Saturday December 18 - 2010,Antalyaspor,hard,4-3-3,CATKIC;TUNCER;BARIS;RADELJIC;SEKMAN;INCEMAN;AGCAY;SERAS;ATES;CIHAN;TITA
Fenerbahce vs. Sivasspor - Saturday December 18 - 2010,Fenerbahce,easy,4-2-3-1,DEMIREL;SANTOS;IRTEGUN;YOBO;GONUL;CRISTIAN;IRAVUL;DIA;ALEX;TOPUZ;NIANG
Fenerbahce vs. Sivasspor - Saturday December 18 - 2010,Sivasspor,hard,4-2-3-1,RAMOVIC;ERDAL;DIALLO;IVANOVS;KAVUK;BEKMEZCI;NAS;YILMAZ;KEITA;KILIC;PEDRIEL
Genclerbirligi vs. Bursaspor - Saturday December 18 - 2010,Bursaspor,hard,4-2-3-1,IVANKOV;WEDERSON;AZIZ;ERDOGAN;KECELI;SVENSSON;ERGIC;IPEK;BATALLA;YILDIRIM;BAHADIR
Genclerbirligi vs. Bursaspor - Saturday December 18 - 2010,Genclerbirligi,hard,4-2-3-1,KULBILGE;KALKAN;DEMIR;KULUSIC;SAM;CAN;AYDOGDU;CALIK;DELIBALTA;MERIC;MEHMET
Kayserispor vs. Bucaspor - Saturday December 18 - 2010,Bucaspor,hard,4-5-1,FERNANDES;MULEMO;BAHTIYAROGLU;COLGECEN;COREKCI;TASKIRAN;BASDAG;KAYA;LEKO;AYDIN;MANUCHO
Kayserispor vs. Bucaspor - Saturday December 18 - 2010,Kayserispor,hard,4-2-3-1,HAMIDOU;KALDIRIM;ALEKSANDRE AMISULASHVILI;KESIMAL;CAKIR;TEBER;DURAK;BOYRAZ;ANDRE MORITZ;BILGIN;OZGEN
Besiktas vs. Gaziantepspor - Sunday December 19 - 2010,Besiktas,easy,4-5-1,GONEN;KOYBASI;GULUM;TORAMAN;HILBERT;KUCIK;MEHMET AURELIO;TABATA;FINK;QUARESMA;NOBRE
Besiktas vs. Gaziantepspor - Sunday December 19 - 2010,Gaziantepspor,hard,4-2-3-1,KARCEMARSKAS;SUME;AYHAN;GUNGOR;KURTULUS;GULLE;CEYLAN;IVAN;POPOV;ADIN;CESAR
Kasimpasa vs. Eskisehirspor - Sunday December 19 - 2010,Eskisehirspor,hard,4-2-3-1,IVESA;DIEGO ANGELO;COSKUN;NADAREVIC;SARI;ERTUGRUL;POTUK;ZENGIN;OZTURK;ESER;KARADENIZ
Kasimpasa vs. Eskisehirspor - Sunday December 19 - 2010,Kasimpasa,hard,4-5-1,OZGEN;KAPLAN;ONER;ACIL;VARELA;TEBER;KELLER;KURTULUS;SARMOV;KALA;GULEC
Konyaspor vs. Galatasaray - Sunday December 19 - 2010,Galatasaray,easy,4-3-3,ERCETIN;BIRINCI;CETIN;ZAN;NEILL;CANA;AKMAN;BALTA;KEWELL;DILAVER;OZKAN
Konyaspor vs. Galatasaray - Sunday December 19 - 2010,Konyaspor,hard,4-4-2,TOKGOZ;ABBAS;KERE;YAVUZ;ASLANTAS;DERE;TORAMAN;SAHIN;ACAR;THIERRY FIDJEU TAZEMETA;GRAJCIAR
Manisaspor vs. Buyuksehir Belediyespor - Sunday December 19 - 2010,Buyuksehir Belediyespor,hard,4-3-3,BAHADIR;SAHIN;TEKDEMIR;ARAT;KUS;HASPOLATLI;HOLMEN;KORKMAZ;AKIN;TUM;KOSE
Manisaspor vs. Buyuksehir Belediyespor - Sunday December 19 - 2010,Manisaspor,hard,4-3-3,AVCIBAY;AYDIN;DIXON;KALABANE;COKMUS;GUVEN;INCEDEMIR;YILMAZ;KAHE;MAKUKULA;PROMISE
Besiktas vs. Bucaspor - Friday January 21 - 2011,Besiktas,easy,4-4-2,GONEN;KOYBASI;GULUM;TORAMAN;HILBERT;SIMAO;MEHMET AURELIO;GUTI;QUARESMA;NOBRE;ALMEIDA
Besiktas vs. Bucaspor - Friday January 21 - 2011,Bucaspor,hard,4-2-3-1,LONDAK;CETIN;COLGECEN;GURACAR;COREKCI;BASDAG;LEKO;TASKIRAN;KAYA;AYDIN;BETO
Antalyaspor vs. Fenerbahce - Saturday January 22 - 2011,Antalyaspor,hard,4-3-3,CATKIC;TUNCER;TURAN;BARIS;SEKMAN;AGCAY;INCEMAN;DAGASAN;ATES;YILMAZ;TITA
Antalyaspor vs. Fenerbahce - Saturday January 22 - 2011,Fenerbahce,easy,4-2-3-1,DEMIREL;SANTOS;LUGANO;YOBO;GONUL;SAHIN;BELOZOGLU;NIANG;ALEX;TOPUZ;SENTURK
Genclerbirligi vs. Eskisehirspor - Saturday January 22 - 2011,Eskisehirspor,hard,4-1-4-1,IVESA;YAMAN;DIEGO ANGELO;SADYQOV;COSKUN;PELE;ZENGIN;OZTURK;TELLO;ESER;KARADENIZ
Genclerbirligi vs. Eskisehirspor - Saturday January 22 - 2011,Genclerbirligi,hard,4-4-2,KULBILGE;KALKAN;KULUSIC;OZSARAC;DEMIR;OZTEKIN;AZOFEIFA;CAN;MERIC;MUNUNGA;ZEC
Manisaspor vs. Kardemir Dc Karabukspor - Saturday January 22 - 2011,Kardemir Dc Karabukspor,hard,4-5-1,TOMIC;SERIC;OZDIN;BAL;ZENGIN;PARLAK;HIKMET;OZMERT;SOYLER;AVCI;EMENIKE
Manisaspor vs. Kardemir Dc Karabukspor - Saturday January 22 - 2011,Manisaspor,hard,4-4-2,AVCIBAY;AYDIN;TOK;DIXON;BARIS;SIMPSON;GUVEN;INCEDEMIR;GOKOGLAN;PROMISE;KAHE
Trabzonspor vs. Ankaragucu - Saturday January 22 - 2011,Ankaragucu,hard,4-2-3-1,KORK;DURUER;RAJNOCH;ZEWLAKOW;UCAR;VAROL;KOCAK;GABRIC;SAPARA;OZKAN;AKAN
Trabzonspor vs. Ankaragucu - Saturday January 22 - 2011,Trabzonspor,easy,4-4-2,KIVRAK;CALE;GLOWACKI;KACAR;BALCI;JAJA;COLMAN;INAN;YATTARA;BULUT;YILMAZ
Galatasaray vs. Sivasspor - Sunday January 23 - 2011,Galatasaray,easy,4-5-1,CEYLAN;BALTA;CETIN;CANA;SARIOGLU;CULIO;OZBEK;COLAK;AKMAN;KURTULUS;KAZIM-RICHARDS
Galatasaray vs. Sivasspor - Sunday January 23 - 2011,Sivasspor,hard,4-4-2,CELIKAY;ERDAL;YERLIKAYA;NAVRATIL;KAVUK;KILIC;BEKMEZCI;RADA;GROSICKI;YILDIZ;PEDRIEL
Kasimpasa vs. Gaziantepspor - Sunday January 23 - 2011,Gaziantepspor,hard,4-2-3-1,KARCEMARSKAS;IVAN;GUNGOR;NOUNKEU;SUME;GULLE;CEYLAN;POPOV;JORGINHO;ADIN;SOSA
Kasimpasa vs. Gaziantepspor - Sunday January 23 - 2011,Kasimpasa,hard,4-4-2,OZGEN;KAPLAN;LUIZ HENRIQUE;ONER;OCAL;AYGUNES;TJIKUZU;SARMOV;VARELA;KARADAS;ABDUL
Konyaspor vs. Bursaspor - Sunday January 23 - 2011,Bursaspor,hard,4-2-3-1,IVANKOV;WEDERSON;AZIZ;ERDOGAN;TANDOGAN;SVENSSON;ERGIC;IPEK;BATALLA;YILDIRIM;BAHADIR
Konyaspor vs. Bursaspor - Sunday January 23 - 2011,Konyaspor,hard,4-4-2,PAWELEK;SEDEF;YAVUZ;CAGIRAN;GUNGOR;GRAJCIAR;ARSLAN;YUKSEKTEPE;ASLANTAS;ROBAK;THIERRY FIDJEU TAZEMETA
Kayserispor vs. Buyuksehir Belediyespor - Monday January 24 - 2011,Buyuksehir Belediyespor,hard,4-4-2,HASAGIC;EKSIOGLU;AKYUZ;MARCUS VINICIUS;KUS;SUZEN;TEKDEMIR;HOLMEN;HASPOLATLI;KOSE;ALIN
Kayserispor vs. Buyuksehir Belediyespor - Monday January 24 - 2011,Kayserispor,hard,4-2-3-1,HAMIDOU;KALDIRIM;ALEKSANDRE AMISULASHVILI;KESIMAL;CAKIR;DURAK;TEBER;AMRABAT;OZCAL;BOYRAZ;KUJOVIC
Bucaspor vs. Kasimpasa - Saturday January 29 - 2011,Bucaspor,hard,4-4-2,LONDAK;MULEMO;COLGECEN;LEANDRAO;COREKCI;AYDIN;LEKO;BASDAG;BULBUL;MENDY;BETO
Bucaspor vs. Kasimpasa - Saturday January 29 - 2011,Kasimpasa,hard,4-4-2,SAHIN;KAPLAN;LUIZ HENRIQUE;ROBLEDO;TJIKUZU;COLAK;OZTURK;ABDUL;DIMITROV;MARTIN;GULEC
Bursaspor vs. Galatasaray - Saturday January 29 - 2011,Bursaspor,hard,4-2-3-1,IVANKOV;WEDERSON;ERDOGAN;STEPANOV;TANDOGAN;SVENSSON;HAS;IPEK;BATALLA;BAHADIR;MILLER
Bursaspor vs. Galatasaray - Saturday January 29 - 2011,Galatasaray,easy,4-5-1,CEYLAN;INSUA;BALTA;CETIN;SARIOGLU;COLAK;OZBEK;CULIO;AKMAN;KURTULUS;KAZIM-RICHARDS
Kardemir Dc Karabukspor vs. Kayserispor - Saturday January 29 - 2011,Kardemir Dc Karabukspor,hard,4-5-1,TOMIC;SERIC;DEUMI;YOLDAS;ZENGIN;KOCABEY;HIKMET;OZMERT;SOYLER;PARLAK;ANGELOV
Kardemir Dc Karabukspor vs. Kayserispor - Saturday January 29 - 2011,Kayserispor,hard,4-2-3-1,BABACAN;KALDIRIM;ALEKSANDRE AMISULASHVILI;KESIMAL;TURACI;TEBER;OZCAL;AMRABAT;ZIANI;BOYRAZ;KUJOVIC
Sivasspor vs. Antalyaspor - Saturday January 29 - 2011,Antalyaspor,hard,4-3-3,CATKIC;TUNCER;BARIS;TURAN;SEKMAN;DAGASAN;INCEMAN;AGCAY;ATES;YILMAZ;TITA
Sivasspor vs. Antalyaspor - Saturday January 29 - 2011,Sivasspor,hard,4-4-2,CELIKAY;KONUK;NAVRATIL;RADA;SOZGELMEZ;GROSICKI;BEKMEZCI;YILMAZ;KILIC;YILDIZ;ENERAMO
Ankaragucu vs. Manisaspor - Sunday January 30 - 2011,Ankaragucu,hard,4-4-2,ONGUN;DURUER;RAJNOCH;ZEWLAKOW;UCAR;GABRIC;KAGAN SOYLEMEZGILLER;SAPARA;VAROL;SESTAK;AKAN
Ankaragucu vs. Manisaspor - Sunday January 30 - 2011,Manisaspor,hard,4-4-2,AVCIBAY;CEVAHIR;DIXON;KALABANE;COKMUS;SIMPSON;GUVEN;INCEDEMIR;GOKOGLAN;PROMISE;KAHE
Buyuksehir Belediyespor vs. Besiktas - Sunday January 30 - 2011,Besiktas,easy,4-4-2,GONEN;UZULMEZ;SIVOK;TORAMAN;DAG;SIMAO;MEHMET AURELIO;GUTI;QUARESMA;NOBRE;ALMEIDA
Buyuksehir Belediyespor vs. Besiktas - Sunday January 30 - 2011,Buyuksehir Belediyespor,hard,4-3-3,HASAGIC;EKSIOGLU;AKYUZ;MARCUS VINICIUS;SAHIN;HASPOLATLI;HOLMEN;TEKDEMIR;AKIN;UNAL;KOSE
Fenerbahce vs. Trabzonspor - Sunday January 30 - 2011,Fenerbahce,easy,4-2-3-1,DEMIREL;SANTOS;LUGANO;YOBO;GONUL;SAHIN;BELOZOGLU;DIA;ALEX;TOPUZ;NIANG
Fenerbahce vs. Trabzonspor - Sunday January 30 - 2011,Trabzonspor,easy,4-2-3-1,KIVRAK;CALE;KORKMAZ;KACAR;BALCI;INAN;COLMAN;JAJA;BAYTAR;YILMAZ;BULUT
Gaziantepspor vs. Genclerbirligi - Sunday January 30 - 2011,Gaziantepspor,hard,4-2-3-1,KARCEMARSKAS;IVAN;GUNGOR;NOUNKEU;SUME;GULLE;CEYLAN;ADIN;POPOV;WAGNER;SOSA
Gaziantepspor vs. Genclerbirligi - Sunday January 30 - 2011,Genclerbirligi,hard,4-2-3-1,KULBILGE;KALKAN;BOZ;OZSARAC;CAN;AKGUN;AZOFEIFA;CALIK;DELIBALTA;MUNUNGA;ZEC
Eskisehirspor vs. Konyaspor - Monday January 31 - 2011,Eskisehirspor,hard,4-2-3-1,IVESA;YAMAN;DIEGO ANGELO;NADAREVIC;COSKUN;POTUK;PELE;TELLO;OZTURK;ESER;KARAN
Eskisehirspor vs. Konyaspor - Monday January 31 - 2011,Konyaspor,hard,4-5-1,PAWELEK;SEDEF;YAVUZ;ZAYATTE;GUNGOR;YUKSEKTEPE;BARUT;CAGIRAN;ARSLAN;ASLANTAS;ROBAK
Bursaspor vs. Sivasspor - Friday February 4 - 2011,Bursaspor,hard,4-2-3-1,IVANKOV;WEDERSON;ERDOGAN;STEPANOV;TANDOGAN;SVENSSON;HAS;IPEK;BATALLA;YILDIRIM;MILLER
Bursaspor vs. Sivasspor - Friday February 4 - 2011,Sivasspor,hard,4-4-2,CELIKAY;ERDAL;YERLIKAYA;NAVRATIL;KAVUK;GROSICKI;BEKMEZCI;RADA;KILIC;YILDIZ;ENERAMO
Besiktas vs. Kardemir Dc Karabukspor - Saturday February 5 - 2011,Besiktas,easy,4-4-2,ARIKAN;UZULMEZ;SIVOK;TORAMAN;HILBERT;SIMAO;ERNST;FERNANDES;DAG;NOBRE;ALMEIDA
Besiktas vs. Kardemir Dc Karabukspor - Saturday February 5 - 2011,Kardemir Dc Karabukspor,hard,4-4-2,TOMIC;SERIC;DEUMI;YOLDAS;SOYLER;KOCABEY;HIKMET;OZMERT;ZENGIN;PARLAK;EMENIKE
Kasimpasa vs. Buyuksehir Belediyespor - Saturday February 5 - 2011,Buyuksehir Belediyespor,hard,4-3-3,HASAGIC;EKSIOGLU;DEPE;MARCUS VINICIUS;SAHIN;HASPOLATLI;HOLMEN;TEKDEMIR;AKIN;UNAL;GUZELDAL
Kasimpasa vs. Buyuksehir Belediyespor - Saturday February 5 - 2011,Kasimpasa,hard,4-4-2,SAHIN;TEBER;LUIZ HENRIQUE;ROBLEDO;OCAL;DIMITROV;KELLER;SARMOV;KALA;MARTIN;GULEC
Kayserispor vs. Ankaragucu - Saturday February 5 - 2011,Ankaragucu,hard,4-2-3-1,KORK;KLUKOWSKI;RAJNOCH;ZEWLAKOW;UCAR;KOCAK;DURUER;GABRIC;SAPARA;OZKAN;SESTAK
Kayserispor vs. Ankaragucu - Saturday February 5 - 2011,Kayserispor,hard,4-4-2,BABACAN;KALDIRIM;ALEKSANDRE AMISULASHVILI;KESIMAL;CAKIR;AMRABAT;TEBER;SANTANA;ZIANI;ZALAYETA;SISMANOGLU
Manisaspor vs. Fenerbahce - Saturday February 5 - 2011,Fenerbahce,easy,4-2-3-1,DEMIREL;SANTOS;LUGANO;YOBO;IRTEGUN;CRISTIAN;BELOZOGLU;NIANG;ALEX;TOPUZ;SENTURK
Manisaspor vs. Fenerbahce - Saturday February 5 - 2011,Manisaspor,hard,4-4-2,AVCIBAY;COKMUS;DIXON;KALABANE;BARIS;SIMPSON;GUVEN;INCEDEMIR;GOKOGLAN;PROMISE;KAHE
Galatasaray vs. Eskisehirspor - Sunday February 6 - 2011,Eskisehirspor,hard,4-2-3-1,IVESA;YAMAN;DIEGO ANGELO;NADAREVIC;COSKUN;ERTUGRUL;PELE;ZENGIN;POTUK;ESER;KARAN
Galatasaray vs. Eskisehirspor - Sunday February 6 - 2011,Galatasaray,easy,4-3-3,ZAPATA;BALTA;CETIN;CANA;KURTULUS;SARIOGLU;NEILL;CULIO;KEWELL;STANCU;KAZIM-RICHARDS
Genclerbirligi vs. Bucaspor - Sunday February 6 - 2011,Bucaspor,hard,4-4-2,LONDAK;MULEMO;COLGECEN;LEANDRAO;COREKCI;AYDIN;LEKO;BASDAG;BULBUL;MENDY;BETO
Genclerbirligi vs. Bucaspor - Sunday February 6 - 2011,Genclerbirligi,hard,4-2-3-1,KULBILGE;KALKAN;BOZ;OZSARAC;CAN;DELIBALTA;AKGUN;CALIK;HARBUZI;MUNUNGA;ZEC
Konyaspor vs. Gaziantepspor - Sunday February 6 - 2011,Gaziantepspor,hard,4-2-3-1,KARCEMARSKAS;CAN;GUNGOR;NOUNKEU;SUME;CEYLAN;ZURITA;POPOV;JORGINHO;TOSUN;SOSA
Konyaspor vs. Gaziantepspor - Sunday February 6 - 2011,Konyaspor,hard,4-4-2,PAWELEK;ASLANTAS;KERE;MEJIA;ZAYATTE;SAHIN;CAGIRAN;YUKSEKTEPE;ACAR;ROBAK;BATDAL
Trabzonspor vs. Antalyaspor - Sunday February 6 - 2011,Antalyaspor,hard,4-3-3,CATKIC;TUNCER;RADELJIC;TURAN;SEKMAN;SERAS;DAGASAN;AGCAY;TITA;YILMAZ;ZITOUNI
Trabzonspor vs. Antalyaspor - Sunday February 6 - 2011,Trabzonspor,easy,4-2-3-1,KIVRAK;CALE;KACAR;YUMLU;BALCI;COLMAN;BAYTAR;JAJA;INAN;YILMAZ;BULUT
Bucaspor vs. Konyaspor - Saturday February 12 - 2011,Bucaspor,hard,4-4-2,LONDAK;MULEMO;COLGECEN;LEANDRAO;COREKCI;TASKIRAN;BASDAG;LEKO;AYDIN;MENDY;BETO
Bucaspor vs. Konyaspor - Saturday February 12 - 2011,Konyaspor,hard,4-5-1,PAWELEK;ABBAS;KERE;YAVUZ;ASLANTAS;MONTANO;ARSLAN;CAGIRAN;BARUT;GRAJCIAR;ROBAK
Buyuksehir Belediyespor vs. Genclerbirligi - Saturday February 12 - 2011,Buyuksehir Belediyespor,hard,4-3-3,HASAGIC;EKSIOGLU;MARCUS VINICIUS;DEPE;SAHIN;HASPOLATLI;HOLMEN;TEKDEMIR;AKIN;UNAL;GUZELDAL
Buyuksehir Belediyespor vs. Genclerbirligi - Saturday February 12 - 2011,Genclerbirligi,hard,4-2-3-1,KULBILGE;KALKAN;BOZ;OZSARAC;CAN;JEDINAK;AKGUN;DELIBALTA;HARBUZI;CALIK;ZEC
Gaziantepspor vs. Galatasaray - Saturday February 12 - 2011,Galatasaray,easy,4-4-2,ZAPATA;BALTA;CETIN;CANA;SARIOGLU;STANCU;NEILL;CULIO;KURTULUS;DILAVER;KAZIM-RICHARDS
Gaziantepspor vs. Galatasaray - Saturday February 12 - 2011,Gaziantepspor,hard,4-4-2,KARCEMARSKAS;IVAN;GUNGOR;NOUNKEU;SUME;POPOV;CEYLAN;GUCER;WAGNER;TOSUN;SOSA
Sivasspor vs. Trabzonspor - Saturday February 12 - 2011,Sivasspor,hard,4-4-2,CELIKAY;ERDAL;NAVRATIL;KAVUK;DERELI;GROSICKI;BEKMEZCI;RADA;KILIC;YILDIZ;ENERAMO
Sivasspor vs. Trabzonspor - Saturday February 12 - 2011,Trabzonspor,easy,4-2-3-1,KIVRAK;BROZEK;GLOWACKI;YUMLU;BALCI;COLMAN;BAYTAR;JAJA;INAN;YILMAZ;BULUT
Ankaragucu vs. Besiktas - Sunday February 13 - 2011,Ankaragucu,hard,4-2-3-1,KORK;ZEWLAKOW;RAJNOCH;TOSCALI;COGUM;KOCAK;DURUER;GABRIC;SAPARA;OZKAN;SESTAK
Ankaragucu vs. Besiktas - Sunday February 13 - 2011,Besiktas,easy,4-4-2,ARIKAN;UZULMEZ;SIVOK;TORAMAN;HILBERT;SIMAO;MEHMET AURELIO;FERNANDES;DAG;NOBRE;ALMEIDA
Antalyaspor vs. Manisaspor - Sunday February 13 - 2011,Antalyaspor,hard,4-3-3,CATKIC;TUNCER;BARIS;TURAN;SEKMAN;SERAS;INCEMAN;AGCAY;TITA;ATES;ZITOUNI
Antalyaspor vs. Manisaspor - Sunday February 13 - 2011,Manisaspor,hard,4-3-3,AVCIBAY;COKMUS;DIXON;TOK;BARIS;GUVEN;INCEDEMIR;ERDOGAN;SIMPSON;KAHE;PROMISE
Eskisehirspor vs. Bursaspor - Sunday February 13 - 2011,Bursaspor,hard,4-2-3-1,IVANKOV;WEDERSON;ERDOGAN;STEPANOV;TANDOGAN;CIMSIR;ERGIC;IPEK;INSUA;MILLER;ALTIDORE
Eskisehirspor vs. Bursaspor - Sunday February 13 - 2011,Eskisehirspor,hard,4-2-3-1,IVESA;YAMAN;DIEGO ANGELO;NADAREVIC;COSKUN;POTUK;OZTURK;ZENGIN;TELLO;ESER;KARADENIZ
Kardemir Dc Karabukspor vs. Kasimpasa - Sunday February 13 - 2011,Kardemir Dc Karabukspor,hard,4-5-1,TOMIC;SERIC;DEUMI;BAL;YOLDAS;KOCABEY;HIKMET;OZMERT;SOYLER;PARLAK;ANGELOV
Kardemir Dc Karabukspor vs. Kasimpasa - Sunday February 13 - 2011,Kasimpasa,hard,4-4-2,OZGEN;TEBER;LUIZ HENRIQUE;ROBLEDO;OCAL;COLAK;KELLER;SARMOV;KALA;MARTIN;GULEC
Fenerbahce vs. Kayserispor - Monday February 14 - 2011,Fenerbahce,easy,4-2-3-1,DEMIREL;SANTOS;LUGANO;YOBO;GONUL;SAHIN;TOPUZ;DIA;ALEX;HURMACI;NIANG
Fenerbahce vs. Kayserispor - Monday February 14 - 2011,Kayserispor,hard,4-2-3-1,BABACAN;KALDIRIM;ALEKSANDRE AMISULASHVILI;KESIMAL;CAKIR;DURAK;SANTANA;TEBER;ZIANI;AMRABAT;ZALAYETA
Eskisehirspor vs. Sivasspor - Friday February 18 - 2011,Eskisehirspor,hard,4-2-3-1,IVESA;YAMAN;DIEGO ANGELO;NADAREVIC;COSKUN;POTUK;OZTURK;ZENGIN;TELLO;OZBAYRAKTAR;KARAN
Eskisehirspor vs. Sivasspor - Friday February 18 - 2011,Sivasspor,hard,4-4-2,CELIKAY;ERDAL;BAYRAK;NAVRATIL;KAVUK;GROSICKI;BEKMEZCI;RADA;KILIC;YILDIZ;PEDRIEL
Bursaspor vs. Gaziantepspor - Saturday February 19 - 2011,Bursaspor,hard,4-2-3-1,IVANKOV;WEDERSON;ERDOGAN;OZTURK;KECELI;CIMSIR;ERGIC;SEN;BATALLA;MILLER;ALTIDORE
Bursaspor vs. Gaziantepspor - Saturday February 19 - 2011,Gaziantepspor,hard,4-4-2,KARCEMARSKAS;IVAN;AYHAN;NOUNKEU;SUME;POPOV;GUCER;CEYLAN;WAGNER;TOSUN;SOSA
Galatasaray vs. Bucaspor - Saturday February 19 - 2011,Bucaspor,hard,4-4-2,LONDAK;MULEMO;AK;YANIK;COREKCI;TASKIRAN;BASDAG;TUNCER;KAYA;MENDY;BETO
Galatasaray vs. Bucaspor - Saturday February 19 - 2011,Galatasaray,easy,4-4-2,ZAPATA;BIRINCI;CETIN;CANA;KURTULUS;CULIO;NEILL;SARIOGLU;KAZIM-RICHARDS;STANCU;BAROS
Genclerbirligi vs. Kardemir Dc Karabukspor - Saturday February 19 - 2011,Genclerbirligi,hard,4-2-3-1,KULBILGE;KALKAN;BOZ;OZSARAC;CAN;JEDINAK;AKGUN;CALIK;HARBUZI;MUNUNGA;ZEC
Genclerbirligi vs. Kardemir Dc Karabukspor - Saturday February 19 - 2011,Kardemir Dc Karabukspor,hard,4-5-1,TOMIC;SERIC;YOLDAS;DEUMI;COELHO;AKIN;RAGUED;OZMERT;SOYLER;KOCABEY;PARLAK
Kasimpasa vs. Ankaragucu - Saturday February 19 - 2011,Ankaragucu,hard,4-2-3-1,OLGUN;DURUER;RAJNOCH;TOSCALI;ZEWLAKOW;KAGAN SOYLEMEZGILLER;KOCAK;GABRIC;SAPARA;OZKAN;SESTAK
Kasimpasa vs. Ankaragucu - Saturday February 19 - 2011,Kasimpasa,hard,4-4-2,OZGEN;TEBER;LUIZ HENRIQUE;ROBLEDO;OCAL;COLAK;KELLER;SARMOV;KALA;MARTIN;GULEC
Besiktas vs. Fenerbahce - Sunday February 20 - 2011,Besiktas,easy,4-5-1,RECBER;KOYBASI;FERRARI;TORAMAN;DAG;SIMAO;UYSAL;GUTI;ERNST;QUARESMA;ALMEIDA
Besiktas vs. Fenerbahce - Sunday February 20 - 2011,Fenerbahce,easy,4-2-3-1,DEMIREL;SANTOS;LUGANO;YOBO;GONUL;SAHIN;BELOZOGLU;DIA;ALEX;TOPUZ;NIANG
Kayserispor vs. Antalyaspor - Sunday February 20 - 2011,Antalyaspor,hard,4-3-3,CATKIC;TUNCER;BARIS;RADELJIC;TURAN;AGCAY;INCEMAN;DAGASAN;TITA;YILMAZ;OZER
Kayserispor vs. Antalyaspor - Sunday February 20 - 2011,Kayserispor,hard,4-2-3-1,HAMIDOU;KALDIRIM;KESIMAL;TURACI;YILMAZ;DURAK;TEBER;AMRABAT;ANDRE MORITZ;ZIANI;ZALAYETA
Konyaspor vs. Buyuksehir Belediyespor - Sunday February 20 - 2011,Buyuksehir Belediyespor,hard,4-3-3,HASAGIC;EKSIOGLU;AKYUZ;DEPE;KUS;KORKMAZ;HASPOLATLI;SUZEN;GUZELDAL;UNAL;AKIN
Konyaspor vs. Buyuksehir Belediyespor - Sunday February 20 - 2011,Konyaspor,hard,4-5-1,PAWELEK;SEDEF;KERE;ZAYATTE;ASLANTAS;MONTANO;GUNGOR;GRAJCIAR;BARUT;ACAR;ROBAK
Manisaspor vs. Trabzonspor - Monday February 21 - 2011,Manisaspor,hard,4-3-3,AVCIBAY;COKMUS;DIXON;TOK;BARIS;IWANSKI;INCEDEMIR;ERDOGAN;SIMPSON;KAHE;PROMISE
Manisaspor vs. Trabzonspor - Monday February 21 - 2011,Trabzonspor,easy,4-2-3-1,KIVRAK;CALE;GLOWACKI;YUMLU;BALCI;GULSELAM;COLMAN;JAJA;INAN;YILMAZ;BULUT
Bucaspor vs. Bursaspor - Friday February 25 - 2011,Bucaspor,hard,4-4-2,LONDAK;YANIK;COLGECEN;LEANDRAO;COREKCI;MULEMO;TUNCER;LEKO;TASKIRAN;KAYA;MENDY
Bucaspor vs. Bursaspor - Friday February 25 - 2011,Bursaspor,hard,4-2-3-1,IVANKOV;KECELI;AZIZ;OZTURK;TANDOGAN;SVENSSON;ERGIC;IPEK;BATALLA;SEN;MILLER
Ankaragucu vs. Genclerbirligi - Saturday February 26 - 2011,Ankaragucu,hard,4-2-3-1,ONGUN;DURUER;RAJNOCH;TOSCALI;ZEWLAKOW;KAGAN SOYLEMEZGILLER;KOCAK;SESTAK;SAPARA;OZKAN;TEKKE
Ankaragucu vs. Genclerbirligi - Saturday February 26 - 2011,Genclerbirligi,hard,4-2-3-1,KULBILGE;KALKAN;DEMIR;OZSARAC;SAM;CAN;AZOFEIFA;MERIC;DELIBALTA;CALIK;MUNUNGA
Buyuksehir Belediyespor vs. Galatasaray - Saturday February 26 - 2011,Buyuksehir Belediyespor,hard,4-2-3-1,BAHADIR;EKSIOGLU;ARAT;DEPE;KUS;HASPOLATLI;TEKDEMIR;SUZEN;HOLMEN;AKIN;UNAL
Buyuksehir Belediyespor vs. Galatasaray - Saturday February 26 - 2011,Galatasaray,easy,4-4-2,ZAPATA;BIRINCI;CETIN;CANA;KURTULUS;CULIO;SARP;SARIOGLU;KAZIM-RICHARDS;STANCU;BAROS
Fenerbahce vs. Kasimpasa - Saturday February 26 - 2011,Fenerbahce,easy,4-2-3-1,DEMIREL;SANTOS;LUGANO;YOBO;GONUL;SAHIN;BELOZOGLU;DIA;ALEX;TOPUZ;NIANG
Fenerbahce vs. Kasimpasa - Saturday February 26 - 2011,Kasimpasa,hard,4-4-2,KOCAOGLU;KAPLAN;LUIZ HENRIQUE;ROBLEDO;OCAL;TEBER;KELLER;COLAK;VARELA;KARADAS;DIMITROV
Gaziantepspor vs. Eskisehirspor - Saturday February 26 - 2011,Eskisehirspor,hard,4-2-3-1,IVESA;YAMAN;DIEGO ANGELO;COSKUN;ARSLAN;POTUK;PELE;ZENGIN;OZTURK;ESER;OZBAYRAKTAR
Gaziantepspor vs. Eskisehirspor - Saturday February 26 - 2011,Gaziantepspor,hard,4-2-3-1,KARCEMARSKAS;IVAN;CAN;AYHAN;NOUNKEU;GUCER;CEYLAN;POPOV;WAGNER;TOSUN;SOSA
Kardemir Dc Karabukspor vs. Konyaspor - Sunday February 27 - 2011,Kardemir Dc Karabukspor,hard,4-5-1,TOMIC;SERIC;DEUMI;OZDIN;COELHO;CERNAT;RAGUED;OZMERT;SOYLER;AKIN;PARLAK
Kardemir Dc Karabukspor vs. Konyaspor - Sunday February 27 - 2011,Konyaspor,hard,4-5-1,PAWELEK;SEDEF;KERE;ZAYATTE;ASLANTAS;MONTANO;GUNGOR;GRAJCIAR;BARUT;ACAR;THIERRY FIDJEU TAZEMETA
Sivasspor vs. Manisaspor - Sunday February 27 - 2011,Manisaspor,hard,4-3-3,AVCIBAY;CEVAHIR;DIXON;TOK;BARIS;GUVEN;INCEDEMIR;ERDOGAN;SIMPSON;KAHE;GOKOGLAN
Sivasspor vs. Manisaspor - Sunday February 27 - 2011,Sivasspor,hard,4-2-3-1,KAMENAR;ERDAL;BAYRAK;NAVRATIL;KAVUK;BEKMEZCI;NAS;GROSICKI;YILMAZ;KILIC;ENERAMO
Trabzonspor vs. Kayserispor - Sunday February 27 - 2011,Kayserispor,hard,4-2-3-1,HAMIDOU;KALDIRIM;CAKIR;KESIMAL;TURACI;TEBER;DURAK;AMRABAT;ZIANI;AYDILEK;KUJOVIC
Trabzonspor vs. Kayserispor - Sunday February 27 - 2011,Trabzonspor,easy,4-2-3-1,KIVRAK;CALE;GLOWACKI;YUMLU;BALCI;GULSELAM;COLMAN;JAJA;ALANZINHO;YILMAZ;BULUT
Antalyaspor vs. Besiktas - Monday February 28 - 2011,Antalyaspor,hard,4-4-2,CATKIC;TUNCER;BARIS;RADELJIC;SEKMAN;TITA;DAGASAN;INCEMAN;OZER;YILMAZ;ATES
Antalyaspor vs. Besiktas - Monday February 28 - 2011,Besiktas,easy,4-5-1,RECBER;KOYBASI;SIVOK;TORAMAN;DAG;SIMAO;UYSAL;GUTI;MEHMET AURELIO;QUARESMA;BOBO
Kayserispor vs. Manisaspor - Friday March 4 - 2011,Kayserispor,hard,4-2-3-1,HAMIDOU;KALDIRIM;KESIMAL;TURACI;YILMAZ;ZIANI;TEBER;AMRABAT;ANDRE MORITZ;BOYRAZ;KUJOVIC
Kayserispor vs. Manisaspor - Friday March 4 - 2011,Manisaspor,hard,4-5-1,AVCIBAY;COKMUS;KALABANE;TOK;BARIS;ERDOGAN;GUVEN;IWANSKI;INCEDEMIR;OZEK;MANUCHO
Galatasaray vs. Kardemir Dc Karabukspor - Saturday March 5 - 2011,Galatasaray,easy,4-3-3,ZAPATA;BALTA;CETIN;ZAN;NEILL;KURTULUS;CANA;CULIO;STANCU;BAROS;KAZIM-RICHARDS
Galatasaray vs. Kardemir Dc Karabukspor - Saturday March 5 - 2011,Kardemir Dc Karabukspor,hard,4-2-3-1,TOMIC;SERIC;DEUMI;OZDIN;COELHO;SOYLER;RAGUED;AKIN;CERNAT;OZMERT;PARLAK
Gaziantepspor vs. Sivasspor - Saturday March 5 - 2011,Gaziantepspor,hard,4-2-3-1,KARCEMARSKAS;CAN;GUNGOR;NOUNKEU;SUME;GUCER;CEYLAN;POPOV;WAGNER;TOSUN;SOSA
Gaziantepspor vs. Sivasspor - Saturday March 5 - 2011,Sivasspor,hard,4-2-3-1,CELIKAY;ERDAL;YERLIKAYA;BAYRAK;NAVRATIL;BEKMEZCI;NAS;GROSICKI;YILMAZ;KILIC;ENERAMO
Konyaspor vs. Ankaragucu - Saturday March 5 - 2011,Ankaragucu,hard,4-2-3-1,ONGUN;KLUKOWSKI;RAJNOCH;TOSCALI;UCAR;KOCAK;DURUER;SESTAK;SAPARA;GABRIC;VITTEK
Konyaspor vs. Ankaragucu - Saturday March 5 - 2011,Konyaspor,hard,4-5-1,PAWELEK;SEDEF;KERE;ZAYATTE;ASLANTAS;EMRECIKSIN;GUNGOR;GRAJCIAR;BARUT;TOSUN;ROBAK
Besiktas vs. Trabzonspor - Sunday March 6 - 2011,Besiktas,easy,4-2-3-1,RECBER;KOYBASI;TORAMAN;SIVOK;HILBERT;UYSAL;GUTI;SIMAO;FERNANDES;DAG;BOBO
Besiktas vs. Trabzonspor - Sunday March 6 - 2011,Trabzonspor,easy,4-4-2,KIVRAK;CALE;GLOWACKI;KACAR;BALCI;BROZEK;INAN;COLMAN;YILMAZ;BULUT;JAJA
Bursaspor vs. Buyuksehir Belediyespor - Sunday March 6 - 2011,Bursaspor,hard,4-2-3-1,IVANKOV;KECELI;AZIZ;OZTURK;TANDOGAN;SVENSSON;ERGIC;IPEK;BATALLA;MILLER;ALTIDORE
Bursaspor vs. Buyuksehir Belediyespor - Sunday March 6 - 2011,Buyuksehir Belediyespor,hard,4-3-3,BAHADIR;SUZEN;TEKDEMIR;ARAT;KUS;INANC;KORKMAZ;HASPOLATLI;AKIN;KOSE;HOLOSKO
Eskisehirspor vs. Bucaspor - Sunday March 6 - 2011,Bucaspor,hard,4-4-2,OZMEN;YANIK;COLGECEN;LEANDRAO;LEKO;TASKIRAN;BASDAG;AYDIN;KUCIK;MENDY;BETO
Eskisehirspor vs. Bucaspor - Sunday March 6 - 2011,Eskisehirspor,hard,4-2-3-1,IVESA;YAMAN;DIEGO ANGELO;NADAREVIC;COSKUN;ERTUGRUL;POTUK;OZBAYRAKTAR;OZTURK;ESER;KARAN
Kasimpasa vs. Antalyaspor - Sunday March 6 - 2011,Antalyaspor,hard,4-3-3,CATKIC;TUNCER;BARIS;TURAN;SEKMAN;DAGASAN;INCEMAN;AGCAY;ATES;YILMAZ;TITA
Kasimpasa vs. Antalyaspor - Sunday March 6 - 2011,Kasimpasa,hard,4-4-2,SAHIN;TEBER;LUIZ HENRIQUE;ROBLEDO;ONER;COLAK;KELLER;SARMOV;VARELA;KARADAS;AYGUNES
Genclerbirligi vs. Fenerbahce - Monday March 7 - 2011,Fenerbahce,easy,4-2-3-1,DEMIREL;SANTOS;LUGANO;YOBO;IRTEGUN;TOPUZ;BELOZOGLU;DIA;ALEX;HURMACI;NIANG
Genclerbirligi vs. Fenerbahce - Monday March 7 - 2011,Genclerbirligi,hard,4-2-3-1,KULBILGE;SAM;DEMIR;OZSARAC;CAN;AKGUN;AZOFEIFA;CALIK;DELIBALTA;MERIC;PEKTEMEK
Manisaspor vs. Besiktas - Friday March 11 - 2011,Besiktas,easy,4-3-3,RECBER;PALA;FERRARI;TORAMAN;HILBERT;FERNANDES;MEHMET AURELIO;GUTI;SIMAO;BOBO;DAG
Manisaspor vs. Besiktas - Friday March 11 - 2011,Manisaspor,hard,4-5-1,AVCIBAY;COKMUS;DIXON;TOK;BARIS;ERDOGAN;GUVEN;IWANSKI;INCEDEMIR;SIMPSON;MANUCHO
Buyuksehir Belediyespor vs. Eskisehirspor - Saturday March 12 - 2011,Buyuksehir Belediyespor,hard,4-3-3,HASAGIC;EKSIOGLU;TEKDEMIR;ARAT;SAHIN;INANC;HOLMEN;HASPOLATLI;AKIN;TUM;HOLOSKO
Buyuksehir Belediyespor vs. Eskisehirspor - Saturday March 12 - 2011,Eskisehirspor,hard,4-2-3-1,IVESA;YAMAN;DIEGO ANGELO;NADAREVIC;COSKUN;ERTUGRUL;POTUK;ZENGIN;OZTURK;ESER;KARAN
Kardemir Dc Karabukspor vs. Bursaspor - Saturday March 12 - 2011,Bursaspor,hard,4-2-3-1,IVANKOV;KECELI;AZIZ;OZTURK;TANDOGAN;SVENSSON;ERGIC;IPEK;BATALLA;MILLER;ALTIDORE
Kardemir Dc Karabukspor vs. Bursaspor - Saturday March 12 - 2011,Kardemir Dc Karabukspor,hard,4-5-1,TOMIC;SERIC;DEUMI;OZDIN;COELHO;PARLAK;HIKMET;CERNAT;SOYLER;ZENGIN;ANGELOV
Trabzonspor vs. Kasimpasa - Saturday March 12 - 2011,Kasimpasa,hard,4-5-1,KOCAOGLU;TEBER;LUIZ HENRIQUE;ROBLEDO;ONER;COLAK;KELLER;OZTURK;SARMOV;DIMITROV;KARADAS
Trabzonspor vs. Kasimpasa - Saturday March 12 - 2011,Trabzonspor,easy,4-4-2,KIVRAK;BROZEK;GLOWACKI;KACAR;CORA;JAJA;INAN;COLMAN;YATTARA;BROZEK;BULUT
Ankaragucu vs. Galatasaray - Sunday March 13 - 2011,Ankaragucu,hard,4-4-2,ONGUN;KLUKOWSKI;RAJNOCH;ZEWLAKOW;UCAR;GABRIC;KOCAK;SAPARA;OZKAN;SESTAK;TEKKE
Ankaragucu vs. Galatasaray - Sunday March 13 - 2011,Galatasaray,easy,4-5-1,ZAPATA;BIRINCI;CETIN;NEILL;BALTA;KEWELL;CANA;PINO;AKMAN;YILMAZ;STANCU
Antalyaspor vs. Genclerbirligi - Sunday March 13 - 2011,Antalyaspor,hard,4-3-3,CATKIC;TUNCER;BARIS;TURAN;SEKMAN;SERAS;INCEMAN;AGCAY;ATES;YILMAZ;TITA
Antalyaspor vs. Genclerbirligi - Sunday March 13 - 2011,Genclerbirligi,hard,4-2-3-1,KOSE;SAM;DEMIR;OZSARAC;AYGUN;CAN;AZOFEIFA;CALIK;DELIBALTA;MERIC;ZEC
Bucaspor vs. Gaziantepspor - Sunday March 13 - 2011,Bucaspor,hard,4-4-2,OZMEN;COREKCI;LEANDRAO;YANIK;LEKO;KUCIK;TUNCER;BASDAG;AYDIN;MENDY;BETO
Bucaspor vs. Gaziantepspor - Sunday March 13 - 2011,Gaziantepspor,hard,4-2-3-1,KARCEMARSKAS;IVAN;GUNGOR;NOUNKEU;SUME;GUCER;CEYLAN;POPOV;WAGNER;SOSA;TOSUN
Fenerbahce vs. Konyaspor - Sunday March 13 - 2011,Fenerbahce,easy,4-2-3-1,DEMIREL;ERKIN;IRTEGUN;YOBO;GONUL;CRISTIAN;BELOZOGLU;STOCH;ALEX;TOPUZ;NIANG
Fenerbahce vs. Konyaspor - Sunday March 13 - 2011,Konyaspor,hard,4-4-2,PAWELEK;DERE;MEJIA;YAVUZ;ZAYATTE;EMRECIKSIN;GUNGOR;ARSLAN;ASLANTAS;ROBAK;TOSUN
Sivasspor vs. Kayserispor - Sunday March 13 - 2011,Kayserispor,hard,4-4-2,HAMIDOU;KALDIRIM;CAKIR;TURACI;YILMAZ;AMRABAT;DURAK;TEBER;ZIANI;KUJOVIC;SISMANOGLU
Sivasspor vs. Kayserispor - Sunday March 13 - 2011,Sivasspor,hard,4-4-2,CELIKAY;ERDAL;BAYRAK;NAVRATIL;KAVUK;GROSICKI;BEKMEZCI;NAS;KILIC;PEDRIEL;ENERAMO
Galatasaray vs. Fenerbahce - Friday March 18 - 2011,Fenerbahce,easy,4-2-3-1,DEMIREL;SANTOS;LUGANO;YOBO;GONUL;SAHIN;CRISTIAN;HURMACI;ALEX;TOPUZ;NIANG
Galatasaray vs. Fenerbahce - Friday March 18 - 2011,Galatasaray,easy,4-4-2,ZAPATA;BALTA;CETIN;ZAN;NEILL;CULIO;CANA;KURTULUS;KAZIM-RICHARDS;BAROS;STANCU
Besiktas vs. Kayserispor - Saturday March 19 - 2011,Besiktas,easy,4-5-1,RECBER;KOYBASI;FERRARI;TORAMAN;DAG;SIMAO;UYSAL;GUTI;ERNST;QUARESMA;BOBO
Besiktas vs. Kayserispor - Saturday March 19 - 2011,Kayserispor,hard,4-2-3-1,HAMIDOU;KALDIRIM;KESIMAL;TURACI;YILMAZ;DURAK;TEBER;AMRABAT;ZIANI;BOYRAZ;ZALAYETA
Gaziantepspor vs. Buyuksehir Belediyespor - Saturday March 19 - 2011,Buyuksehir Belediyespor,hard,4-4-2,BAHADIR;SUZEN;ARAT;BERISA;AKYUZ;GUZELDAL;KORKMAZ;KAYALI;HOLOSKO;TUM;KOSE
Gaziantepspor vs. Buyuksehir Belediyespor - Saturday March 19 - 2011,Gaziantepspor,hard,4-2-3-1,KARCEMARSKAS;IVAN;GUNGOR;NOUNKEU;SUME;GUCER;CEYLAN;POPOV;WAGNER;ADIN;TOSUN
Kasimpasa vs. Manisaspor - Saturday March 19 - 2011,Kasimpasa,hard,4-4-2,KOCAOGLU;TEBER;LUIZ HENRIQUE;ROBLEDO;ONER;KALA;KELLER;OZTURK;VARELA;KARADAS;AYGUNES
Kasimpasa vs. Manisaspor - Saturday March 19 - 2011,Manisaspor,hard,4-5-1,AVCIBAY;COKMUS;DIXON;TOK;BARIS;ERDOGAN;GUVEN;IWANSKI;INCEDEMIR;SIMPSON;MAKUKULA
Konyaspor vs. Antalyaspor - Saturday March 19 - 2011,Antalyaspor,hard,4-3-3,CATKIC;OZKAYNAK;BARIS;TURAN;SEKMAN;INCEMAN;DAGASAN;SERAS;ATES;YILMAZ;TITA
Konyaspor vs. Antalyaspor - Saturday March 19 - 2011,Konyaspor,hard,4-5-1,PAWELEK;ABBAS;KERE;ZAYATTE;ASLANTAS;EMRECIKSIN;CAGIRAN;ARSLAN;GUNGOR;TOSUN;ROBAK
Bucaspor vs. Sivasspor - Sunday March 20 - 2011,Bucaspor,hard,4-4-2,OZMEN;COREKCI;AK;LEANDRAO;LEKO;KUCIK;TUNCER;BASDAG;TASKIRAN;MENDY;BETO
Bucaspor vs. Sivasspor - Sunday March 20 - 2011,Sivasspor,hard,4-4-2,CELIKAY;YERLIKAYA;BAYRAK;NAVRATIL;KAVUK;GROSICKI;RADA;NAS;KILIC;PEDRIEL;ENERAMO
Eskisehirspor vs. Kardemir Dc Karabukspor - Sunday March 20 - 2011,Eskisehirspor,hard,4-2-3-1,IVESA;YAMAN;DIEGO ANGELO;NADAREVIC;COSKUN;PELE;KAYA;ZENGIN;OZTURK;ESER;KARAN
Eskisehirspor vs. Kardemir Dc Karabukspor - Sunday March 20 - 2011,Kardemir Dc Karabukspor,hard,4-5-1,TOMIC;SERIC;BAL;DEUMI;COELHO;CERNAT;HIKMET;OZMERT;SOYLER;PARLAK;ANGELOV
Genclerbirligi vs. Trabzonspor - Sunday March 20 - 2011,Genclerbirligi,hard,4-4-2,KULBILGE;DEMIR;OZSARAC;SAM;CAN;OZTEKIN;AKGUN;AZOFEIFA;MERIC;PEKTEMEK;CALIK
Genclerbirligi vs. Trabzonspor - Sunday March 20 - 2011,Trabzonspor,easy,4-2-3-1,ZENGIN;BROZEK;GLOWACKI;KACAR;CORA;BALCI;INAN;JAJA;COLMAN;YILMAZ;BULUT
Bursaspor vs. Ankaragucu - Monday March 21 - 2011,Ankaragucu,hard,4-2-3-1,ONGUN;KLUKOWSKI;RAJNOCH;ZEWLAKOW;COGUM;KAGAN SOYLEMEZGILLER;KOCAK;CEK;SAPARA;GABRIC;BEDNAR
Bursaspor vs. Ankaragucu - Monday March 21 - 2011,Bursaspor,hard,4-3-3,IVANKOV;KECELI;AZIZ;ERDOGAN;TANDOGAN;BATALLA;HAS;INSUA;IPEK;MILLER;SEN
Ankaragucu vs. Eskisehirspor - Saturday April 2 - 2011,Ankaragucu,hard,4-4-2,ONGUN;KLUKOWSKI;TOSCALI;ZEWLAKOW;UCAR;CEK;RAJNOCH;KAGAN SOYLEMEZGILLER;OZKAN;VITTEK;TEKKE
Ankaragucu vs. Eskisehirspor - Saturday April 2 - 2011,Eskisehirspor,hard,4-1-4-1,IVESA;YAMAN;COSKUN;NADAREVIC;SARI;KAYA;OZTURK;POTUK;PELE;ESER;KARAN
Kardemir Dc Karabukspor vs. Gaziantepspor - Saturday April 2 - 2011,Gaziantepspor,hard,4-2-3-1,KARCEMARSKAS;IVAN;GUNGOR;NOUNKEU;SUME;GUCER;ZURITA;SOSA;WAGNER;ADIN;TOSUN
Kardemir Dc Karabukspor vs. Gaziantepspor - Saturday April 2 - 2011,Kardemir Dc Karabukspor,hard,4-5-1,TOMIC;SERIC;BAL;DEUMI;SOYLER;PARLAK;RAGUED;CERNAT;HIKMET;AVCI;ANGELOV
Sivasspor vs. Besiktas - Saturday April 2 - 2011,Besiktas,easy,4-5-1,GONEN;KOYBASI;TORAMAN;SIVOK;DAG;SIMAO;ERNST;FERNANDES;MEHMET AURELIO;QUARESMA;ALMEIDA
Sivasspor vs. Besiktas - Saturday April 2 - 2011,Sivasspor,hard,4-4-2,CELIKAY;YERLIKAYA;BAYRAK;NAVRATIL;KAVUK;GROSICKI;BEKMEZCI;RADA;KILIC;PEDRIEL;ENERAMO
Trabzonspor vs. Konyaspor - Saturday April 2 - 2011,Konyaspor,hard,4-2-3-1,PAWELEK;ABBAS;MEJIA;ZAYATTE;ASLANTAS;GUNGOR;ARSLAN;DERE;CAGIRAN;EMRECIKSIN;ROBAK
Trabzonspor vs. Konyaspor - Saturday April 2 - 2011,Trabzonspor,easy,4-2-3-1,ZENGIN;BROZEK;KORKMAZ;KACAR;BALCI;INAN;COLMAN;JAJA;ALANZINHO;YILMAZ;BULUT
Buyuksehir Belediyespor vs. Bucaspor - Sunday April 3 - 2011,Bucaspor,hard,4-5-1,LONDAK;TASKIRAN;AK;YANIK;LEKO;AYDIN;BASDAG;JEBRIN;TUNCER;KUCIK;ISLER
Buyuksehir Belediyespor vs. Bucaspor - Sunday April 3 - 2011,Buyuksehir Belediyespor,hard,4-3-3,BAHADIR;EKSIOGLU;AKYUZ;ARAT;KUS;HOLMEN;HASPOLATLI;SUZEN;AKIN;UNAL;HOLOSKO
Fenerbahce vs. Bursaspor - Sunday April 3 - 2011,Bursaspor,hard,4-2-3-1,IVANKOV;WEDERSON;AZIZ;OZTURK;TANDOGAN;SVENSSON;ERGIC;IPEK;BATALLA;SEN;MILLER
Fenerbahce vs. Bursaspor - Sunday April 3 - 2011,Fenerbahce,easy,4-2-3-1,DEMIREL;SANTOS;LUGANO;YOBO;GONUL;HURMACI;CRISTIAN;NIANG;ALEX;TOPUZ;SENTURK
Kayserispor vs. Kasimpasa - Sunday April 3 - 2011,Kasimpasa,hard,4-4-2,KOCAOGLU;TEBER;LUIZ HENRIQUE;ROBLEDO;ONER;COLAK;KELLER;OZTURK;KALA;MARTIN;AYGUNES
Kayserispor vs. Kasimpasa - Sunday April 3 - 2011,Kayserispor,hard,4-2-3-1,HAMIDOU;KALDIRIM;KESIMAL;TURACI;YILMAZ;TEBER;DURAK;SISMANOGLU;ANDRE MORITZ;BOYRAZ;KUJOVIC
Manisaspor vs. Genclerbirligi - Sunday April 3 - 2011,Genclerbirligi,hard,4-3-3,KULBILGE;KALKAN;BOZ;DEMIR;SAM;JEDINAK;DELIBALTA;CAN;CALIK;PEKTEMEK;MERIC
Manisaspor vs. Genclerbirligi - Sunday April 3 - 2011,Manisaspor,hard,4-4-2,AVCIBAY;COKMUS;DIXON;KALABANE;YILMAZ;OZEK;SIMPSON;ERDOGAN;GOKOGLAN;MAKUKULA;PROMISE
Antalyaspor vs. Galatasaray - Monday April 4 - 2011,Antalyaspor,hard,4-3-3,CATKIC;TUNCER;BARIS;SEKMAN;TURAN;INCEMAN;DAGASAN;SERAS;ATES;YILMAZ;TITA
Antalyaspor vs. Galatasaray - Monday April 4 - 2011,Galatasaray,easy,4-2-3-1,CEYLAN;BALTA;CETIN;NEILL;KURTULUS;CANA;KURTULUS;KEWELL;TURAN;PINO;STANCU
Bursaspor vs. Antalyaspor - Friday April 8 - 2011,Antalyaspor,hard,4-3-3,CATKIC;TUNCER;BARIS;TURAN;SEKMAN;INCEMAN;DAGASAN;SERAS;ATES;YILMAZ;TITA
Bursaspor vs. Antalyaspor - Friday April 8 - 2011,Bursaspor,hard,4-2-3-1,IVANKOV;WEDERSON;AZIZ;OZTURK;KECELI;SVENSSON;ERGIC;SEN;BATALLA;MILLER;ALTIDORE
Bucaspor vs. Kardemir Dc Karabukspor - Saturday April 9 - 2011,Bucaspor,hard,4-5-1,OZMEN;TASKIRAN;AK;COLGECEN;YANIK;AYDIN;BASDAG;JEBRIN;LEKO;KAYA;KUCIK
Bucaspor vs. Kardemir Dc Karabukspor - Saturday April 9 - 2011,Kardemir Dc Karabukspor,hard,4-5-1,TOMIC;SERIC;BAL;DEUMI;AVCI;CERNAT;RAGUED;OZMERT;HIKMET;PARLAK;ANGELOV
Eskisehirspor vs. Fenerbahce - Saturday April 9 - 2011,Eskisehirspor,hard,4-2-3-1,IVESA;YAMAN;DIEGO ANGELO;COSKUN;SARI;POTUK;KAYA;ZENGIN;OZTURK;ESER;KARADENIZ
Eskisehirspor vs. Fenerbahce - Saturday April 9 - 2011,Fenerbahce,easy,4-2-3-1,DEMIREL;SANTOS;YOBO;LUGANO;GONUL;CRISTIAN;BELOZOGLU;ERKIN;ALEX;TOPUZ;NIANG
Konyaspor vs. Manisaspor - Saturday April 9 - 2011,Konyaspor,hard,4-5-1,PAWELEK;ABBAS;SEDEF;MEJIA;SAHIN;DERE;CAGIRAN;GRAJCIAR;ARSLAN;EMRECIKSIN;ROBAK
Konyaspor vs. Manisaspor - Saturday April 9 - 2011,Manisaspor,hard,4-3-3,AVCIBAY;AYDIN;DIXON;KALABANE;COKMUS;GUVEN;IWANSKI;INCEDEMIR;SIMPSON;KAHE;PROMISE
Buyuksehir Belediyespor vs. Sivasspor - Sunday April 10 - 2011,Buyuksehir Belediyespor,hard,4-3-3,HASAGIC;EKSIOGLU;ARAT;MARQUINHOS;KUS;KAYALI;HASPOLATLI;HOLMEN;ALIN;YILMAZ;KOSE
Buyuksehir Belediyespor vs. Sivasspor - Sunday April 10 - 2011,Sivasspor,hard,4-4-2,CELIKAY;YERLIKAYA;BAYRAK;NAVRATIL;KAVUK;GROSICKI;BEKMEZCI;NAS;KILIC;YILDIZ;PEDRIEL
Galatasaray vs. Trabzonspor - Sunday April 10 - 2011,Galatasaray,easy,4-2-3-1,ZAPATA;INSUA;CETIN;ZAN;SARIOGLU;NEILL;AKMAN;CULIO;KURTULUS;TURAN;KAZIM-RICHARDS
Galatasaray vs. Trabzonspor - Sunday April 10 - 2011,Trabzonspor,easy,4-4-2,ZENGIN;BROZEK;GLOWACKI;KACAR;BALCI;JAJA;INAN;COLMAN;ALANZINHO;BULUT;YILMAZ
Gaziantepspor vs. Ankaragucu - Sunday April 10 - 2011,Ankaragucu,hard,4-5-1,ONGUN;CEK;TOSCALI;RAJNOCH;UCAR;GABRIC;KAGAN SOYLEMEZGILLER;KOCAK;DURUER;OZKAN;VITTEK
Gaziantepspor vs. Ankaragucu - Sunday April 10 - 2011,Gaziantepspor,hard,4-2-3-1,KARCEMARSKAS;CAN;AYHAN;NOUNKEU;SUME;GUCER;CEYLAN;POPOV;WAGNER;ADIN;TOSUN
Genclerbirligi vs. Kayserispor - Sunday April 10 - 2011,Genclerbirligi,hard,4-3-3,KARABULUT;KALKAN;DEMIR;OZSARAC;SAM;JEDINAK;DELIBALTA;CAN;ZEC;PEKTEMEK;OZTEKIN
Genclerbirligi vs. Kayserispor - Sunday April 10 - 2011,Kayserispor,hard,4-2-3-1,DEGIRMENCI;KALDIRIM;CAKIR;KESIMAL;TURACI;DURAK;TEBER;TROISI;OZCAL;BILGIN;AYDILEK
Kasimpasa vs. Besiktas - Monday April 11 - 2011,Besiktas,easy,4-4-2,GONEN;KOYBASI;TORAMAN;SIVOK;HILBERT;SIMAO;UYSAL;ERNST;QUARESMA;NOBRE;ALMEIDA
Kasimpasa vs. Besiktas - Monday April 11 - 2011,Kasimpasa,hard,4-5-1,KOCAOGLU;TEBER;LUIZ HENRIQUE;ROBLEDO;VARELA;COLAK;KELLER;OZTURK;ONER;KALA;MARTIN
Besiktas vs. Genclerbirligi - Friday April 15 - 2011,Besiktas,easy,4-5-1,RECBER;KOYBASI;SIVOK;TORAMAN;HILBERT;SIMAO;ERNST;FERNANDES;UYSAL;KAHVECI;ALMEIDA
Besiktas vs. Genclerbirligi - Friday April 15 - 2011,Genclerbirligi,hard,4-3-3,KARABULUT;KALKAN;DEMIR;OZSARAC;CAN;JEDINAK;AZOFEIFA;AKGUN;ZEC;PEKTEMEK;CALIK
Ankaragucu vs. Bucaspor - Saturday April 16 - 2011,Ankaragucu,hard,4-5-1,SENECKY;CEK;RAJNOCH;TOSCALI;UCAR;SAHIN;KAGAN SOYLEMEZGILLER;KOCAK;DURUER;GABRIC;VITTEK
Ankaragucu vs. Bucaspor - Saturday April 16 - 2011,Bucaspor,hard,4-5-1,OZMEN;TASKIRAN;AK;YANIK;LEKO;AYDIN;TUNCER;JEBRIN;BASDAG;KAYA;KUCIK
Fenerbahce vs. Gaziantepspor - Saturday April 16 - 2011,Fenerbahce,easy,4-2-3-1,DEMIREL;ERKIN;LUGANO;YOBO;GONUL;CRISTIAN;BELOZOGLU;SANTOS;ALEX;TOPUZ;NIANG
Fenerbahce vs. Gaziantepspor - Saturday April 16 - 2011,Gaziantepspor,hard,4-2-3-1,KARCEMARSKAS;IVAN;GUNGOR;NOUNKEU;SUME;GUCER;CEYLAN;POPOV;WAGNER;ADIN;TOSUN
Kardemir Dc Karabukspor vs. Buyuksehir Belediyespor - Saturday April 16 - 2011,Buyuksehir Belediyespor,hard,4-3-3,BAHADIR;EKSIOGLU;MARQUINHOS;DEPE;KUS;HASPOLATLI;HOLMEN;TEKDEMIR;HOLOSKO;YILMAZ;AKIN
Kardemir Dc Karabukspor vs. Buyuksehir Belediyespor - Saturday April 16 - 2011,Kardemir Dc Karabukspor,hard,4-5-1,TOMIC;SERIC;DEUMI;OZDIN;SOYLER;PARLAK;HIKMET;CERNAT;RAGUED;AVCI;EMENIKE
Antalyaspor vs. Eskisehirspor - Sunday April 17 - 2011,Antalyaspor,hard,4-3-3,CATKIC;OZKAYNAK;BARIS;TURAN;SEKMAN;INCEMAN;DAGASAN;SERAS;TITA;ATES;ZITOUNI
Antalyaspor vs. Eskisehirspor - Sunday April 17 - 2011,Eskisehirspor,hard,4-2-3-1,IVESA;YAMAN;NADAREVIC;SARI;ARSLAN;PELE;KAYA;ZENGIN;POTUK;ESER;KARADENIZ
Kayserispor vs. Konyaspor - Sunday April 17 - 2011,Kayserispor,hard,4-2-3-1,DEGIRMENCI;KALDIRIM;CAKIR;TURACI;TEBER;ZIANI;SANTANA;BOYRAZ;TROISI;BILGIN;KUJOVIC
Kayserispor vs. Konyaspor - Sunday April 17 - 2011,Konyaspor,hard,4-5-1,PAWELEK;SEDEF;MEJIA;ZAYATTE;ASLANTAS;DERE;GUNGOR;CAGIRAN;ARSLAN;EMRECIKSIN;ROBAK
Sivasspor vs. Kasimpasa - Sunday April 17 - 2011,Kasimpasa,hard,4-5-1,KOCAOGLU;TEBER;LUIZ HENRIQUE;ROBLEDO;ONER;COLAK;KELLER;OZTURK;TJIKUZU;AYGUNES;MARTIN
Sivasspor vs. Kasimpasa - Sunday April 17 - 2011,Sivasspor,hard,4-4-2,CELIKAY;YERLIKAYA;BAYRAK;NAVRATIL;KAVUK;GROSICKI;BEKMEZCI;NAS;KILIC;PEDRIEL;ENERAMO
Trabzonspor vs. Bursaspor - Sunday April 17 - 2011,Bursaspor,hard,4-2-3-1,IVANKOV;WEDERSON;ERDOGAN;OZTURK;TANDOGAN;SVENSSON;HAS;IPEK;BATALLA;SEN;MILLER
Trabzonspor vs. Bursaspor - Sunday April 17 - 2011,Trabzonspor,easy,4-2-3-1,ZENGIN;CALE;KORKMAZ;KACAR;BALCI;INAN;COLMAN;JAJA;ALANZINHO;YILMAZ;BULUT
Manisaspor vs. Galatasaray - Monday April 18 - 2011,Galatasaray,easy,4-2-3-1,ZAPATA;INSUA;CETIN;ZAN;SARIOGLU;SARP;AKMAN;TURAN;CULIO;YILMAZ;STANCU
Manisaspor vs. Galatasaray - Monday April 18 - 2011,Manisaspor,hard,4-3-3,AVCIBAY;AYDIN;DIXON;KALABANE;COKMUS;GUVEN;IWANSKI;INCEDEMIR;SIMPSON;MAKUKULA;PROMISE
Eskisehirspor vs. Trabzonspor - Friday April 22 - 2011,Eskisehirspor,hard,4-2-3-1,IVESA;YAMAN;NADAREVIC;SARI;ARSLAN;PELE;KAYA;OZTURK;POTUK;ESER;KARADENIZ
Eskisehirspor vs. Trabzonspor - Friday April 22 - 2011,Trabzonspor,easy,4-2-3-1,ZENGIN;CALE;KORKMAZ;KACAR;YUMLU;INAN;COLMAN;ALANZINHO;JAJA;YILMAZ;BULUT
Bursaspor vs. Manisaspor - Saturday April 23 - 2011,Bursaspor,hard,4-2-3-1,OZKAN;WEDERSON;AZIZ;ERDOGAN;TANDOGAN;KIRITA;HAS;SEN;BATALLA;YILDIRIM;MILLER
Bursaspor vs. Manisaspor - Saturday April 23 - 2011,Manisaspor,hard,4-3-3,AVCIBAY;AYDIN;DIXON;TOK;COKMUS;YILMAZ;INCEDEMIR;GUVEN;SIMPSON;KAHE;PROMISE
Galatasaray vs. Kayserispor - Saturday April 23 - 2011,Galatasaray,easy,4-3-3,ZAPATA;INSUA;CETIN;ZAN;SARIOGLU;AKMAN;SARP;CULIO;TURAN;STANCU;YILMAZ
Galatasaray vs. Kayserispor - Saturday April 23 - 2011,Kayserispor,hard,4-2-3-1,DEGIRMENCI;KALDIRIM;CAKIR;TURACI;YILMAZ;DURAK;TEBER;TROISI;ZIANI;SANTANA;AMRABAT
Kardemir Dc Karabukspor vs. Sivasspor - Saturday April 23 - 2011,Kardemir Dc Karabukspor,hard,4-3-3,TOMIC;SERIC;DEUMI;OZDIN;SOYLER;KOCABEY;RAGUED;CERNAT;PARLAK;EMENIKE;AVCI
Kardemir Dc Karabukspor vs. Sivasspor - Saturday April 23 - 2011,Sivasspor,hard,4-4-2,CELIKAY;YERLIKAYA;BAYRAK;NAVRATIL;KAVUK;GROSICKI;BEKMEZCI;NAS;KILIC;YILDIZ;ENERAMO
Bucaspor vs. Fenerbahce - Sunday April 24 - 2011,Bucaspor,hard,4-4-2,LONDAK;TASKIRAN;BAHTIYAROGLU;GURACAR;LEKO;JEBRIN;BASDAG;TUNCER;AYDIN;OZGEN;MENDY
Bucaspor vs. Fenerbahce - Sunday April 24 - 2011,Fenerbahce,easy,4-2-3-1,DEMIREL;SANTOS;LUGANO;YOBO;GONUL;CRISTIAN;BELOZOGLU;ERKIN;ALEX;TOPUZ;SENTURK
Buyuksehir Belediyespor vs. Ankaragucu - Sunday April 24 - 2011,Ankaragucu,hard,4-4-2,SENECKY;DURUER;KURT;RAJNOCH;UCAR;SAHIN;KAGAN SOYLEMEZGILLER;KOCAK;GABRIC;KELES;TEKKE
Buyuksehir Belediyespor vs. Ankaragucu - Sunday April 24 - 2011,Buyuksehir Belediyespor,hard,4-2-3-1,BAHADIR;SUZEN;ARAT;DEPE;KUS;INANC;KORKMAZ;GUZELDAL;KAYALI;KOSE;ALIN
Gaziantepspor vs. Antalyaspor - Sunday April 24 - 2011,Antalyaspor,hard,4-3-3,CATKIC;TUNCER;BARIS;TURAN;AGCAY;INCEMAN;DAGASAN;SERAS;OZER;ATES;ZITOUNI
Gaziantepspor vs. Antalyaspor - Sunday April 24 - 2011,Gaziantepspor,hard,4-2-3-1,KARCEMARSKAS;CAN;AYHAN;SUME;KURTULUS;CEYLAN;ZURITA;IVAN;WAGNER;ADIN;TOSUN
Genclerbirligi vs. Kasimpasa - Sunday April 24 - 2011,Genclerbirligi,hard,4-2-3-1,KARABULUT;SAM;BOZ;DEMIR;CAN;JEDINAK;AKGUN;CALIK;AZOFEIFA;MERIC;MUNUNGA
Genclerbirligi vs. Kasimpasa - Sunday April 24 - 2011,Kasimpasa,hard,4-5-1,KOCAOGLU;TEBER;ROBLEDO;BASDAS;ONER;COLAK;KELLER;OZTURK;TJIKUZU;AYGUNES;MARTIN
Konyaspor vs. Besiktas - Monday April 25 - 2011,Besiktas,easy,4-5-1,GONEN;KOYBASI;SIVOK;TORAMAN;DAG;SIMAO;UYSAL;FERNANDES;ERNST;QUARESMA;NOBRE
Konyaspor vs. Besiktas - Monday April 25 - 2011,Konyaspor,hard,4-3-3,PAWELEK;SEDEF;MEJIA;ZAYATTE;ASLANTAS;ARSLAN;GUNGOR;CAGIRAN;DERE;ROBAK;EMRECIKSIN
Sivasspor vs. Genclerbirligi - Friday April 29 - 2011,Genclerbirligi,hard,4-2-3-1,KARABULUT;SAM;BOZ;DEMIR;BALAK;CAN;AZOFEIFA;CALIK;DELIBALTA;MERIC;PEKTEMEK
Sivasspor vs. Genclerbirligi - Friday April 29 - 2011,Sivasspor,hard,4-4-2,CELIKAY;YERLIKAYA;IVANOVS;NAVRATIL;KAVUK;GROSICKI;BEKMEZCI;NAS;KILIC;PEDRIEL;ENERAMO
Antalyaspor vs. Bucaspor - Saturday April 30 - 2011,Antalyaspor,hard,4-3-3,CATKIC;TUNCER;BARIS;TURAN;SEKMAN;DAGASAN;INCEMAN;AGCAY;ATES;YILMAZ;TITA
Antalyaspor vs. Bucaspor - Saturday April 30 - 2011,Bucaspor,hard,4-4-2,KAHVECI;YANIK;BAHTIYAROGLU;BASDAG;GURACAR;KUCIK;TUNCER;JEBRIN;AYDIN;OZGEN;MENDY
Besiktas vs. Galatasaray - Saturday April 30 - 2011,Besiktas,easy,4-2-3-1,RECBER;KOYBASI;SIVOK;TORAMAN;DAG;MEHMET AURELIO;FERNANDES;SIMAO;GUTI;QUARESMA;BOBO
Besiktas vs. Galatasaray - Saturday April 30 - 2011,Galatasaray,easy,4-3-3,ERCETIN;BIRINCI;ZAN;CETIN;KURTULUS;AKMAN;SARP;CULIO;TURAN;BAROS;KAZIM-RICHARDS
Kasimpasa vs. Konyaspor - Saturday April 30 - 2011,Kasimpasa,hard,4-4-2,KOCAOGLU;TEBER;LUIZ HENRIQUE;ROBLEDO;OCAL;COLAK;KELLER;SARMOV;DIMITROV;MARTIN;GULEC
Kasimpasa vs. Konyaspor - Saturday April 30 - 2011,Konyaspor,hard,4-5-1,PAWELEK;SEDEF;MEJIA;ZAYATTE;ASLANTAS;DERE;GUNGOR;ARSLAN;CAGIRAN;EMRECIKSIN;ROBAK
Fenerbahce vs. Buyuksehir Belediyespor - Sunday May 1 - 2011,Buyuksehir Belediyespor,hard,4-3-3,BAHADIR;EKSIOGLU;ARAT;DEPE;SAHIN;HASPOLATLI;HOLMEN;TEKDEMIR;AKIN;TUM;HOLOSKO
Fenerbahce vs. Buyuksehir Belediyespor - Sunday May 1 - 2011,Fenerbahce,easy,4-2-3-1,DEMIREL;SANTOS;YOBO;LUGANO;GONUL;CRISTIAN;BELOZOGLU;STOCH;ALEX;TOPUZ;SENTURK
Kayserispor vs. Bursaspor - Sunday May 1 - 2011,Bursaspor,hard,4-2-3-1,OZKAN;WEDERSON;AZIZ;ERDOGAN;TANDOGAN;KIRITA;HAS;IPEK;BATALLA;SEN;MILLER
Kayserispor vs. Bursaspor - Sunday May 1 - 2011,Kayserispor,hard,4-2-3-1,DEGIRMENCI;KALDIRIM;CAKIR;KESIMAL;YILMAZ;DURAK;SANTANA;TEBER;ZIANI;BILGIN;AMRABAT
Manisaspor vs. Eskisehirspor - Sunday May 1 - 2011,Eskisehirspor,hard,4-2-3-1,IVESA;YAMAN;NADAREVIC;SARI;ARSLAN;KAYA;PELE;OZBAYRAKTAR;OZTURK;ESER;KARADENIZ
Manisaspor vs. Eskisehirspor - Sunday May 1 - 2011,Manisaspor,hard,4-3-3,AVCIBAY;AYDIN;DIXON;TOK;COKMUS;YILMAZ;GUVEN;ERDOGAN;SIMPSON;KAHE;GOKOGLAN
Trabzonspor vs. Gaziantepspor - Sunday May 1 - 2011,Gaziantepspor,hard,4-2-3-1,KARCEMARSKAS;IVAN;GUNGOR;NOUNKEU;KURTULUS;GUCER;CEYLAN;ADIN;WAGNER;SOSA;TOSUN
Trabzonspor vs. Gaziantepspor - Sunday May 1 - 2011,Trabzonspor,easy,4-4-2,ZENGIN;KORKMAZ;GLOWACKI;KACAR;BALCI;JAJA;INAN;COLMAN;YILMAZ;BULUT;BROZEK
Ankaragucu vs. Kardemir Dc Karabukspor - Monday May 2 - 2011,Ankaragucu,hard,4-4-2,SENECKY;DURUER;RAJNOCH;TOSCALI;UCAR;SAHIN;KAGAN SOYLEMEZGILLER;KOCAK;GABRIC;BEDNAR;TEKKE
Ankaragucu vs. Kardemir Dc Karabukspor - Monday May 2 - 2011,Kardemir Dc Karabukspor,hard,4-3-3,TOMIC;SELVI;DEUMI;OZDIN;ZENGIN;RAGUED;CERNAT;SOYLER;PARLAK;EMENIKE;AVCI
Eskisehirspor vs. Kayserispor - Friday May 6 - 2011,Eskisehirspor,hard,4-2-3-1,IVESA;YAMAN;NADAREVIC;SARI;ARSLAN;KAYA;PELE;ZENGIN;POTUK;OZBAYRAKTAR;KARAN
Eskisehirspor vs. Kayserispor - Friday May 6 - 2011,Kayserispor,hard,4-2-3-1,DEGIRMENCI;KALDIRIM;CAKIR;KESIMAL;TURACI;DURAK;BILGIN;AMRABAT;TROISI;BOYRAZ;SISMANOGLU
Buyuksehir Belediyespor vs. Antalyaspor - Saturday May 7 - 2011,Antalyaspor,hard,4-3-3,CATKIC;OZKAYNAK;RADELJIC;SEKMAN;TURAN;INCEMAN;DAGASAN;SERAS;ATES;CIHAN;TITA
Buyuksehir Belediyespor vs. Antalyaspor - Saturday May 7 - 2011,Buyuksehir Belediyespor,hard,4-3-3,ZULALOGLU;SUZEN;AKYUZ;SAHIN;KUS;KAYALI;INANC;KORKMAZ;GUZELDAL;UNAL;HOLOSKO
Gaziantepspor vs. Manisaspor - Saturday May 7 - 2011,Gaziantepspor,hard,4-2-3-1,KARCEMARSKAS;IVAN;AYHAN;GUNGOR;KURTULUS;GUCER;CEYLAN;SOSA;WAGNER;ADIN;TOSUN
Gaziantepspor vs. Manisaspor - Saturday May 7 - 2011,Manisaspor,hard,4-3-3,AVCIBAY;AYDIN;DIXON;TOK;COKMUS;YILMAZ;GUVEN;ERDOGAN;SIMPSON;KAHE;GOKOGLAN
Bucaspor vs. Trabzonspor - Sunday May 8 - 2011,Bucaspor,hard,4-2-3-1,KAHVECI;COREKCI;GURACAR;BASDAG;LEKO;TUNCER;JEBRIN;KUCIK;MENDY;AYDIN;OZGEN
Bucaspor vs. Trabzonspor - Sunday May 8 - 2011,Trabzonspor,easy,4-4-2,ZENGIN;KORKMAZ;GLOWACKI;KACAR;BALCI;JAJA;INAN;COLMAN;YILMAZ;BULUT;BROZEK
Genclerbirligi vs. Konyaspor - Sunday May 8 - 2011,Genclerbirligi,hard,4-2-3-1,KARABULUT;KALKAN;DEMIR;BOZ;SAM;CAN;AZOFEIFA;OZTEKIN;DELIBALTA;MERIC;ZEC
Genclerbirligi vs. Konyaspor - Sunday May 8 - 2011,Konyaspor,hard,4-5-1,PAWELEK;SEDEF;KERE;ZAYATTE;ASLANTAS;DERE;ARSLAN;CAGIRAN;GUNGOR;EMRECIKSIN;ROBAK
Kardemir Dc Karabukspor vs. Fenerbahce - Sunday May 8 - 2011,Fenerbahce,easy,4-2-3-1,DEMIREL;SANTOS;LUGANO;YOBO;GONUL;SAHIN;BELOZOGLU;STOCH;ALEX;TOPUZ;NIANG
Kardemir Dc Karabukspor vs. Fenerbahce - Sunday May 8 - 2011,Kardemir Dc Karabukspor,hard,4-2-3-1,TOMIC;SERIC;DEUMI;OZDIN;ZENGIN;RAGUED;SOYLER;PARLAK;CERNAT;AVCI;ANGELOV
Sivasspor vs. Ankaragucu - Sunday May 8 - 2011,Ankaragucu,hard,4-4-2,SENECKY;DURUER;TOSCALI;UCAR;VAROL;SAHIN;KOCAK;SOZEN;GABRIC;VITTEK;TEKKE
Sivasspor vs. Ankaragucu - Sunday May 8 - 2011,Sivasspor,hard,4-4-2,CELIKAY;YERLIKAYA;BAYRAK;NAVRATIL;KAVUK;YILMAZ;BEKMEZCI;NAS;KILIC;YILDIZ;PEDRIEL
Galatasaray vs. Kasimpasa - Monday May 9 - 2011,Galatasaray,easy,4-2-3-1,ERCETIN;BIRINCI;CETIN;ZAN;SARIOGLU;AKMAN;KURTULUS;CULIO;COLAK;KAZIM-RICHARDS;STANCU
Galatasaray vs. Kasimpasa - Monday May 9 - 2011,Kasimpasa,hard,4-4-2,KOCAOGLU;TEBER;LUIZ HENRIQUE;ROBLEDO;OCAL;DIMITROV;OZTURK;SARMOV;COLAK;MARTIN;AYGUNES
Antalyaspor vs. Kardemir Dc Karabukspor - Friday May 13 - 2011,Antalyaspor,hard,4-3-3,NDJOCK;TUNCER;BARIS;TURAN;AGCAY;INCEMAN;DAGASAN;SERAS;TITA;ATES;ZITOUNI
Antalyaspor vs. Kardemir Dc Karabukspor - Friday May 13 - 2011,Kardemir Dc Karabukspor,hard,4-5-1,TOMIC;SERIC;DEUMI;OZDIN;ZENGIN;CERNAT;RAGUED;OZMERT;HIKMET;PARLAK;ANGELOV
Genclerbirligi vs. Galatasaray - Saturday May 14 - 2011,Galatasaray,easy,4-2-3-1,CEYLAN;INSUA;CETIN;ZAN;SARIOGLU;KURTULUS;CULIO;COLAK;KEWELL;KAZIM-RICHARDS;STANCU
Genclerbirligi vs. Galatasaray - Saturday May 14 - 2011,Genclerbirligi,hard,4-2-3-1,KARABULUT;KALKAN;DEMIR;KULUSIC;SAM;AKGUN;JEDINAK;OZTEKIN;DELIBALTA;MERIC;AYGUN
Konyaspor vs. Sivasspor - Saturday May 14 - 2011,Konyaspor,hard,4-5-1,PAWELEK;SEDEF;MEJIA;ZAYATTE;ASLANTAS;DERE;CAGIRAN;GRAJCIAR;ARSLAN;EMRECIKSIN;ROBAK
Konyaspor vs. Sivasspor - Saturday May 14 - 2011,Sivasspor,hard,4-4-2,SEKER;ERDAL;BAYRAK;NAVRATIL;DERELI;MENDONCA;RADA;YILMAZ;GROSICKI;YILDIZ;ENERAMO
Manisaspor vs. Bucaspor - Saturday May 14 - 2011,Bucaspor,hard,4-2-3-1,KAHVECI;COREKCI;GURACAR;BASDAG;CEVIK;TUNCER;JEBRIN;KUCIK;MENDY;AYDIN;OZGEN
Manisaspor vs. Bucaspor - Saturday May 14 - 2011,Manisaspor,hard,4-4-2,AVCIBAY;AYDIN;DIXON;KALABANE;BARIS;SIMPSON;YILMAZ;ERDOGAN;GOKOGLAN;PROMISE;MANUCHO
Fenerbahce vs. Ankaragucu - Sunday May 15 - 2011,Ankaragucu,hard,4-3-3,SENECKY;CEK;RAJNOCH;TOSCALI;UCAR;KOCAK;KAGAN SOYLEMEZGILLER;DURUER;SESTAK;TEKKE;VITTEK
Fenerbahce vs. Ankaragucu - Sunday May 15 - 2011,Fenerbahce,easy,4-2-3-1,DEMIREL;SANTOS;LUGANO;YOBO;GONUL;SAHIN;BELOZOGLU;STOCH;ALEX;TOPUZ;NIANG
Kasimpasa vs. Bursaspor - Sunday May 15 - 2011,Bursaspor,hard,4-4-2,OZKAN;WEDERSON;AZIZ;OZTURK;TANDOGAN;IPEK;KIRITA;HAS;SEN;MILLER;BAHADIR
Kasimpasa vs. Bursaspor - Sunday May 15 - 2011,Kasimpasa,hard,4-4-2,KOCAOGLU;TEBER;ROBLEDO;ACIL;ONER;DIMITROV;TJIKUZU;ANWULI;COLAK;AYDIN;AYGUNES
Kayserispor vs. Gaziantepspor - Sunday May 15 - 2011,Gaziantepspor,hard,4-2-3-1,BIRNICAN;IVAN;GUNGOR;NOUNKEU;KURTULUS;CEYLAN;ZURITA;POPOV;WAGNER;ADIN;TOSUN
Kayserispor vs. Gaziantepspor - Sunday May 15 - 2011,Kayserispor,hard,4-4-2,DEGIRMENCI;CAKIR;KESIMAL;TURACI;DURAK;TROISI;ZIANI;TEBER;AMRABAT;SISMANOGLU;AYDILEK
Trabzonspor vs. Buyuksehir Belediyespor - Sunday May 15 - 2011,Buyuksehir Belediyespor,hard,4-2-3-1,BAHADIR;SUZEN;ARAT;DEPE;SAHIN;INANC;TEKDEMIR;AKIN;HOLMEN;HOLOSKO;TUM
Trabzonspor vs. Buyuksehir Belediyespor - Sunday May 15 - 2011,Trabzonspor,easy,4-4-2,ZENGIN;KORKMAZ;KACAR;YUMLU;BALCI;JAJA;INAN;COLMAN;YILMAZ;BULUT;BROZEK
Besiktas vs. Eskisehirspor - Monday May 16 - 2011,Besiktas,easy,4-2-3-1,GONEN;DAG;NUKAN;SIVOK;SIMSEK;UYSAL;GUTI;SIMAO;FERNANDES;QUARESMA;ALMEIDA
Besiktas vs. Eskisehirspor - Monday May 16 - 2011,Eskisehirspor,hard,4-2-3-1,IVESA;COSKUN;NADAREVIC;SARI;ARSLAN;PELE;KAYA;ZENGIN;OZTURK;POTUK;OZBAYRAKTAR
Buyuksehir Belediyespor vs. Manisaspor - Friday May 20 - 2011,Buyuksehir Belediyespor,hard,4-3-3,ZULALOGLU;EKSIOGLU;AKYUZ;ARAT;KUS;HASPOLATLI;HOLMEN;TEKDEMIR;KOSE;ALIN;HOLOSKO
Buyuksehir Belediyespor vs. Manisaspor - Friday May 20 - 2011,Manisaspor,hard,4-3-3,AVCIBAY;BARIS;TOK;INCEDEMIR;DIXON;YILMAZ;GUVEN;ERDOGAN;SIMPSON;KAHE;GOKOGLAN
Galatasaray vs. Konyaspor - Friday May 20 - 2011,Galatasaray,easy,4-4-2,CEYLAN;BIRINCI;CETIN;ZAN;SARIOGLU;CULIO;KURTULUS;COLAK;YILMAZ;KAZIM-RICHARDS;KEWELL
Galatasaray vs. Konyaspor - Friday May 20 - 2011,Konyaspor,hard,4-3-3,PAWELEK;SEDEF;KERE;MEJIA;ASLANTAS;CAGIRAN;ARSLAN;GUNGOR;DERE;ROBAK;EMRECIKSIN
Ankaragucu vs. Antalyaspor - Saturday May 21 - 2011,Ankaragucu,hard,4-3-3,OLGUN;CEK;RAJNOCH;TOSCALI;UCAR;KOCAK;KAGAN SOYLEMEZGILLER;DURUER;SESTAK;VITTEK;GABRIC
Ankaragucu vs. Antalyaspor - Saturday May 21 - 2011,Antalyaspor,hard,4-3-3,NDJOCK;TUNCER;RADELJIC;SEKMAN;TURAN;ATALAY;DAGASAN;SERAS;ATES;YILMAZ;TITA
Bucaspor vs. Kayserispor - Saturday May 21 - 2011,Bucaspor,hard,4-4-2,KAHVECI;COREKCI;TUNCER;INCEBACAK;CEVIK;KUCIK;LEKO;JEBRIN;AYDIN;OZGEN;MENDY
Bucaspor vs. Kayserispor - Saturday May 21 - 2011,Kayserispor,hard,4-4-2,DEGIRMENCI;KALDIRIM;CAKIR;KESIMAL;TURACI;TROISI;SANTANA;DURAK;BOYRAZ;SISMANOGLU;AYDILEK
Bursaspor vs. Genclerbirligi - Saturday May 21 - 2011,Bursaspor,hard,4-4-2,OZKAN;WEDERSON;AZIZ;OZTURK;TANDOGAN;IPEK;KIRITA;HAS;SEN;ALTIDORE;BAHADIR
Bursaspor vs. Genclerbirligi - Saturday May 21 - 2011,Genclerbirligi,hard,4-2-3-1,KOSE;SAM;DEMIR;OZSARAC;AYGUN;AKGUN;CURRI;OZTEKIN;AZOFEIFA;MERIC;ZEC
Gaziantepspor vs. Besiktas - Saturday May 21 - 2011,Besiktas,easy,4-2-3-1,ARIKAN;DAG;NUKAN;GUVEN;SIMSEK;UYSAL;MEHMET AURELIO;KOYBASI;BAYRAMOGLU;HILBERT;BOBO
Gaziantepspor vs. Besiktas - Saturday May 21 - 2011,Gaziantepspor,hard,4-2-3-1,BIRNICAN;IVAN;GUNGOR;NOUNKEU;KURTULUS;GULLE;ZURITA;POPOV;WAGNER;ADIN;SOSA
Eskisehirspor vs. Kasimpasa - Sunday May 22 - 2011,Eskisehirspor,hard,4-2-3-1,KOCA;ARSLAN;DIEGO ANGELO;COSKUN;SARI;ERTUGRUL;POTUK;ZENGIN;TELLO;ESER;OZBAYRAKTAR
Eskisehirspor vs. Kasimpasa - Sunday May 22 - 2011,Kasimpasa,hard,4-2-3-1,KOCAOGLU;TEBER;LUIZ HENRIQUE;ROBLEDO;ONER;TJIKUZU;OZTURK;COLAK;ENGIN;KALA;MARTIN
Kardemir Dc Karabukspor vs. Trabzonspor - Sunday May 22 - 2011,Kardemir Dc Karabukspor,hard,4-2-3-1,TOMIC;SERIC;DEUMI;OZDIN;COELHO;RAGUED;SOYLER;CERNAT;OZMERT;ZENGIN;PARLAK
Kardemir Dc Karabukspor vs. Trabzonspor - Sunday May 22 - 2011,Trabzonspor,easy,4-2-3-1,ZENGIN;BROZEK;KORKMAZ;KACAR;BALCI;INAN;COLMAN;JAJA;ALANZINHO;BULUT;BROZEK
Sivasspor vs. Fenerbahce - Sunday May 22 - 2011,Fenerbahce,easy,4-2-3-1,DEMIREL;SANTOS;LUGANO;YOBO;GONUL;SAHIN;BELOZOGLU;STOCH;ALEX;TOPUZ;NIANG
Sivasspor vs. Fenerbahce - Sunday May 22 - 2011,Sivasspor,hard,4-2-3-1,CELIKAY;YERLIKAYA;BAYRAK;NAVRATIL;KAVUK;BEKMEZCI;NAS;GROSICKI;KILIC;PEDRIEL;ENERAMO
