game,team,difficulty,formation,lineup
Ankaragucu vs. Galatasaray - Friday August 10 - 2018,Ankaragucu,hard,4-4-2,HOPF;PINTO;AYHAN;KONE;OZGENC;MOKHTAR;MORKAYA;FATY;BIFOUMA;EL KABIR;PARLAK
Ankaragucu vs. Galatasaray - Friday August 10 - 2018,Galatasaray,easy,4-4-2,MUSLERA;NAGATOMO;AZIZ;MAICON;MARIANO;RODRIGUES;FERNANDO;DONK;ONYEKURU;DERDIYOK;GUMUS
Fenerbahce vs. Bursaspor - Saturday August 11 - 2018,Bursaspor,hard,4-2-3-1,TEKIN;BEHICH;ERSOY;TROOST-EKONG;YARDIMCI;KARA;BADJI;ERDOGAN;SOYALP;ALLANO;NECID
Fenerbahce vs. Bursaspor - Saturday August 11 - 2018,Fenerbahce,easy,4-2-3-1,DEMIREL;KALDIRIM;NEUSTADTER;SKRTEL;ISLA;TOPAL;SOUZA;AYEW;GIULIANO;ALICI;SOLDADO
Rizespor vs. Kasimpasa - Saturday August 11 - 2018,Kasimpasa,hard,4-2-3-1,KOSE;VEIGNEAU;BEN YOUSSEF;SARI;POPOV;SADIKU;KHALILI;TREZEGUET;DEPE;EDUOK;DIAGNE
Rizespor vs. Kasimpasa - Saturday August 11 - 2018,Rizespor,hard,4-2-3-1,AKKAN;USLU;BRABEC;SAADANE;OVACIKLI;CAMDALI;YALCIN;SAMUDIO;CAGIRAN;UMAR;MURIQI
Sivasspor vs. Alanyaspor - Saturday August 11 - 2018,Alanyaspor,hard,4-2-3-1,YILMAZ;N'SAKALA;TZAVELLAS;WELINTON;BAIANO;SACKEY;FILIPE AUGUSTO;DJALMA;KARACA;VILLAFANEZ;BOBO
Sivasspor vs. Alanyaspor - Saturday August 11 - 2018,Sivasspor,hard,4-4-2,ACAR;ERDAL;CIFTCI;MEDJANI;DOUGLAS;KILINC;RYBALKA;ARSLAN;YANDAS;KONE;ROBINHO
Basaksehir vs. Trabzonspor - Sunday August 12 - 2018,Basaksehir,hard,4-1-4-1,GUNOK;CLICHY;EPUREANU;DA COSTA;JUNIOR CAICARA;INLER;ELIA;JOJIC;AYDOGDU;VISCA;BAJIC
Basaksehir vs. Trabzonspor - Sunday August 12 - 2018,Trabzonspor,easy,4-2-3-1,KIVRAK;IBANEZ;AKBAS;TOURE;PEREIRA;ONAZI;KUCKA;OMUR;SOSA;YAZICI;RODALLEGA
Besiktas vs. Akhisarspor - Sunday August 12 - 2018,Akhisarspor,hard,4-2-3-1,OZTURK;BAYRAM;OSMANPASA;YUMLU;VRSAJEVIC;CEVIKER;SISSOKO;LARSSON;KISA;LOPES;SELEZNYOV
Besiktas vs. Akhisarspor - Sunday August 12 - 2018,Besiktas,easy,4-2-3-1,ZENGIN;ERKIN;PEPE;UYSAL;GONUL;MEDEL;ARSLAN;BABEL;OZYAKUP;LENS;LARIN
Goztepe vs. Yeni Malatyaspor - Sunday August 12 - 2018,Goztepe,hard,4-4-2,BETO;TRAORE;TITI;WALLACE;GASSAMA;AKBUNAR;POKO;CASTRO;GOUFFRAN;GHILAS;KADAH
Goztepe vs. Yeni Malatyaspor - Sunday August 12 - 2018,Yeni Malatyaspor,hard,4-2-3-1,OZBIR;CHEBAKE;CIFTPINAR;MINA;SINCERE;ILDIZ;GUILHERME;BUYUK;ALEKSIC;DIA;BOUTAIB
Konyaspor vs. Buyuksehir Belediye Erzurumspor - Sunday August 12 - 2018,Buyuksehir Belediye Erzurumspor,hard,4-2-3-1,CANBAZOGLU;ARSLAN;GOR;SCHWECHLEN;UNLU;SCUK;ANTALYALI;CELENK;HURMACI;SUNU;THY
Konyaspor vs. Buyuksehir Belediye Erzurumspor - Sunday August 12 - 2018,Konyaspor,hard,4-4-2,KIRINTILI;OZTORUN;TURAN;DEMIROK;SKUBIC;FOFANA;JONSSON;FINDIKLI;SAHINER;YATABARE;JAHOVIC
Kayserispor vs. Antalyaspor - Monday August 13 - 2018,Antalyaspor,hard,4-2-3-1,BOFFIN;OKSUZ;DIEGO ANGELO;CELUSTKA;SANGARE;VAINQUEUR;CHARLES;MAICON BOLT;OZMERT;DANILO;DOUKARA
Kayserispor vs. Antalyaspor - Monday August 13 - 2018,Kayserispor,hard,4-2-3-1,SILVIU LUNG JR;AYTAC;KANA-BIYIK;SAPUNARU;LOPES;ROTMAN;MENSAH;VARELA;CHERY;TURUC;BULUT
Trabzonspor vs. Sivasspor - Friday August 17 - 2018,Sivasspor,hard,4-4-2,ACAR;ERDAL;CIFTCI;MEDJANI;DOUGLAS;KILINC;N'DINGA;ARSLAN;RYBALKA;KONE;ROBINHO
Trabzonspor vs. Sivasspor - Friday August 17 - 2018,Trabzonspor,easy,4-2-3-1,KIVRAK;NOVAK;HOSSEINI;TOURE;PEREIRA;ONAZI;SOSA;SAHAN;OMUR;YAZICI;RODALLEGA
Antalyaspor vs. Konyaspor - Saturday August 18 - 2018,Antalyaspor,hard,4-4-2,BOFFIN;CHICO;DIEGO ANGELO;CELUSTKA;SANGARE;SINIK;OZMERT;VAINQUEUR;DANILO;DOUKARA;MAICON BOLT
Antalyaspor vs. Konyaspor - Saturday August 18 - 2018,Konyaspor,hard,4-4-2,KIRINTILI;OZTORUN;DEMIROK;TURAN;SKUBIC;FOFANA;JONSSON;FINDIKLI;SAHINER;YATABARE;JAHOVIC
Bursaspor vs. Kayserispor - Saturday August 18 - 2018,Bursaspor,hard,4-2-3-1,TEKIN;BEHICH;ERSOY;YARDIMCI;KAPACAK;KARA;BADJI;ERDOGAN;SOYALP;ALLANO;STANCU
Bursaspor vs. Kayserispor - Saturday August 18 - 2018,Kayserispor,hard,4-2-3-1,SILVIU LUNG JR;AYTAC;KANA-BIYIK;SAPUNARU;LOPES;ROTMAN;MENSAH;VARELA;CHERY;TURUC;BULUT
Yeni Malatyaspor vs. Fenerbahce - Saturday August 18 - 2018,Fenerbahce,easy,4-2-3-1,DEMIREL;KALDIRIM;NEUSTADTER;SKRTEL;OZBAYRAKLI;TOPAL;SOUZA;ALICI;EKICI;AYEW;SLIMANI
Yeni Malatyaspor vs. Fenerbahce - Saturday August 18 - 2018,Yeni Malatyaspor,hard,4-2-3-1,OZBIR;CAGIRAN;CIFTPINAR;MINA;SINCERE;ILDIZ;GUILHERME;BUYUK;ALEKSIC;PEREIRA;BOUTAIB
Akhisarspor vs. Rizespor - Sunday August 19 - 2018,Akhisarspor,hard,4-2-3-1,OZTURK;BAYRAM;OSMANPASA;YUMLU;VRSAJEVIC;SERGINHO;SISSOKO;MANU;KISA;LOPES;SELEZNYOV
Akhisarspor vs. Rizespor - Sunday August 19 - 2018,Rizespor,hard,4-2-3-1,AKKAN;USLU;BRABEC;SAADANE;FINK;CAMDALI;YALCIN;UMAR;CAGIRAN;SAMUDIO;MURIQI
Alanyaspor vs. Ankaragucu - Sunday August 19 - 2018,Alanyaspor,hard,4-2-3-1,YILMAZ;N'SAKALA;TZAVELLAS;BASDAS;BAIANO;SACKEY;FILIPE AUGUSTO;DJALMA;KARACA;VILLAFANEZ;BOBO
Alanyaspor vs. Ankaragucu - Sunday August 19 - 2018,Ankaragucu,hard,4-4-2,HOPF;PINTO;AYHAN;KONE;OZGENC;MOKHTAR;MORKAYA;FATY;BIFOUMA;EL KABIR;PARLAK
Buyuksehir Belediye Erzurumspor vs. Besiktas - Sunday August 19 - 2018,Besiktas,easy,4-2-3-1,ZENGIN;ADRIANO;VIDA;PEPE;GONUL;UYSAL;MEDEL;BABEL;OZYAKUP;QUARESMA;NEGREDO
Buyuksehir Belediye Erzurumspor vs. Besiktas - Sunday August 19 - 2018,Buyuksehir Belediye Erzurumspor,hard,4-2-3-1,CANBAZOGLU;ARSLAN;GOR;SCHWECHLEN;UNLU;SCUK;ANTALYALI;BASSAN;HURMACI;SUNU;MUNSY
Galatasaray vs. Goztepe - Sunday August 19 - 2018,Galatasaray,easy,4-2-3-1,MUSLERA;NAGATOMO;MAICON;CALIK;MARIANO;FERNANDO;DONK;ONYEKURU;BELHANDA;GUMUS;DERDIYOK
Galatasaray vs. Goztepe - Sunday August 19 - 2018,Goztepe,hard,4-1-4-1,BAKIRBAS;TRAORE;TITI;WALLACE;GASSAMA;OZTURK;OZTEKIN;BINGOL;BORGES;AKBUNAR;KADAH
Kasimpasa vs. Basaksehir - Monday August 20 - 2018,Basaksehir,hard,4-2-3-1,GUNOK;UCAR;EPUREANU;DA COSTA;JUNIOR CAICARA;TEKDEMIR;BELOZOGLU;FREI;KAHVECI;VISCA;ADEBAYOR
Kasimpasa vs. Basaksehir - Monday August 20 - 2018,Kasimpasa,hard,4-2-3-1,KOSE;VEIGNEAU;SARI;BEN YOUSSEF;POPOV;SADIKU;SERBEST;TREZEGUET;DEPE;EDUOK;DIAGNE
Rizespor vs. Buyuksehir Belediye Erzurumspor - Friday August 24 - 2018,Buyuksehir Belediye Erzurumspor,hard,4-2-3-1,SEHIC;SCHWECHLEN;GOR;KORKMAZ;UNLU;SCUK;ANTALYALI;BASSAN;HURMACI;KHUBULOV;MUNSY
Rizespor vs. Buyuksehir Belediye Erzurumspor - Friday August 24 - 2018,Rizespor,hard,4-2-3-1,AKKAN;USLU;BRABEC;SAADANE;FINK;CAMDALI;YALCIN;UMAR;CAGIRAN;SAMUDIO;MURIQI
Ankaragucu vs. Trabzonspor - Saturday August 25 - 2018,Ankaragucu,hard,4-3-3,HOPF;PINTO;AYHAN;KONE;OZGENC;MOULIN;MORKAYA;FATY;MOKHTAR;EL KABIR;PARLAK
Ankaragucu vs. Trabzonspor - Saturday August 25 - 2018,Trabzonspor,easy,4-2-3-1,KIVRAK;NOVAK;HOSSEINI;TOURE;PEREIRA;ONAZI;SOSA;SAHAN;OMUR;YAZICI;RODALLEGA
Goztepe vs. Fenerbahce - Saturday August 25 - 2018,Fenerbahce,easy,4-2-3-1,DEMIREL;KALDIRIM;NEUSTADTER;SKRTEL;ISLA;ELMAS;TOPAL;POTUK;AYEW;DIRAR;SLIMANI
Goztepe vs. Fenerbahce - Saturday August 25 - 2018,Goztepe,hard,4-2-3-1,BETO;TRAORE;TITI;WALLACE;GASSAMA;OZTURK;BORGES;OZTEKIN;BINGOL;AKBUNAR;KADAH
Kayserispor vs. Yeni Malatyaspor - Saturday August 25 - 2018,Kayserispor,hard,4-2-3-1,SILVIU LUNG JR;TURAN;SAPUNARU;KANA-BIYIK;LOPES;ROTMAN;MENSAH;BASACIKOGLU;CHERY;TURUC;BULUT
Kayserispor vs. Yeni Malatyaspor - Saturday August 25 - 2018,Yeni Malatyaspor,hard,4-2-3-1,OZBIR;CAGIRAN;CIFTPINAR;MINA;SINCERE;ILDIZ;GUILHERME;BUYUK;ALEKSIC;PEREIRA;BOUTAIB
Besiktas vs. Antalyaspor - Sunday August 26 - 2018,Antalyaspor,hard,4-2-3-1,BOFFIN;CELUSTKA;DIEGO ANGELO;OZTURK;SANGARE;VAINQUEUR;OZMERT;SINIK;KURTULUS;ALPSOY;DOUKARA
Besiktas vs. Antalyaspor - Sunday August 26 - 2018,Besiktas,easy,4-2-3-1,YUVAKURAN;ERKIN;PEPE;VIDA;ADRIANO;MEDEL;ARSLAN;BABEL;OZYAKUP;QUARESMA;NEGREDO
Konyaspor vs. Bursaspor - Sunday August 26 - 2018,Bursaspor,hard,4-2-3-1,TEKIN;BEHICH;ERSOY;YARDIMCI;KAPACAK;SAIVET;KARA;ALLANO;SOYALP;ERDOGAN;STANCU
Konyaspor vs. Bursaspor - Sunday August 26 - 2018,Konyaspor,hard,4-4-2,KIRINTILI;OZTORUN;DEMIROK;AY;SKUBIC;FOFANA;MOKE;JONSSON;SAHINER;YATABARE;JAHOVIC
Sivasspor vs. Kasimpasa - Sunday August 26 - 2018,Kasimpasa,hard,4-2-3-1,KOSE;VEIGNEAU;SARI;BEN YOUSSEF;POPOV;SADIKU;SERBEST;TREZEGUET;DEPE;EDUOK;DIAGNE
Sivasspor vs. Kasimpasa - Sunday August 26 - 2018,Sivasspor,hard,4-4-2,VURAL;CIFTCI;MEDJANI;DAVID BRAZ;DOUGLAS;ERDAL;RYBALKA;ARSLAN;KILINC;KONE;ROBINHO
Basaksehir vs. Akhisarspor - Monday August 27 - 2018,Akhisarspor,hard,4-2-3-1,OZTURK;BAYRAM;OSMANPASA;YUMLU;CEVIKER;SERGINHO;SISSOKO;LARSSON;KISA;VURAL;MANU
Basaksehir vs. Akhisarspor - Monday August 27 - 2018,Basaksehir,hard,4-2-3-1,GUNOK;UCAR;EPUREANU;DA COSTA;JUNIOR CAICARA;TEKDEMIR;BELOZOGLU;FREI;KAHVECI;VISCA;NAPOLEONI
Galatasaray vs. Alanyaspor - Monday August 27 - 2018,Alanyaspor,hard,4-2-3-1,YILMAZ;N'SAKALA;TZAVELLAS;BASDAS;ALKILIC;MANIATIS;YALCINER;DJALMA;VILLAFANEZ;KARACA;BOBO
Galatasaray vs. Alanyaspor - Monday August 27 - 2018,Galatasaray,easy,4-3-3,MUSLERA;NAGATOMO;CALIK;MAICON;MARIANO;BELHANDA;FERNANDO;AKBABA;ONYEKURU;DERDIYOK;GUMUS
Yeni Malatyaspor vs. Konyaspor - Friday August 31 - 2018,Konyaspor,hard,4-2-3-1,KIRINTILI;OZTORUN;DEMIROK;AY;SKUBIC;JONSSON;JEVTOVIC;FOFANA;MILOSEVIC;BORA;YATABARE
Yeni Malatyaspor vs. Konyaspor - Friday August 31 - 2018,Yeni Malatyaspor,hard,4-2-3-1,OZBIR;CHEBAKE;CIFTPINAR;MINA;SINCERE;CAGIRAN;GUILHERME;BOUTAIB;ALEKSIC;PEREIRA;BUYUK
Akhisarspor vs. Sivasspor - Saturday September 1 - 2018,Akhisarspor,hard,4-2-3-1,OZTURK;KELES;OSMANPASA;YUMLU;CEVIKER;ATASEVEN;SISSOKO;REGATTIN;JOSUE;VURAL;MANU
Akhisarspor vs. Sivasspor - Saturday September 1 - 2018,Sivasspor,hard,4-4-2,VURAL;CIFTCI;MEDJANI;DAVID BRAZ;DOUGLAS;ERDAL;RYBALKA;ARSLAN;KILINC;KONE;ROBINHO
Alanyaspor vs. Goztepe - Saturday September 1 - 2018,Alanyaspor,hard,4-1-4-1,CEYLAN;N'SAKALA;TZAVELLAS;DEMIRAL;BAIANO;SACKEY;DJALMA;GULSELAM;MANIATIS;VILLAFANEZ;BOBO
Alanyaspor vs. Goztepe - Saturday September 1 - 2018,Goztepe,hard,4-2-3-1,BETO;TRAORE;TITI;WALLACE;GASSAMA;POKO;BORGES;OZTEKIN;BINGOL;AKBUNAR;KADAH
Fenerbahce vs. Kayserispor - Saturday September 1 - 2018,Fenerbahce,easy,4-3-3,TEKIN;KALDIRIM;NEUSTADTER;SKRTEL;OZBAYRAKLI;ELMAS;REYES;EKICI;VALBUENA;SLIMANI;AYEW
Fenerbahce vs. Kayserispor - Saturday September 1 - 2018,Kayserispor,hard,4-2-3-1,SILVIU LUNG JR;TURAN;KANA-BIYIK;SAPUNARU;LOPES;ROTMAN;MENSAH;BASACIKOGLU;CHERY;TURUC;BULUT
Trabzonspor vs. Galatasaray - Saturday September 1 - 2018,Galatasaray,easy,4-3-3,MUSLERA;NAGATOMO;CALIK;MAICON;MARIANO;BELHANDA;FERNANDO;AKBABA;ONYEKURU;DERDIYOK;GUMUS
Trabzonspor vs. Galatasaray - Saturday September 1 - 2018,Trabzonspor,easy,4-2-3-1,KIVRAK;NOVAK;AKBAS;HOSSEINI;PEREIRA;ONAZI;SOSA;NWAKAEME;YAZICI;SAHAN;RODALLEGA
Antalyaspor vs. Rizespor - Sunday September 2 - 2018,Antalyaspor,hard,4-2-3-1,BOFFIN;CELUSTKA;DIEGO ANGELO;OZTURK;SANGARE;OZMERT;KURTULUS;SINIK;DANILO;ALPSOY;DOUKARA
Antalyaspor vs. Rizespor - Sunday September 2 - 2018,Rizespor,hard,4-2-3-1,AKKAN;USLU;BRABEC;SAADANE;OVACIKLI;CAMDALI;YALCIN;UMAR;FERNANDO BOLDRIN;KOC;MURIQI
Bursaspor vs. Besiktas - Sunday September 2 - 2018,Besiktas,easy,4-2-3-1,KARIUS;ADRIANO;PEPE;VIDA;GONUL;MEDEL;ARSLAN;BABEL;OZYAKUP;QUARESMA;NEGREDO
Bursaspor vs. Besiktas - Sunday September 2 - 2018,Bursaspor,hard,4-2-3-1,KOCUK;LATOVLEVICI;CHEDJOU;ERSOY;YARDIMCI;SAIVET;KARA;ALLANO;SOYALP;KAPACAK;STANCU
Buyuksehir Belediye Erzurumspor vs. Basaksehir - Sunday September 2 - 2018,Basaksehir,hard,4-2-3-1,GUNOK;UCAR;EPUREANU;ATTAMAH;JUNIOR CAICARA;TEKDEMIR;AYDOGDU;NAPOLEONI;KAHVECI;VISCA;ADEBAYOR
Buyuksehir Belediye Erzurumspor vs. Basaksehir - Sunday September 2 - 2018,Buyuksehir Belediye Erzurumspor,hard,4-2-3-1,SEHIC;SCHWECHLEN;GOR;KORKMAZ;UNLU;SCUK;ANTALYALI;CELENK;HURMACI;BASSAN;MUNSY
Kasimpasa vs. Ankaragucu - Sunday September 2 - 2018,Ankaragucu,hard,4-2-3-1,HOPF;PINTO;KONE;KUBALAS;OZGENC;FATY;MOULIN;MOKHTAR;PARLAK;BIFOUMA;EL KABIR
Kasimpasa vs. Ankaragucu - Sunday September 2 - 2018,Kasimpasa,hard,4-2-3-1,KOSE;VEIGNEAU;SARI;BEN YOUSSEF;POPOV;SADIKU;SERBEST;TREZEGUET;DEPE;EDUOK;DIAGNE
Galatasaray vs. Kasimpasa - Friday September 14 - 2018,Galatasaray,easy,4-2-3-1,MUSLERA;NAGATOMO;AZIZ;KABAK;LINNES;DONK;NDIAYE;RODRIGUES;AKBABA;GUMUS;DERDIYOK
Galatasaray vs. Kasimpasa - Friday September 14 - 2018,Kasimpasa,hard,4-2-3-1,KOSE;VEIGNEAU;SARI;BEN YOUSSEF;POPOV;SADIKU;PAVELKA;TREZEGUET;DEPE;EDUOK;DIAGNE
Ankaragucu vs. Akhisarspor - Saturday September 15 - 2018,Akhisarspor,hard,4-2-3-1,OZTURK;KELES;NOUNKEU;OSMANPASA;VRSAJEVIC;ATASEVEN;SISSOKO;VURAL;KISA;BARBOSA;REGATTIN
Ankaragucu vs. Akhisarspor - Saturday September 15 - 2018,Ankaragucu,hard,4-4-2,HOPF;PINTO;HEURTAUX;KUBALAS;OZGENC;MOKHTAR;DJA DJEDJE;FATY;BIFOUMA;EL KABIR;PARLAK
Besiktas vs. Yeni Malatyaspor - Saturday September 15 - 2018,Besiktas,easy,4-2-3-1,KARIUS;ERKIN;VIDA;PEPE;GONUL;MEDEL;OZYAKUP;LENS;LJAJIC;QUARESMA;NEGREDO
Besiktas vs. Yeni Malatyaspor - Saturday September 15 - 2018,Yeni Malatyaspor,hard,4-2-3-1,OZBIR;KAS;CIFTPINAR;MINA;CHEBAKE;YILDIRIM;DONALD;BUYUK;GUILHERME;ALEKSIC;BOUTAIB
Goztepe vs. Kayserispor - Saturday September 15 - 2018,Goztepe,hard,4-1-4-1,BETO;TRAORE;TITI;WALLACE;GASSAMA;OZTURK;OZTEKIN;CASTRO;BORGES;AKBUNAR;JEROME
Goztepe vs. Kayserispor - Saturday September 15 - 2018,Kayserispor,hard,4-2-3-1,SILVIU LUNG JR;TURAN;KANA-BIYIK;SAPUNARU;LOPES;ROTMAN;MENSAH;BASACIKOGLU;CHERY;TURUC;BULUT
Basaksehir vs. Antalyaspor - Sunday September 16 - 2018,Antalyaspor,hard,4-4-2,BOFFIN;CISSOKHO;DIEGO ANGELO;OZTURK;CELUSTKA;SINIK;KURTULUS;OZMERT;ALPSOY;ERDINC;DROLE
Basaksehir vs. Antalyaspor - Sunday September 16 - 2018,Basaksehir,hard,4-4-2,GUNOK;UCAR;EPUREANU;DA COSTA;JUNIOR CAICARA;ELIA;TEKDEMIR;KAHVECI;VISCA;ADEBAYOR;NAPOLEONI
Konyaspor vs. Fenerbahce - Sunday September 16 - 2018,Fenerbahce,easy,4-2-3-1,TEKIN;KOYBASI;NEUSTADTER;SKRTEL;OZBAYRAKLI;JAILSON;TOPAL;CHAHECHOUHE;BENZIA;AYEW;SLIMANI
Konyaspor vs. Fenerbahce - Sunday September 16 - 2018,Konyaspor,hard,4-2-3-1,KIRINTILI;OZTORUN;DEMIROK;AY;SKUBIC;JONSSON;JEVTOVIC;YATABARE;MILOSEVIC;SAHINER;JAHOVIC
Rizespor vs. Bursaspor - Sunday September 16 - 2018,Bursaspor,hard,4-2-3-1,KOCUK;LATOVLEVICI;CHEDJOU;ERSOY;YARDIMCI;SAIVET;KARA;ERDOGAN;SOYALP;ALLANO;SAKHO
Rizespor vs. Bursaspor - Sunday September 16 - 2018,Rizespor,hard,4-2-3-1,AKKAN;FINK;JACH;BRABEC;OVACIKLI;YALCIN;SAADANE;UMAR;FERNANDO BOLDRIN;SAMUDIO;MURIQI
Sivasspor vs. Buyuksehir Belediye Erzurumspor - Sunday September 16 - 2018,Buyuksehir Belediye Erzurumspor,hard,4-2-3-1,SEHIC;SCHWECHLEN;GOR;KORKMAZ;AUREMIR;SCUK;ANTALYALI;SUNU;TSHABALALA;BASSAN;THY
Sivasspor vs. Buyuksehir Belediye Erzurumspor - Sunday September 16 - 2018,Sivasspor,hard,4-4-2,VURAL;CIFTCI;DAVID BRAZ;MEDJANI;DOUGLAS;ERDAL;RYBALKA;ARSLAN;KILINC;KONE;ROBINHO
Alanyaspor vs. Trabzonspor - Monday September 17 - 2018,Alanyaspor,hard,4-3-3,CEYLAN;N'SAKALA;TZAVELLAS;DEMIRAL;BAIANO;GULSELAM;SACKEY;MANIATIS;KARACA;CISSE;VILLAFANEZ
Alanyaspor vs. Trabzonspor - Monday September 17 - 2018,Trabzonspor,easy,4-2-3-1,KIVRAK;NOVAK;AKBAS;TOURE;PEREIRA;ONAZI;SOSA;NWAKAEME;YAZICI;SAHAN;RODALLEGA
Bursaspor vs. Basaksehir - Friday September 21 - 2018,Basaksehir,hard,4-2-3-1,GUNOK;CLICHY;EPUREANU;ATTAMAH;JUNIOR CAICARA;TEKDEMIR;AYDOGDU;NAPOLEONI;KAHVECI;VISCA;ADEBAYOR
Bursaspor vs. Basaksehir - Friday September 21 - 2018,Bursaspor,hard,4-2-3-1,KOCUK;MERAS;CHEDJOU;ERSOY;YARDIMCI;KARA;BADJI;TORUN;SAIVET;ALLANO;SAKHO
Buyuksehir Belediye Erzurumspor vs. Ankaragucu - Friday September 21 - 2018,Ankaragucu,hard,5-4-1,HOPF;PINTO;KUBALAS;KONE;AYHAN;OZGENC;MOKHTAR;DJA DJEDJE;FATY;BIFOUMA;EL KABIR
Buyuksehir Belediye Erzurumspor vs. Ankaragucu - Friday September 21 - 2018,Buyuksehir Belediye Erzurumspor,hard,4-2-3-1,SEHIC;SCHWECHLEN;GOR;KORKMAZ;AUREMIR;SCUK;KONE;SUNU;AKDAG;BASSAN;MUNSY
Kayserispor vs. Konyaspor - Saturday September 22 - 2018,Kayserispor,hard,4-2-3-1,SILVIU LUNG JR;TURAN;GULEN;KANA-BIYIK;LOPES;ROTMAN;MENSAH;BASACIKOGLU;CHERY;TURUC;BULUT
Kayserispor vs. Konyaspor - Saturday September 22 - 2018,Konyaspor,hard,4-2-3-1,KIRINTILI;OZTORUN;DEMIROK;AY;SKUBIC;JONSSON;JEVTOVIC;FOFANA;MILOSEVIC;SAHINER;YATABARE
Trabzonspor vs. Goztepe - Saturday September 22 - 2018,Goztepe,hard,4-1-4-1,BETO;TRAORE;TITI;WALLACE;GASSAMA;OZTURK;OZTEKIN;BORGES;CASTRO;AKBUNAR;JEROME
Trabzonspor vs. Goztepe - Saturday September 22 - 2018,Trabzonspor,easy,4-2-3-1,KIVRAK;NOVAK;AKBAS;TOURE;PEREIRA;ONAZI;SOSA;AMIRI;YAZICI;OMUR;YILMAZ
Yeni Malatyaspor vs. Rizespor - Saturday September 22 - 2018,Rizespor,hard,4-2-3-1,AKKAN;FINK;JACH;BRABEC;OVACIKLI;YALCIN;SAADANE;UMAR;FERNANDO BOLDRIN;SAMUDIO;MURIQI
Yeni Malatyaspor vs. Rizespor - Saturday September 22 - 2018,Yeni Malatyaspor,hard,4-2-3-1,OZBIR;KAS;CIFTPINAR;MINA;SINCERE;YILDIRIM;DONALD;BUYUK;GUILHERME;ALEKSIC;TOZLU
Akhisarspor vs. Galatasaray - Sunday September 23 - 2018,Akhisarspor,hard,4-1-4-1,OZTURK;KELES;OSMANPASA;YUMLU;VRSAJEVIC;SISSOKO;VURAL;SERGINHO;ATASEVEN;REGATTIN;MANU
Akhisarspor vs. Galatasaray - Sunday September 23 - 2018,Galatasaray,easy,4-2-3-1,MUSLERA;NAGATOMO;AZIZ;KABAK;MARIANO;FERNANDO;NDIAYE;RODRIGUES;AKBABA;GUMUS;ONYEKURU
Antalyaspor vs. Sivasspor - Sunday September 23 - 2018,Antalyaspor,hard,4-4-2,BOFFIN;CISSOKHO;DIEGO ANGELO;CELUSTKA;SANGARE;SINIK;KURTULUS;OZMERT;MAICON BOLT;ERDINC;DOUKARA
Antalyaspor vs. Sivasspor - Sunday September 23 - 2018,Sivasspor,hard,4-4-2,VURAL;ERDAL;DAVID BRAZ;MEDJANI;DOUGLAS;KILINC;RYBALKA;ARSLAN;TORJE;KONE;ROBINHO
Kasimpasa vs. Alanyaspor - Sunday September 23 - 2018,Alanyaspor,hard,4-1-4-1,CEYLAN;N'SAKALA;TZAVELLAS;DEMIRAL;BAIANO;SACKEY;KARACA;GULSELAM;MANIATIS;VILLAFANEZ;CISSE
Kasimpasa vs. Alanyaspor - Sunday September 23 - 2018,Kasimpasa,hard,4-2-3-1,KOSE;VEIGNEAU;SARI;BEN YOUSSEF;POPOV;SADIKU;SERBEST;TREZEGUET;PAVELKA;DEPE;DIAGNE
Fenerbahce vs. Besiktas - Monday September 24 - 2018,Besiktas,easy,4-2-3-1,KARIUS;ERKIN;PEPE;VIDA;GONUL;HUTCHINSON;ARSLAN;LENS;OZYAKUP;QUARESMA;BABEL
Fenerbahce vs. Besiktas - Monday September 24 - 2018,Fenerbahce,easy,4-2-3-1,TEKIN;KALDIRIM;NEUSTADTER;REYES;OZBAYRAKLI;JAILSON;TOPAL;CHAHECHOUHE;BENZIA;AYEW;SLIMANI
Galatasaray vs. Buyuksehir Belediye Erzurumspor - Friday September 28 - 2018,Buyuksehir Belediye Erzurumspor,hard,4-2-3-1,SEHIC;SCHWECHLEN;ACKA;GOR;AUREMIR;SCUK;KONE;BASSAN;AKDAG;SUNU;MUNSY
Galatasaray vs. Buyuksehir Belediye Erzurumspor - Friday September 28 - 2018,Galatasaray,easy,4-2-3-1,MUSLERA;BAYRAM;AZIZ;MAICON;MARIANO;DONK;NDIAYE;RODRIGUES;AKBABA;FEGHOULI;DERDIYOK
Alanyaspor vs. Akhisarspor - Saturday September 29 - 2018,Akhisarspor,hard,4-2-3-1,OZTURK;KELES;OSMANPASA;YUMLU;VRSAJEVIC;ATASEVEN;SISSOKO;VURAL;REGATTIN;MANU;SELEZNYOV
Alanyaspor vs. Akhisarspor - Saturday September 29 - 2018,Alanyaspor,hard,4-1-4-1,CEYLAN;N'SAKALA;TZAVELLAS;DEMIRAL;BAIANO;SACKEY;KARACA;GULSELAM;MANIATIS;VILLAFANEZ;CISSE
Besiktas vs. Kayserispor - Saturday September 29 - 2018,Besiktas,easy,4-2-3-1,KARIUS;MEDEL;VIDA;PEPE;GONUL;HUTCHINSON;OZYAKUP;BABEL;LJAJIC;QUARESMA;VAGNER LOVE
Besiktas vs. Kayserispor - Saturday September 29 - 2018,Kayserispor,hard,4-2-3-1,SILVIU LUNG JR;TURAN;KANA-BIYIK;SAPUNARU;LOPES;ROTMAN;MENSAH;BASACIKOGLU;CHERY;VARELA;BULUT
Trabzonspor vs. Kasimpasa - Saturday September 29 - 2018,Kasimpasa,hard,4-2-3-1,KOSE;VEIGNEAU;SARI;SA;POPOV;SADIKU;PAVELKA;TREZEGUET;DEPE;EDUOK;DIAGNE
Trabzonspor vs. Kasimpasa - Saturday September 29 - 2018,Trabzonspor,easy,4-2-3-1,KIVRAK;NOVAK;HOSSEINI;TOURE;PEREIRA;ONAZI;KUCKA;YILMAZ;SOSA;OMUR;RODALLEGA
Goztepe vs. Konyaspor - Sunday September 30 - 2018,Goztepe,hard,4-1-4-1,BETO;TRAORE;TITI;WALLACE;GASSAMA;OZTURK;OZTEKIN;CASTRO;BORGES;AKBUNAR;JEROME
Goztepe vs. Konyaspor - Sunday September 30 - 2018,Konyaspor,hard,4-2-3-1,KIRINTILI;OZTORUN;AY;DEMIROK;SKUBIC;JEVTOVIC;JONSSON;FOFANA;MILOSEVIC;SAHINER;YATABARE
Rizespor vs. Fenerbahce - Sunday September 30 - 2018,Fenerbahce,easy,4-2-3-1,TEKIN;KALDIRIM;NEUSTADTER;REYES;OZBAYRAKLI;JAILSON;TOPAL;CHAHECHOUHE;BENZIA;AYEW;SLIMANI
Rizespor vs. Fenerbahce - Sunday September 30 - 2018,Rizespor,hard,4-2-3-1,AKKAN;USLU;BRABEC;SAADANE;OVACIKLI;CAMDALI;CAGIRAN;UMAR;FERNANDO BOLDRIN;SAMUDIO;MURIQI
Sivasspor vs. Bursaspor - Sunday September 30 - 2018,Bursaspor,hard,4-2-3-1,KOCUK;MERAS;CHEDJOU;ERSOY;YARDIMCI;KARA;BADJI;ALLANO;SAIVET;TORUN;SAKHO
Sivasspor vs. Bursaspor - Sunday September 30 - 2018,Sivasspor,hard,4-2-3-1,VURAL;ERDAL;DAVID BRAZ;BJARSMYR;DOUGLAS;MEDJANI;ARSLAN;KILINC;RYBALKA;ROBINHO;DEMIR
Ankaragucu vs. Antalyaspor - Monday October 1 - 2018,Ankaragucu,hard,4-2-3-1,HOPF;SAK;AYHAN;KUBALAS;OZGENC;AGCAY;FATY;MOKHTAR;PUTILO;BIFOUMA;EL KABIR
Ankaragucu vs. Antalyaspor - Monday October 1 - 2018,Antalyaspor,hard,4-1-4-1,BOFFIN;CISSOKHO;DIEGO ANGELO;CELUSTKA;SANGARE;CHICO;MAICON BOLT;OZMERT;KURTULUS;SINIK;DOUKARA
Basaksehir vs. Yeni Malatyaspor - Monday October 1 - 2018,Basaksehir,hard,4-1-4-1,GUNOK;CLICHY;EPUREANU;DA COSTA;JUNIOR CAICARA;TEKDEMIR;FREI;MARCIO MOSSORO;KAHVECI;VISCA;ADEBAYOR
Basaksehir vs. Yeni Malatyaspor - Monday October 1 - 2018,Yeni Malatyaspor,hard,4-2-3-1,FARNOLLE;KAS;MINA;CIFTPINAR;CHEBAKE;YILDIRIM;DONALD;BUYUK;GUILHERME;ALEKSIC;BOUTAIB
Kasimpasa vs. Goztepe - Friday October 5 - 2018,Goztepe,hard,4-1-4-1,BETO;TRAORE;TITI;WALLACE;GASSAMA;OZTURK;OZTEKIN;CASTRO;BORGES;BINGOL;JEROME
Kasimpasa vs. Goztepe - Friday October 5 - 2018,Kasimpasa,hard,4-1-4-1,KOSE;VEIGNEAU;BEN YOUSSEF;SARI;POPOV;SADIKU;EDUOK;PAVELKA;SERBEST;TREZEGUET;DIAGNE
Antalyaspor vs. Galatasaray - Saturday October 6 - 2018,Antalyaspor,hard,4-1-4-1,BOFFIN;CISSOKHO;DIEGO ANGELO;CELUSTKA;SANGARE;CHICO;MAICON BOLT;OZMERT;KURTULUS;SINIK;DOUKARA
Antalyaspor vs. Galatasaray - Saturday October 6 - 2018,Galatasaray,easy,4-2-3-1,MUSLERA;BAYRAM;AZIZ;KABAK;MARIANO;FERNANDO;NDIAYE;RODRIGUES;BELHANDA;ONYEKURU;GUMUS
Bursaspor vs. Ankaragucu - Saturday October 6 - 2018,Ankaragucu,hard,4-2-3-1,HOPF;PINTO;AYHAN;KUBALAS;OZGENC;FATY;MOULIN;MOKHTAR;PUTILO;BIFOUMA;PARLAK
Bursaspor vs. Ankaragucu - Saturday October 6 - 2018,Bursaspor,hard,4-4-2,KOCUK;LATOVLEVICI;CHEDJOU;ERSOY;YARDIMCI;MERAS;KESKIN;KARA;SHEHU;STANCU;SAKHO
Buyuksehir Belediye Erzurumspor vs. Alanyaspor - Saturday October 6 - 2018,Alanyaspor,hard,4-2-3-1,CEYLAN;N'SAKALA;BASDAS;DEMIRAL;BAIANO;GULSELAM;MANIATIS;FERNANDES;KARACA;VILLAFANEZ;BOBO
Buyuksehir Belediye Erzurumspor vs. Alanyaspor - Saturday October 6 - 2018,Buyuksehir Belediye Erzurumspor,hard,4-1-4-1,SEHIC;SCHWECHLEN;ACKA;GOR;AUREMIR;SCUK;HURMACI;ANTALYALI;KONE;BASSAN;SUNU
Kayserispor vs. Rizespor - Saturday October 6 - 2018,Kayserispor,hard,4-2-3-1,SILVIU LUNG JR;TURAN;GULEN;SAPUNARU;LOPES;CINAZ;ROTMAN;BASACIKOGLU;MENSAH;CHERY;BULUT
Kayserispor vs. Rizespor - Saturday October 6 - 2018,Rizespor,hard,4-2-3-1,AKKAN;USLU;BRABEC;SAADANE;OVACIKLI;CAMDALI;CAGIRAN;UMAR;FERNANDO BOLDRIN;SAMUDIO;MURIQI
Akhisarspor vs. Trabzonspor - Sunday October 7 - 2018,Akhisarspor,hard,4-2-3-1,OZTURK;KELES;OSMANPASA;YUMLU;LOPES;CEVIKER;SISSOKO;VURAL;JOSUE;BARBOSA;MANU
Akhisarspor vs. Trabzonspor - Sunday October 7 - 2018,Trabzonspor,easy,4-4-2,KIVRAK;NOVAK;HOSSEINI;TOURE;PEREIRA;AMIRI;ONAZI;SOSA;OMUR;YILMAZ;RODALLEGA
Fenerbahce vs. Basaksehir - Sunday October 7 - 2018,Basaksehir,hard,4-1-4-1,GUNOK;CLICHY;EPUREANU;DA COSTA;JUNIOR CAICARA;TEKDEMIR;NAPOLEONI;MARCIO MOSSORO;KAHVECI;VISCA;ADEBAYOR
Fenerbahce vs. Basaksehir - Sunday October 7 - 2018,Fenerbahce,easy,4-4-2,TEKIN;KALDIRIM;NEUSTADTER;SKRTEL;ISLA;ELMAS;JAILSON;REYES;AYEW;SLIMANI;FREY
Konyaspor vs. Besiktas - Sunday October 7 - 2018,Besiktas,easy,4-2-3-1,KARIUS;ERKIN;VIDA;PEPE;GONUL;HUTCHINSON;MEDEL;BABEL;LJAJIC;QUARESMA;VAGNER LOVE
Konyaspor vs. Besiktas - Sunday October 7 - 2018,Konyaspor,hard,4-2-3-1,KIRINTILI;OZTORUN;DEMIROK;DIAGNE;SKUBIC;JONSSON;FINDIKLI;MILOSEVIC;HURTADO;SAHINER;YATABARE
Yeni Malatyaspor vs. Sivasspor - Sunday October 7 - 2018,Sivasspor,hard,4-2-3-1,VURAL;ERDAL;DAVID BRAZ;BJARSMYR;DOUGLAS;MEDJANI;ARSLAN;KILINC;RYBALKA;ROBINHO;DEMIR
Yeni Malatyaspor vs. Sivasspor - Sunday October 7 - 2018,Yeni Malatyaspor,hard,4-2-3-1,FARNOLLE;CAGIRAN;MINA;CIFTPINAR;CHEBAKE;DONALD;MUNIRU;BUYUK;GUILHERME;ALEKSIC;BOUTAIB
Galatasaray vs. Bursaspor - Friday October 19 - 2018,Bursaspor,hard,4-2-3-1,KOCUK;MERAS;CHEDJOU;ERSOY;YARDIMCI;KARA;BADJI;ERDOGAN;TORUN;KAPACAK;SAKHO
Galatasaray vs. Bursaspor - Friday October 19 - 2018,Galatasaray,easy,4-2-3-1,MUSLERA;BAYRAM;AZIZ;KABAK;MARIANO;FERNANDO;NDIAYE;RODRIGUES;BELHANDA;FEGHOULI;GUMUS
Basaksehir vs. Kayserispor - Saturday October 20 - 2018,Basaksehir,hard,4-1-4-1,GUNOK;CLICHY;EPUREANU;DA COSTA;JUNIOR CAICARA;TEKDEMIR;ELIA;MARCIO MOSSORO;KAHVECI;VISCA;ADEBAYOR
Basaksehir vs. Kayserispor - Saturday October 20 - 2018,Kayserispor,hard,4-2-3-1,SILVIU LUNG JR;TURAN;GULEN;KANA-BIYIK;LOPES;SAPUNARU;MENSAH;BASACIKOGLU;CHERY;VARELA;BULUT
Kasimpasa vs. Akhisarspor - Saturday October 20 - 2018,Akhisarspor,hard,4-2-3-1,OZTURK;KELES;YUMLU;OSMANPASA;LOPES;CEVIKER;SISSOKO;VURAL;JOSUE;BARBOSA;SELEZNYOV
Kasimpasa vs. Akhisarspor - Saturday October 20 - 2018,Kasimpasa,hard,4-3-3,KOSE;VEIGNEAU;BEN YOUSSEF;SARI;POPOV;PAVELKA;SADIKU;SERBEST;TREZEGUET;DIAGNE;EDUOK
Sivasspor vs. Fenerbahce - Saturday October 20 - 2018,Fenerbahce,easy,4-4-2,TEKIN;KALDIRIM;NEUSTADTER;SKRTEL;OZBAYRAKLI;KOYBASI;ELMAS;JAILSON;AYEW;SOLDADO;FREY
Sivasspor vs. Fenerbahce - Saturday October 20 - 2018,Sivasspor,hard,4-2-3-1,ACAR;CIFTCI;BJARSMYR;DAVID BRAZ;ERDAL;MEDJANI;ARSLAN;KILINC;RYBALKA;ROBINHO;DEMIR
Alanyaspor vs. Antalyaspor - Sunday October 21 - 2018,Alanyaspor,hard,4-1-4-1,YILMAZ;N'SAKALA;TZAVELLAS;DEMIRAL;BAIANO;SACKEY;KARACA;GULSELAM;MANIATIS;VILLAFANEZ;CISSE
Alanyaspor vs. Antalyaspor - Sunday October 21 - 2018,Antalyaspor,hard,4-1-4-1,BOFFIN;CISSOKHO;DIEGO ANGELO;CELUSTKA;SANGARE;CHICO;MAICON BOLT;OZMERT;KURTULUS;SINIK;DOUKARA
Ankaragucu vs. Yeni Malatyaspor - Sunday October 21 - 2018,Ankaragucu,hard,4-4-2,CELIKAY;PINTO;AYHAN;KUBALAS;OZGENC;OZER;FATY;DJA DJEDJE;CERCI;PARLAK;KANATSIZKUS
Ankaragucu vs. Yeni Malatyaspor - Sunday October 21 - 2018,Yeni Malatyaspor,hard,4-2-3-1,FARNOLLE;CAGIRAN;CIFTPINAR;MINA;CHEBAKE;YILDIRIM;DONALD;PEREIRA;ALEKSIC;GUILHERME;BUYUK
Goztepe vs. Besiktas - Sunday October 21 - 2018,Besiktas,easy,4-2-3-1,KARIUS;ERKIN;ROCO;MEDEL;GONUL;HUTCHINSON;ARSLAN;BABEL;OZYAKUP;LENS;VAGNER LOVE
Goztepe vs. Besiktas - Sunday October 21 - 2018,Goztepe,hard,4-1-4-1,BETO;EMIR;TITI;WALLACE;GASSAMA;POKO;OZTEKIN;CASTRO;BORGES;AKBUNAR;JEROME
Rizespor vs. Konyaspor - Sunday October 21 - 2018,Konyaspor,hard,4-2-3-1,KIRINTILI;OPANASENKO;DEMIROK;DIAGNE;SKUBIC;JEVTOVIC;JONSSON;FOFANA;MILOSEVIC;SAHINER;YATABARE
Rizespor vs. Konyaspor - Sunday October 21 - 2018,Rizespor,hard,4-1-4-1,AKKAN;USLU;JACH;BRABEC;OVACIKLI;CAMDALI;FERNANDO BOLDRIN;PETRUCCI;YALCIN;KOC;MURIQI
Trabzonspor vs. Buyuksehir Belediye Erzurumspor - Monday October 22 - 2018,Buyuksehir Belediye Erzurumspor,hard,4-2-3-1,SEHIC;SCHWECHLEN;GOR;KORKMAZ;AUREMIR;SCUK;AKDAG;HURMACI;ANTALYALI;BASSAN;SUNU
Trabzonspor vs. Buyuksehir Belediye Erzurumspor - Monday October 22 - 2018,Trabzonspor,easy,4-4-2,KIVRAK;NOVAK;HOSSEINI;TOURE;PEREIRA;AMIRI;ONAZI;SOSA;OMUR;YILMAZ;RODALLEGA
Bursaspor vs. Alanyaspor - Friday October 26 - 2018,Alanyaspor,hard,4-2-3-1,YILMAZ;N'SAKALA;TZAVELLAS;DEMIRAL;ALKILIC;MANIATIS;SACKEY;FERNANDES;KARACA;DJALMA;BOBO
Bursaspor vs. Alanyaspor - Friday October 26 - 2018,Bursaspor,hard,4-2-3-1,KOCUK;MERAS;CHEDJOU;ERSOY;YARDIMCI;KARA;BADJI;LATOVLEVICI;TORUN;KAPACAK;STANCU
Antalyaspor vs. Trabzonspor - Saturday October 27 - 2018,Antalyaspor,hard,4-1-4-1,BOFFIN;CISSOKHO;DIEGO ANGELO;DURSUN;SANGARE;CHICO;MAICON BOLT;KURTULUS;OZMERT;SINIK;DOUKARA
Antalyaspor vs. Trabzonspor - Saturday October 27 - 2018,Trabzonspor,easy,4-4-2,KIVRAK;NOVAK;HOSSEINI;TOURE;YAVRU;SAHAN;ONAZI;SOSA;YAZICI;YILMAZ;RODALLEGA
Buyuksehir Belediye Erzurumspor vs. Kasimpasa - Saturday October 27 - 2018,Buyuksehir Belediye Erzurumspor,hard,4-2-3-1,SEHIC;SCHWECHLEN;GOR;KORKMAZ;AUREMIR;SCUK;AKDAG;HURMACI;ANTALYALI;BASSAN;SUNU
Buyuksehir Belediye Erzurumspor vs. Kasimpasa - Saturday October 27 - 2018,Kasimpasa,hard,4-1-4-1,KOSE;VEIGNEAU;BEN YOUSSEF;SARI;POPOV;SADIKU;TREZEGUET;PAVELKA;SERBEST;EDUOK;DIAGNE
Konyaspor vs. Basaksehir - Saturday October 27 - 2018,Basaksehir,hard,4-1-4-1,GUNOK;CLICHY;EPUREANU;DA COSTA;UCAR;TEKDEMIR;FREI;MARCIO MOSSORO;KAHVECI;VISCA;BAJIC
Konyaspor vs. Basaksehir - Saturday October 27 - 2018,Konyaspor,hard,4-4-2,KIRINTILI;OZTORUN;DEMIROK;DIAGNE;SKUBIC;MILOSEVIC;JONSSON;JEVTOVIC;YATABARE;JAHOVIC;TRAORE
Fenerbahce vs. Ankaragucu - Sunday October 28 - 2018,Ankaragucu,hard,4-4-2,CELIKAY;PINTO;AYHAN;KUBALAS;OZGENC;BIFOUMA;DJA DJEDJE;FATY;OZER;EL KABIR;KANATSIZKUS
Fenerbahce vs. Ankaragucu - Sunday October 28 - 2018,Fenerbahce,easy,3-4-1-2,TEKIN;SKRTEL;NEUSTADTER;KALDIRIM;KOYBASI;GUCTEKIN;JAILSON;ISLA;BENZIA;SLIMANI;AYEW
Kayserispor vs. Sivasspor - Sunday October 28 - 2018,Kayserispor,hard,4-2-3-1,YILDIRIM;TURAN;GULEN;KANA-BIYIK;LOPES;CINAZ;SAPUNARU;BASACIKOGLU;MENSAH;CHERY;BULUT
Kayserispor vs. Sivasspor - Sunday October 28 - 2018,Sivasspor,hard,4-2-3-1,ACAR;ERDAL;BJARSMYR;DAVID BRAZ;DOUGLAS;MEDJANI;ARSLAN;KILINC;RYBALKA;ROBINHO;DEMIR
Yeni Malatyaspor vs. Galatasaray - Sunday October 28 - 2018,Galatasaray,easy,4-2-3-1,MUSLERA;BAYRAM;DONK;KABAK;LINNES;INAN;NDIAYE;RODRIGUES;BELHANDA;MARIANO;GUMUS
Yeni Malatyaspor vs. Galatasaray - Sunday October 28 - 2018,Yeni Malatyaspor,hard,4-2-3-1,FARNOLLE;KAS;AKCA;CIFTPINAR;CHEBAKE;YILDIRIM;DONALD;BUYUK;GUILHERME;PEREIRA;BOUTAIB
Akhisarspor vs. Goztepe - Monday October 29 - 2018,Akhisarspor,hard,4-2-3-1,OZTURK;VURAL;YUMLU;OSMANPASA;LOPES;CEVIKER;SISSOKO;BARBOSA;JOSUE;AYIK;SELEZNYOV
Akhisarspor vs. Goztepe - Monday October 29 - 2018,Goztepe,hard,4-2-3-1,BETO;EMIR;TITI;WALLACE;GASSAMA;POKO;OZTURK;OZTEKIN;BORGES;AKBUNAR;JEROME
Besiktas vs. Rizespor - Monday October 29 - 2018,Besiktas,easy,4-4-2,KARIUS;ADRIANO;ROCO;VIDA;GONUL;TORE;HUTCHINSON;OZYAKUP;QUARESMA;VAGNER LOVE;PEKTEMEK
Besiktas vs. Rizespor - Monday October 29 - 2018,Rizespor,hard,4-2-3-1,AKKAN;USLU;BRABEC;SAADANE;OVACIKLI;CAMDALI;YALCIN;KOC;FERNANDO BOLDRIN;ALTINAY;MURIQI
Galatasaray vs. Fenerbahce - Friday November 2 - 2018,Fenerbahce,easy,4-2-3-1,TEKIN;KALDIRIM;SKRTEL;NEUSTADTER;ISLA;ELMAS;JAILSON;VALBUENA;BENZIA;AYEW;FREY
Galatasaray vs. Fenerbahce - Friday November 2 - 2018,Galatasaray,easy,4-2-3-1,MUSLERA;BAYRAM;AZIZ;KABAK;LINNES;DONK;NDIAYE;RODRIGUES;BELHANDA;ONYEKURU;GUMUS
Akhisarspor vs. Buyuksehir Belediye Erzurumspor - Saturday November 3 - 2018,Akhisarspor,hard,4-2-3-1,OZTURK;VURAL;OSMANPASA;YUMLU;LOPES;CEVIKER;SISSOKO;BARBOSA;JOSUE;AYIK;SELEZNYOV
Akhisarspor vs. Buyuksehir Belediye Erzurumspor - Saturday November 3 - 2018,Buyuksehir Belediye Erzurumspor,hard,4-2-3-1,SEHIC;SCHWECHLEN;GOR;KORKMAZ;AUREMIR;SCUK;AKDAG;HURMACI;ANTALYALI;BASSAN;MUNSY
Basaksehir vs. Besiktas - Saturday November 3 - 2018,Basaksehir,hard,4-1-4-1,GUNOK;CLICHY;EPUREANU;DA COSTA;JUNIOR CAICARA;TEKDEMIR;ELIA;MARCIO MOSSORO;KAHVECI;VISCA;BAJIC
Basaksehir vs. Besiktas - Saturday November 3 - 2018,Besiktas,easy,4-4-2,KARIUS;ADRIANO;PEPE;VIDA;GONUL;BABEL;HUTCHINSON;MEDEL;LENS;VAGNER LOVE;PEKTEMEK
Kasimpasa vs. Antalyaspor - Saturday November 3 - 2018,Antalyaspor,hard,4-1-4-1,BOFFIN;CISSOKHO;DIEGO ANGELO;CELUSTKA;SANGARE;CHICO;MAICON BOLT;OZMERT;KURTULUS;SINIK;DOUKARA
Kasimpasa vs. Antalyaspor - Saturday November 3 - 2018,Kasimpasa,hard,4-1-4-1,KOSE;POPOV;BEN YOUSSEF;SARI;URAL;SADIKU;TREZEGUET;PAVELKA;SERBEST;EDUOK;DIAGNE
Alanyaspor vs. Yeni Malatyaspor - Sunday November 4 - 2018,Alanyaspor,hard,4-2-3-1,YILMAZ;N'SAKALA;TZAVELLAS;DEMIRAL;BAIANO;MANIATIS;SACKEY;FERNANDES;KARACA;VILLAFANEZ;CISSE
Alanyaspor vs. Yeni Malatyaspor - Sunday November 4 - 2018,Yeni Malatyaspor,hard,4-2-3-1,FARNOLLE;KAS;AKCA;CIFTPINAR;CHEBAKE;YILDIRIM;DONALD;BUYUK;GUILHERME;PEREIRA;BOUTAIB
Ankaragucu vs. Kayserispor - Sunday November 4 - 2018,Ankaragucu,hard,4-4-2,CELIKAY;PINTO;AYHAN;KONE;OZGENC;BIFOUMA;DJA DJEDJE;FATY;OZER;EL KABIR;KANATSIZKUS
Ankaragucu vs. Kayserispor - Sunday November 4 - 2018,Kayserispor,hard,4-2-3-1,YILDIRIM;TURAN;GULEN;KANA-BIYIK;LOPES;CINAZ;ROTMAN;BASACIKOGLU;CHERY;VARELA;BULUT
Trabzonspor vs. Bursaspor - Sunday November 4 - 2018,Bursaspor,hard,4-2-3-1,KOCUK;MERAS;CHEDJOU;ERSOY;YARDIMCI;KARA;BADJI;LATOVLEVICI;TORUN;KAPACAK;SAKHO
Trabzonspor vs. Bursaspor - Sunday November 4 - 2018,Trabzonspor,easy,4-4-2,KIVRAK;NOVAK;HOSSEINI;TOURE;PEREIRA;SAHAN;ONAZI;SOSA;OMUR;YILMAZ;RODALLEGA
Goztepe vs. Rizespor - Monday November 5 - 2018,Goztepe,hard,4-1-4-1,BETO;EMIR;TITI;WALLACE;GASSAMA;POKO;OZTEKIN;CASTRO;BORGES;AKBUNAR;JEROME
Goztepe vs. Rizespor - Monday November 5 - 2018,Rizespor,hard,4-2-3-1,AKKAN;USLU;BRABEC;SAADANE;ALTINAY;CAMDALI;YALCIN;UMAR;FERNANDO BOLDRIN;SAMUDIO;MURIQI
Sivasspor vs. Konyaspor - Monday November 5 - 2018,Konyaspor,hard,4-2-3-1,KIRINTILI;OZTORUN;DEMIROK;DIAGNE;SKUBIC;MOKE;JEVTOVIC;FOFANA;MILOSEVIC;SAHINER;YATABARE
Sivasspor vs. Konyaspor - Monday November 5 - 2018,Sivasspor,hard,4-2-3-1,ACAR;CIFTCI;BJARSMYR;DAVID BRAZ;DOUGLAS;MEDJANI;ARSLAN;ERDAL;RYBALKA;ROBINHO;KONE
Yeni Malatyaspor vs. Trabzonspor - Friday November 9 - 2018,Trabzonspor,easy,4-2-3-1,KIVRAK;NOVAK;HOSSEINI;TOURE;PEREIRA;ONAZI;SOSA;NWAKAEME;OMUR;SAHAN;RODALLEGA
Yeni Malatyaspor vs. Trabzonspor - Friday November 9 - 2018,Yeni Malatyaspor,hard,4-2-3-1,FARNOLLE;KAS;CIFTPINAR;MINA;CHEBAKE;YILDIRIM;ILDIZ;BUYUK;GUILHERME;ALEKSIC;BOUTAIB
Buyuksehir Belediye Erzurumspor vs. Goztepe - Saturday November 10 - 2018,Buyuksehir Belediye Erzurumspor,hard,4-2-3-1,SEHIC;SCHWECHLEN;ACKA;KORKMAZ;AUREMIR;SCUK;AKDAG;HURMACI;ANTALYALI;BASSAN;SUNU
Buyuksehir Belediye Erzurumspor vs. Goztepe - Saturday November 10 - 2018,Goztepe,hard,4-1-4-1,BETO;EMIR;TITI;KADU;GASSAMA;POKO;OZTEKIN;CASTRO;BORGES;AKBUNAR;JEROME
Kayserispor vs. Galatasaray - Saturday November 10 - 2018,Galatasaray,easy,3-5-2,MUSLERA;KABAK;AZIZ;MAICON;BAYRAM;BELHANDA;INAN;FEGHOULI;MARIANO;ONYEKURU;GUMUS
Kayserispor vs. Galatasaray - Saturday November 10 - 2018,Kayserispor,hard,4-2-3-1,YILDIRIM;TURAN;KUCHER;SAPUNARU;LOPES;CINAZ;ROTMAN;BASACIKOGLU;MENSAH;CHERY;BULUT
Konyaspor vs. Ankaragucu - Saturday November 10 - 2018,Ankaragucu,hard,4-2-3-1,CELIKAY;PINTO;AYHAN;KONE;OZGENC;DJA DJEDJE;FATY;BIFOUMA;PUTILO;OZER;EL KABIR
Konyaspor vs. Ankaragucu - Saturday November 10 - 2018,Konyaspor,hard,4-2-3-1,KIRINTILI;OZTORUN;DEMIROK;DIAGNE;SKUBIC;JEVTOVIC;FINDIKLI;FOFANA;MILOSEVIC;YATABARE;JAHOVIC
Rizespor vs. Basaksehir - Saturday November 10 - 2018,Basaksehir,hard,4-1-4-1,GUNOK;CLICHY;EPUREANU;DA COSTA;JUNIOR CAICARA;TEKDEMIR;NAPOLEONI;MARCIO MOSSORO;KAHVECI;VISCA;BAJIC
Rizespor vs. Basaksehir - Saturday November 10 - 2018,Rizespor,hard,4-2-3-1,AKKAN;USLU;BRABEC;SAADANE;OVACIKLI;ALTINAY;YALCIN;SAMUDIO;FERNANDO BOLDRIN;UMAR;MURIQI
Antalyaspor vs. Akhisarspor - Sunday November 11 - 2018,Akhisarspor,hard,3-4-3,OZTURK;LOPES;KELES;SISSOKO;VURAL;CEVIKER;JOSUE;VRSAJEVIC;BARBOSA;MANU;AYIK
Antalyaspor vs. Akhisarspor - Sunday November 11 - 2018,Antalyaspor,hard,4-1-4-1,BOFFIN;CISSOKHO;DIEGO ANGELO;CELUSTKA;SANGARE;CHICO;MAICON BOLT;KURTULUS;OZMERT;SINIK;DOUKARA
Besiktas vs. Sivasspor - Sunday November 11 - 2018,Besiktas,easy,4-2-3-1,ZENGIN;ERKIN;PEPE;VIDA;GONUL;HUTCHINSON;OZYAKUP;BABEL;LJAJIC;QUARESMA;YALCIN
Besiktas vs. Sivasspor - Sunday November 11 - 2018,Sivasspor,hard,4-4-2,ACAR;ERDAL;BJARSMYR;DAVID BRAZ;DOUGLAS;KILINC;MEDJANI;ARSLAN;TORJE;KONE;ROBINHO
Bursaspor vs. Kasimpasa - Sunday November 11 - 2018,Bursaspor,hard,4-4-2,KOCUK;MERAS;CHEDJOU;ERSOY;YARDIMCI;LATOVLEVICI;KARA;BADJI;ALLANO;SAKHO;TORUN
Bursaspor vs. Kasimpasa - Sunday November 11 - 2018,Kasimpasa,hard,4-1-4-1,KOSE;CEK;BEN YOUSSEF;SARI;POPOV;SADIKU;TREZEGUET;PAVELKA;SERBEST;EDUOK;DIAGNE
Fenerbahce vs. Alanyaspor - Sunday November 11 - 2018,Alanyaspor,hard,4-2-3-1,YILMAZ;N'SAKALA;TZAVELLAS;DEMIRAL;BAIANO;GULSELAM;MANIATIS;FERNANDES;KARACA;DJALMA;CISSE
Fenerbahce vs. Alanyaspor - Sunday November 11 - 2018,Fenerbahce,easy,4-4-2,TEKIN;KALDIRIM;SKRTEL;NEUSTADTER;OZBAYRAKLI;VALBUENA;ELMAS;ISLA;AYEW;SLIMANI;FREY
Galatasaray vs. Konyaspor - Friday November 23 - 2018,Galatasaray,easy,3-5-2,MUSLERA;KABAK;AZIZ;MAICON;BAYRAM;INAN;FEGHOULI;FERNANDO;MARIANO;DERDIYOK;ONYEKURU
Galatasaray vs. Konyaspor - Friday November 23 - 2018,Konyaspor,hard,4-4-2,KIRINTILI;OZTORUN;DIAGNE;DEMIROK;SKUBIC;MILOSEVIC;JONSSON;JEVTOVIC;TRAORE;JAHOVIC;SAHINER
Alanyaspor vs. Kayserispor - Saturday November 24 - 2018,Alanyaspor,hard,4-1-4-1,YILMAZ;N'SAKALA;TZAVELLAS;DEMIRAL;BAIANO;SACKEY;DJALMA;GULSELAM;MANIATIS;KARACA;CISSE
Alanyaspor vs. Kayserispor - Saturday November 24 - 2018,Kayserispor,hard,4-2-3-1,SILVIU LUNG JR;TURAN;KUCHER;SAPUNARU;GULEN;CINAZ;MENSAH;BASACIKOGLU;CHERY;VARELA;BULUT
Ankaragucu vs. Besiktas - Saturday November 24 - 2018,Ankaragucu,hard,4-4-2,CELIKAY;PINTO;AYHAN;KUBALAS;OZGENC;BIFOUMA;DJA DJEDJE;FATY;OZER;EL KABIR;KANATSIZKUS
Ankaragucu vs. Besiktas - Saturday November 24 - 2018,Besiktas,easy,4-2-3-1,KARIUS;ERKIN;VIDA;UYSAL;GONUL;TOKOZ;HUTCHINSON;PEKTEMEK;LJAJIC;QUARESMA;YALCIN
Buyuksehir Belediye Erzurumspor vs. Antalyaspor - Saturday November 24 - 2018,Antalyaspor,hard,4-2-3-1,BOFFIN;CISSOKHO;DIEGO ANGELO;CELUSTKA;SANGARE;YILDIRIM;CHICO;DOUKARA;KURTULUS;MAICON BOLT;ERDINC
Buyuksehir Belediye Erzurumspor vs. Antalyaspor - Saturday November 24 - 2018,Buyuksehir Belediye Erzurumspor,hard,4-2-3-1,SEHIC;SCHWECHLEN;GOR;KORKMAZ;AUREMIR;SCUK;AKDAG;HURMACI;TSHABALALA;BASSAN;SUNU
Akhisarspor vs. Bursaspor - Sunday November 25 - 2018,Akhisarspor,hard,3-4-3,OZTURK;LOPES;KELES;SISSOKO;VURAL;CEVIKER;JOSUE;VRSAJEVIC;BARBOSA;MANU;AYIK
Akhisarspor vs. Bursaspor - Sunday November 25 - 2018,Bursaspor,hard,4-2-3-1,KOCUK;MERAS;CHEDJOU;ERSOY;YARDIMCI;KARA;BADJI;LATOVLEVICI;SAIVET;KAPACAK;TORUN
Kasimpasa vs. Yeni Malatyaspor - Sunday November 25 - 2018,Kasimpasa,hard,4-3-3,KOSE;CEK;BEN YOUSSEF;SARI;POPOV;PAVELKA;SA;SERBEST;TREZEGUET;DIAGNE;EDUOK
Kasimpasa vs. Yeni Malatyaspor - Sunday November 25 - 2018,Yeni Malatyaspor,hard,4-2-3-1,FARNOLLE;KAS;AKCA;CIFTPINAR;CHEBAKE;YILDIRIM;ILDIZ;BUYUK;ALEKSIC;PEREIRA;BOUTAIB
Sivasspor vs. Rizespor - Sunday November 25 - 2018,Rizespor,hard,4-2-3-1,AKKAN;USLU;BRABEC;SAADANE;OVACIKLI;CAMDALI;ALTINAY;SAMUDIO;FERNANDO BOLDRIN;UMAR;MURIQI
Sivasspor vs. Rizespor - Sunday November 25 - 2018,Sivasspor,hard,4-4-2,ACAR;ERDAL;BJARSMYR;DAVID BRAZ;DOUGLAS;KILINC;MEDJANI;ARSLAN;TORJE;KONE;ROBINHO
Trabzonspor vs. Fenerbahce - Sunday November 25 - 2018,Fenerbahce,easy,4-4-2,TEKIN;KALDIRIM;SKRTEL;NEUSTADTER;ISLA;VALBUENA;ELMAS;TOPAL;AYEW;SLIMANI;FREY
Trabzonspor vs. Fenerbahce - Sunday November 25 - 2018,Trabzonspor,easy,4-2-3-1,CAKIR;NOVAK;TOURE;TURKMEN;PEREIRA;ONAZI;SOSA;NWAKAEME;YAZICI;OMUR;RODALLEGA
Goztepe vs. Basaksehir - Monday November 26 - 2018,Basaksehir,hard,4-1-4-1,GUNOK;CLICHY;EPUREANU;DA COSTA;JUNIOR CAICARA;INLER;NAPOLEONI;MARCIO MOSSORO;KAHVECI;VISCA;BAJIC
Goztepe vs. Basaksehir - Monday November 26 - 2018,Goztepe,hard,4-1-4-1,BETO;EMIR;TITI;WALLACE;GASSAMA;OZTURK;OZTEKIN;CASTRO;BORGES;AKBUNAR;JEROME
Konyaspor vs. Alanyaspor - Friday November 30 - 2018,Alanyaspor,hard,4-1-4-1,YILMAZ;N'SAKALA;TZAVELLAS;DEMIRAL;BAIANO;GULSELAM;DJALMA;MANIATIS;SACKEY;KARACA;CISSE
Konyaspor vs. Alanyaspor - Friday November 30 - 2018,Konyaspor,hard,4-4-2,KIRINTILI;OZTORUN;DIAGNE;DEMIROK;SKUBIC;MILOSEVIC;JONSSON;JEVTOVIC;TRAORE;JAHOVIC;SAHINER
Rizespor vs. Ankaragucu - Friday November 30 - 2018,Ankaragucu,hard,4-4-2,BAYINDIR;PINTO;AYHAN;KONE;DJA DJEDJE;PARLAK;AGCAY;MOULIN;CERCI;EL KABIR;KANATSIZKUS
Rizespor vs. Ankaragucu - Friday November 30 - 2018,Rizespor,hard,4-4-2,AKKAN;USLU;BRABEC;SAADANE;ALTINAY;UMAR;PETRUCCI;DURAK;FERNANDO BOLDRIN;GLADKYI;MURIQI
Antalyaspor vs. Goztepe - Saturday December 1 - 2018,Antalyaspor,hard,4-4-2,BOFFIN;CELUSTKA;DIEGO ANGELO;DURSUN;SANGARE;OZKAN;OZMERT;CHICO;SINIK;ERDINC;MAICON BOLT
Antalyaspor vs. Goztepe - Saturday December 1 - 2018,Goztepe,hard,4-1-4-1,BETO;EMIR;KADU;WALLACE;BINGOL;OZTURK;OZTEKIN;CASTRO;BORGES;AKBUNAR;JEROME
Basaksehir vs. Sivasspor - Saturday December 1 - 2018,Basaksehir,hard,4-2-3-1,GUNOK;CLICHY;EPUREANU;ATTAMAH;JUNIOR CAICARA;TEKDEMIR;BELOZOGLU;NAPOLEONI;MARCIO MOSSORO;VISCA;BAJIC
Basaksehir vs. Sivasspor - Saturday December 1 - 2018,Sivasspor,hard,4-4-2,ACAR;CIFTCI;DAVID BRAZ;BJARSMYR;PAPP;KILINC;N'DINGA;ARSLAN;TORJE;DEMIR;ROBINHO
Kayserispor vs. Trabzonspor - Saturday December 1 - 2018,Kayserispor,hard,4-2-3-1,SILVIU LUNG JR;GULEN;KANA-BIYIK;SAPUNARU;LOPES;CINAZ;MENSAH;VARELA;TURUC;CHERY;BULUT
Kayserispor vs. Trabzonspor - Saturday December 1 - 2018,Trabzonspor,easy,4-2-3-1,CAKIR;NOVAK;TOURE;TURKMEN;PEREIRA;SOSA;YAZICI;NWAKAEME;OMUR;SAHAN;RODALLEGA
Besiktas vs. Galatasaray - Sunday December 2 - 2018,Besiktas,easy,4-2-3-1,KARIUS;ERKIN;VIDA;UYSAL;ADRIANO;TOKOZ;MEDEL;PEKTEMEK;LJAJIC;QUARESMA;YALCIN
Besiktas vs. Galatasaray - Sunday December 2 - 2018,Galatasaray,easy,3-5-2,MUSLERA;KABAK;CALIK;MAICON;NAGATOMO;INAN;FEGHOULI;FERNANDO;MARIANO;DERDIYOK;ONYEKURU
Bursaspor vs. Buyuksehir Belediye Erzurumspor - Sunday December 2 - 2018,Bursaspor,hard,4-2-3-1,KOCUK;LATOVLEVICI;CHEDJOU;VERGINI;YARDIMCI;KARA;BADJI;MERAS;SAIVET;TORUN;NAYIR
Bursaspor vs. Buyuksehir Belediye Erzurumspor - Sunday December 2 - 2018,Buyuksehir Belediye Erzurumspor,hard,4-2-3-1,SEHIC;SCHWECHLEN;GOR;KORKMAZ;AUREMIR;SCUK;AKDAG;HURMACI;ANTALYALI;SUNU;THY
Fenerbahce vs. Kasimpasa - Monday December 3 - 2018,Fenerbahce,easy,4-2-3-1,TEKIN;KALDIRIM;SKRTEL;NEUSTADTER;ISLA;ELMAS;TOPAL;VALBUENA;EKICI;ALICI;SLIMANI
Fenerbahce vs. Kasimpasa - Monday December 3 - 2018,Kasimpasa,hard,4-1-4-1,KOSE;CEK;BEN YOUSSEF;SARI;POPOV;SADIKU;EDUOK;PAVELKA;SERBEST;TREZEGUET;DIAGNE
Yeni Malatyaspor vs. Akhisarspor - Monday December 3 - 2018,Akhisarspor,hard,4-2-3-1,OZTURK;VURAL;SISSOKO;OSMANPASA;LOPES;CEVIKER;SERGINHO;BARBOSA;JOSUE;REGATTIN;AYIK
Yeni Malatyaspor vs. Akhisarspor - Monday December 3 - 2018,Yeni Malatyaspor,hard,4-2-3-1,FARNOLLE;CAGIRAN;AKCA;CIFTPINAR;CHEBAKE;YILDIRIM;DONALD;TOZLU;GUILHERME;ALEKSIC;BOUTAIB
Alanyaspor vs. Besiktas - Friday December 7 - 2018,Alanyaspor,hard,4-2-3-1,YILMAZ;N'SAKALA;TZAVELLAS;DEMIRAL;BAIANO;SACKEY;GULSELAM;FERNANDES;KARACA;DJALMA;CISSE
Alanyaspor vs. Besiktas - Friday December 7 - 2018,Besiktas,easy,4-2-3-1,KARIUS;ADRIANO;VIDA;UYSAL;GONUL;TOKOZ;MEDEL;PEKTEMEK;LJAJIC;QUARESMA;YALCIN
Galatasaray vs. Rizespor - Saturday December 8 - 2018,Galatasaray,easy,4-4-2,MUSLERA;NAGATOMO;CALIK;KABAK;MARIANO;RODRIGUES;INAN;FEGHOULI;ONYEKURU;DERDIYOK;CELIK
Galatasaray vs. Rizespor - Saturday December 8 - 2018,Rizespor,hard,4-2-3-1,AKKAN;USLU;BRABEC;SAADANE;OVACIKLI;PETRUCCI;DURAK;SAMUDIO;FERNANDO BOLDRIN;UMAR;MURIQI
Sivasspor vs. Goztepe - Saturday December 8 - 2018,Goztepe,hard,4-1-4-1,BETO;EMIR;TITI;KADU;GASSAMA;OZTURK;GOUFFRAN;CASTRO;BORGES;BINGOL;JEROME
Sivasspor vs. Goztepe - Saturday December 8 - 2018,Sivasspor,hard,4-2-3-1,ACAR;CIFTCI;BJARSMYR;DAVID BRAZ;DOUGLAS;N'DINGA;ARSLAN;KILINC;RYBALKA;TORJE;DEMIR
Trabzonspor vs. Konyaspor - Saturday December 8 - 2018,Konyaspor,hard,4-2-3-1,KIRINTILI;OZTORUN;DEMIROK;TURAN;SKUBIC;JEVTOVIC;JONSSON;TRAORE;HADZIAHMETOVIC;SAHINER;JAHOVIC
Trabzonspor vs. Konyaspor - Saturday December 8 - 2018,Trabzonspor,easy,4-2-3-1,CAKIR;NOVAK;TOURE;TURKMEN;PEREIRA;ONAZI;SOSA;NWAKAEME;YAZICI;OMUR;RODALLEGA
Akhisarspor vs. Fenerbahce - Sunday December 9 - 2018,Akhisarspor,hard,4-2-3-1,OZTURK;VURAL;OSMANPASA;LOPES;VRSAJEVIC;SERGINHO;SISSOKO;BARBOSA;JOSUE;AYIK;BOKILA
Akhisarspor vs. Fenerbahce - Sunday December 9 - 2018,Fenerbahce,easy,4-2-3-1,TEKIN;KALDIRIM;SKRTEL;NEUSTADTER;OZBAYRAKLI;TOPAL;ISLA;ELMAS;EKICI;ALICI;SLIMANI
Bursaspor vs. Antalyaspor - Sunday December 9 - 2018,Antalyaspor,hard,4-4-2,BOFFIN;CELUSTKA;DIEGO ANGELO;DURSUN;SANGARE;OZKAN;OZMERT;CHICO;SINIK;ERDINC;MAICON BOLT
Bursaspor vs. Antalyaspor - Sunday December 9 - 2018,Bursaspor,hard,4-2-3-1,KOCUK;MERAS;VERGINI;ERSOY;YARDIMCI;KESKIN;BADJI;LATOVLEVICI;SAIVET;TORUN;NAYIR
Buyuksehir Belediye Erzurumspor vs. Yeni Malatyaspor - Sunday December 9 - 2018,Buyuksehir Belediye Erzurumspor,hard,4-2-3-1,SEHIC;SCHWECHLEN;GOR;KORKMAZ;AUREMIR;SCUK;AKDAG;HURMACI;ANTALYALI;BASSAN;SUNU
Buyuksehir Belediye Erzurumspor vs. Yeni Malatyaspor - Sunday December 9 - 2018,Yeni Malatyaspor,hard,4-2-3-1,FARNOLLE;CAGIRAN;AKCA;CIFTPINAR;CHEBAKE;YILDIRIM;DONALD;PEREIRA;ILDIZ;ALEKSIC;TOZLU
Ankaragucu vs. Basaksehir - Monday December 10 - 2018,Ankaragucu,hard,4-4-2,BAYINDIR;PINTO;AYHAN;KONE;DJA DJEDJE;MOKHTAR;FATY;MOULIN;CERCI;PARLAK;KANATSIZKUS
Ankaragucu vs. Basaksehir - Monday December 10 - 2018,Basaksehir,hard,4-1-4-1,GUNOK;CLICHY;EPUREANU;TEKDEMIR;JUNIOR CAICARA;BELOZOGLU;NAPOLEONI;MARCIO MOSSORO;KAHVECI;VISCA;BAJIC
Kasimpasa vs. Kayserispor - Monday December 10 - 2018,Kasimpasa,hard,4-1-4-1,KOSE;VEIGNEAU;BEN YOUSSEF;SARI;POPOV;SADIKU;TREZEGUET;PAVELKA;SERBEST;EDUOK;DIAGNE
Kasimpasa vs. Kayserispor - Monday December 10 - 2018,Kayserispor,hard,4-2-3-1,SILVIU LUNG JR;TURAN;KANA-BIYIK;SAPUNARU;GULEN;CINAZ;MENSAH;BASACIKOGLU;CHERY;TURUC;BULUT
Goztepe vs. Bursaspor - Friday December 14 - 2018,Bursaspor,hard,4-2-3-1,SENGEZER;MERAS;VERGINI;CHEDJOU;YARDIMCI;KARA;BADJI;LATOVLEVICI;SAIVET;ALLANO;NAYIR
Goztepe vs. Bursaspor - Friday December 14 - 2018,Goztepe,hard,4-1-4-1,BETO;EMIR;TITI;WALLACE;OZTURK;POKO;OZTEKIN;CASTRO;BORGES;AKBUNAR;JEROME
Basaksehir vs. Galatasaray - Saturday December 15 - 2018,Basaksehir,hard,4-1-4-1,GUNOK;CLICHY;EPUREANU;TEKDEMIR;JUNIOR CAICARA;BELOZOGLU;NAPOLEONI;MARCIO MOSSORO;KAHVECI;VISCA;BAJIC
Basaksehir vs. Galatasaray - Saturday December 15 - 2018,Galatasaray,easy,4-4-2,MUSLERA;NAGATOMO;AZIZ;KABAK;MARIANO;RODRIGUES;FERNANDO;NDIAYE;FEGHOULI;DERDIYOK;ONYEKURU
Konyaspor vs. Kasimpasa - Saturday December 15 - 2018,Kasimpasa,hard,4-1-4-1,KOSE;VEIGNEAU;BEN YOUSSEF;SARI;POPOV;SA;TREZEGUET;SADIKU;SERBEST;EDUOK;DIAGNE
Konyaspor vs. Kasimpasa - Saturday December 15 - 2018,Konyaspor,hard,4-4-2,KIRINTILI;OPANASENKO;DIAGNE;DEMIROK;SKUBIC;TRAORE;HADZIAHMETOVIC;FINDIKLI;MILOSEVIC;JAHOVIC;SAHINER
Rizespor vs. Alanyaspor - Saturday December 15 - 2018,Alanyaspor,hard,4-2-3-1,YILMAZ;N'SAKALA;TZAVELLAS;DEMIRAL;ALKILIC;GULSELAM;YALCINER;FERNANDES;VILLAFANEZ;KARACA;CISSE
Rizespor vs. Alanyaspor - Saturday December 15 - 2018,Rizespor,hard,4-2-3-1,AKKAN;USLU;BRABEC;SAADANE;ALTINAY;PETRUCCI;DURAK;SAMUDIO;FERNANDO BOLDRIN;UMAR;MURIQI
Sivasspor vs. Ankaragucu - Saturday December 15 - 2018,Ankaragucu,hard,4-2-3-1,BAYINDIR;SAK;AYHAN;KONE;OZGENC;FATY;AGCAY;BIFOUMA;PUTILO;PARLAK;EL KABIR
Sivasspor vs. Ankaragucu - Saturday December 15 - 2018,Sivasspor,hard,4-2-3-1,ACAR;CIFTCI;DAVID BRAZ;BJARSMYR;DOUGLAS;N'DINGA;ARSLAN;ROBINHO;RYBALKA;KILINC;DEMIR
Besiktas vs. Trabzonspor - Sunday December 16 - 2018,Besiktas,easy,4-2-3-1,KARIUS;ADRIANO;MEDEL;VIDA;UYSAL;TOKOZ;HUTCHINSON;LENS;LJAJIC;QUARESMA;YALCIN
Besiktas vs. Trabzonspor - Sunday December 16 - 2018,Trabzonspor,easy,4-2-3-1,CAKIR;NOVAK;TOURE;TURKMEN;PEREIRA;ONAZI;SOSA;NWAKAEME;YAZICI;OMUR;RODALLEGA
Kayserispor vs. Akhisarspor - Sunday December 16 - 2018,Akhisarspor,hard,4-2-3-1,OZTURK;VURAL;OSMANPASA;LOPES;VRSAJEVIC;SERGINHO;SISSOKO;BARBOSA;JOSUE;AYIK;BOKILA
Kayserispor vs. Akhisarspor - Sunday December 16 - 2018,Kayserispor,hard,4-2-3-1,SILVIU LUNG JR;TURAN;KANA-BIYIK;KUCHER;LOPES;CINAZ;MENSAH;BASACIKOGLU;CHERY;TURUC;BULUT
Yeni Malatyaspor vs. Antalyaspor - Sunday December 16 - 2018,Antalyaspor,hard,4-4-2,BOFFIN;CELUSTKA;DIEGO ANGELO;DURSUN;SANGARE;OZKAN;OZMERT;CHICO;SINIK;ERDINC;MAICON BOLT
Yeni Malatyaspor vs. Antalyaspor - Sunday December 16 - 2018,Yeni Malatyaspor,hard,4-4-2,FARNOLLE;KAS;AKCA;CIFTPINAR;CHEBAKE;BUYUK;ILDIZ;YILDIRIM;GUILHERME;TOZLU;BOUTAIB
Fenerbahce vs. Buyuksehir Belediye Erzurumspor - Monday December 17 - 2018,Buyuksehir Belediye Erzurumspor,hard,4-2-3-1,SEHIC;SCHWECHLEN;GOR;KORKMAZ;UNLU;SCUK;KONE;HURMACI;ANTALYALI;CELENK;SUNU
Fenerbahce vs. Buyuksehir Belediye Erzurumspor - Monday December 17 - 2018,Fenerbahce,easy,4-2-3-1,TEKIN;KALDIRIM;NEUSTADTER;SKRTEL;ISLA;ELMAS;TOPAL;VALBUENA;EKICI;AYEW;SLIMANI
Alanyaspor vs. Basaksehir - Saturday December 22 - 2018,Alanyaspor,hard,4-2-3-1,YILMAZ;N'SAKALA;TZAVELLAS;DEMIRAL;BAIANO;SACKEY;YALCINER;FERNANDES;VILLAFANEZ;KARACA;BOBO
Alanyaspor vs. Basaksehir - Saturday December 22 - 2018,Basaksehir,hard,4-1-4-1,GUNOK;CLICHY;TEKDEMIR;DA COSTA;JUNIOR CAICARA;INLER;NAPOLEONI;MARCIO MOSSORO;KAHVECI;VISCA;ADEBAYOR
Ankaragucu vs. Goztepe - Saturday December 22 - 2018,Ankaragucu,hard,4-4-2,CELIKAY;SAK;KONE;KUBALAS;OZER;MOKHTAR;AGCAY;FATY;PARLAK;EL KABIR;KANATSIZKUS
Ankaragucu vs. Goztepe - Saturday December 22 - 2018,Goztepe,hard,4-1-4-1,BETO;EMIR;TITI;WALLACE;OZTURK;POKO;GOUFFRAN;CASTRO;BORGES;AKBUNAR;JEROME
Kasimpasa vs. Besiktas - Saturday December 22 - 2018,Besiktas,easy,4-1-4-1,KARIUS;ADRIANO;VIDA;UYSAL;GONUL;MEDEL;LJAJIC;HUTCHINSON;TOKOZ;LENS;PEKTEMEK
Kasimpasa vs. Besiktas - Saturday December 22 - 2018,Kasimpasa,hard,4-1-4-1,KOSE;VEIGNEAU;BEN YOUSSEF;SARI;POPOV;SA;TREZEGUET;PAVELKA;SADIKU;KOITA;DIAGNE
Bursaspor vs. Yeni Malatyaspor - Sunday December 23 - 2018,Bursaspor,hard,4-2-3-1,SENGEZER;MERAS;VERGINI;CHEDJOU;YARDIMCI;KARA;BADJI;LATOVLEVICI;SAIVET;TORUN;NAYIR
Bursaspor vs. Yeni Malatyaspor - Sunday December 23 - 2018,Yeni Malatyaspor,hard,4-2-3-1,FARNOLLE;KAS;AKCA;MINA;CHEBAKE;YILDIRIM;DONALD;BUYUK;GUILHERME;ALEKSIC;TOZLU
Buyuksehir Belediye Erzurumspor vs. Kayserispor - Sunday December 23 - 2018,Buyuksehir Belediye Erzurumspor,hard,4-2-3-1,SEHIC;SCHWECHLEN;GOR;UNLU;AUREMIR;SCUK;AKDAG;HURMACI;ANTALYALI;BASSAN;SUNU
Buyuksehir Belediye Erzurumspor vs. Kayserispor - Sunday December 23 - 2018,Kayserispor,hard,4-2-3-1,YILDIRIM;TURAN;KANA-BIYIK;KUCHER;LOPES;CINAZ;SAPUNARU;BASACIKOGLU;CHERY;TURUC;KRAVETS
Galatasaray vs. Sivasspor - Sunday December 23 - 2018,Galatasaray,easy,4-1-4-1,MUSLERA;NAGATOMO;KABAK;MAICON;MARIANO;FERNANDO;ONYEKURU;BELHANDA;NDIAYE;FEGHOULI;DERDIYOK
Galatasaray vs. Sivasspor - Sunday December 23 - 2018,Sivasspor,hard,4-4-2,ACAR;CIFTCI;DAVID BRAZ;BJARSMYR;DOUGLAS;KILINC;N'DINGA;ARSLAN;TORJE;DEMIR;ROBINHO
Trabzonspor vs. Rizespor - Sunday December 23 - 2018,Rizespor,hard,4-2-3-1,AKKAN;USLU;BRABEC;SAADANE;OVACIKLI;PETRUCCI;DURAK;UMAR;FERNANDO BOLDRIN;SAMUDIO;MURIQI
Trabzonspor vs. Rizespor - Sunday December 23 - 2018,Trabzonspor,easy,4-2-3-1,CAKIR;NOVAK;HOSSEINI;TURKMEN;COREKCI;ONAZI;YAZICI;NWAKAEME;AMIRI;OMUR;RODALLEGA
Akhisarspor vs. Konyaspor - Monday December 24 - 2018,Akhisarspor,hard,4-2-3-1,OZTURK;VURAL;OSMANPASA;LOPES;CEVIKER;SERGINHO;SISSOKO;BARBOSA;JOSUE;AYIK;MANU
Akhisarspor vs. Konyaspor - Monday December 24 - 2018,Konyaspor,hard,4-2-3-1,KIRINTILI;MOKE;FILIPOVIC;TURAN;SKUBIC;JEVTOVIC;FINDIKLI;TRAORE;HADZIAHMETOVIC;SAHINER;JAHOVIC
Antalyaspor vs. Fenerbahce - Monday December 24 - 2018,Antalyaspor,hard,4-1-4-1,BOFFIN;CISSOKHO;DURSUN;OZTURK;SANGARE;CHICO;OZKAN;OZMERT;YILDIRIM;KURTULUS;DOUKARA
Antalyaspor vs. Fenerbahce - Monday December 24 - 2018,Fenerbahce,easy,4-3-3,TEKIN;KALDIRIM;NEUSTADTER;SKRTEL;ISLA;ELMAS;TOPAL;EKICI;BENZIA;SOLDADO;AYEW
Akhisarspor vs. Besiktas - Friday January 18 - 2019,Akhisarspor,hard,4-1-4-1,OZTURK;VURAL;OSMANPASA;LOPES;VRSAJEVIC;SISSOKO;MANU;SERGINHO;JOSUE;REGATTIN;BOKILA
Akhisarspor vs. Besiktas - Friday January 18 - 2019,Besiktas,easy,4-2-3-1,KARIUS;ERKIN;VIDA;ISIMAT-MIRIN;GONUL;TOKOZ;MEDEL;LENS;LJAJIC;QUARESMA;YILMAZ
Antalyaspor vs. Kayserispor - Saturday January 19 - 2019,Antalyaspor,hard,4-4-2,BOFFIN;CISSOKHO;CHICO;DURSUN;SANGARE;OZKAN;YILDIRIM;OZMERT;SINIK;ERDINC;DOUKARA
Antalyaspor vs. Kayserispor - Saturday January 19 - 2019,Kayserispor,hard,4-2-3-1,SILVIU LUNG JR;TURAN;KANA-BIYIK;SAPUNARU;LOPES;CINAZ;MENSAH;VARELA;CHERY;TURUC;BULUT
Buyuksehir Belediye Erzurumspor vs. Konyaspor - Saturday January 19 - 2019,Buyuksehir Belediye Erzurumspor,hard,4-2-3-1,SEHIC;SCHWECHLEN;GOR;KORKMAZ;AUREMIR;SCUK;AKDAG;HURMACI;ANTALYALI;BASSAN;SUNU
Buyuksehir Belediye Erzurumspor vs. Konyaspor - Saturday January 19 - 2019,Konyaspor,hard,4-4-2,KIRINTILI;ZUTA;FILIPOVIC;TURAN;OPANASENKO;FOFANA;JEVTOVIC;FINDIKLI;TRAORE;JAHOVIC;SAHINER
Galatasaray vs. Ankaragucu - Saturday January 19 - 2019,Ankaragucu,hard,4-2-3-1,BAYINDIR;PINTO;HEURTAUX;KUBALAS;PARLAK;FATY;DJA DJEDJE;KANATSIZKUS;MOULIN;OZER;BIFOUMA
Galatasaray vs. Ankaragucu - Saturday January 19 - 2019,Galatasaray,easy,4-1-4-1,MUSLERA;LINNES;MARCAO;MAICON;MARIANO;FERNANDO;ONYEKURU;BELHANDA;NDIAYE;FEGHOULI;GUMUS
Yeni Malatyaspor vs. Goztepe - Saturday January 19 - 2019,Goztepe,hard,4-1-4-1,BETO;EMIR;TITI;WALLACE;OZTURK;POKO;OZTEKIN;CASTRO;BORGES;AKBUNAR;JEROME
Yeni Malatyaspor vs. Goztepe - Saturday January 19 - 2019,Yeni Malatyaspor,hard,4-1-4-1,FARNOLLE;KAS;AKCA;MINA;CHEBAKE;YALCIN;PEREIRA;ILDIZ;DONALD;ALEKSIC;SISMANOGLU
Alanyaspor vs. Sivasspor - Sunday January 20 - 2019,Alanyaspor,hard,4-1-4-1,YILMAZ;N'SAKALA;TZAVELLAS;DEMIRAL;ALKILIC;GULSELAM;FERNANDES;DJALMA;VILLAFANEZ;KARACA;CISSE
Alanyaspor vs. Sivasspor - Sunday January 20 - 2019,Sivasspor,hard,4-2-3-1,ACAR;ERDAL;BJARSMYR;PAPP;DOUGLAS;N'DINGA;ARSLAN;KILINC;RYBALKA;TORJE;DEMIR
Trabzonspor vs. Basaksehir - Sunday January 20 - 2019,Basaksehir,hard,4-1-4-1,GUNOK;CLICHY;EPUREANU;TEKDEMIR;JUNIOR CAICARA;BELOZOGLU;TURAN;MARCIO MOSSORO;KAHVECI;VISCA;ROBINHO
Trabzonspor vs. Basaksehir - Sunday January 20 - 2019,Trabzonspor,easy,4-4-2,CAKIR;NOVAK;TURKMEN;TOURE;PEREIRA;NWAKAEME;COREKCI;YAZICI;OMUR;RODALLEGA;EKUBAN
Bursaspor vs. Fenerbahce - Monday January 21 - 2019,Bursaspor,hard,4-2-3-1,SENGEZER;MERAS;CHEDJOU;ERSOY;YARDIMCI;KARA;BADJI;LATOVLEVICI;SAIVET;TORUN;NAYIR
Bursaspor vs. Fenerbahce - Monday January 21 - 2019,Fenerbahce,easy,4-2-3-1,DEMIREL;KALDIRIM;CIFTPINAR;SKRTEL;ISLA;JAILSON;TOPAL;AYEW;EKICI;DIRAR;SOLDADO
Kasimpasa vs. Rizespor - Monday January 21 - 2019,Kasimpasa,hard,4-1-4-1,KOSE;CEK;BEN YOUSSEF;SARI;POPOV;SA;TREZEGUET;PAVELKA;SERBEST;HAJRADINOVIC;KOITA
Kasimpasa vs. Rizespor - Monday January 21 - 2019,Rizespor,hard,4-2-3-1,AKKAN;USLU;SAADANE;TALBI;OVACIKLI;PETRUCCI;DURAK;SAMUDIO;FERNANDO BOLDRIN;UMAR;MURIQI
Besiktas vs. Buyuksehir Belediye Erzurumspor - Friday January 25 - 2019,Besiktas,easy,4-2-3-1,KARIUS;ADRIANO;ISIMAT-MIRIN;UYSAL;GONUL;TOKOZ;MEDEL;QUARESMA;LJAJIC;LENS;YILMAZ
Besiktas vs. Buyuksehir Belediye Erzurumspor - Friday January 25 - 2019,Buyuksehir Belediye Erzurumspor,hard,4-2-3-1,SEHIC;SCHWECHLEN;GOR;KORKMAZ;UNLU;SCUK;AKDAG;SUNU;ANTALYALI;BASSAN;MUHAMMED
Goztepe vs. Galatasaray - Saturday January 26 - 2019,Galatasaray,easy,4-1-4-1,MUSLERA;LINNES;MARCAO;MAICON;MARIANO;FERNANDO;ONYEKURU;INAN;NDIAYE;FEGHOULI;GUMUS
Goztepe vs. Galatasaray - Saturday January 26 - 2019,Goztepe,hard,4-2-3-1,BETO;AGBENYENU;TITI;WALLACE;GASSAMA;POKO;BORGES;AKBUNAR;CASTRO;GURLER;JEROME
Kayserispor vs. Bursaspor - Saturday January 26 - 2019,Bursaspor,hard,4-4-2,SENGEZER;MERAS;CHEDJOU;ERSOY;KAPACAK;ERDOGAN;KARA;BADJI;ALLANO;NAYIR;TORUN
Kayserispor vs. Bursaspor - Saturday January 26 - 2019,Kayserispor,hard,4-4-2,SILVIU LUNG JR;TURAN;KANA-BIYIK;SAPUNARU;LOPES;VARELA;MENSAH;CHERY;TURUC;KRAVETS;BULUT
Konyaspor vs. Antalyaspor - Sunday January 27 - 2019,Antalyaspor,hard,4-1-4-1,BOFFIN;CISSOKHO;DURSUN;OZTURK;SANGARE;CHICO;OZKAN;OZMERT;YILDIRIM;DROLE;DOUKARA
Konyaspor vs. Antalyaspor - Sunday January 27 - 2019,Konyaspor,hard,4-2-3-1,KIRINTILI;ZUTA;FILIPOVIC;TURAN;SKUBIC;JEVTOVIC;FINDIKLI;FOFANA;MILOSEVIC;TRAORE;JAHOVIC
Rizespor vs. Akhisarspor - Sunday January 27 - 2019,Akhisarspor,hard,4-1-4-1,OZTURK;VURAL;COCALIC;OSMANPASA;LOPES;SISSOKO;MANU;SERGINHO;JOSUE;REGATTIN;CIKALLESHI
Rizespor vs. Akhisarspor - Sunday January 27 - 2019,Rizespor,hard,4-2-3-1,AKKAN;USLU;ABARHOUN;SAADANE;MOROZYUK;PETRUCCI;DURAK;SAMUDIO;CHAHECHOUHE;UMAR;MURIQI
Sivasspor vs. Trabzonspor - Sunday January 27 - 2019,Sivasspor,hard,4-2-3-1,ACAR;ERDAL;BJARSMYR;DAVID BRAZ;DOUGLAS;N'DINGA;ARSLAN;KILINC;RYBALKA;DIABATE;DEMIR
Sivasspor vs. Trabzonspor - Sunday January 27 - 2019,Trabzonspor,easy,4-4-2,CAKIR;NOVAK;TOURE;TURKMEN;COREKCI;NWAKAEME;OMUR;YAZICI;PARMAK;RODALLEGA;EKUBAN
Ankaragucu vs. Alanyaspor - Monday January 28 - 2019,Alanyaspor,hard,4-1-4-1,YILMAZ;N'SAKALA;TZAVELLAS;DEMIRAL;ALKILIC;GULSELAM;FERNANDES;DJALMA;VILLAFANEZ;KARACA;CISSE
Ankaragucu vs. Alanyaspor - Monday January 28 - 2019,Ankaragucu,hard,4-1-4-1,BAYINDIR;SAK;AYHAN;KUBALAS;OZGENC;DJA DJEDJE;MOULIN;FATY;AGCAY;OZER;PARLAK
Basaksehir vs. Kasimpasa - Monday January 28 - 2019,Basaksehir,hard,4-1-4-1,GUNOK;CLICHY;EPUREANU;TEKDEMIR;JUNIOR CAICARA;BELOZOGLU;TURAN;MARCIO MOSSORO;KAHVECI;VISCA;ROBINHO
Basaksehir vs. Kasimpasa - Monday January 28 - 2019,Kasimpasa,hard,4-2-3-1,KOSE;VEIGNEAU;BEN YOUSSEF;SADIKU;POPOV;SERBEST;PAVELKA;TREZEGUET;HAJRADINOVIC;EDUOK;KOITA
Fenerbahce vs. Yeni Malatyaspor - Monday January 28 - 2019,Fenerbahce,easy,4-2-3-1,DEMIREL;KALDIRIM;CIFTPINAR;NEUSTADTER;ISLA;BENZIA;TOPAL;AYEW;EKICI;DIRAR;SOLDADO
Fenerbahce vs. Yeni Malatyaspor - Monday January 28 - 2019,Yeni Malatyaspor,hard,4-2-3-1,FARNOLLE;KAS;MINA;YALCIN;CHEBAKE;YILDIRIM;DONALD;BUYUK;GUILHERME;ALEKSIC;SISMANOGLU
Fenerbahce vs. Goztepe - Friday February 1 - 2019,Fenerbahce,easy,4-2-3-1,DEMIREL;KOYBASI;CIFTPINAR;NEUSTADTER;ISLA;TOPAL;BENZIA;AYEW;EKICI;DIRAR;SOLDADO
Fenerbahce vs. Goztepe - Friday February 1 - 2019,Goztepe,hard,4-2-3-1,BETO;AGBENYENU;TITI;WALLACE;GASSAMA;OZTURK;BORGES;AKBUNAR;CASTRO;GURLER;JEROME
Alanyaspor vs. Galatasaray - Saturday February 2 - 2019,Alanyaspor,hard,4-1-4-1,YILMAZ;N'SAKALA;TZAVELLAS;WELINTON;BAIANO;GULSELAM;FERNANDES;DJALMA;VILLAFANEZ;KARACA;CISSE
Alanyaspor vs. Galatasaray - Saturday February 2 - 2019,Galatasaray,easy,4-2-3-1,MUSLERA;LINNES;MARCAO;LUYINDAMA;MARIANO;FERNANDO;NDIAYE;ONYEKURU;BELHANDA;FEGHOULI;MITROGLOU
Kasimpasa vs. Sivasspor - Saturday February 2 - 2019,Kasimpasa,hard,4-1-4-1,SCUFFET;CEK;BEN YOUSSEF;SARI;POPOV;SA;TREZEGUET;PAVELKA;SADIKU;KOITA;PERICA
Kasimpasa vs. Sivasspor - Saturday February 2 - 2019,Sivasspor,hard,4-2-3-1,ACAR;ERDAL;BJARSMYR;DAVID BRAZ;DOUGLAS;N'DINGA;ARSLAN;KILINC;RYBALKA;DIABATE;KONE
Trabzonspor vs. Ankaragucu - Saturday February 2 - 2019,Ankaragucu,hard,4-2-3-1,BAYINDIR;PINTO;AYHAN;KUBALAS;KITSIOU;MOKE;AGCAY;PARLAK;MOULIN;BOYD;ORGILL
Trabzonspor vs. Ankaragucu - Saturday February 2 - 2019,Trabzonspor,easy,4-4-2,CAKIR;NOVAK;TOURE;TURKMEN;COREKCI;NWAKAEME;PARMAK;YAZICI;OMUR;RODALLEGA;EKUBAN
Yeni Malatyaspor vs. Kayserispor - Saturday February 2 - 2019,Kayserispor,hard,4-2-3-1,SILVIU LUNG JR;TURAN;KANA-BIYIK;SAPUNARU;LOPES;CINAZ;ACAR;BULUT;CHERY;TURUC;KRAVETS
Yeni Malatyaspor vs. Kayserispor - Saturday February 2 - 2019,Yeni Malatyaspor,hard,4-2-3-1,FARNOLLE;CEVAHIR;AKCA;MINA;CHEBAKE;YILDIRIM;DONALD;BIFOUMA;GUILHERME;ALEKSIC;SISMANOGLU
Akhisarspor vs. Basaksehir - Sunday February 3 - 2019,Akhisarspor,hard,4-2-3-1,OZTURK;VURAL;SISSOKO;LOPES;VRSAJEVIC;ROTMAN;SERGINHO;MANU;JOSUE;REGATTIN;CIKALLESHI
Akhisarspor vs. Basaksehir - Sunday February 3 - 2019,Basaksehir,hard,4-1-4-1,GUNOK;CLICHY;EPUREANU;TEKDEMIR;JUNIOR CAICARA;BELOZOGLU;TURAN;MARCIO MOSSORO;KAHVECI;VISCA;ROBINHO
Antalyaspor vs. Besiktas - Sunday February 3 - 2019,Antalyaspor,hard,4-1-4-1,BOFFIN;CISSOKHO;OZTURK;DURSUN;SANGARE;CHICO;DROLE;OZMERT;KURTULUS;SINIK;DOUKARA
Antalyaspor vs. Besiktas - Sunday February 3 - 2019,Besiktas,easy,4-2-3-1,KARIUS;ADRIANO;ISIMAT-MIRIN;VIDA;GONUL;TOKOZ;HUTCHINSON;ERKIN;LJAJIC;LENS;YALCIN
Buyuksehir Belediye Erzurumspor vs. Rizespor - Sunday February 3 - 2019,Buyuksehir Belediye Erzurumspor,hard,4-2-3-1,SEHIC;SCHWECHLEN;KORKMAZ;KANSTRUP;UNLU;SCUK;AKDAG;EDUOK;ANTALYALI;MUHAMMED;OPSETH
Buyuksehir Belediye Erzurumspor vs. Rizespor - Sunday February 3 - 2019,Rizespor,hard,4-2-3-1,AKKAN;MELNJAK;ABARHOUN;AWAZIEM;MOROZYUK;SAADANE;PETRUCCI;UMAR;CHAHECHOUHE;FERNANDO BOLDRIN;MURIQI
Bursaspor vs. Konyaspor - Monday February 4 - 2019,Bursaspor,hard,4-2-3-1,SENGEZER;MERAS;ERSOY;VERGINI;YARDIMCI;KARA;BADJI;LATOVLEVICI;TORUN;ERDOGAN;NAYIR
Bursaspor vs. Konyaspor - Monday February 4 - 2019,Konyaspor,hard,4-4-2,KIRINTILI;ZUTA;FILIPOVIC;TURAN;SKUBIC;MILOSEVIC;JEVTOVIC;FINDIKLI;TRAORE;JAHOVIC;SAHINER
Kayserispor vs. Fenerbahce - Friday February 8 - 2019,Fenerbahce,easy,4-2-3-1,DEMIREL;KALDIRIM;AZIZ;NEUSTADTER;ISLA;ARSLAN;JAILSON;AYEW;EKICI;DIRAR;SOLDADO
Kayserispor vs. Fenerbahce - Friday February 8 - 2019,Kayserispor,hard,4-2-3-1,SILVIU LUNG JR;KUCHER;KANA-BIYIK;SAPUNARU;LOPES;CINAZ;MENSAH;BULUT;CHERY;TURUC;KRAVETS
Basaksehir vs. Buyuksehir Belediye Erzurumspor - Saturday February 9 - 2019,Basaksehir,hard,4-1-4-1,GUNOK;CLICHY;EPUREANU;TEKDEMIR;JUNIOR CAICARA;BELOZOGLU;ELIA;MARCIO MOSSORO;KAHVECI;VISCA;ROBINHO
Basaksehir vs. Buyuksehir Belediye Erzurumspor - Saturday February 9 - 2019,Buyuksehir Belediye Erzurumspor,hard,4-4-2,SEHIC;SCHWECHLEN;GOR;KORKMAZ;KANSTRUP;SUNU;SCUK;ANTALYALI;EDUOK;OBERTAN;OPSETH
Besiktas vs. Bursaspor - Saturday February 9 - 2019,Besiktas,easy,4-2-3-1,KARIUS;ADRIANO;ISIMAT-MIRIN;VIDA;GONUL;TOKOZ;HUTCHINSON;YALCIN;LJAJIC;LENS;YILMAZ
Besiktas vs. Bursaspor - Saturday February 9 - 2019,Bursaspor,hard,4-2-3-1,SENGEZER;MERAS;VERGINI;ERSOY;YARDIMCI;KARA;BADJI;LATOVLEVICI;SAIVET;ERDOGAN;NAYIR
Rizespor vs. Antalyaspor - Saturday February 9 - 2019,Antalyaspor,hard,4-4-2,BOFFIN;CHICO;DIEGO ANGELO;DURSUN;SANGARE;SINIK;CHARLES;OZMERT;AMILTON;ERDINC;FREDY
Rizespor vs. Antalyaspor - Saturday February 9 - 2019,Rizespor,hard,4-2-3-1,AKKAN;MELNJAK;ABARHOUN;AWAZIEM;MOROZYUK;SAADANE;AZUBUIKE;UMAR;CHAHECHOUHE;FERNANDO BOLDRIN;MURIQI
Galatasaray vs. Trabzonspor - Sunday February 10 - 2019,Galatasaray,easy,4-1-4-1,MUSLERA;NAGATOMO;MARCAO;LUYINDAMA;LINNES;DONK;ONYEKURU;BELHANDA;NDIAYE;FEGHOULI;DIAGNE
Galatasaray vs. Trabzonspor - Sunday February 10 - 2019,Trabzonspor,easy,4-2-3-1,AKBULUT;AMIRI;HOSSEINI;TURKMEN;COREKCI;TOURE;YAZICI;NWAKAEME;OMUR;EKUBAN;RODALLEGA
Goztepe vs. Alanyaspor - Sunday February 10 - 2019,Alanyaspor,hard,4-2-3-1,YILMAZ;N'SAKALA;TZAVELLAS;WELINTON;BAIANO;GULSELAM;TUFAN;FERNANDES;DJALMA;KARACA;CISSE
Goztepe vs. Alanyaspor - Sunday February 10 - 2019,Goztepe,hard,4-2-3-1,BETO;AGBENYENU;TITI;WALLACE;GASSAMA;POKO;BORGES;OZTEKIN;CASTRO;GURLER;KADAH
Konyaspor vs. Yeni Malatyaspor - Sunday February 10 - 2019,Konyaspor,hard,4-4-2,KIRINTILI;ZUTA;FILIPOVIC;TURAN;SKUBIC;MILOSEVIC;JEVTOVIC;FINDIKLI;TRAORE;JAHOVIC;SAHINER
Konyaspor vs. Yeni Malatyaspor - Sunday February 10 - 2019,Yeni Malatyaspor,hard,4-2-3-1,FARNOLLE;CEVAHIR;AKCA;MINA;CHEBAKE;YILDIRIM;DONALD;BIFOUMA;GUILHERME;ALEKSIC;BUYUK
Ankaragucu vs. Kasimpasa - Monday February 11 - 2019,Ankaragucu,hard,4-2-3-1,BAYINDIR;PINTO;KULUSIC;PAZDAN;KITSIOU;DJA DJEDJE;MOKE;BOYD;SCARIONE;SACKO;ORGILL
Ankaragucu vs. Kasimpasa - Monday February 11 - 2019,Kasimpasa,hard,4-2-3-1,KOSE;VEIGNEAU;BEN YOUSSEF;SARI;POPOV;SERBEST;PAVELKA;TREZEGUET;HAJRADINOVIC;KOITA;PERICA
Sivasspor vs. Akhisarspor - Monday February 11 - 2019,Akhisarspor,hard,4-2-3-1,OZTURK;NIZAM;COCALIC;OSMANPASA;YAVRU;SERGINHO;SISSOKO;BARBOSA;JOSUE;REGATTIN;CIKALLESHI
Sivasspor vs. Akhisarspor - Monday February 11 - 2019,Sivasspor,hard,4-2-3-1,ACAR;ERDAL;DAVID BRAZ;BJARSMYR;DOUGLAS;N'DINGA;ARSLAN;KILINC;RYBALKA;DIABATE;KONE
Yeni Malatyaspor vs. Besiktas - Friday February 15 - 2019,Besiktas,easy,4-2-3-1,KARIUS;ERKIN;ISIMAT-MIRIN;VIDA;GONUL;TOKOZ;HUTCHINSON;YALCIN;LJAJIC;LENS;YILMAZ
Yeni Malatyaspor vs. Besiktas - Friday February 15 - 2019,Yeni Malatyaspor,hard,4-2-3-1,OZBIR;CEVAHIR;AKCA;MINA;CHEBAKE;YILDIRIM;DONALD;BUYUK;GUILHERME;ALEKSIC;SISMANOGLU
Akhisarspor vs. Ankaragucu - Saturday February 16 - 2019,Akhisarspor,hard,4-2-3-1,OZTURK;KELES;COCALIC;OSMANPASA;YAVRU;SERGINHO;SISSOKO;BARBOSA;JOSUE;REGATTIN;CIKALLESHI
Akhisarspor vs. Ankaragucu - Saturday February 16 - 2019,Ankaragucu,hard,4-1-4-1,BAYINDIR;MOKE;KULUSIC;PAZDAN;KITSIOU;DJA DJEDJE;BOYD;CANTEROS;AGCAY;SACKO;ORGILL
Bursaspor vs. Rizespor - Saturday February 16 - 2019,Bursaspor,hard,4-2-3-1,SENGEZER;MERAS;VERGINI;ERSOY;YARDIMCI;KESKIN;BADJI;ERDOGAN;SAIVET;ALLANO;NAYIR
Bursaspor vs. Rizespor - Saturday February 16 - 2019,Rizespor,hard,4-2-3-1,AKKAN;MELNJAK;ABARHOUN;AWAZIEM;MOROZYUK;DURAK;AZUBUIKE;UMAR;CHAHECHOUHE;FERNANDO BOLDRIN;MURIQI
Fenerbahce vs. Konyaspor - Saturday February 16 - 2019,Fenerbahce,easy,4-2-3-1,DEMIREL;KALDIRIM;CIFTPINAR;SKRTEL;DIRAR;TOPAL;JAILSON;VALBUENA;ZAJC;MOSES;SLIMANI
Fenerbahce vs. Konyaspor - Saturday February 16 - 2019,Konyaspor,hard,4-2-3-1,KIRINTILI;ZUTA;FILIPOVIC;TURAN;SKUBIC;JEVTOVIC;FINDIKLI;FOFANA;MILOSEVIC;TRAORE;JAHOVIC
Buyuksehir Belediye Erzurumspor vs. Sivasspor - Sunday February 17 - 2019,Buyuksehir Belediye Erzurumspor,hard,4-4-2,SEHIC;SCHWECHLEN;GOR;KORKMAZ;KANSTRUP;EDUOK;SCUK;AKDAG;BASSAN;OBERTAN;OPSETH
Buyuksehir Belediye Erzurumspor vs. Sivasspor - Sunday February 17 - 2019,Sivasspor,hard,4-2-3-1,ACAR;CIFTCI;BJARSMYR;DAVID BRAZ;DOUGLAS;N'DINGA;ARSLAN;KILINC;RYBALKA;DIABATE;KONE
Kasimpasa vs. Galatasaray - Sunday February 17 - 2019,Galatasaray,easy,4-2-3-1,MUSLERA;TASDEMIR;MARCAO;LUYINDAMA;LINNES;DONK;INAN;ONYEKURU;BELHANDA;FEGHOULI;DIAGNE
Kasimpasa vs. Galatasaray - Sunday February 17 - 2019,Kasimpasa,hard,4-2-3-1,SCUFFET;VEIGNEAU;BEN YOUSSEF;SARI;POPOV;SADIKU;PAVELKA;DEPE;KHALILI;KOITA;TREZEGUET
Kayserispor vs. Goztepe - Sunday February 17 - 2019,Goztepe,hard,4-2-3-1,BETO;AGBENYENU;TITI;WALLACE;GASSAMA;POKO;OZTURK;GOUFFRAN;CASTRO;AKBUNAR;KADAH
Kayserispor vs. Goztepe - Sunday February 17 - 2019,Kayserispor,hard,4-2-3-1,SILVIU LUNG JR;TURAN;KANA-BIYIK;SAPUNARU;LOPES;CINAZ;MENSAH;BULUT;CHERY;TURUC;KRAVETS
Trabzonspor vs. Alanyaspor - Sunday February 17 - 2019,Alanyaspor,hard,4-2-3-1,YILMAZ;BAIANO;CAULKER;WELINTON;ALKILIC;GULSELAM;TUFAN;DJALMA;VILLAFANEZ;KARACA;CISSE
Trabzonspor vs. Alanyaspor - Sunday February 17 - 2019,Trabzonspor,easy,4-4-2,AKBULUT;AMIRI;HOSSEINI;TURKMEN;COREKCI;NWAKAEME;SOSA;YAZICI;OMUR;RODALLEGA;EKUBAN
Antalyaspor vs. Basaksehir - Monday February 18 - 2019,Antalyaspor,hard,4-4-2,BOFFIN;CHICO;DIEGO ANGELO;DURSUN;SANGARE;SINIK;CHARLES;OZMERT;AMILTON;ERDINC;FREDY
Antalyaspor vs. Basaksehir - Monday February 18 - 2019,Basaksehir,hard,4-1-4-1,GUNOK;KUDRYASHOV;TEKDEMIR;TASCI;JUNIOR CAICARA;BELOZOGLU;TURAN;MARCIO MOSSORO;KAHVECI;VISCA;ROBINHO
Goztepe vs. Trabzonspor - Friday February 22 - 2019,Goztepe,hard,4-2-3-1,BETO;EMIR;TITI;KADU;GASSAMA;POKO;BORGES;OZTEKIN;CASTRO;GURLER;JEROME
Goztepe vs. Trabzonspor - Friday February 22 - 2019,Trabzonspor,easy,4-2-3-1,CAKIR;NOVAK;HOSSEINI;TURKMEN;COREKCI;SOSA;PARMAK;NWAKAEME;YAZICI;EKUBAN;RODALLEGA
Rizespor vs. Yeni Malatyaspor - Friday February 22 - 2019,Rizespor,hard,4-2-3-1,AKKAN;MELNJAK;ABARHOUN;AWAZIEM;MOROZYUK;DURAK;AZUBUIKE;UMAR;CHAHECHOUHE;FERNANDO BOLDRIN;MURIQI
Rizespor vs. Yeni Malatyaspor - Friday February 22 - 2019,Yeni Malatyaspor,hard,4-2-3-1,FARNOLLE;KAS;AKBAS;MINA;SINCERE;YALCIN;DONALD;ALEKSIC;ILDIZ;GUILHERME;TOZLU
Alanyaspor vs. Kasimpasa - Saturday February 23 - 2019,Alanyaspor,hard,4-2-3-1,YILMAZ;N'SAKALA;TZAVELLAS;WELINTON;BAIANO;GULSELAM;TUFAN;DJALMA;VILLAFANEZ;KARACA;CISSE
Alanyaspor vs. Kasimpasa - Saturday February 23 - 2019,Kasimpasa,hard,4-2-3-1,SCUFFET;KARIM HAFEZ;SARI;BEN YOUSSEF;POPOV;SADIKU;SERBEST;TREZEGUET;KHALILI;HAJRADINOVIC;PERICA
Sivasspor vs. Antalyaspor - Saturday February 23 - 2019,Antalyaspor,hard,4-4-2,KAPLAN;CHICO;DIEGO ANGELO;DURSUN;SANGARE;OZKAN;CHARLES;OZMERT;AMILTON;DOUKARA;FREDY
Sivasspor vs. Antalyaspor - Saturday February 23 - 2019,Sivasspor,hard,4-2-3-1,ACAR;ERDAL;BJARSMYR;DAVID BRAZ;DOUGLAS;N'DINGA;ARSLAN;KILINC;RYBALKA;DIABATE;KONE
Ankaragucu vs. Buyuksehir Belediye Erzurumspor - Sunday February 24 - 2019,Ankaragucu,hard,4-1-4-1,BAYINDIR;PINTO;KULUSIC;PAZDAN;KITSIOU;MOKE;BOYD;CANTEROS;AGCAY;SACKO;ORGILL
Ankaragucu vs. Buyuksehir Belediye Erzurumspor - Sunday February 24 - 2019,Buyuksehir Belediye Erzurumspor,hard,4-4-2,SEHIC;SCHWECHLEN;GOR;KORKMAZ;KURTULUS;EDUOK;SCUK;AKDAG;BASSAN;OBERTAN;OPSETH
Basaksehir vs. Bursaspor - Sunday February 24 - 2019,Basaksehir,hard,4-1-4-1,GUNOK;KUDRYASHOV;EPUREANU;TEKDEMIR;JUNIOR CAICARA;BELOZOGLU;TURAN;MARCIO MOSSORO;KAHVECI;VISCA;ROBINHO
Basaksehir vs. Bursaspor - Sunday February 24 - 2019,Bursaspor,hard,4-2-3-1,SENGEZER;MERAS;CHEDJOU;ERSOY;YARDIMCI;KARA;BADJI;LATOVLEVICI;SHEHU;ALLANO;SAKHO
Galatasaray vs. Akhisarspor - Sunday February 24 - 2019,Akhisarspor,hard,4-1-4-1,LUKAC;KELES;COCALIC;OSMANPASA;YAVRU;ROTMAN;BARBOSA;CEVIKER;SISSOKO;AYIK;MANU
Galatasaray vs. Akhisarspor - Sunday February 24 - 2019,Galatasaray,easy,4-1-4-1,MUSLERA;NAGATOMO;MARCAO;LUYINDAMA;MARIANO;NDIAYE;ONYEKURU;BELHANDA;AKBABA;FEGHOULI;MITROGLOU
Konyaspor vs. Kayserispor - Sunday February 24 - 2019,Kayserispor,hard,4-2-3-1,SILVIU LUNG JR;TURAN;KUCHER;SAPUNARU;LOPES;CINAZ;MENSAH;BULUT;CHERY;TURUC;KRAVETS
Konyaspor vs. Kayserispor - Sunday February 24 - 2019,Konyaspor,hard,4-4-2,KIRINTILI;ZUTA;FILIPOVIC;TURAN;SKUBIC;FOFANA;JEVTOVIC;FINDIKLI;TRAORE;MILOSEVIC;HADZIAHMETOVIC
Besiktas vs. Fenerbahce - Monday February 25 - 2019,Besiktas,easy,4-2-3-1,KARIUS;ADRIANO;ISIMAT-MIRIN;VIDA;GONUL;TOKOZ;HUTCHINSON;YALCIN;KAGAWA;LENS;YILMAZ
Besiktas vs. Fenerbahce - Monday February 25 - 2019,Fenerbahce,easy,4-2-3-1,DEMIREL;KALDIRIM;CIFTPINAR;SKRTEL;ISLA;ARSLAN;TOPAL;MOSES;ZAJC;DIRAR;SOLDADO
Antalyaspor vs. Ankaragucu - Friday March 1 - 2019,Ankaragucu,hard,4-1-4-1,BAYINDIR;PINTO;KULUSIC;PAZDAN;KITSIOU;DJA DJEDJE;BOYD;CANTEROS;AGCAY;SACKO;ORGILL
Antalyaspor vs. Ankaragucu - Friday March 1 - 2019,Antalyaspor,hard,4-4-2,BOFFIN;CHICO;DIEGO ANGELO;DURSUN;SANGARE;OZKAN;CHARLES;OZMERT;AMILTON;ERDINC;FREDY
Bursaspor vs. Sivasspor - Saturday March 2 - 2019,Bursaspor,hard,4-2-3-1,KOCUK;MERAS;CHEDJOU;ERSOY;YARDIMCI;KARA;BADJI;ERDOGAN;SAIVET;SHEHU;SAKHO
Bursaspor vs. Sivasspor - Saturday March 2 - 2019,Sivasspor,hard,4-2-3-1,ACAR;ERDAL;BJARSMYR;DAVID BRAZ;DOUGLAS;N'DINGA;ARSLAN;KILINC;YANDAS;DIABATE;KONE
Fenerbahce vs. Rizespor - Saturday March 2 - 2019,Fenerbahce,easy,4-2-3-1,DEMIREL;KALDIRIM;AZIZ;SKRTEL;ISLA;ARSLAN;TOPAL;VALBUENA;ZAJC;MOSES;SOLDADO
Fenerbahce vs. Rizespor - Saturday March 2 - 2019,Rizespor,hard,4-4-2,AKKAN;MELNJAK;ABARHOUN;AWAZIEM;MOROZYUK;UMAR;DURAK;AZUBUIKE;FERNANDO BOLDRIN;NAKOULMA;MURIQI
Kayserispor vs. Besiktas - Saturday March 2 - 2019,Besiktas,easy,4-2-3-1,KARIUS;ERKIN;MEDEL;VIDA;ADRIANO;HUTCHINSON;TOKOZ;YALCIN;LJAJIC;QUARESMA;YILMAZ
Kayserispor vs. Besiktas - Saturday March 2 - 2019,Kayserispor,hard,4-4-2,SILVIU LUNG JR;KUCHER;KANA-BIYIK;SAPUNARU;LOPES;VARELA;CINAZ;MENSAH;TURUC;BULUT;KRAVETS
Buyuksehir Belediye Erzurumspor vs. Galatasaray - Sunday March 3 - 2019,Buyuksehir Belediye Erzurumspor,hard,4-4-2,SEHIC;SCHWECHLEN;GOR;KORKMAZ;KURTULUS;EDUOK;SCUK;AKDAG;BASSAN;MUHAMMED;OBERTAN
Buyuksehir Belediye Erzurumspor vs. Galatasaray - Sunday March 3 - 2019,Galatasaray,easy,4-2-3-1,MUSLERA;TASDEMIR;MARCAO;LUYINDAMA;KAYA;INAN;NDIAYE;ONYEKURU;BELHANDA;FEGHOULI;MITROGLOU
Konyaspor vs. Goztepe - Sunday March 3 - 2019,Goztepe,hard,4-4-2,BETO;EMIR;TITI;KADU;GASSAMA;OZTEKIN;BORGES;CASTRO;GURLER;GHILAS;KADAH
Konyaspor vs. Goztepe - Sunday March 3 - 2019,Konyaspor,hard,4-2-3-1,KIRINTILI;ZUTA;FILIPOVIC;TURAN;SKUBIC;JEVTOVIC;FINDIKLI;FOFANA;MILOSEVIC;TRAORE;JAHOVIC
Yeni Malatyaspor vs. Basaksehir - Sunday March 3 - 2019,Basaksehir,hard,4-1-4-1,GUNOK;KUDRYASHOV;EPUREANU;TEKDEMIR;JUNIOR CAICARA;BELOZOGLU;TURAN;MARCIO MOSSORO;KAHVECI;VISCA;ROBINHO
Yeni Malatyaspor vs. Basaksehir - Sunday March 3 - 2019,Yeni Malatyaspor,hard,3-4-3,OZBIR;AKBAS;AKCA;SINCERE;CEVAHIR;YILDIRIM;DONALD;CHEBAKE;ALEKSIC;BUYUK;GUILHERME
Akhisarspor vs. Alanyaspor - Monday March 4 - 2019,Akhisarspor,hard,4-2-3-1,LUKAC;KELES;COCALIC;OSMANPASA;YAVRU;SERGINHO;SISSOKO;BARBOSA;JOSUE;AYIK;BOKILA
Akhisarspor vs. Alanyaspor - Monday March 4 - 2019,Alanyaspor,hard,4-2-3-1,YILMAZ;TZAVELLAS;CAULKER;WELINTON;BAIANO;GULSELAM;TUFAN;DJALMA;VILLAFANEZ;KARACA;SURAL
Kasimpasa vs. Trabzonspor - Monday March 4 - 2019,Kasimpasa,hard,4-1-4-1,SCUFFET;VEIGNEAU;BEN YOUSSEF;SADIKU;SARI;SA;TREZEGUET;PAVELKA;SERBEST;DEPE;PERICA
Kasimpasa vs. Trabzonspor - Monday March 4 - 2019,Trabzonspor,easy,4-2-3-1,CAKIR;NOVAK;HOSSEINI;TOURE;TURKMEN;SOSA;PARMAK;NWAKAEME;YAZICI;EKUBAN;RODALLEGA
Sivasspor vs. Yeni Malatyaspor - Friday March 8 - 2019,Sivasspor,hard,4-2-3-1,ACAR;ERDAL;BJARSMYR;DAVID BRAZ;AKSOY;N'DINGA;ARSLAN;KILINC;HURMACI;DOUGLAS;DIABATE
Sivasspor vs. Yeni Malatyaspor - Friday March 8 - 2019,Yeni Malatyaspor,hard,4-2-3-1,FARNOLLE;KAS;AKBAS;AKCA;CHEBAKE;YILDIRIM;DONALD;ALICI;ILDIZ;ALEKSIC;TOZLU
Ankaragucu vs. Bursaspor - Saturday March 9 - 2019,Ankaragucu,hard,4-2-3-1,BAYINDIR;PINTO;PAZDAN;KULUSIC;KITSIOU;MOKE;DJA DJEDJE;BOYD;CANTEROS;SACKO;ORGILL
Ankaragucu vs. Bursaspor - Saturday March 9 - 2019,Bursaspor,hard,4-2-3-1,KOCUK;MERAS;CHEDJOU;ERSOY;SHEHU;KARA;BADJI;ERDOGAN;SAIVET;ALLANO;SAKHO
Basaksehir vs. Fenerbahce - Saturday March 9 - 2019,Basaksehir,hard,4-1-4-1,GUNOK;KUDRYASHOV;TEKDEMIR;TASCI;JUNIOR CAICARA;BELOZOGLU;TURAN;MARCIO MOSSORO;KAHVECI;VISCA;ROBINHO
Basaksehir vs. Fenerbahce - Saturday March 9 - 2019,Fenerbahce,easy,4-2-3-1,DEMIREL;KALDIRIM;AZIZ;SKRTEL;ISLA;ARSLAN;JAILSON;ELMAS;ZAJC;MOSES;SOLDADO
Trabzonspor vs. Akhisarspor - Saturday March 9 - 2019,Akhisarspor,hard,4-1-4-1,LUKAC;KELES;COCALIC;OSMANPASA;YAVRU;ROTMAN;BARBOSA;SERGINHO;SISSOKO;AYIK;BOKILA
Trabzonspor vs. Akhisarspor - Saturday March 9 - 2019,Trabzonspor,easy,4-2-3-1,CAKIR;NOVAK;HOSSEINI;TURKMEN;COREKCI;SOSA;PARMAK;NWAKAEME;YAZICI;EKUBAN;RODALLEGA
Alanyaspor vs. Buyuksehir Belediye Erzurumspor - Sunday March 10 - 2019,Alanyaspor,hard,4-1-4-1,YILMAZ;N'SAKALA;TZAVELLAS;WELINTON;BAIANO;GULSELAM;SURAL;TUFAN;SACKEY;KARACA;CISSE
Alanyaspor vs. Buyuksehir Belediye Erzurumspor - Sunday March 10 - 2019,Buyuksehir Belediye Erzurumspor,hard,4-4-2,SEHIC;SCHWECHLEN;GOR;KANSTRUP;KURTULUS;EDUOK;SCUK;AKDAG;BASSAN;MUNSY;OBERTAN
Besiktas vs. Konyaspor - Sunday March 10 - 2019,Besiktas,easy,4-2-3-1,KARIUS;ADRIANO;VIDA;UYSAL;GONUL;HUTCHINSON;MEDEL;LENS;LJAJIC;QUARESMA;YILMAZ
Besiktas vs. Konyaspor - Sunday March 10 - 2019,Konyaspor,hard,4-4-2,KIRINTILI;OPANASENKO;FILIPOVIC;DEMIROK;SKUBIC;MILOSEVIC;JEVTOVIC;FINDIKLI;TRAORE;SAHINER;AKCAY
Goztepe vs. Kasimpasa - Sunday March 10 - 2019,Goztepe,hard,4-2-3-1,BETO;EMIR;TITI;WALLACE;GASSAMA;BORGES;CASTRO;OZTEKIN;NGANDO;GURLER;KADAH
Goztepe vs. Kasimpasa - Sunday March 10 - 2019,Kasimpasa,hard,4-1-4-1,KOSE;VEIGNEAU;BEN YOUSSEF;SADIKU;POPOV;SA;KARIM HAFEZ;PAVELKA;SERBEST;TREZEGUET;KOITA
Rizespor vs. Kayserispor - Sunday March 10 - 2019,Kayserispor,hard,4-2-3-1,SILVIU LUNG JR;TURAN;KANA-BIYIK;SAPUNARU;LOPES;CINAZ;ACAR;BULUT;CHERY;TURUC;KRAVETS
Rizespor vs. Kayserispor - Sunday March 10 - 2019,Rizespor,hard,4-2-3-1,AKKAN;MELNJAK;ABARHOUN;AWAZIEM;DURAK;CAGIRAN;AZUBUIKE;UMAR;FERNANDO BOLDRIN;SAMUDIO;MURIQI
Galatasaray vs. Antalyaspor - Monday March 11 - 2019,Antalyaspor,hard,4-4-2,BOFFIN;CHICO;DIEGO ANGELO;OZTURK;CELUSTKA;SINIK;CHARLES;OZMERT;AMILTON;DOUKARA;FREDY
Galatasaray vs. Antalyaspor - Monday March 11 - 2019,Galatasaray,easy,4-3-3,MUSLERA;TASDEMIR;MARCAO;LUYINDAMA;MARIANO;BELHANDA;NDIAYE;AKBABA;ONYEKURU;DIAGNE;FEGHOULI
Fenerbahce vs. Sivasspor - Friday March 15 - 2019,Fenerbahce,easy,4-2-3-1,TEKIN;KALDIRIM;CIFTPINAR;SKRTEL;ISLA;TOPAL;ARSLAN;AYEW;ZAJC;MOSES;SOLDADO
Fenerbahce vs. Sivasspor - Friday March 15 - 2019,Sivasspor,hard,4-2-3-1,ACAR;ERDAL;BJARSMYR;PAPP;AKSOY;N'DINGA;ARSLAN;KILINC;HURMACI;DOUGLAS;DIABATE
Akhisarspor vs. Kasimpasa - Saturday March 16 - 2019,Akhisarspor,hard,4-1-4-1,LUKAC;KELES;OSMANPASA;LOPES;YAVRU;ROTMAN;MANU;SERGINHO;SISSOKO;BARBOSA;BOKILA
Akhisarspor vs. Kasimpasa - Saturday March 16 - 2019,Kasimpasa,hard,4-2-3-1,KOSE;VEIGNEAU;SARI;BEN YOUSSEF;POPOV;SADIKU;PAVELKA;TREZEGUET;KHALILI;HAJRADINOVIC;KOITA
Antalyaspor vs. Alanyaspor - Saturday March 16 - 2019,Alanyaspor,hard,4-1-4-1,YILMAZ;N'SAKALA;TZAVELLAS;WELINTON;BAIANO;GULSELAM;DJALMA;TUFAN;SACKEY;KARACA;CISSE
Antalyaspor vs. Alanyaspor - Saturday March 16 - 2019,Antalyaspor,hard,4-2-3-1,BOFFIN;CISSOKHO;DIEGO ANGELO;CELUSTKA;SANGARE;CHARLES;CHICO;FREDY;OZMERT;AMILTON;DOUKARA
Besiktas vs. Goztepe - Saturday March 16 - 2019,Besiktas,easy,4-2-3-1,KARIUS;ADRIANO;MEDEL;VIDA;GONUL;HUTCHINSON;TOKOZ;LJAJIC;KAGAWA;QUARESMA;YILMAZ
Besiktas vs. Goztepe - Saturday March 16 - 2019,Goztepe,hard,4-1-4-1,BETO;AGBENYENU;TITI;WALLACE;GASSAMA;POKO;OZTEKIN;CASTRO;BORGES;GURLER;KADAH
Buyuksehir Belediye Erzurumspor vs. Trabzonspor - Saturday March 16 - 2019,Buyuksehir Belediye Erzurumspor,hard,4-2-3-1,SEHIC;SCHWECHLEN;GOR;KANSTRUP;UNLU;SCUK;KONE;OBERTAN;ANTALYALI;EDUOK;OPSETH
Buyuksehir Belediye Erzurumspor vs. Trabzonspor - Saturday March 16 - 2019,Trabzonspor,easy,4-2-3-1,CAKIR;NOVAK;HOSSEINI;TURKMEN;TOURE;PARMAK;SOSA;NWAKAEME;AMIRI;EKUBAN;RODALLEGA
Konyaspor vs. Rizespor - Saturday March 16 - 2019,Konyaspor,hard,4-2-3-1,KIRINTILI;ZUTA;FILIPOVIC;DEMIROK;SKUBIC;JONSSON;FINDIKLI;MILOSEVIC;HADZIAHMETOVIC;SAHINER;AKCAY
Konyaspor vs. Rizespor - Saturday March 16 - 2019,Rizespor,hard,4-2-3-1,AKKAN;MELNJAK;ABARHOUN;AWAZIEM;DURAK;CAGIRAN;AZUBUIKE;SAMUDIO;CHAHECHOUHE;FERNANDO BOLDRIN;MURIQI
Bursaspor vs. Galatasaray - Sunday March 17 - 2019,Bursaspor,hard,4-2-3-1,KOCUK;MERAS;CHEDJOU;ERSOY;SHEHU;KARA;BADJI;ATASAYAR;SAIVET;ERDOGAN;SAKHO
Bursaspor vs. Galatasaray - Sunday March 17 - 2019,Galatasaray,easy,4-1-4-1,MUSLERA;TASDEMIR;MARCAO;LUYINDAMA;MARIANO;DONK;ONYEKURU;BELHANDA;NDIAYE;FEGHOULI;DIAGNE
Kayserispor vs. Basaksehir - Sunday March 17 - 2019,Basaksehir,hard,4-1-4-1,GUNOK;KUDRYASHOV;TEKDEMIR;ATTAMAH;JUNIOR CAICARA;INLER;TURAN;MARCIO MOSSORO;KAHVECI;VISCA;ROBINHO
Kayserispor vs. Basaksehir - Sunday March 17 - 2019,Kayserispor,hard,4-2-3-1,SILVIU LUNG JR;KUCHER;KANA-BIYIK;SAPUNARU;LOPES;CINAZ;ACAR;BULUT;CHERY;VARELA;KRAVETS
Yeni Malatyaspor vs. Ankaragucu - Sunday March 17 - 2019,Ankaragucu,hard,4-1-4-1,BAYINDIR;PINTO;KULUSIC;PAZDAN;KITSIOU;MOKE;BOYD;CANTEROS;AGCAY;SACKO;ORGILL
Yeni Malatyaspor vs. Ankaragucu - Sunday March 17 - 2019,Yeni Malatyaspor,hard,4-2-3-1,FARNOLLE;CEVAHIR;AKBAS;YALCIN;SINCERE;YILDIRIM;DONALD;BUYUK;GUILHERME;PEREIRA;SISMANOGLU
Trabzonspor vs. Antalyaspor - Friday April 5 - 2019,Antalyaspor,hard,4-2-3-1,BOFFIN;CISSOKHO;DIEGO ANGELO;CELUSTKA;SANGARE;CHARLES;YILDIRIM;FREDY;OZMERT;AMILTON;DOUKARA
Trabzonspor vs. Antalyaspor - Friday April 5 - 2019,Trabzonspor,easy,4-2-3-1,CAKIR;IBANEZ;HOSSEINI;TURKMEN;COREKCI;PARMAK;SOSA;NWAKAEME;YAZICI;SAHAN;EKUBAN
Alanyaspor vs. Bursaspor - Saturday April 6 - 2019,Alanyaspor,hard,4-2-3-1,YILMAZ;N'SAKALA;TZAVELLAS;WELINTON;ALKILIC;GULSELAM;TUFAN;SURAL;DJALMA;KARACA;CISSE
Alanyaspor vs. Bursaspor - Saturday April 6 - 2019,Bursaspor,hard,4-2-3-1,SENGEZER;MERAS;CHEDJOU;ERSOY;KAPACAK;KARA;BADJI;ERDOGAN;SAIVET;TORUN;NAYIR
Galatasaray vs. Yeni Malatyaspor - Saturday April 6 - 2019,Galatasaray,easy,4-2-3-1,MUSLERA;LINNES;MARCAO;DONK;MARIANO;FERNANDO;BELHANDA;ONYEKURU;AKBABA;FEGHOULI;DIAGNE
Galatasaray vs. Yeni Malatyaspor - Saturday April 6 - 2019,Yeni Malatyaspor,hard,4-2-3-1,FARNOLLE;CEVAHIR;MINA;YALCIN;CHEBAKE;YILDIRIM;DONALD;BUYUK;GUILHERME;ALEKSIC;KAMARA
Sivasspor vs. Kayserispor - Saturday April 6 - 2019,Kayserispor,hard,4-2-3-1,SILVIU LUNG JR;TURAN;KANA-BIYIK;SAPUNARU;LOPES;CINAZ;ACAR;VARELA;CHERY;TURUC;BULUT
Sivasspor vs. Kayserispor - Saturday April 6 - 2019,Sivasspor,hard,4-2-3-1,VURAL;ERDAL;AKSOY;DAVID BRAZ;DOUGLAS;N'DINGA;ARSLAN;KILINC;HURMACI;DIABATE;KONE
Ankaragucu vs. Fenerbahce - Sunday April 7 - 2019,Ankaragucu,hard,4-1-4-1,BAYINDIR;PINTO;KULUSIC;PAZDAN;KITSIOU;DJA DJEDJE;BOYD;CANTEROS;AGCAY;SACKO;ORGILL
Ankaragucu vs. Fenerbahce - Sunday April 7 - 2019,Fenerbahce,easy,4-2-3-1,TEKIN;KALDIRIM;AZIZ;SKRTEL;ISLA;TOPAL;ARSLAN;MOSES;EKICI;DIRAR;SOLDADO
Basaksehir vs. Konyaspor - Sunday April 7 - 2019,Basaksehir,hard,4-1-4-1,GUNOK;CLICHY;TEKDEMIR;ATTAMAH;JUNIOR CAICARA;BELOZOGLU;ELIA;MARCIO MOSSORO;KAHVECI;VISCA;ROBINHO
Basaksehir vs. Konyaspor - Sunday April 7 - 2019,Konyaspor,hard,4-2-3-1,KIRINTILI;ZUTA;FILIPOVIC;TURAN;OPANASENKO;JEVTOVIC;JONSSON;HADZIAHMETOVIC;MILOSEVIC;FOFANA;JAHOVIC
Goztepe vs. Akhisarspor - Sunday April 7 - 2019,Akhisarspor,hard,4-1-4-1,LUKAC;KELES;COCALIC;OSMANPASA;YAVRU;ROTMAN;MANU;CEVIKER;SISSOKO;VURAL;BOKILA
Goztepe vs. Akhisarspor - Sunday April 7 - 2019,Goztepe,hard,4-1-4-1,BETO;AGBENYENU;TITI;KADU;GASSAMA;POKO;OZTEKIN;CASTRO;BORGES;AKBUNAR;JEROME
Kasimpasa vs. Buyuksehir Belediye Erzurumspor - Sunday April 7 - 2019,Buyuksehir Belediye Erzurumspor,hard,4-2-3-1,SEHIC;SCHWECHLEN;GOR;KANSTRUP;UNLU;SCUK;KONE;OBERTAN;ANTALYALI;EDUOK;MUHAMMED
Kasimpasa vs. Buyuksehir Belediye Erzurumspor - Sunday April 7 - 2019,Kasimpasa,hard,4-1-4-1,KOSE;VEIGNEAU;SA;BEN YOUSSEF;POPOV;SADIKU;TREZEGUET;PAVELKA;SERBEST;HAJRADINOVIC;KOITA
Rizespor vs. Besiktas - Monday April 8 - 2019,Besiktas,easy,4-1-4-1,KARIUS;ERKIN;ISIMAT-MIRIN;VIDA;GONUL;MEDEL;LJAJIC;TOKOZ;HUTCHINSON;LENS;YILMAZ
Rizespor vs. Besiktas - Monday April 8 - 2019,Rizespor,hard,4-2-3-1,AKKAN;MELNJAK;ABARHOUN;AWAZIEM;MOROZYUK;CAGIRAN;AZUBUIKE;SAMUDIO;CHAHECHOUHE;FERNANDO BOLDRIN;MURIQI
Bursaspor vs. Trabzonspor - Friday April 12 - 2019,Bursaspor,hard,4-2-3-1,KOCUK;LATOVLEVICI;CHEDJOU;ERSOY;YARDIMCI;KARA;BADJI;ERDOGAN;SAIVET;TORUN;SAKHO
Bursaspor vs. Trabzonspor - Friday April 12 - 2019,Trabzonspor,easy,4-2-3-1,CAKIR;IBANEZ;HOSSEINI;TURKMEN;PEREIRA;SOSA;PARMAK;NWAKAEME;YAZICI;SAHAN;EKUBAN
Besiktas vs. Basaksehir - Saturday April 13 - 2019,Basaksehir,hard,4-1-4-1,GUNOK;CLICHY;TEKDEMIR;ATTAMAH;JUNIOR CAICARA;BELOZOGLU;ELIA;MARCIO MOSSORO;KAHVECI;VISCA;ROBINHO
Besiktas vs. Basaksehir - Saturday April 13 - 2019,Besiktas,easy,4-1-4-1,KARIUS;ERKIN;ISIMAT-MIRIN;VIDA;GONUL;MEDEL;LJAJIC;TOKOZ;HUTCHINSON;LENS;YILMAZ
Konyaspor vs. Sivasspor - Saturday April 13 - 2019,Konyaspor,hard,4-2-3-1,KIRINTILI;ZUTA;DIAGNE;DEMIROK;OPANASENKO;JONSSON;FINDIKLI;FOFANA;MILOSEVIC;SAHINER;JAHOVIC
Konyaspor vs. Sivasspor - Saturday April 13 - 2019,Sivasspor,hard,4-2-3-1,ACAR;CIFTCI;DAVID BRAZ;BJARSMYR;PAPP;N'DINGA;ARSLAN;KILINC;HURMACI;DOUGLAS;DIABATE
Rizespor vs. Goztepe - Saturday April 13 - 2019,Goztepe,hard,4-2-3-1,BETO;AGBENYENU;TITI;WALLACE;GASSAMA;BORGES;POKO;GOUFFRAN;CASTRO;BINGOL;GHILAS
Rizespor vs. Goztepe - Saturday April 13 - 2019,Rizespor,hard,4-2-3-1,AKKAN;MELNJAK;ABARHOUN;AWAZIEM;MOROZYUK;CAGIRAN;AZUBUIKE;SAMUDIO;CHAHECHOUHE;FERNANDO BOLDRIN;MURIQI
Antalyaspor vs. Kasimpasa - Sunday April 14 - 2019,Antalyaspor,hard,4-4-2,BOFFIN;CISSOKHO;DIEGO ANGELO;CHICO;CELUSTKA;AMILTON;CHARLES;OZMERT;SANGARE;ERDINC;FREDY
Antalyaspor vs. Kasimpasa - Sunday April 14 - 2019,Kasimpasa,hard,4-1-4-1,KOSE;VEIGNEAU;SA;BEN YOUSSEF;POPOV;SADIKU;TREZEGUET;PAVELKA;SERBEST;KARIM HAFEZ;KOITA
Fenerbahce vs. Galatasaray - Sunday April 14 - 2019,Fenerbahce,easy,4-2-3-1,TEKIN;KALDIRIM;AZIZ;SKRTEL;DIRAR;ARSLAN;TOPAL;VALBUENA;ELMAS;MOSES;SOLDADO
Fenerbahce vs. Galatasaray - Sunday April 14 - 2019,Galatasaray,easy,4-1-4-1,MUSLERA;LINNES;KAYA;DONK;MARIANO;FERNANDO;ONYEKURU;BELHANDA;NDIAYE;FEGHOULI;DIAGNE
Kayserispor vs. Ankaragucu - Sunday April 14 - 2019,Ankaragucu,hard,4-2-3-1,BAYINDIR;PINTO;PAZDAN;KULUSIC;KITSIOU;DJA DJEDJE;AGCAY;BOYD;MOULIN;SACKO;SADAEV
Kayserispor vs. Ankaragucu - Sunday April 14 - 2019,Kayserispor,hard,4-2-3-1,SILVIU LUNG JR;KUCHER;KANA-BIYIK;SAPUNARU;GULEN;CINAZ;ACAR;VARELA;CHERY;TURUC;BULUT
Yeni Malatyaspor vs. Alanyaspor - Sunday April 14 - 2019,Alanyaspor,hard,4-2-3-1,YILMAZ;N'SAKALA;TZAVELLAS;CAULKER;BAIANO;GULSELAM;TUFAN;DJALMA;VILLAFANEZ;KARACA;FERNANDES
Yeni Malatyaspor vs. Alanyaspor - Sunday April 14 - 2019,Yeni Malatyaspor,hard,4-2-3-1,FARNOLLE;KAS;AKBAS;MINA;CHEBAKE;YILDIRIM;ILDIZ;BUYUK;GUILHERME;BIFOUMA;KAMARA
Buyuksehir Belediye Erzurumspor vs. Akhisarspor - Monday April 15 - 2019,Akhisarspor,hard,4-1-4-1,LUKAC;KELES;COCALIC;OSMANPASA;YAVRU;ROTMAN;MANU;SERGINHO;CEVIKER;VURAL;BOKILA
Buyuksehir Belediye Erzurumspor vs. Akhisarspor - Monday April 15 - 2019,Buyuksehir Belediye Erzurumspor,hard,4-4-2,SEHIC;ARSLAN;SCHWECHLEN;KANSTRUP;UNLU;SUNU;ANTALYALI;KONE;EDUOK;OBERTAN;OPSETH
Kasimpasa vs. Bursaspor - Friday April 19 - 2019,Bursaspor,hard,4-2-3-1,KOCUK;MERAS;CHEDJOU;ERSOY;YARDIMCI;KARA;SAIVET;LATOVLEVICI;ALLANO;ERDOGAN;SAKHO
Kasimpasa vs. Bursaspor - Friday April 19 - 2019,Kasimpasa,hard,4-2-3-1,KOSE;VEIGNEAU;BEN YOUSSEF;SA;POPOV;SERBEST;PAVELKA;TREZEGUET;HAJRADINOVIC;KARIM HAFEZ;PERICA
Akhisarspor vs. Antalyaspor - Saturday April 20 - 2019,Akhisarspor,hard,4-1-4-1,LUKAC;KELES;COCALIC;OSMANPASA;LOPES;SISSOKO;MANU;SERGINHO;CEVIKER;VURAL;CIKALLESHI
Akhisarspor vs. Antalyaspor - Saturday April 20 - 2019,Antalyaspor,hard,4-4-2,BOFFIN;CISSOKHO;CELUSTKA;OZTURK;SANGARE;OZKAN;CHARLES;OZMERT;SINIK;ERDINC;FREDY
Galatasaray vs. Kayserispor - Saturday April 20 - 2019,Galatasaray,easy,4-1-4-1,MUSLERA;NAGATOMO;MARCAO;DONK;MARIANO;FERNANDO;AKBABA;BELHANDA;NDIAYE;FEGHOULI;DIAGNE
Galatasaray vs. Kayserispor - Saturday April 20 - 2019,Kayserispor,hard,4-2-3-1,SILVIU LUNG JR;KUCHER;GULEN;KANA-BIYIK;LOPES;SAPUNARU;ACAR;BULUT;CHERY;TURUC;KRAVETS
Goztepe vs. Buyuksehir Belediye Erzurumspor - Saturday April 20 - 2019,Buyuksehir Belediye Erzurumspor,hard,4-4-2,SEHIC;ARSLAN;SCHWECHLEN;KANSTRUP;UNLU;EDUOK;AKDAG;ANTALYALI;BASSAN;SUNU;OBERTAN
Goztepe vs. Buyuksehir Belediye Erzurumspor - Saturday April 20 - 2019,Goztepe,hard,4-4-2,BETO;AGBENYENU;EMIR;WALLACE;POKO;BINGOL;BORGES;CASTRO;GURLER;KADAH;GOUFFRAN
Trabzonspor vs. Yeni Malatyaspor - Saturday April 20 - 2019,Trabzonspor,easy,4-2-3-1,CAKIR;NOVAK;HOSSEINI;TURKMEN;PEREIRA;PARMAK;SOSA;NWAKAEME;YAZICI;OMUR;EKUBAN
Trabzonspor vs. Yeni Malatyaspor - Saturday April 20 - 2019,Yeni Malatyaspor,hard,4-2-3-1,OZBIR;CEVAHIR;AKBAS;AKCA;SINCERE;YALCIN;DONALD;BUYUK;ALEKSIC;PEREIRA;SISMANOGLU
Alanyaspor vs. Fenerbahce - Sunday April 21 - 2019,Alanyaspor,hard,4-2-3-1,YILMAZ;N'SAKALA;CAULKER;WELINTON;BAIANO;SACKEY;TUFAN;DJALMA;VILLAFANEZ;KARACA;CISSE
Alanyaspor vs. Fenerbahce - Sunday April 21 - 2019,Fenerbahce,easy,4-2-3-1,TEKIN;KOYBASI;AZIZ;SKRTEL;ISLA;ARSLAN;TOPAL;DIRAR;ELMAS;VALBUENA;AYEW
Ankaragucu vs. Konyaspor - Sunday April 21 - 2019,Ankaragucu,hard,4-1-4-1,BAYINDIR;PINTO;KULUSIC;PAZDAN;KITSIOU;DJA DJEDJE;BOYD;CANTEROS;AGCAY;SACKO;ORGILL
Ankaragucu vs. Konyaspor - Sunday April 21 - 2019,Konyaspor,hard,4-4-2,KIRINTILI;ZUTA;DEMIROK;DIAGNE;SKUBIC;MILOSEVIC;JONSSON;JEVTOVIC;FOFANA;YATABARE;SAHINER
Basaksehir vs. Rizespor - Sunday April 21 - 2019,Basaksehir,hard,4-1-4-1,GUNOK;CLICHY;TEKDEMIR;ATTAMAH;JUNIOR CAICARA;BELOZOGLU;ELIA;MARCIO MOSSORO;KAHVECI;VISCA;ROBINHO
Basaksehir vs. Rizespor - Sunday April 21 - 2019,Rizespor,hard,4-2-3-1,AKKAN;MELNJAK;AWAZIEM;SAADANE;DURAK;CAGIRAN;AZUBUIKE;UMAR;SAYMAK;FERNANDO BOLDRIN;MURIQI
Sivasspor vs. Besiktas - Monday April 22 - 2019,Besiktas,easy,4-2-3-1,KARIUS;MEDEL;ISIMAT-MIRIN;VIDA;GONUL;TOKOZ;HUTCHINSON;LJAJIC;KAGAWA;LENS;YILMAZ
Sivasspor vs. Besiktas - Monday April 22 - 2019,Sivasspor,hard,4-2-3-1,ACAR;CIFTCI;BJARSMYR;DAVID BRAZ;PAPP;N'DINGA;ARSLAN;KILINC;RYBALKA;DOUGLAS;DIABATE
Basaksehir vs. Goztepe - Friday April 26 - 2019,Basaksehir,hard,4-1-4-1,GUNOK;CLICHY;TEKDEMIR;TASCI;JUNIOR CAICARA;BELOZOGLU;ELIA;MARCIO MOSSORO;KAHVECI;VISCA;ROBINHO
Basaksehir vs. Goztepe - Friday April 26 - 2019,Goztepe,hard,4-4-2,BETO;EMIR;TITI;WALLACE;BINGOL;GURLER;POKO;CASTRO;AKBUNAR;JEROME;KADAH
Antalyaspor vs. Buyuksehir Belediye Erzurumspor - Saturday April 27 - 2019,Antalyaspor,hard,4-4-2,BOFFIN;CISSOKHO;DIEGO ANGELO;CELUSTKA;SANGARE;OZKAN;CHARLES;KURTULUS;AMILTON;ERDINC;FREDY
Antalyaspor vs. Buyuksehir Belediye Erzurumspor - Saturday April 27 - 2019,Buyuksehir Belediye Erzurumspor,hard,4-4-2,SEHIC;ARSLAN;SCHWECHLEN;KANSTRUP;UNLU;TSHABALALA;ANTALYALI;KONE;BASSAN;SUNU;EDUOK
Fenerbahce vs. Trabzonspor - Saturday April 27 - 2019,Fenerbahce,easy,4-2-3-1,TEKIN;KALDIRIM;CIFTPINAR;SKRTEL;ISLA;TOPAL;JAILSON;AYEW;ZAJC;DIRAR;SOLDADO
Fenerbahce vs. Trabzonspor - Saturday April 27 - 2019,Trabzonspor,easy,4-2-3-1,CAKIR;NOVAK;HOSSEINI;TURKMEN;PEREIRA;SOSA;PARMAK;NWAKAEME;YAZICI;OMUR;RODALLEGA
Rizespor vs. Sivasspor - Saturday April 27 - 2019,Rizespor,hard,4-2-3-1,AKKAN;MELNJAK;ABARHOUN;AWAZIEM;MOROZYUK;CAGIRAN;AZUBUIKE;SAMUDIO;CHAHECHOUHE;FERNANDO BOLDRIN;MURIQI
Rizespor vs. Sivasspor - Saturday April 27 - 2019,Sivasspor,hard,4-2-3-1,ACAR;CIFTCI;BJARSMYR;DAVID BRAZ;PAPP;N'DINGA;ARSLAN;KILINC;RYBALKA;DOUGLAS;DIABATE
Besiktas vs. Ankaragucu - Sunday April 28 - 2019,Ankaragucu,hard,4-1-4-1,BAYINDIR;PINTO;PAZDAN;KULUSIC;KITSIOU;MOKE;BOYD;CANTEROS;AGCAY;SACKO;ORGILL
Besiktas vs. Ankaragucu - Sunday April 28 - 2019,Besiktas,easy,4-2-3-1,KARIUS;ERKIN;ISIMAT-MIRIN;VIDA;GONUL;TOKOZ;HUTCHINSON;YALCIN;LJAJIC;LENS;YILMAZ
Bursaspor vs. Akhisarspor - Sunday April 28 - 2019,Akhisarspor,hard,4-1-4-1,OZTURK;VURAL;OSMANPASA;LOPES;VRSAJEVIC;SISSOKO;MANU;YAVRU;KISA;BARBOSA;CIKALLESHI
Bursaspor vs. Akhisarspor - Sunday April 28 - 2019,Bursaspor,hard,4-2-3-1,KOCUK;MERAS;CHEDJOU;ERSOY;YARDIMCI;SAIVET;KARA;LATOVLEVICI;ALLANO;ERDOGAN;SAKHO
Kayserispor vs. Alanyaspor - Sunday April 28 - 2019,Alanyaspor,hard,4-2-3-1,YILMAZ;N'SAKALA;CAULKER;WELINTON;ALKILIC;SACKEY;TUFAN;DJALMA;VILLAFANEZ;KARACA;CISSE
Kayserispor vs. Alanyaspor - Sunday April 28 - 2019,Kayserispor,hard,4-2-3-1,SILVIU LUNG JR;TURAN;GULEN;KANA-BIYIK;KUCHER;SAPUNARU;ACAR;VARELA;CHERY;TURUC;KRAVETS
Konyaspor vs. Galatasaray - Monday April 29 - 2019,Galatasaray,easy,4-1-4-1,MUSLERA;NAGATOMO;LUYINDAMA;DONK;MARIANO;FERNANDO;ONYEKURU;BELHANDA;NDIAYE;FEGHOULI;DIAGNE
Konyaspor vs. Galatasaray - Monday April 29 - 2019,Konyaspor,hard,4-4-2,KIRINTILI;ZUTA;DIAGNE;DEMIROK;SKUBIC;MILOSEVIC;JONSSON;JEVTOVIC;FOFANA;YATABARE;SAHINER
Yeni Malatyaspor vs. Kasimpasa - Monday April 29 - 2019,Kasimpasa,hard,4-2-3-1,SCUFFET;VEIGNEAU;SA;BEN YOUSSEF;POPOV;SADIKU;SERBEST;TREZEGUET;KHALILI;HAJRADINOVIC;KOITA
Yeni Malatyaspor vs. Kasimpasa - Monday April 29 - 2019,Yeni Malatyaspor,hard,4-2-3-1,OZBIR;CEVAHIR;AKBAS;MINA;CHEBAKE;YILDIRIM;DONALD;BUYUK;ALEKSIC;BIFOUMA;KAMARA
Sivasspor vs. Basaksehir - Friday May 3 - 2019,Basaksehir,hard,4-1-4-1,GUNOK;CLICHY;TEKDEMIR;TASCI;JUNIOR CAICARA;BELOZOGLU;ELIA;KAHVECI;AYDOGDU;VISCA;ROBINHO
Sivasspor vs. Basaksehir - Friday May 3 - 2019,Sivasspor,hard,4-2-3-1,ACAR;CIFTCI;BJARSMYR;DAVID BRAZ;PAPP;N'DINGA;RYBALKA;KILINC;HURMACI;DOUGLAS;DIABATE
Ankaragucu vs. Rizespor - Saturday May 4 - 2019,Ankaragucu,hard,4-1-4-1,BAYINDIR;SAK;KULUSIC;PAZDAN;KARAYEL;MOKE;BOYD;CANTEROS;AGCAY;SACKO;ORGILL
Ankaragucu vs. Rizespor - Saturday May 4 - 2019,Rizespor,hard,4-2-3-1,AKKAN;MELNJAK;ABARHOUN;AWAZIEM;MOROZYUK;CAGIRAN;AZUBUIKE;SAMUDIO;SAYMAK;FERNANDO BOLDRIN;MURIQI
Buyuksehir Belediye Erzurumspor vs. Bursaspor - Saturday May 4 - 2019,Bursaspor,hard,4-2-3-1,KOCUK;LATOVLEVICI;CHEDJOU;ERSOY;SHEHU;KARA;BADJI;MERAS;SAIVET;ERDOGAN;SAKHO
Buyuksehir Belediye Erzurumspor vs. Bursaspor - Saturday May 4 - 2019,Buyuksehir Belediye Erzurumspor,hard,4-4-2,SEHIC;ARSLAN;SCHWECHLEN;KANSTRUP;UNLU;ANTALYALI;KONE;AKDAG;BASSAN;SUNU;EDUOK
Kasimpasa vs. Fenerbahce - Saturday May 4 - 2019,Fenerbahce,easy,4-2-3-1,TEKIN;KALDIRIM;AZIZ;NEUSTADTER;ISLA;JAILSON;TOPAL;VALBUENA;ELMAS;DIRAR;SOLDADO
Kasimpasa vs. Fenerbahce - Saturday May 4 - 2019,Kasimpasa,hard,4-2-3-1,SCUFFET;VEIGNEAU;SA;SADIKU;POPOV;PAVELKA;SERBEST;TREZEGUET;KHALILI;KOITA;PERICA
Akhisarspor vs. Yeni Malatyaspor - Sunday May 5 - 2019,Akhisarspor,hard,4-2-3-1,OZTURK;VURAL;OSMANPASA;LOPES;VRSAJEVIC;YAVRU;SISSOKO;REGATTIN;KISA;BARBOSA;CIKALLESHI
Akhisarspor vs. Yeni Malatyaspor - Sunday May 5 - 2019,Yeni Malatyaspor,hard,4-2-3-1,OZBIR;CEVAHIR;AKBAS;MINA;CHEBAKE;YILDIRIM;DONALD;BUYUK;ALEKSIC;BIFOUMA;KAMARA
Galatasaray vs. Besiktas - Sunday May 5 - 2019,Besiktas,easy,4-1-4-1,KARIUS;ERKIN;ISIMAT-MIRIN;VIDA;GONUL;HUTCHINSON;LJAJIC;TOKOZ;UYSAL;LENS;YILMAZ
Galatasaray vs. Besiktas - Sunday May 5 - 2019,Galatasaray,easy,4-1-4-1,MUSLERA;NAGATOMO;MARCAO;LUYINDAMA;MARIANO;DONK;ONYEKURU;BELHANDA;FERNANDO;FEGHOULI;DIAGNE
Goztepe vs. Antalyaspor - Sunday May 5 - 2019,Antalyaspor,hard,4-2-3-1,BOFFIN;CISSOKHO;DIEGO ANGELO;CELUSTKA;SANGARE;CHARLES;CHICO;FREDY;OZMERT;AMILTON;ERDINC
Goztepe vs. Antalyaspor - Sunday May 5 - 2019,Goztepe,hard,4-4-2,BETO;EMIR;TITI;WALLACE;BINGOL;GURLER;POKO;CASTRO;AKBUNAR;JEROME;KADAH
Alanyaspor vs. Konyaspor - Monday May 6 - 2019,Alanyaspor,hard,4-2-3-1,YILMAZ;N'SAKALA;CAULKER;WELINTON;ALKILIC;GULSELAM;TUFAN;DJALMA;VILLAFANEZ;KARACA;CISSE
Alanyaspor vs. Konyaspor - Monday May 6 - 2019,Konyaspor,hard,4-4-2,KIRINTILI;OZTORUN;TURAN;JEVTOVIC;SKUBIC;MILOSEVIC;FINDIKLI;JONSSON;FOFANA;YATABARE;SAHINER
Trabzonspor vs. Kayserispor - Monday May 6 - 2019,Kayserispor,hard,4-2-3-1,SILVIU LUNG JR;TURAN;KANA-BIYIK;SAPUNARU;LOPES;CINAZ;ACAR;VARELA;CHERY;TURUC;KRAVETS
Trabzonspor vs. Kayserispor - Monday May 6 - 2019,Trabzonspor,easy,4-2-3-1,CAKIR;NOVAK;HOSSEINI;TURKMEN;COREKCI;SOSA;YAZICI;NWAKAEME;AMIRI;OMUR;RODALLEGA
Antalyaspor vs. Bursaspor - Friday May 10 - 2019,Antalyaspor,hard,4-1-4-1,BOFFIN;CISSOKHO;DIEGO ANGELO;CELUSTKA;SANGARE;CHICO;DOUKARA;FREDY;OZMERT;AMILTON;ERDINC
Antalyaspor vs. Bursaspor - Friday May 10 - 2019,Bursaspor,hard,4-2-3-1,KOCUK;MERAS;CHEDJOU;ERSOY;SHEHU;KARA;BADJI;ATASAYAR;SAIVET;ALLANO;NAYIR
Fenerbahce vs. Akhisarspor - Saturday May 11 - 2019,Akhisarspor,hard,4-1-4-1,OZTURK;VURAL;OSMANPASA;ROTMAN;VRSAJEVIC;SISSOKO;MANU;CEVIKER;YAVRU;BARBOSA;BOKILA
Fenerbahce vs. Akhisarspor - Saturday May 11 - 2019,Fenerbahce,easy,4-2-3-1,TEKIN;KALDIRIM;AZIZ;SKRTEL;ISLA;TOPAL;JAILSON;VALBUENA;ELMAS;DIRAR;SOLDADO
Goztepe vs. Sivasspor - Saturday May 11 - 2019,Goztepe,hard,4-4-2,BETO;EMIR;TITI;WALLACE;GASSAMA;AKBUNAR;POKO;CASTRO;BINGOL;KADAH;JEROME
Goztepe vs. Sivasspor - Saturday May 11 - 2019,Sivasspor,hard,4-2-3-1,ACAR;CIFTCI;BJARSMYR;DAVID BRAZ;PAPP;N'DINGA;ARSLAN;KILINC;HURMACI;DOUGLAS;DIABATE
Rizespor vs. Galatasaray - Saturday May 11 - 2019,Galatasaray,easy,4-1-4-1,MUSLERA;NAGATOMO;MARCAO;LUYINDAMA;MARIANO;DONK;ONYEKURU;FERNANDO;NDIAYE;FEGHOULI;DIAGNE
Rizespor vs. Galatasaray - Saturday May 11 - 2019,Rizespor,hard,4-2-3-1,AKKAN;MELNJAK;ABARHOUN;AWAZIEM;MOROZYUK;CAGIRAN;AZUBUIKE;UMAR;FERNANDO BOLDRIN;SAMUDIO;MURIQI
Basaksehir vs. Ankaragucu - Sunday May 12 - 2019,Ankaragucu,hard,4-2-3-1,CELIKAY;PINTO;KULUSIC;PAZDAN;KITSIOU;AGCAY;CANTEROS;BOYD;MOULIN;SACKO;ORGILL
Basaksehir vs. Ankaragucu - Sunday May 12 - 2019,Basaksehir,hard,4-1-4-1,GUNOK;CLICHY;KUDRYASHOV;TEKDEMIR;JUNIOR CAICARA;INLER;NAPOLEONI;JOJIC;AYDOGDU;VISCA;BAJIC
Kayserispor vs. Kasimpasa - Sunday May 12 - 2019,Kasimpasa,hard,4-2-3-1,SCUFFET;KARIM HAFEZ;BEN YOUSSEF;SADIKU;POPOV;SERBEST;PAVELKA;TREZEGUET;HAJRADINOVIC;DEPE;KOITA
Kayserispor vs. Kasimpasa - Sunday May 12 - 2019,Kayserispor,hard,4-2-3-1,SILVIU LUNG JR;TURAN;KANA-BIYIK;SAPUNARU;LOPES;CINAZ;ACAR;VARELA;CHERY;TURUC;KRAVETS
Konyaspor vs. Trabzonspor - Sunday May 12 - 2019,Konyaspor,hard,4-4-2,KIRINTILI;OZTORUN;DEMIROK;JEVTOVIC;SKUBIC;MILOSEVIC;FINDIKLI;JONSSON;FOFANA;SAHINER;AKCAY
Konyaspor vs. Trabzonspor - Sunday May 12 - 2019,Trabzonspor,easy,4-2-3-1,CAKIR;NOVAK;TOURE;TURKMEN;COREKCI;SOSA;PARMAK;NWAKAEME;YAZICI;OMUR;RODALLEGA
Yeni Malatyaspor vs. Buyuksehir Belediye Erzurumspor - Sunday May 12 - 2019,Buyuksehir Belediye Erzurumspor,hard,4-4-2,SEHIC;ARSLAN;SCHWECHLEN;KANSTRUP;UNLU;SUNU;AKDAG;ANTALYALI;EDUOK;OPSETH;TSHABALALA
Yeni Malatyaspor vs. Buyuksehir Belediye Erzurumspor - Sunday May 12 - 2019,Yeni Malatyaspor,hard,4-2-3-1,OZBIR;CEVAHIR;AKBAS;MINA;CHEBAKE;YILDIRIM;GUILHERME;BUYUK;ALEKSIC;BIFOUMA;KAMARA
Besiktas vs. Alanyaspor - Monday May 13 - 2019,Alanyaspor,hard,4-1-4-1,CEYLAN;N'SAKALA;TZAVELLAS;CAULKER;ALKILIC;WELINTON;FERNANDES;DJALMA;TUFAN;KARACA;CISSE
Besiktas vs. Alanyaspor - Monday May 13 - 2019,Besiktas,easy,4-2-3-1,KARIUS;ERKIN;ISIMAT-MIRIN;VIDA;ADRIANO;TOKOZ;HUTCHINSON;YALCIN;LJAJIC;QUARESMA;YILMAZ
Kasimpasa vs. Konyaspor - Friday May 17 - 2019,Kasimpasa,hard,4-2-3-1,SCUFFET;KARIM HAFEZ;SARI;BEN YOUSSEF;POPOV;SERBEST;HAJRADINOVIC;TREZEGUET;DEPE;KOITA;PERICA
Kasimpasa vs. Konyaspor - Friday May 17 - 2019,Konyaspor,hard,4-4-2,TASKIRAN;OZTORUN;DEMIROK;TURAN;SKUBIC;MILOSEVIC;JEVTOVIC;FINDIKLI;FOFANA;YATABARE;SAHINER
Antalyaspor vs. Yeni Malatyaspor - Saturday May 18 - 2019,Antalyaspor,hard,4-2-3-1,KAPLAN;CELUSTKA;DIEGO ANGELO;OZTURK;SANGARE;CHARLES;CHICO;SINIK;ALPSOY;AMILTON;ERDINC
Antalyaspor vs. Yeni Malatyaspor - Saturday May 18 - 2019,Yeni Malatyaspor,hard,4-2-3-1,OZBIR;CEVAHIR;AKBAS;MINA;CAGIRAN;YILDIRIM;GUILHERME;BUYUK;ALEKSIC;BIFOUMA;KAMARA
Trabzonspor vs. Besiktas - Saturday May 18 - 2019,Besiktas,easy,4-2-3-1,KARIUS;ERKIN;ISIMAT-MIRIN;VIDA;ADRIANO;HUTCHINSON;MEDEL;YALCIN;LJAJIC;QUARESMA;YILMAZ
Trabzonspor vs. Besiktas - Saturday May 18 - 2019,Trabzonspor,easy,4-2-3-1,CAKIR;NOVAK;HOSSEINI;TURKMEN;PEREIRA;PARMAK;SOSA;NWAKAEME;YAZICI;OMUR;RODALLEGA
Akhisarspor vs. Kayserispor - Sunday May 19 - 2019,Akhisarspor,hard,4-1-4-1,OZTURK;KELES;NIZAM;OSMANPASA;VRSAJEVIC;ROTMAN;BARBOSA;ATASEVEN;SERGINHO;REGATTIN;CIKALLESHI
Akhisarspor vs. Kayserispor - Sunday May 19 - 2019,Kayserispor,hard,4-2-3-1,YILDIRIM;AYTAC;GULEN;KUCHER;LOPES;CINAZ;ACAR;KORKMAZ;CHERY;TURUC;KRAVETS
Alanyaspor vs. Rizespor - Sunday May 19 - 2019,Alanyaspor,hard,4-1-4-1,CEYLAN;N'SAKALA;CAULKER;WELINTON;BAIANO;GULSELAM;DJALMA;VILLAFANEZ;TUFAN;KARACA;CISSE
Alanyaspor vs. Rizespor - Sunday May 19 - 2019,Rizespor,hard,4-2-3-1,AKKAN;MELNJAK;ABARHOUN;AWAZIEM;MOROZYUK;SAADANE;AZUBUIKE;UMAR;CHAHECHOUHE;FERNANDO BOLDRIN;MURIQI
Bursaspor vs. Goztepe - Sunday May 19 - 2019,Bursaspor,hard,4-2-3-1,KOCUK;LATOVLEVICI;CHEDJOU;ERSOY;SHEHU;KARA;BADJI;ATASAYAR;SAIVET;ALLANO;NAYIR
Bursaspor vs. Goztepe - Sunday May 19 - 2019,Goztepe,hard,4-4-2,BETO;EMIR;TITI;OZTURK;GASSAMA;GURLER;POKO;CASTRO;AKBUNAR;JEROME;KADAH
Galatasaray vs. Basaksehir - Sunday May 19 - 2019,Basaksehir,hard,4-1-4-1,GUNOK;CLICHY;KUDRYASHOV;TEKDEMIR;JUNIOR CAICARA;INLER;ELIA;KAHVECI;BELOZOGLU;VISCA;BAJIC
Galatasaray vs. Basaksehir - Sunday May 19 - 2019,Galatasaray,easy,4-1-4-1,MUSLERA;NAGATOMO;MARCAO;LUYINDAMA;MARIANO;DONK;ONYEKURU;BELHANDA;FERNANDO;FEGHOULI;DIAGNE
Ankaragucu vs. Sivasspor - Monday May 20 - 2019,Ankaragucu,hard,4-4-2,CELIKAY;KARAYEL;KULUSIC;PAZDAN;KITSIOU;BOYD;MOKE;CANTEROS;SACKO;ORGILL;PARLAK
Ankaragucu vs. Sivasspor - Monday May 20 - 2019,Sivasspor,hard,4-2-3-1,ACAR;CIFTCI;BJARSMYR;DAVID BRAZ;PAPP;N'DINGA;ARSLAN;DIABATE;HURMACI;DOUGLAS;DEMIR
Buyuksehir Belediye Erzurumspor vs. Fenerbahce - Monday May 20 - 2019,Buyuksehir Belediye Erzurumspor,hard,4-4-2,SEHIC;ARSLAN;GOR;KANSTRUP;UNLU;SCHWECHLEN;AKDAG;ANTALYALI;BASSAN;SUNU;EDUOK
Buyuksehir Belediye Erzurumspor vs. Fenerbahce - Monday May 20 - 2019,Fenerbahce,easy,4-2-3-1,TEKIN;KALDIRIM;AZIZ;SKRTEL;ISLA;JAILSON;ARSLAN;VALBUENA;ZAJC;DIRAR;SOLDADO
Basaksehir vs. Alanyaspor - Friday May 24 - 2019,Alanyaspor,hard,4-2-3-1,CEYLAN;N'SAKALA;CAULKER;WELINTON;ALKILIC;GULSELAM;TUFAN;FERNANDES;VILLAFANEZ;KARACA;CISSE
Basaksehir vs. Alanyaspor - Friday May 24 - 2019,Basaksehir,hard,4-4-2,GUNOK;CLICHY;KUDRYASHOV;TEKDEMIR;JUNIOR CAICARA;ELIA;INLER;KAHVECI;VISCA;NAPOLEONI;BAJIC
Besiktas vs. Kasimpasa - Friday May 24 - 2019,Besiktas,easy,4-3-3,KARIUS;ERKIN;ISIMAT-MIRIN;VIDA;UYSAL;LJAJIC;HUTCHINSON;KAGAWA;YALCIN;LARIN;QUARESMA
Besiktas vs. Kasimpasa - Friday May 24 - 2019,Kasimpasa,hard,4-2-3-1,SCUFFET;KARIM HAFEZ;SARI;BEN YOUSSEF;POPOV;SERBEST;PAVELKA;TREZEGUET;DEPE;HAJRADINOVIC;KOITA
Rizespor vs. Trabzonspor - Friday May 24 - 2019,Rizespor,hard,4-2-3-1,AKKAN;MELNJAK;AWAZIEM;SAADANE;MOROZYUK;CAGIRAN;AZUBUIKE;SAMUDIO;CHAHECHOUHE;FERNANDO BOLDRIN;MURIQI
Rizespor vs. Trabzonspor - Friday May 24 - 2019,Trabzonspor,easy,4-2-3-1,CAKIR;NOVAK;HOSSEINI;TURKMEN;PEREIRA;SOSA;PARMAK;NWAKAEME;YAZICI;OMUR;RODALLEGA
Sivasspor vs. Galatasaray - Friday May 24 - 2019,Galatasaray,easy,4-3-3,CIPE;TASDEMIR;MARCAO;KAYA;LINNES;INAN;DONK;NDIAYE;AKGUN;CELIK;GUMUS
Sivasspor vs. Galatasaray - Friday May 24 - 2019,Sivasspor,hard,4-2-3-1,VURAL;ERDAL;BJARSMYR;DAVID BRAZ;DOUGLAS;ARSLAN;RYBALKA;YESILYURT;HURMACI;DIABATE;DEMIR
Konyaspor vs. Akhisarspor - Saturday May 25 - 2019,Akhisarspor,hard,4-1-4-1,YERAL;KELES;NIZAM;ROTMAN;VRSAJEVIC;YAVRU;REGATTIN;CEVIKER;ATASEVEN;BARBOSA;MANU
Konyaspor vs. Akhisarspor - Saturday May 25 - 2019,Konyaspor,hard,4-2-3-1,KIRINTILI;OZTORUN;AY;DEMIROK;SKUBIC;JEVTOVIC;JONSSON;MILOSEVIC;HURTADO;SAHINER;YATABARE
Fenerbahce vs. Antalyaspor - Sunday May 26 - 2019,Antalyaspor,hard,4-2-3-1,KAPLAN;CAMDAL;DIEGO ANGELO;OZTURK;SANGARE;ALPSOY;CHICO;OZKAN;SINIK;AMILTON;ERDINC
Fenerbahce vs. Antalyaspor - Sunday May 26 - 2019,Fenerbahce,easy,4-3-3,DEMIREL;KALDIRIM;AZIZ;CIFTPINAR;ISLA;ELMAS;JAILSON;EKICI;MOSES;ZAJC;DIRAR
Goztepe vs. Ankaragucu - Sunday May 26 - 2019,Ankaragucu,hard,4-2-3-1,CELIKAY;KARAYEL;KUBALAS;PAZDAN;KITSIOU;MOKE;CANTEROS;PARLAK;SCARIONE;SACKO;ORGILL
Goztepe vs. Ankaragucu - Sunday May 26 - 2019,Goztepe,hard,4-4-2,BETO;EMIR;TITI;OZTURK;GASSAMA;GURLER;POKO;CASTRO;AKBUNAR;JEROME;KADAH
Kayserispor vs. Buyuksehir Belediye Erzurumspor - Sunday May 26 - 2019,Buyuksehir Belediye Erzurumspor,hard,4-4-2,SEHIC;SCHWECHLEN;GOR;KANSTRUP;UNLU;EDUOK;ANTALYALI;TSHABALALA;BASSAN;SUNU;OPSETH
Kayserispor vs. Buyuksehir Belediye Erzurumspor - Sunday May 26 - 2019,Kayserispor,hard,4-2-3-1,SILVIU LUNG JR;KUCHER;GULEN;SAPUNARU;LOPES;MENSAH;ACAR;OZYILDIRIM;CHERY;TURUC;KRAVETS
Yeni Malatyaspor vs. Bursaspor - Sunday May 26 - 2019,Bursaspor,hard,4-2-3-1,KOCUK;MERAS;VERGINI;BADJI;ATASAYAR;SAIVET;KARA;ERDOGAN;SOYALP;TORUN;NAYIR
Yeni Malatyaspor vs. Bursaspor - Sunday May 26 - 2019,Yeni Malatyaspor,hard,4-2-3-1,OZBIR;CEVAHIR;AKBAS;MINA;CHEBAKE;YILDIRIM;YALCIN;PEREIRA;ILDIZ;TOZLU;KAMARA
