game,team,difficulty,formation,lineup
Buyuksehir Belediyespor vs. Fenerbahce - Friday August 10 - 2007,Buyuksehir Belediyespor,hard,4-4-2,HASAGIC;DEPE;EKSIOGLU;OCAK;TJIKUZU;ZENGIN;SAHIN;INANC;KAHRAMAN;ESER;ADRIANO
Buyuksehir Belediyespor vs. Fenerbahce - Friday August 10 - 2007,Fenerbahce,easy,4-2-3-1,KULBILGE;ARAT;EDU DRACENA;TURACI;BARIS;ROBERTO CARLOS;MEHMET AURELIO;BORAL;METIN;DEIVID;KEZMAN
Ankaraspor vs. Ankaragucu - Saturday August 11 - 2007,Ankaragucu,hard,4-4-2,KIRINTILI;SUME;GUNGOR;OZKAYNAK;CAN;CELIK;ANDRE SILVA;KIRITA;DURUER;DURSUN;BEBBE
Ankaraspor vs. Ankaragucu - Saturday August 11 - 2007,Ankaraspor,hard,4-5-1,KURSUNLU;AKKOYUN;BAHTIYAROGLU;BATAK;YOLDAS;KOCAK;TASDEMIR;KISA;HURMACI;TITA;YILMAZ
Besiktas vs. Konyaspor - Saturday August 11 - 2007,Besiktas,easy,4-4-2,ARIKAN;TORAMAN;ZAN;KURTULUS;AVCI;RICARDINHO;OZKAN;TELLO;AKIN;NOBRE;BOBO
Besiktas vs. Konyaspor - Saturday August 11 - 2007,Konyaspor,hard,4-4-2,ONGUN;EL SAKA;OZSARAC;KAUE;ABDALLAH;SEKMAN;BATISTA;ER;NECA;SEN;CIHAN
Denizlispor vs. Bursaspor - Sunday August 12 - 2007,Bursaspor,hard,4-4-2,VEGA;ERDOGAN;KORKMAZ;BEKIROGLU;HASPOLATLI;SARP;SUMULIKOSKI;ACAR;PANCU;TUM;KALOGLU
Denizlispor vs. Bursaspor - Sunday August 12 - 2007,Denizlispor,hard,4-5-1,HAMIDOU;KRATOCHVIL;ALLYSON;CELEP;EGEDIK;DEMIR;ABRAHAM;ERTUGRUL;KARAKOC;SIMSEK;KINALI
Galatasaray vs. Rizespor - Sunday August 12 - 2007,Galatasaray,easy,4-4-2,USAK;CETIN;SONG;YAMAN;SARIOGLU;LINDEROTH;OZBEK;AKMAN;LINCOLN;SUKUR;KARAN
Galatasaray vs. Rizespor - Sunday August 12 - 2007,Rizespor,hard,4-4-2,GONZALEZ;AKYUZ;BOZACI;GORK;TEBER;EREN;KOK;TORAMAN;LEANDRO CHAVES;ELMAS;BOMBINHA
Gaziantepspor vs. Kasimpasa - Sunday August 12 - 2007,Gaziantepspor,hard,4-5-1,CATKIC;BAYER;DEUMI;POLAT;DAG;YILDIRIM;ARSLAN;YILDIRIM;BAYRAKTAR;TUGLU;DE NIGRIS
Gaziantepspor vs. Kasimpasa - Sunday August 12 - 2007,Kasimpasa,hard,4-5-1,SINOUH;CABA;ACIL;BERTHEL ASKOU;KARTAL;HACISALIHOGLU;OCAL;SULUN;ANDRE MORITZ;KUCUK;TEHOUE
Genclerbirligi vs. Genclerbirligi Oftasspor - Sunday August 12 - 2007,Genclerbirligi,hard,4-4-2,TOKGOZ;OZBEY;TRAORE;ZORIC;GUVEN;YESILKAYA;NAS;CARLE;BAYTAR;CAKIR;OZTURK
Genclerbirligi vs. Genclerbirligi Oftasspor - Sunday August 12 - 2007,Genclerbirligi Oftasspor,hard,4-4-2,ODABASI;EKER;KACAR;KALKAN;SAM;COSKUN;TOZO;BEKMEZCI;ATAK;YILDIRIM;ESEN
Kayserispor vs. Manisaspor - Sunday August 12 - 2007,Kayserispor,hard,4-4-2,IVANKOV;AVENDANO;COLGECEN;TOSCALI;TOLEDO;BASDAG;ARSLAN;TOPUZ;BOYRAZ;CANGELE;UNAL
Kayserispor vs. Manisaspor - Sunday August 12 - 2007,Manisaspor,hard,4-5-1,CEYLAN;BOZKURT;BORBICONI;DVORNIK;KALABANE;BALTA;INAN;INCEMAN;ZELENKA;HOLOSKO;KOC
Trabzonspor vs. Sivasspor - Sunday August 12 - 2007,Sivasspor,hard,4-4-2,PETKOVIC;SOZGELMEZ;DIALLO;BAYRAK;YERLIKAYA;QURBANOV;ELMACI;UMMAK;MOHAMED ALI;AYDIN;YILDIZ
Trabzonspor vs. Sivasspor - Sunday August 12 - 2007,Trabzonspor,easy,4-5-1,ZENGIN;CORA;YAVUZ;KOCAK;BALCI;JABI;CIMSIR;ERIS;KARADENIZ;YATTARA;BULUT
Genclerbirligi Oftasspor vs. Trabzonspor - Friday August 17 - 2007,Genclerbirligi Oftasspor,hard,4-5-1,ODABASI;EKER;KACAR;KALKAN;SAM;BEKMEZCI;TOZO;COSKUN;ATAK;YILDIRIM;ESEN
Genclerbirligi Oftasspor vs. Trabzonspor - Friday August 17 - 2007,Trabzonspor,easy,4-2-3-1,ZENGIN;CORA;YAVUZ;KOCAK;JABI;BALCI;CIMSIR;ERIS;KARADENIZ;YATTARA;BULUT
Fenerbahce vs. Gaziantepspor - Saturday August 18 - 2007,Fenerbahce,easy,4-2-3-1,DEMIREL;ARAT;CAKMAK;WEDERSON;GONUL;SAHIN;BILGIN;ASLAN;BORAL;KAZIM-RICHARDS;SENTURK
Fenerbahce vs. Gaziantepspor - Saturday August 18 - 2007,Gaziantepspor,hard,4-4-2,CATKIC;BAYER;COGUM;DEUMI;DAG;YILDIRIM;ARSLAN;YILDIRIM;BAYRAKTAR;TUGLU;DE NIGRIS
Ankaragucu vs. Denizlispor - Sunday August 19 - 2007,Ankaragucu,hard,4-4-2,KIRINTILI;GUNGOR;SUME;OZKAYNAK;CELIK;CAN;KIRITA;ANDRE SILVA;DURUER;AHINFUL;BEBBE
Ankaragucu vs. Denizlispor - Sunday August 19 - 2007,Denizlispor,hard,4-5-1,HAMIDOU;ALLYSON;KRATOCHVIL;CELEP;ERTUGRUL;ABRAHAM;DEMIR;EGEDIK;KARAKOC;SIMSEK;KINALI
Bursaspor vs. Galatasaray - Sunday August 19 - 2007,Bursaspor,hard,4-4-2,VEGA;ERDOGAN;KORKMAZ;BEKIROGLU;HASPOLATLI;SARP;SUMULIKOSKI;ACAR;PANCU;TUM;KALOGLU
Bursaspor vs. Galatasaray - Sunday August 19 - 2007,Galatasaray,easy,4-4-2,USAK;CETIN;SONG;YAMAN;SARIOGLU;UCAR;GUVEN;AKMAN;TURAN;SUKUR;KARAN
Kasimpasa vs. Besiktas - Sunday August 19 - 2007,Besiktas,easy,4-4-2,RECBER;TORAMAN;ZAN;KURTULUS;CISSE;RICARDINHO;TELLO;OZKAN;KARABULUT;YILMAZ;NOBRE
Kasimpasa vs. Besiktas - Sunday August 19 - 2007,Kasimpasa,hard,4-5-1,SINOUH;BERTHEL ASKOU;ARSLAN;ACIL;KARTAL;HACISALIHOGLU;OCAL;SULUN;MARANGOZ;KUCUK;TEHOUE
Konyaspor vs. Kayserispor - Sunday August 19 - 2007,Kayserispor,hard,4-4-2,IVANKOV;AVENDANO;COLGECEN;TOSCALI;TOLEDO;BASDAG;ARSLAN;TOPUZ;BOYRAZ;CANGELE;UNAL
Konyaspor vs. Kayserispor - Sunday August 19 - 2007,Konyaspor,hard,4-4-2,ONGUN;EL SAKA;OZSARAC;KAUE;SEKMAN;ABDALLAH;BATISTA;ER;NECA;SEN;CIHAN
Manisaspor vs. Ankaraspor - Sunday August 19 - 2007,Ankaraspor,hard,4-5-1,KURSUNLU;BAHTIYAROGLU;BATAK;YOLDAS;AKYUZ;GUCER;KOCAK;ALBAYRAK;KISA;HURMACI;TITA
Manisaspor vs. Ankaraspor - Sunday August 19 - 2007,Manisaspor,hard,4-5-1,CEYLAN;BOZKURT;DVORNIK;KALABANE;BALTA;CALISKAN;INCEMAN;INAN;KOC;HOLOSKO;AKAN
Rizespor vs. Genclerbirligi - Sunday August 19 - 2007,Genclerbirligi,hard,4-5-1,TOKGOZ;OZBEY;PETKOVIC;TRAORE;ZORIC;SERAS;NAS;CARLE;MENDONCA;OZTURK;CAKIR
Rizespor vs. Genclerbirligi - Sunday August 19 - 2007,Rizespor,hard,4-4-2,GONZALEZ;BOZACI;GAL;GORK;TEBER;EREN;KOK;LEANDRO CHAVES;ELMAS;BIRYOL;BOMBINHA
Sivasspor vs. Buyuksehir Belediyespor - Sunday August 19 - 2007,Buyuksehir Belediyespor,hard,4-4-2,HASAGIC;DEPE;EKSIOGLU;OCAK;TJIKUZU;ZENGIN;SAHIN;INANC;KAHRAMAN;ESER;ADRIANO
Sivasspor vs. Buyuksehir Belediyespor - Sunday August 19 - 2007,Sivasspor,hard,4-4-2,PETKOVIC;BAYRAK;DIALLO;YERLIKAYA;DERELI;ELMACI;AYHAN;AYDIN;YILDIZ;TSVETKOV;BALILI
Buyuksehir Belediyespor vs. Genclerbirligi Oftasspor - Saturday August 25 - 2007,Buyuksehir Belediyespor,hard,4-4-2,HASAGIC;DEPE;EKSIOGLU;OCAK;TJIKUZU;SAHIN;INANC;KILIC;KAHRAMAN;ADRIANO;ESER
Buyuksehir Belediyespor vs. Genclerbirligi Oftasspor - Saturday August 25 - 2007,Genclerbirligi Oftasspor,hard,4-5-1,ODABASI;EKER;KACAR;KALKAN;SAM;COSKUN;TOZO;YILDIRIM;TEKIN;KOCABEY;TUTUNCI
Fenerbahce vs. Sivasspor - Saturday August 25 - 2007,Fenerbahce,easy,4-2-3-1,KULBILGE;LUGANO;EDU DRACENA;TURACI;BARIS;ROBERTO CARLOS;SAHIN;METIN;ALEX;KEZMAN;DEIVID
Fenerbahce vs. Sivasspor - Saturday August 25 - 2007,Sivasspor,hard,4-5-1,PETKOVIC;BAYRAK;SOZGELMEZ;YERLIKAYA;DERELI;ELMACI;AYHAN;MOHAMED ALI;AYDIN;YILDIZ;BALILI
Gaziantepspor vs. Besiktas - Saturday August 25 - 2007,Besiktas,easy,4-2-3-1,ARIKAN;MERCIMEK;TORAMAN;ZAN;KURTULUS;AVCI;RICARDINHO;DELGADO;OZKAN;TELLO;NOBRE
Gaziantepspor vs. Besiktas - Saturday August 25 - 2007,Gaziantepspor,hard,4-5-1,CATKIC;BAYER;COGUM;DEUMI;DAG;ARSLAN;YILDIRIM;ZURITA;YILDIRIM;TUGLU;DE NIGRIS
Genclerbirligi vs. Bursaspor - Saturday August 25 - 2007,Bursaspor,hard,4-4-2,VEGA;ERDOGAN;KORKMAZ;TUNCER;BEKIROGLU;SARP;SUMULIKOSKI;HASPOLATLI;ACAR;TUM;KALOGLU
Genclerbirligi vs. Bursaspor - Saturday August 25 - 2007,Genclerbirligi,hard,4-5-1,TOKGOZ;OZBEY;PETKOVIC;TRAORE;UZUMCU;SERAS;NAS;CARLE;BAYTAR;CAKIR;OZTURK
Ankaraspor vs. Konyaspor - Sunday August 26 - 2007,Ankaraspor,hard,4-5-1,KURSUNLU;AKKOYUN;BAHTIYAROGLU;BATAK;GUCER;KOCAK;ALBAYRAK;KISA;TASDEMIR;TOSUN;TURKMEN
Ankaraspor vs. Konyaspor - Sunday August 26 - 2007,Konyaspor,hard,4-5-1,ONGUN;EL SAKA;OZSARAC;KAUE;ABDALLAH;SEKMAN;BATISTA;ER;NECA;OZGUR;CIHAN
Denizlispor vs. Manisaspor - Sunday August 26 - 2007,Denizlispor,hard,4-5-1,HAMIDOU;ALLYSON;KRATOCHVIL;JULIO CESAR;ABRAHAM;DEMIR;YIGEN;KUS;KARAKOC;SIMSEK;KINALI
Denizlispor vs. Manisaspor - Sunday August 26 - 2007,Manisaspor,hard,4-5-1,CEYLAN;BOZKURT;BORBICONI;DVORNIK;KALABANE;BALTA;INAN;INCEMAN;KOC;HOLOSKO;AKAN
Galatasaray vs. Ankaragucu - Sunday August 26 - 2007,Ankaragucu,hard,4-4-2,KIRINTILI;GUNGOR;OZKAYNAK;CELIK;CAN;KIRITA;ANDRE SILVA;DURUER;DURSUN;BEBBE;OZKAN
Galatasaray vs. Ankaragucu - Sunday August 26 - 2007,Galatasaray,easy,4-4-2,USAK;CETIN;SONG;YAMAN;UCAR;SARIOGLU;AKMAN;LINCOLN;TURAN;SUKUR;KARAN
Kayserispor vs. Kasimpasa - Sunday August 26 - 2007,Kasimpasa,hard,4-4-2,SINOUH;BERTHEL ASKOU;ARSLAN;COULIBALY;ACIL;KARTAL;FRANSERGIO;SARI;ALKAN;KUCUK;TEHOUE
Kayserispor vs. Kasimpasa - Sunday August 26 - 2007,Kayserispor,hard,4-4-2,IVANKOV;COLGECEN;TOSCALI;TURAN;TOLEDO;BASDAG;ARSLAN;TOPUZ;BOYRAZ;CANGELE;UNAL
Trabzonspor vs. Rizespor - Sunday August 26 - 2007,Rizespor,hard,4-5-1,GONZALEZ;AKYUZ;BOZACI;GAL;TEBER;EREN;TORAMAN;TATAN;AKSOY;ANDERSON;BOMBINHA
Trabzonspor vs. Rizespor - Sunday August 26 - 2007,Trabzonspor,easy,4-1-4-1,ZENGIN;CORA;SEYHAN;YAVUZ;KECELI;KOCAK;BALCI;ABDELAZIZ;ERIS;KARADENIZ;BULUT
Bursaspor vs. Trabzonspor - Friday August 31 - 2007,Bursaspor,hard,4-5-1,VEGA;ERDOGAN;GULDUREN;KORKMAZ;TUNCER;SUMULIKOSKI;SARP;HAS;ACAR;TUM;KALOGLU
Bursaspor vs. Trabzonspor - Friday August 31 - 2007,Trabzonspor,easy,4-5-1,ZENGIN;CORA;SEYHAN;YAVUZ;KECELI;KOCAK;CIMSIR;ABDELAZIZ;ERIS;KARADENIZ;BULUT
Ankaragucu vs. Genclerbirligi - Saturday September 1 - 2007,Ankaragucu,hard,4-4-2,KIRINTILI;GUNGOR;SUME;OZKAYNAK;CELIK;CAN;KIRITA;ANDRE SILVA;DURUER;DURSUN;BEBBE
Ankaragucu vs. Genclerbirligi - Saturday September 1 - 2007,Genclerbirligi,hard,4-5-1,TOKGOZ;OZBEY;TRAORE;UZUMCU;AYDIN;NAS;YESILKAYA;CARLE;BAYTAR;CAKIR;OZTURK
Besiktas vs. Kayserispor - Saturday September 1 - 2007,Besiktas,easy,4-1-4-1,ARIKAN;TORAMAN;ZAN;UZULMEZ;KURTULUS;AVCI;RICARDINHO;DELGADO;TELLO;OZKAN;BOBO
Besiktas vs. Kayserispor - Saturday September 1 - 2007,Kayserispor,hard,4-4-2,IVANKOV;COLGECEN;TOSCALI;TURAN;TOLEDO;BASDAG;ARSLAN;TOPUZ;BOYRAZ;CANGELE;UNAL
Konyaspor vs. Denizlispor - Saturday September 1 - 2007,Denizlispor,hard,4-5-1,HAMIDOU;ALLYSON;KRATOCHVIL;CARLOS ALBERTO;JULIO CESAR;YIGEN;EGEDIK;DEMIR;ABRAHAM;SIMSEK;KINALI
Konyaspor vs. Denizlispor - Saturday September 1 - 2007,Konyaspor,hard,4-5-1,ONGUN;GUNDOSTU;OZSARAC;KAUE;SEKMAN;BATISTA;ER;OZGUR;NECA;HACIOGLU;CIHAN
Rizespor vs. Buyuksehir Belediyespor - Saturday September 1 - 2007,Buyuksehir Belediyespor,hard,4-4-2,HASAGIC;DEPE;EKSIOGLU;OCAK;SAHIN;ZENGIN;TJIKUZU;INANC;KAHRAMAN;ESER;KABA
Rizespor vs. Buyuksehir Belediyespor - Saturday September 1 - 2007,Rizespor,hard,4-5-1,GONZALEZ;DUYMUS;GAL;TEBER;EREN;KOK;TATAN;TORAMAN;AKSOY;BIRYOL;ANDERSON
Genclerbirligi Oftasspor vs. Fenerbahce - Sunday September 2 - 2007,Fenerbahce,easy,4-2-3-1,DEMIREL;LUGANO;EDU DRACENA;TURACI;ROBERTO CARLOS;SAHIN;ASLAN;BORAL;ALEX;KEZMAN;KAZIM-RICHARDS
Genclerbirligi Oftasspor vs. Fenerbahce - Sunday September 2 - 2007,Genclerbirligi Oftasspor,hard,4-4-2,ODABASI;EKER;KACAR;KALKAN;SAM;TOZO;BEKMEZCI;ATAK;YILDIRIM;MENDONCA;SAHIN
Kasimpasa vs. Ankaraspor - Sunday September 2 - 2007,Ankaraspor,hard,4-5-1,KURSUNLU;BAHTIYAROGLU;BATAK;AKYUZ;GUCER;KOCAK;ALBAYRAK;KISA;HURMACI;TITA;YILMAZ
Kasimpasa vs. Ankaraspor - Sunday September 2 - 2007,Kasimpasa,hard,4-4-2,SINOUH;BERTHEL ASKOU;ARSLAN;KARTAL;AKINCI;HACISALIHOGLU;FRANSERGIO;ANDRE MORITZ;CISSE;KUCUK;TEHOUE
Manisaspor vs. Galatasaray - Sunday September 2 - 2007,Galatasaray,easy,4-4-2,ERCETIN;CETIN;SONG;YAMAN;SARIOGLU;LINDEROTH;AKMAN;LINCOLN;TURAN;SUKUR;KARAN
Manisaspor vs. Galatasaray - Sunday September 2 - 2007,Manisaspor,hard,4-2-3-1,CEYLAN;BOZKURT;BORBICONI;DVORNIK;KALABANE;BALTA;INAN;INCEMAN;ASKAROGLU;KOC;HOLOSKO
Sivasspor vs. Gaziantepspor - Sunday September 2 - 2007,Gaziantepspor,hard,4-5-1,CATKIC;BAYER;DEUMI;POLAT;DAG;ARSLAN;YILDIRIM;CEYLAN;YILDIRIM;TUGLU;DE NIGRIS
Sivasspor vs. Gaziantepspor - Sunday September 2 - 2007,Sivasspor,hard,4-4-2,PETKOVIC;BAYRAK;SOZGELMEZ;YERLIKAYA;DERELI;ELMACI;AYHAN;AYDIN;BALILI;TSVETKOV;YILDIZ
Ankaraspor vs. Besiktas - Saturday September 15 - 2007,Ankaraspor,hard,4-5-1,SENECKY;AK;BATAK;ASIK;AKYUZ;GUCER;HAMILTON;KOCAK;TITA;TOSUN;ATES
Ankaraspor vs. Besiktas - Saturday September 15 - 2007,Besiktas,easy,4-2-3-1,ARIKAN;DIATTA;TORAMAN;UZULMEZ;KURTULUS;AVCI;CISSE;HIGUAIN;TELLO;OZKAN;BOBO
Denizlispor vs. Kasimpasa - Saturday September 15 - 2007,Denizlispor,hard,4-5-1,HAMIDOU;ALLYSON;KRATOCHVIL;CARLOS ALBERTO;JULIO CESAR;EGEDIK;DEMIR;ABRAHAM;ERTUGRUL;SIMSEK;KINALI
Denizlispor vs. Kasimpasa - Saturday September 15 - 2007,Kasimpasa,hard,4-4-2,SINOUH;BERTHEL ASKOU;ARSLAN;KARTAL;AKINCI;AKYEL;SULUN;FRANSERGIO;SARI;AKDOGAN;TEHOUE
Fenerbahce vs. Rizespor - Saturday September 15 - 2007,Fenerbahce,easy,4-2-3-1,DEMIREL;LUGANO;EDU DRACENA;TURACI;ROBERTO CARLOS;SAHIN;MEHMET AURELIO;BILGIN;ALEX;DEIVID;KEZMAN
Fenerbahce vs. Rizespor - Saturday September 15 - 2007,Rizespor,hard,4-5-1,GONZALEZ;AKYUZ;DUYMUS;USTA;TEBER;EREN;TATAN;TORAMAN;LEANDRO CHAVES;BIRYOL;ANDERSON
Sivasspor vs. Genclerbirligi Oftasspor - Saturday September 15 - 2007,Genclerbirligi Oftasspor,hard,4-5-1,ODABASI;EKER;KACAR;KALKAN;SAM;TOZO;BEKMEZCI;ATAK;KOCABEY;MENDONCA;SAHIN
Sivasspor vs. Genclerbirligi Oftasspor - Saturday September 15 - 2007,Sivasspor,hard,4-4-2,PETKOVIC;SOZGELMEZ;YERLIKAYA;DERELI;ELMACI;AYHAN;UMMAK;MOHAMED ALI;AYDIN;BALILI;YILDIZ
Buyuksehir Belediyespor vs. Bursaspor - Sunday September 16 - 2007,Bursaspor,hard,4-5-1,VEGA;GULDUREN;KORKMAZ;TUNCER;BARIS;SUMULIKOSKI;SARP;HASPOLATLI;ACAR;TUM;KALOGLU
Buyuksehir Belediyespor vs. Bursaspor - Sunday September 16 - 2007,Buyuksehir Belediyespor,hard,4-5-1,HASAGIC;KOCALOGLU;KORKMAZ;MARCUS VINICIUS;EKSIOGLU;TJIKUZU;ZENGIN;INANC;KAHRAMAN;KABA;ESER
Galatasaray vs. Konyaspor - Sunday September 16 - 2007,Galatasaray,easy,4-4-2,USAK;CETIN;SONG;YAMAN;UCAR;LINDEROTH;OZBEK;CARRUSCA;LINCOLN;SUKUR;NONDA
Galatasaray vs. Konyaspor - Sunday September 16 - 2007,Konyaspor,hard,4-4-2,ONGUN;EL SAKA;OZSARAC;KAUE;SEKMAN;BATISTA;AGCAY;OZGUR;NECA;HACIOGLU;SABIN
Gaziantepspor vs. Kayserispor - Sunday September 16 - 2007,Gaziantepspor,hard,4-4-2,CATKIC;COGUM;POLAT;DURMAZ;YILDIRIM;CEYLAN;KILICASLAN;YILDIRIM;TUGLU;BEGECARSLAN;DE NIGRIS
Gaziantepspor vs. Kayserispor - Sunday September 16 - 2007,Kayserispor,hard,4-4-2,IVANKOV;AVENDANO;TOSCALI;TURAN;TOLEDO;OKYAY;SAIDOU;BASDAG;TOPUZ;CANGELE;UNAL
Genclerbirligi vs. Manisaspor - Sunday September 16 - 2007,Genclerbirligi,hard,4-5-1,TOKGOZ;DOGANTEZ;OZBEY;TRAORE;AYDIN;NAS;CARLE;BAYTAR;ESER;CAKIR;OZTURK
Genclerbirligi vs. Manisaspor - Sunday September 16 - 2007,Manisaspor,hard,4-5-1,ATAMAN;BOZKURT;BORBICONI;DVORNIK;KALABANE;OZTORUN;CALISKAN;INCEMAN;ASKAROGLU;HOLOSKO;AKAN
Trabzonspor vs. Ankaragucu - Sunday September 16 - 2007,Ankaragucu,hard,4-4-2,KIRINTILI;GUNGOR;SUME;OZKAYNAK;CELIK;CAN;KIRITA;ANDRE SILVA;DURUER;DURSUN;BEBBE
Trabzonspor vs. Ankaragucu - Sunday September 16 - 2007,Trabzonspor,easy,4-5-1,ZENGIN;SEYHAN;YAVUZ;KOCAK;KECELI;BALCI;ABDELAZIZ;CIMSIR;ERIS;KARADENIZ;BULUT
Ankaragucu vs. Buyuksehir Belediyespor - Friday September 21 - 2007,Ankaragucu,hard,4-4-2,KIRINTILI;GUNGOR;SUME;OZKAYNAK;CELIK;CAN;KIRITA;ANDRE SILVA;DURUER;DURSUN;BEBBE
Ankaragucu vs. Buyuksehir Belediyespor - Friday September 21 - 2007,Buyuksehir Belediyespor,hard,4-5-1,GUNGOR;KOCALOGLU;KORKMAZ;MARCUS VINICIUS;EKSIOGLU;TJIKUZU;ORTEMAN;INANC;KAHRAMAN;ESER;KABA
Manisaspor vs. Trabzonspor - Friday September 21 - 2007,Manisaspor,hard,4-5-1,ATAMAN;BOZKURT;BORBICONI;DVORNIK;KALABANE;OZTORUN;INAN;INCEMAN;ASKAROGLU;HOLOSKO;AKAN
Manisaspor vs. Trabzonspor - Friday September 21 - 2007,Trabzonspor,easy,4-5-1,ZENGIN;SEYHAN;YAVUZ;KOCAK;KECELI;BALCI;CIMSIR;ABDELAZIZ;KARADENIZ;YATTARA;BULUT
Besiktas vs. Denizlispor - Saturday September 22 - 2007,Besiktas,easy,4-4-2,ARIKAN;DIATTA;KAS;TORAMAN;UZULMEZ;CISSE;TELLO;OZKAN;YOZGATLI;NOBRE;BOBO
Besiktas vs. Denizlispor - Saturday September 22 - 2007,Denizlispor,hard,4-5-1,HAMIDOU;ALLYSON;KRATOCHVIL;CELEP;JULIO CESAR;ERTUGRUL;ABRAHAM;DEMIR;EGEDIK;SIMSEK;KINALI
Kayserispor vs. Ankaraspor - Saturday September 22 - 2007,Ankaraspor,hard,4-5-1,SENECKY;BATAK;ASIK;AKYUZ;GUCER;HAMILTON;KOCAK;KISA;TITA;ATES;TURKMEN
Kayserispor vs. Ankaraspor - Saturday September 22 - 2007,Kayserispor,hard,4-4-2,IVANKOV;TOSCALI;TURAN;TOLEDO;OKYAY;BAYRAM;BASDAG;ARSLAN;TOPUZ;IGLESIAS;UNAL
Konyaspor vs. Genclerbirligi - Saturday September 22 - 2007,Genclerbirligi,hard,4-5-1,TOKGOZ;DOGANTEZ;OZBEY;TRAORE;AYDIN;SERAS;NAS;YESILKAYA;CARLE;CAKIR;KAHE
Konyaspor vs. Genclerbirligi - Saturday September 22 - 2007,Konyaspor,hard,4-5-1,ONGUN;OZSARAC;EL SAKA;KAUE;SEKMAN;BATISTA;ER;OZGUR;NECA;HACIOGLU;CIHAN
Bursaspor vs. Fenerbahce - Sunday September 23 - 2007,Bursaspor,hard,4-5-1,VEGA;ERDOGAN;GULDUREN;KORKMAZ;TUNCER;HASPOLATLI;SARP;SUMULIKOSKI;ACAR;KALOGLU;TUM
Bursaspor vs. Fenerbahce - Sunday September 23 - 2007,Fenerbahce,easy,4-2-3-1,DEMIREL;LUGANO;EDU DRACENA;TURACI;BARIS;WEDERSON;ROBERTO CARLOS;MEHMET AURELIO;ALEX;DEIVID;SENTURK
Genclerbirligi Oftasspor vs. Gaziantepspor - Sunday September 23 - 2007,Gaziantepspor,hard,4-5-1,DAGLAROGLU;DEUMI;POLAT;DURMAZ;CEYLAN;YILDIRIM;ARSLAN;YILDIRIM;TUGLU;BEGECARSLAN;DE NIGRIS
Genclerbirligi Oftasspor vs. Gaziantepspor - Sunday September 23 - 2007,Genclerbirligi Oftasspor,hard,4-4-2,BILER;EKER;KACAR;KALKAN;SAM;TOZO;BEKMEZCI;ATAK;STERJOVSKI;MENDONCA;SAHIN
Kasimpasa vs. Galatasaray - Sunday September 23 - 2007,Galatasaray,easy,4-4-2,USAK;BOUZID;SONG;BALTA;LINDEROTH;OZBEK;AKMAN;LINCOLN;SAS;SUKUR;KARAN
Kasimpasa vs. Galatasaray - Sunday September 23 - 2007,Kasimpasa,hard,4-5-1,SINOUH;BERTHEL ASKOU;ARSLAN;ACIL;KARTAL;AKINCI;OCAL;AKYEL;FRANSERGIO;SARI;KUCUK
Rizespor vs. Sivasspor - Sunday September 23 - 2007,Rizespor,hard,4-5-1,GONZALEZ;AKYUZ;DUYMUS;USTA;TEBER;EREN;TORAMAN;TATAN;LEANDRO CHAVES;ANDERSON;BIRYOL
Rizespor vs. Sivasspor - Sunday September 23 - 2007,Sivasspor,hard,4-5-1,PETKOVIC;BAYRAK;SOZGELMEZ;YERLIKAYA;DERELI;ELMACI;SYLLA;AYHAN;MOHAMED ALI;AYDIN;BALILI
Fenerbahce vs. Ankaragucu - Friday September 28 - 2007,Ankaragucu,hard,4-4-2,KIRINTILI;GUNGOR;OZKAYNAK;CELIK;CAN;ANDRE SILVA;DURUER;EGE;OZKAN;BEBBE;DURSUN
Fenerbahce vs. Ankaragucu - Friday September 28 - 2007,Fenerbahce,easy,4-2-3-1,DEMIREL;LUGANO;EDU DRACENA;TURACI;BARIS;WEDERSON;ROBERTO CARLOS;MEHMET AURELIO;ALEX;DEIVID;KEZMAN
Galatasaray vs. Besiktas - Saturday September 29 - 2007,Besiktas,easy,4-4-2,ARIKAN;DIATTA;TORAMAN;ZAN;UZULMEZ;KURTULUS;AVCI;TELLO;OZKAN;NOBRE;BOBO
Galatasaray vs. Besiktas - Saturday September 29 - 2007,Galatasaray,easy,4-4-2,USAK;CETIN;SONG;BALTA;YAMAN;UCAR;LINDEROTH;OZBEK;TURAN;NONDA;KARAN
Genclerbirligi Oftasspor vs. Rizespor - Saturday September 29 - 2007,Genclerbirligi Oftasspor,hard,4-4-2,BILER;EKER;KACAR;KALKAN;SAM;TOZO;BEKMEZCI;ATAK;STERJOVSKI;MENDONCA;ESEN
Genclerbirligi Oftasspor vs. Rizespor - Saturday September 29 - 2007,Rizespor,hard,4-5-1,GONZALEZ;AKYUZ;BOZACI;DUYMUS;GAL;USTA;VICTORIA;EREN;TATAN;LEANDRO CHAVES;BIRYOL
Buyuksehir Belediyespor vs. Manisaspor - Sunday September 30 - 2007,Buyuksehir Belediyespor,hard,4-5-1,HASAGIC;KOCALOGLU;KORKMAZ;MARCUS VINICIUS;EKSIOGLU;ZENGIN;TJIKUZU;INANC;KAHRAMAN;ADRIANO;ESER
Buyuksehir Belediyespor vs. Manisaspor - Sunday September 30 - 2007,Manisaspor,hard,4-4-2,ATAMAN;BOZKURT;BORBICONI;DVORNIK;KALABANE;OZTORUN;INAN;ASKAROGLU;HOLOSKO;KOC;AKAN
Denizlispor vs. Kayserispor - Sunday September 30 - 2007,Denizlispor,hard,4-4-2,HAMIDOU;ALLYSON;BIRINCI;KRATOCHVIL;JULIO CESAR;GULPINAR;ABRAHAM;YIGEN;ERTUGRUL;GULEC;KINALI
Denizlispor vs. Kayserispor - Sunday September 30 - 2007,Kayserispor,hard,4-4-2,IVANKOV;TOSCALI;TURAN;TOLEDO;OKYAY;BAYRAM;BASDAG;ARSLAN;TOPUZ;CANGELE;IGLESIAS
Gaziantepspor vs. Ankaraspor - Sunday September 30 - 2007,Ankaraspor,hard,4-5-1,SENECKY;AK;BATAK;ASIK;YOLDAS;GUCER;KOCAK;KISA;HURMACI;YILMAZ;ATES
Gaziantepspor vs. Ankaraspor - Sunday September 30 - 2007,Gaziantepspor,hard,4-5-1,DAGLAROGLU;BAYER;DEUMI;POLAT;DURMAZ;YILDIRIM;CEYLAN;KILICASLAN;YILDIRIM;TUGLU;BEGECARSLAN
Genclerbirligi vs. Kasimpasa - Sunday September 30 - 2007,Genclerbirligi,hard,4-5-1,TOKGOZ;DOGANTEZ;OZBEY;PETKOVIC;UZUMCU;SERAS;YESILKAYA;NAS;CARLE;OZTURK;CAKIR
Genclerbirligi vs. Kasimpasa - Sunday September 30 - 2007,Kasimpasa,hard,4-4-2,SINOUH;BERTHEL ASKOU;ARSLAN;ACIL;KARTAL;AKYEL;AKINCI;FRANSERGIO;SARI;KUCUK;TEHOUE
Sivasspor vs. Bursaspor - Sunday September 30 - 2007,Bursaspor,hard,4-4-2,VEGA;ERDOGAN;GULDUREN;TUNCER;JASON VANDELANNOITE;SUMULIKOSKI;HASPOLATLI;HAS;ACAR;TUM;KALOGLU
Sivasspor vs. Bursaspor - Sunday September 30 - 2007,Sivasspor,hard,4-4-2,PETKOVIC;BAYRAK;SOZGELMEZ;YERLIKAYA;DERELI;ELMACI;AYHAN;MOHAMED ALI;AYDIN;YILDIZ;BALILI
Trabzonspor vs. Konyaspor - Sunday September 30 - 2007,Konyaspor,hard,4-4-2,ONGUN;EL SAKA;GUNDOSTU;KAUE;SEKMAN;BATISTA;ER;OZGUR;NECA;CIHAN;WASHINGTON
Trabzonspor vs. Konyaspor - Sunday September 30 - 2007,Trabzonspor,easy,4-4-2,ZENGIN;CORA;YAVUZ;KOCAK;COKMUS;CIMSIR;ABDELAZIZ;KARADENIZ;YATTARA;RIZA;KELES
Kasimpasa vs. Trabzonspor - Friday October 5 - 2007,Kasimpasa,hard,4-4-2,SINOUH;BERTHEL ASKOU;CABA;KARTAL;AKYEL;AKINCI;SULUN;FRANSERGIO;BAYAR;AKDOGAN;TEHOUE
Kasimpasa vs. Trabzonspor - Friday October 5 - 2007,Trabzonspor,easy,4-2-3-1,ZENGIN;CORA;YAVUZ;KOCAK;COKMUS;BALCI;UCUNCU;ERIS;KARADENIZ;YATTARA;BULUT
Ankaraspor vs. Denizlispor - Saturday October 6 - 2007,Ankaraspor,hard,4-5-1,SENECKY;AK;BATAK;ASIK;YOLDAS;GUCER;KOCAK;KISA;HURMACI;ATES;YILMAZ
Ankaraspor vs. Denizlispor - Saturday October 6 - 2007,Denizlispor,hard,4-5-1,HAMIDOU;ALLYSON;BIRINCI;KRATOCHVIL;JULIO CESAR;GULPINAR;YIGEN;EGEDIK;ABRAHAM;ERTUGRUL;GULEC
Bursaspor vs. Genclerbirligi Oftasspor - Saturday October 6 - 2007,Bursaspor,hard,4-4-2,VEGA;ERDOGAN;GULDUREN;BARIS;JASON VANDELANNOITE;SUMULIKOSKI;SARP;HASPOLATLI;ACAR;TUM;KALOGLU
Bursaspor vs. Genclerbirligi Oftasspor - Saturday October 6 - 2007,Genclerbirligi Oftasspor,hard,4-4-2,BILER;EKER;KACAR;KALKAN;SAM;TOZO;BEKMEZCI;ATAK;STERJOVSKI;MENDONCA;ESEN
Manisaspor vs. Fenerbahce - Saturday October 6 - 2007,Fenerbahce,easy,4-2-3-1,DEMIREL;CAKMAK;LUGANO;TURACI;BARIS;WEDERSON;ROBERTO CARLOS;MEHMET AURELIO;ALEX;DEIVID;KEZMAN
Manisaspor vs. Fenerbahce - Saturday October 6 - 2007,Manisaspor,hard,4-5-1,ATAMAN;BOZKURT;BORBICONI;DVORNIK;KALABANE;OZTORUN;INAN;INCEMAN;ASKAROGLU;AKAN;MARQUES
Ankaragucu vs. Sivasspor - Sunday October 7 - 2007,Ankaragucu,hard,4-4-2,KIRINTILI;MATEUS;OZKAYNAK;CELIK;CAN;ANDRE SILVA;KIRITA;DURUER;OZKAN;JABA;BEBBE
Ankaragucu vs. Sivasspor - Sunday October 7 - 2007,Sivasspor,hard,4-4-2,PETKOVIC;BAYRAK;SOZGELMEZ;YERLIKAYA;DERELI;ELMACI;AYHAN;MOHAMED ALI;AYDIN;BALILI;YILDIZ
Besiktas vs. Genclerbirligi - Sunday October 7 - 2007,Besiktas,easy,4-4-2,ARIKAN;TORAMAN;ZAN;UZULMEZ;TANDOGAN;CISSE;DELGADO;OZKAN;TELLO;YILMAZ;NOBRE
Besiktas vs. Genclerbirligi - Sunday October 7 - 2007,Genclerbirligi,hard,4-3-3,TOKGOZ;DOGANTEZ;OZBEY;PETKOVIC;TRAORE;SERAS;YESILKAYA;CARLE;PROMISE;CAKIR;OZTURK
Kayserispor vs. Galatasaray - Sunday October 7 - 2007,Galatasaray,easy,4-4-2,USAK;CETIN;SONG;YAMAN;UCAR;LINDEROTH;OZBEK;LINCOLN;TURAN;SUKUR;KARAN
Kayserispor vs. Galatasaray - Sunday October 7 - 2007,Kayserispor,hard,4-4-2,IVANKOV;TOSCALI;TURAN;TOLEDO;OKYAY;BAYRAM;BASDAG;ARSLAN;TOPUZ;BOYRAZ;UNAL
Konyaspor vs. Buyuksehir Belediyespor - Sunday October 7 - 2007,Buyuksehir Belediyespor,hard,4-2-3-1,HASAGIC;KOCALOGLU;KORKMAZ;MARCUS VINICIUS;EKSIOGLU;TJIKUZU;ZENGIN;INANC;KAHRAMAN;ADRIANO;ESER
Konyaspor vs. Buyuksehir Belediyespor - Sunday October 7 - 2007,Konyaspor,hard,4-4-2,ONGUN;EL SAKA;GUNDOSTU;KAUE;SEKMAN;BATISTA;ER;NECA;HACIOGLU;CIHAN;WASHINGTON
Rizespor vs. Gaziantepspor - Sunday October 7 - 2007,Gaziantepspor,hard,4-5-1,DAGLAROGLU;DEUMI;POLAT;DURMAZ;CEYLAN;YILDIRIM;ARSLAN;KILICASLAN;YILDIRIM;TUGLU;BEGECARSLAN
Rizespor vs. Gaziantepspor - Sunday October 7 - 2007,Rizespor,hard,4-4-2,GONZALEZ;AKYUZ;DUYMUS;USTA;TEBER;KOK;EREN;TATAN;TORAMAN;ANDERSON;BIRYOL
Buyuksehir Belediyespor vs. Kasimpasa - Saturday October 20 - 2007,Buyuksehir Belediyespor,hard,4-5-1,HASAGIC;DEPE;KOCALOGLU;KORKMAZ;EKSIOGLU;TJIKUZU;INANC;KILIC;SAHIN;KAHRAMAN;ADRIANO
Buyuksehir Belediyespor vs. Kasimpasa - Saturday October 20 - 2007,Kasimpasa,hard,4-4-2,SINOUH;BERTHEL ASKOU;CABA;KARTAL;AKYEL;SULUN;FRANSERGIO;BAYAR;ALKAN;TEHOUE;AKDOGAN
Fenerbahce vs. Konyaspor - Saturday October 20 - 2007,Fenerbahce,easy,4-2-3-1,DEMIREL;CAKMAK;EDU DRACENA;BARIS;ROBERTO CARLOS;WEDERSON;GONUL;MEHMET AURELIO;ALEX;DEIVID;SENTURK
Fenerbahce vs. Konyaspor - Saturday October 20 - 2007,Konyaspor,hard,4-4-2,ONGUN;EL SAKA;GUNDOSTU;KAUE;SEKMAN;AGCAY;ER;OZGUR;HACIOGLU;CIHAN;WASHINGTON
Gaziantepspor vs. Denizlispor - Saturday October 20 - 2007,Denizlispor,hard,4-5-1,HAMIDOU;ALLYSON;BIRINCI;KRATOCHVIL;JULIO CESAR;ABRAHAM;EGEDIK;GULPINAR;YIGEN;SIMSEK;GULEC
Gaziantepspor vs. Denizlispor - Saturday October 20 - 2007,Gaziantepspor,hard,4-4-2,CATKIC;DEUMI;POLAT;DURMAZ;CEYLAN;ZURITA;YILDIRIM;YILDIRIM;TUGLU;BEGECARSLAN;DE NIGRIS
Genclerbirligi vs. Kayserispor - Saturday October 20 - 2007,Genclerbirligi,hard,4-5-1,TOKGOZ;DOGANTEZ;OZBEY;AYDIN;GUVEN;SERAS;NAS;CARLE;PROMISE;OZTURK;CAKIR
Genclerbirligi vs. Kayserispor - Saturday October 20 - 2007,Kayserispor,hard,4-4-2,IVANKOV;TOSCALI;TURAN;TOLEDO;OKYAY;BAYRAM;BASDAG;SAIDOU;TOPUZ;BOYRAZ;UNAL
Rizespor vs. Bursaspor - Saturday October 20 - 2007,Bursaspor,hard,4-5-1,ERAYDIN;ERDOGAN;GULDUREN;JASON VANDELANNOITE;SARP;SUMULIKOSKI;HASPOLATLI;HAS;ACAR;TUM;KALOGLU
Rizespor vs. Bursaspor - Saturday October 20 - 2007,Rizespor,hard,4-4-2,GONZALEZ;AKYUZ;DUYMUS;USTA;TEBER;EREN;KOK;TATAN;TORAMAN;BIRYOL;ANDERSON
Trabzonspor vs. Besiktas - Saturday October 20 - 2007,Besiktas,easy,4-2-3-1,RECBER;TORAMAN;ZAN;UZULMEZ;KURTULUS;TANDOGAN;CISSE;DELGADO;TELLO;NOBRE;YILMAZ
Trabzonspor vs. Besiktas - Saturday October 20 - 2007,Trabzonspor,easy,4-2-3-1,ZENGIN;CORA;YAVUZ;KOCAK;BALCI;CIMSIR;ABDELAZIZ;ERIS;KARADENIZ;YATTARA;BULUT
Galatasaray vs. Ankaraspor - Sunday October 21 - 2007,Ankaraspor,hard,4-4-2,SENECKY;BATAK;YOLDAS;GUCER;KOCAK;ALBAYRAK;HURMACI;TITA;YILMAZ;ATES;TURKMEN
Galatasaray vs. Ankaraspor - Sunday October 21 - 2007,Galatasaray,easy,4-4-2,USAK;CETIN;SONG;BALTA;UCAR;LINDEROTH;OZBEK;LINCOLN;TURAN;SUKUR;KARAN
Genclerbirligi Oftasspor vs. Ankaragucu - Monday October 22 - 2007,Ankaragucu,hard,4-4-2,KIRINTILI;GUNGOR;OZKAYNAK;CELIK;CAN;ANDRE SILVA;KIRITA;DURUER;OZKAN;JABA;BEBBE
Genclerbirligi Oftasspor vs. Ankaragucu - Monday October 22 - 2007,Genclerbirligi Oftasspor,hard,4-5-1,BILER;KACAR;ARSLAN;SAM;ASLANTAS;TOZO;BEKMEZCI;ATAK;STERJOVSKI;MENDONCA;ESEN
Sivasspor vs. Manisaspor - Monday October 22 - 2007,Manisaspor,hard,4-4-2,ATAMAN;BORBICONI;DVORNIK;KALABANE;OZTORUN;INAN;INCEMAN;ASKAROGLU;HOLOSKO;AKAN;MARQUES
Sivasspor vs. Manisaspor - Monday October 22 - 2007,Sivasspor,hard,4-4-2,PETKOVIC;BAYRAK;DIALLO;SOZGELMEZ;DERELI;ELMACI;AYHAN;MOHAMED ALI;AYDIN;BALILI;YILDIZ
Kayserispor vs. Trabzonspor - Friday October 26 - 2007,Kayserispor,hard,4-4-2,IVANKOV;TOSCALI;TURAN;TOLEDO;BAYRAM;SAIDOU;BASDAG;TOPUZ;CEYLAN;IGLESIAS;UNAL
Kayserispor vs. Trabzonspor - Friday October 26 - 2007,Trabzonspor,easy,4-2-3-1,JEFFERSON;CORA;SEYHAN;KECELI;COKMUS;ABDELAZIZ;CIMSIR;ERIS;KARADENIZ;YATTARA;BULUT
Ankaraspor vs. Genclerbirligi - Saturday October 27 - 2007,Ankaraspor,hard,4-4-2,SENECKY;BATAK;ASIK;YOLDAS;GUCER;KOCAK;ALBAYRAK;HURMACI;TITA;ATES;YILMAZ
Ankaraspor vs. Genclerbirligi - Saturday October 27 - 2007,Genclerbirligi,hard,4-5-1,TOKGOZ;DOGANTEZ;OZBEY;ZORIC;AYDIN;GUVEN;YESILKAYA;NAS;CARLE;PROMISE;KAHE
Bursaspor vs. Gaziantepspor - Saturday October 27 - 2007,Bursaspor,hard,4-4-2,ERAYDIN;GULDUREN;ERDOGAN;OZTURK;TUNCER;HASPOLATLI;SARP;SUMULIKOSKI;ACAR;PANCU;TUM
Bursaspor vs. Gaziantepspor - Saturday October 27 - 2007,Gaziantepspor,hard,4-5-1,CATKIC;DEUMI;COGUM;PENBE;DURMAZ;DAG;CEYLAN;YILDIRIM;ZURITA;KILICASLAN;DE NIGRIS
Kasimpasa vs. Fenerbahce - Saturday October 27 - 2007,Fenerbahce,easy,4-2-3-1,DEMIREL;LUGANO;EDU DRACENA;ROBERTO CARLOS;WEDERSON;GONUL;APPIAH;MEHMET AURELIO;METIN;SENTURK;DEIVID
Kasimpasa vs. Fenerbahce - Saturday October 27 - 2007,Kasimpasa,hard,4-5-1,SINOUH;BERTHEL ASKOU;CABA;COULIBALY;KARTAL;AKYEL;SULUN;FRANSERGIO;BAYAR;ANDRE MORITZ;TEHOUE
Manisaspor vs. Genclerbirligi Oftasspor - Saturday October 27 - 2007,Genclerbirligi Oftasspor,hard,4-4-2,BILER;EKER;KACAR;SAM;ASLANTAS;COSKUN;BEKMEZCI;ATAK;STERJOVSKI;MENDONCA;ESEN
Manisaspor vs. Genclerbirligi Oftasspor - Saturday October 27 - 2007,Manisaspor,hard,4-5-1,ATAMAN;BOZKURT;KALABANE;OZTORUN;CALISKAN;INAN;INCEMAN;ASKAROGLU;HOLOSKO;AKAN;MARQUES
Ankaragucu vs. Rizespor - Sunday October 28 - 2007,Ankaragucu,hard,4-4-2,OZGULTEKIN;SUME;OZKAYNAK;CELIK;CAN;ANDRE SILVA;KIRITA;KARADUMAN;ERDOGAN;BEBBE;JABA
Ankaragucu vs. Rizespor - Sunday October 28 - 2007,Rizespor,hard,4-4-2,GONZALEZ;AKYUZ;USTA;DUYMUS;TEBER;KOK;EREN;TORAMAN;AKSOY;ANDERSON;BIRYOL
Besiktas vs. Buyuksehir Belediyespor - Sunday October 28 - 2007,Besiktas,easy,4-4-2,ARIKAN;TORAMAN;ZAN;UZULMEZ;TANDOGAN;CISSE;DELGADO;TELLO;OZKAN;BOBO;YILMAZ
Besiktas vs. Buyuksehir Belediyespor - Sunday October 28 - 2007,Buyuksehir Belediyespor,hard,4-5-1,HASAGIC;DEPE;KOCALOGLU;KORKMAZ;EKSIOGLU;ZENGIN;TJIKUZU;INANC;KILIC;KAHRAMAN;ADRIANO
Denizlispor vs. Galatasaray - Sunday October 28 - 2007,Denizlispor,hard,4-2-3-1,HAMIDOU;ALLYSON;KRATOCHVIL;BIRINCI;JULIO CESAR;ABRAHAM;EGEDIK;GULPINAR;YIGEN;SIMSEK;GULEC
Denizlispor vs. Galatasaray - Sunday October 28 - 2007,Galatasaray,easy,4-4-2,USAK;BOUZID;CETIN;SONG;BALTA;YAMAN;TOPAL;TURAN;SAS;NONDA;KARAN
Konyaspor vs. Sivasspor - Sunday October 28 - 2007,Konyaspor,hard,4-4-2,BAHADIR;EL SAKA;OZSARAC;KAUE;SEKMAN;AGCAY;ER;NECA;OZGUR;CIHAN;WASHINGTON
Konyaspor vs. Sivasspor - Sunday October 28 - 2007,Sivasspor,hard,4-5-1,PETKOVIC;BAYRAK;SOZGELMEZ;YERLIKAYA;DERELI;SYLLA;ELMACI;AYHAN;MOHAMED ALI;AYDIN;YILDIZ
Trabzonspor vs. Ankaraspor - Friday November 2 - 2007,Ankaraspor,hard,4-5-1,SENECKY;BATAK;ASIK;GUCER;HAMILTON;KOCAK;ALBAYRAK;HURMACI;TITA;ATES;YILMAZ
Trabzonspor vs. Ankaraspor - Friday November 2 - 2007,Trabzonspor,easy,4-5-1,SAHIN;SEYHAN;CORA;KECELI;BALCI;ABDELAZIZ;CIMSIR;ERIS;KARADENIZ;YATTARA;BULUT
Fenerbahce vs. Besiktas - Saturday November 3 - 2007,Besiktas,easy,4-2-3-1,ARIKAN;TORAMAN;ZAN;UZULMEZ;TANDOGAN;AVCI;CISSE;DELGADO;OZKAN;YILMAZ;BOBO
Fenerbahce vs. Besiktas - Saturday November 3 - 2007,Fenerbahce,easy,4-2-3-1,DEMIREL;LUGANO;EDU DRACENA;BARIS;ROBERTO CARLOS;WEDERSON;GONUL;MEHMET AURELIO;ALEX;DEIVID;SENTURK
Genclerbirligi Oftasspor vs. Konyaspor - Saturday November 3 - 2007,Genclerbirligi Oftasspor,hard,4-5-1,BILER;EKER;KACAR;SAM;ASLANTAS;TOZO;BEKMEZCI;COSKUN;ATAK;STERJOVSKI;ESEN
Genclerbirligi Oftasspor vs. Konyaspor - Saturday November 3 - 2007,Konyaspor,hard,4-5-1,BAHADIR;GUNDOSTU;OZSARAC;KAUE;SEKMAN;AGCAY;ER;OZGUR;NECA;HACIOGLU;SABIN
Bursaspor vs. Ankaragucu - Sunday November 4 - 2007,Ankaragucu,hard,4-4-2,OZGULTEKIN;GUNGOR;CELIK;CAN;KIRITA;ANDRE SILVA;EGE;ERDOGAN;KARADUMAN;AHINFUL;JABA
Bursaspor vs. Ankaragucu - Sunday November 4 - 2007,Bursaspor,hard,4-4-2,ERAYDIN;ERDOGAN;TUNCER;JASON VANDELANNOITE;SUMULIKOSKI;SARP;HASPOLATLI;ACAR;SEN;PANCU;TUM
Buyuksehir Belediyespor vs. Kayserispor - Sunday November 4 - 2007,Buyuksehir Belediyespor,hard,4-5-1,HASAGIC;DEPE;KOCALOGLU;KORKMAZ;EKSIOGLU;ZENGIN;TJIKUZU;INANC;KILIC;KAHRAMAN;ADRIANO
Buyuksehir Belediyespor vs. Kayserispor - Sunday November 4 - 2007,Kayserispor,hard,4-5-1,IVANKOV;TOSCALI;TURAN;TOLEDO;BAYRAM;SAIDOU;GUNES;BASDAG;TOPUZ;CANGELE;UNAL
Gaziantepspor vs. Galatasaray - Sunday November 4 - 2007,Galatasaray,easy,4-4-2,ERCETIN;BOUZID;CETIN;SONG;BALTA;YAMAN;LINCOLN;TURAN;SAS;NONDA;SUKUR
Gaziantepspor vs. Galatasaray - Sunday November 4 - 2007,Gaziantepspor,hard,4-5-1,CATKIC;COGUM;DEUMI;PENBE;DURMAZ;DAG;CEYLAN;ARSLAN;YILDIRIM;KILICASLAN;DE NIGRIS
Genclerbirligi vs. Denizlispor - Sunday November 4 - 2007,Denizlispor,hard,4-5-1,HAMIDOU;AKYILDIZ;ALLYSON;CARLOS ALBERTO;YIGIT;GULPINAR;DEMIR;ABRAHAM;KARAKOC;SIMSEK;GULEC
Genclerbirligi vs. Denizlispor - Sunday November 4 - 2007,Genclerbirligi,hard,4-5-1,TOKGOZ;DOGANTEZ;UZUMCU;AYDIN;GUVEN;SERAS;NAS;CARLE;BAYTAR;PROMISE;CAKIR
Rizespor vs. Manisaspor - Sunday November 4 - 2007,Manisaspor,hard,4-4-2,ATAMAN;BORBICONI;DVORNIK;KALABANE;OZTORUN;INAN;INCEMAN;ASKAROGLU;VAROL;HOLOSKO;AKAN
Rizespor vs. Manisaspor - Sunday November 4 - 2007,Rizespor,hard,4-5-1,GONZALEZ;DUYMUS;USTA;TEBER;KOK;EREN;TATAN;AKSOY;LEANDRO CHAVES;ANDERSON;BIRYOL
Sivasspor vs. Kasimpasa - Sunday November 4 - 2007,Kasimpasa,hard,5-4-1,SINOUH;ARSLAN;BERTHEL ASKOU;CABA;COULIBALY;AKYEL;AKINCI;FRANSERGIO;BAYAR;ANDRE MORITZ;TEHOUE
Sivasspor vs. Kasimpasa - Sunday November 4 - 2007,Sivasspor,hard,4-4-2,VARDAR;BAYRAK;SOZGELMEZ;YERLIKAYA;DERELI;AYHAN;UMMAK;MOHAMED ALI;AYDIN;BALILI;YILDIZ
Denizlispor vs. Trabzonspor - Friday November 9 - 2007,Denizlispor,hard,4-5-1,HAMIDOU;AKYILDIZ;ALLYSON;YIGIT;GULPINAR;EGEDIK;DEMIR;ABRAHAM;KARAKOC;SIMSEK;GULEC
Denizlispor vs. Trabzonspor - Friday November 9 - 2007,Trabzonspor,easy,4-2-3-1,SAHIN;CORA;SEYHAN;KECELI;JABI;BALCI;CIMSIR;ERIS;KARADENIZ;YATTARA;BULUT
Ankaragucu vs. Gaziantepspor - Saturday November 10 - 2007,Ankaragucu,hard,4-4-2,KIRINTILI;SUME;OZKAYNAK;CELIK;CAN;ANDRE SILVA;KIRITA;KARADUMAN;ERDOGAN;BEBBE;JABA
Ankaragucu vs. Gaziantepspor - Saturday November 10 - 2007,Gaziantepspor,hard,4-5-1,CATKIC;COGUM;DEUMI;PENBE;DURMAZ;DAG;CEYLAN;ARSLAN;YILDIRIM;KILICASLAN;DE NIGRIS
Ankaraspor vs. Buyuksehir Belediyespor - Saturday November 10 - 2007,Ankaraspor,hard,4-4-2,SENECKY;BATAK;ASIK;HAMILTON;KOCAK;HURMACI;KISA;TITA;TURKMEN;ATES;YILMAZ
Ankaraspor vs. Buyuksehir Belediyespor - Saturday November 10 - 2007,Buyuksehir Belediyespor,hard,4-5-1,HASAGIC;DEPE;KOCALOGLU;KORKMAZ;EKSIOGLU;TJIKUZU;ZENGIN;ORTEMAN;SAHIN;KILIC;ADRIANO
Besiktas vs. Sivasspor - Saturday November 10 - 2007,Besiktas,easy,4-1-4-1,RECBER;KAS;TORAMAN;UZULMEZ;TANDOGAN;CISSE;HIGUAIN;RICARDINHO;DELGADO;OZKAN;BOBO
Besiktas vs. Sivasspor - Saturday November 10 - 2007,Sivasspor,hard,4-4-2,VARDAR;BAYRAK;SOZGELMEZ;YERLIKAYA;DERELI;AYHAN;UMMAK;MOHAMED ALI;AYDIN;YILDIZ;BALILI
Kasimpasa vs. Genclerbirligi Oftasspor - Saturday November 10 - 2007,Genclerbirligi Oftasspor,hard,4-4-2,BILER;EKER;KACAR;SAM;ASLANTAS;TOZO;BEKMEZCI;ATAK;STERJOVSKI;SAHIN;ESEN
Kasimpasa vs. Genclerbirligi Oftasspor - Saturday November 10 - 2007,Kasimpasa,hard,4-4-2,SINOUH;BERTHEL ASKOU;CABA;COULIBALY;AKYEL;AKINCI;BARUT;BAYAR;ANDRE MORITZ;AKDOGAN;TEHOUE
Konyaspor vs. Rizespor - Saturday November 10 - 2007,Konyaspor,hard,4-5-1,BAHADIR;GUNDOSTU;OZSARAC;KAUE;SEKMAN;AGCAY;ER;OZGUR;NECA;HACIOGLU;SABIN
Konyaspor vs. Rizespor - Saturday November 10 - 2007,Rizespor,hard,4-4-2,AKTAS;BOZACI;GAL;USTA;VICTORIA;KOK;EREN;TATAN;LEANDRO CHAVES;AKSOY;BIRYOL
Manisaspor vs. Bursaspor - Saturday November 10 - 2007,Bursaspor,hard,4-4-2,ERAYDIN;ERDOGAN;GULDUREN;BARIS;JASON VANDELANNOITE;SARP;SUMULIKOSKI;ACAR;SEN;PANCU;TUM
Manisaspor vs. Bursaspor - Saturday November 10 - 2007,Manisaspor,hard,4-4-2,ATAMAN;BORBICONI;DVORNIK;KALABANE;OZTORUN;INAN;INCEMAN;ASKAROGLU;VAROL;HOLOSKO;AKAN
Galatasaray vs. Genclerbirligi - Sunday November 11 - 2007,Galatasaray,easy,4-2-3-1,USAK;CETIN;SONG;BALTA;UCAR;TOPAL;OZBEK;LINCOLN;TURAN;CALIK;NONDA
Galatasaray vs. Genclerbirligi - Sunday November 11 - 2007,Genclerbirligi,hard,4-2-3-1,TOKGOZ;DOGANTEZ;PETKOVIC;UZUMCU;GUVEN;SERAS;NAS;CARLE;BAYTAR;PROMISE;CAKIR
Kayserispor vs. Fenerbahce - Sunday November 11 - 2007,Fenerbahce,easy,4-2-3-1,DEMIREL;LUGANO;EDU DRACENA;BARIS;ROBERTO CARLOS;WEDERSON;GONUL;MEHMET AURELIO;APPIAH;SENTURK;DEIVID
Kayserispor vs. Fenerbahce - Sunday November 11 - 2007,Kayserispor,hard,4-4-2,IVANKOV;TOSCALI;TURAN;TOLEDO;BAYRAM;BASDAG;SAIDOU;TOPUZ;CEYLAN;UNAL;IGLESIAS
Buyuksehir Belediyespor vs. Denizlispor - Saturday November 24 - 2007,Buyuksehir Belediyespor,hard,4-5-1,HASAGIC;DEPE;KOCALOGLU;EKSIOGLU;SAHIN;ZENGIN;TJIKUZU;INANC;KILIC;KAHRAMAN;ADRIANO
Buyuksehir Belediyespor vs. Denizlispor - Saturday November 24 - 2007,Denizlispor,hard,4-5-1,HAMIDOU;AKYILDIZ;ALLYSON;YIGIT;DEMIR;EGEDIK;GULPINAR;ABRAHAM;KARAKOC;SIMSEK;GULEC
Fenerbahce vs. Ankaraspor - Saturday November 24 - 2007,Ankaraspor,hard,4-5-1,SENECKY;BATAK;ASIK;GUCER;HAMILTON;KOCAK;ALBAYRAK;HURMACI;KISA;TITA;ATES
Fenerbahce vs. Ankaraspor - Saturday November 24 - 2007,Fenerbahce,easy,4-1-4-1,DEMIREL;CAKMAK;EDU DRACENA;TURACI;ROBERTO CARLOS;WEDERSON;MEHMET AURELIO;METIN;ALEX;SENTURK;DEIVID
Genclerbirligi Oftasspor vs. Besiktas - Saturday November 24 - 2007,Besiktas,easy,4-2-3-1,RECBER;MERCIMEK;UZULMEZ;TANDOGAN;AVCI;CISSE;HIGUAIN;DELGADO;TELLO;OZKAN;BOBO
Genclerbirligi Oftasspor vs. Besiktas - Saturday November 24 - 2007,Genclerbirligi Oftasspor,hard,4-4-2,BILER;EKER;KACAR;SAM;ASLANTAS;TOZO;BEKMEZCI;ATAK;STERJOVSKI;MENDONCA;SAHIN
Ankaragucu vs. Manisaspor - Sunday November 25 - 2007,Ankaragucu,hard,4-4-2,KIRINTILI;GUNGOR;SUME;OZKAYNAK;CELIK;CAN;KIRITA;KARADUMAN;ERDOGAN;BEBBE;JABA
Ankaragucu vs. Manisaspor - Sunday November 25 - 2007,Manisaspor,hard,4-4-2,ATAMAN;BOZKURT;BORBICONI;KALABANE;OZTORUN;INAN;INCEMAN;ASKAROGLU;VAROL;HOLOSKO;AKAN
Bursaspor vs. Konyaspor - Sunday November 25 - 2007,Bursaspor,hard,4-4-2,ERAYDIN;ERDOGAN;GULDUREN;KORKMAZ;BARIS;SARP;SUMULIKOSKI;ACAR;SEN;PANCU;TUM
Bursaspor vs. Konyaspor - Sunday November 25 - 2007,Konyaspor,hard,4-5-1,BAHADIR;GUNDOSTU;OZSARAC;KAUE;SEKMAN;BATISTA;AGCAY;ER;OZGUR;NECA;SABIN
Gaziantepspor vs. Genclerbirligi - Sunday November 25 - 2007,Gaziantepspor,hard,4-5-1,CATKIC;DEUMI;POLAT;PENBE;DURMAZ;DAG;ZURITA;YILDIRIM;BAYRAKTAR;YILDIRIM;DE NIGRIS
Gaziantepspor vs. Genclerbirligi - Sunday November 25 - 2007,Genclerbirligi,hard,4-4-2,TOKGOZ;DOGANTEZ;UZUMCU;AYDIN;GUVEN;SERAS;NAS;ESER;PROMISE;OZTURK;CAKIR
Rizespor vs. Kasimpasa - Sunday November 25 - 2007,Kasimpasa,hard,4-4-2,SINOUH;ARSLAN;COULIBALY;KARTAL;AKYEL;OCAL;HACISALIHOGLU;BARUT;FRANSERGIO;CISSE;KUCUK
Rizespor vs. Kasimpasa - Sunday November 25 - 2007,Rizespor,hard,4-5-1,GONZALEZ;BOZACI;DUYMUS;USTA;VICTORIA;TEBER;KOK;EREN;TATAN;LEANDRO CHAVES;BOMBINHA
Sivasspor vs. Kayserispor - Sunday November 25 - 2007,Kayserispor,hard,4-5-1,IVANKOV;TOSCALI;TURAN;OKYAY;BAYRAM;SAIDOU;BASDAG;TOPUZ;CEYLAN;BOYRAZ;UNAL
Sivasspor vs. Kayserispor - Sunday November 25 - 2007,Sivasspor,hard,4-5-1,VARDAR;SOZGELMEZ;BAYRAK;YERLIKAYA;DERELI;SYLLA;AYHAN;UMMAK;MOHAMED ALI;AYDIN;YILDIZ
Trabzonspor vs. Galatasaray - Sunday November 25 - 2007,Galatasaray,easy,4-2-3-1,USAK;CETIN;SONG;BALTA;UCAR;TOPAL;OZBEK;LINCOLN;TURAN;SAS;CALIK
Trabzonspor vs. Galatasaray - Sunday November 25 - 2007,Trabzonspor,easy,4-2-3-1,SAHIN;ATAN;CORA;SEYHAN;BALCI;ABDELAZIZ;CIMSIR;ERIS;KARADENIZ;YATTARA;BULUT
Genclerbirligi vs. Trabzonspor - Friday November 30 - 2007,Genclerbirligi,hard,4-4-2,TOKGOZ;DOGANTEZ;UZUMCU;AYDIN;GUVEN;SERAS;NAS;ESER;PROMISE;CAKIR;KAHE
Genclerbirligi vs. Trabzonspor - Friday November 30 - 2007,Trabzonspor,easy,4-5-1,SAHIN;CORA;SEYHAN;KECELI;BALCI;JABI;CIMSIR;ABDELAZIZ;KARADENIZ;YATTARA;BULUT
Denizlispor vs. Fenerbahce - Saturday December 1 - 2007,Denizlispor,hard,4-5-1,HAMIDOU;AKYILDIZ;ALLYSON;JULIO CESAR;YIGIT;GULPINAR;EGEDIK;DEMIR;KARAKOC;SIMSEK;GULEC
Denizlispor vs. Fenerbahce - Saturday December 1 - 2007,Fenerbahce,easy,4-2-3-1,DEMIREL;CAKMAK;EDU DRACENA;ROBERTO CARLOS;GONUL;MEHMET AURELIO;SAHIN;BILGIN;BORAL;DEIVID;SENTURK
Kasimpasa vs. Bursaspor - Saturday December 1 - 2007,Bursaspor,hard,4-4-2,ERAYDIN;ERDOGAN;GULDUREN;KORKMAZ;BARIS;HASPOLATLI;SUMULIKOSKI;ACAR;SEN;YILDIRIM;PANCU
Kasimpasa vs. Bursaspor - Saturday December 1 - 2007,Kasimpasa,hard,4-4-2,OZGEN;BERTHEL ASKOU;COULIBALY;KARTAL;AKYEL;OCAL;BARUT;FRANSERGIO;BAYAR;CISSE;TEHOUE
Konyaspor vs. Ankaragucu - Saturday December 1 - 2007,Ankaragucu,hard,4-4-2,KIRINTILI;GUNGOR;SUME;OZKAYNAK;CELIK;CAN;KIRITA;KARADUMAN;ERDOGAN;BEBBE;JABA
Konyaspor vs. Ankaragucu - Saturday December 1 - 2007,Konyaspor,hard,4-4-2,BAHADIR;GUNDOSTU;OZSARAC;KAUE;SEKMAN;BATISTA;ER;OZGUR;NECA;CIHAN;WASHINGTON
Ankaraspor vs. Sivasspor - Sunday December 2 - 2007,Ankaraspor,hard,4-5-1,SENECKY;BATAK;GUCER;HAMILTON;KOCAK;ALBAYRAK;HURMACI;TITA;ATES;TURKMEN;YILMAZ
Ankaraspor vs. Sivasspor - Sunday December 2 - 2007,Sivasspor,hard,4-4-2,VARDAR;BAYRAK;SOZGELMEZ;YERLIKAYA;DERELI;SYLLA;AYHAN;MOHAMED ALI;AYDIN;BALILI;YILDIZ
Besiktas vs. Rizespor - Sunday December 2 - 2007,Besiktas,easy,4-4-2,RECBER;MERCIMEK;TORAMAN;SEDEF;UZULMEZ;TANDOGAN;AVCI;DELGADO;OZKAN;BOBO;NOBRE
Besiktas vs. Rizespor - Sunday December 2 - 2007,Rizespor,hard,4-5-1,GONZALEZ;AKYUZ;BOZACI;DUYMUS;USTA;VICTORIA;TEBER;KOK;EREN;LEANDRO CHAVES;BIRYOL
Galatasaray vs. Buyuksehir Belediyespor - Sunday December 2 - 2007,Buyuksehir Belediyespor,hard,4-2-3-1,HASAGIC;KOCALOGLU;MARCUS VINICIUS;EKSIOGLU;ZENGIN;INANC;ALPUGAN;KILIC;KAHRAMAN;ADRIANO;ESER
Galatasaray vs. Buyuksehir Belediyespor - Sunday December 2 - 2007,Galatasaray,easy,4-1-4-1,USAK;CETIN;SONG;BALTA;UCAR;TOPAL;LINCOLN;TURAN;CALIK;SAS;SUKUR
Kayserispor vs. Genclerbirligi Oftasspor - Sunday December 2 - 2007,Genclerbirligi Oftasspor,hard,4-4-2,BILER;EKER;KALKAN;ASLANTAS;SAM;TOZO;BEKMEZCI;ATAK;STERJOVSKI;MENDONCA;SAHIN
Kayserispor vs. Genclerbirligi Oftasspor - Sunday December 2 - 2007,Kayserispor,hard,4-4-2,IVANKOV;TOSCALI;TURAN;TOLEDO;BAYRAM;SAIDOU;ARSLAN;TOPUZ;BOYRAZ;CANGELE;UNAL
Manisaspor vs. Gaziantepspor - Sunday December 2 - 2007,Gaziantepspor,hard,4-4-2,CATKIC;DEUMI;POLAT;PENBE;DURMAZ;CEYLAN;ZURITA;YILDIRIM;YILDIRIM;BEGECARSLAN;DE NIGRIS
Manisaspor vs. Gaziantepspor - Sunday December 2 - 2007,Manisaspor,hard,4-4-2,ATAMAN;BOZKURT;BORBICONI;KALABANE;OZTORUN;INAN;INCEMAN;ASKAROGLU;HOLOSKO;AKAN;MARQUES
Bursaspor vs. Besiktas - Friday December 7 - 2007,Besiktas,easy,4-3-3,RECBER;MERCIMEK;TORAMAN;UZULMEZ;TANDOGAN;CISSE;DELGADO;HIGUAIN;TELLO;OZKAN;BOBO
Bursaspor vs. Besiktas - Friday December 7 - 2007,Bursaspor,hard,4-4-2,ERAYDIN;ERDOGAN;GULDUREN;KORKMAZ;BARIS;SUMULIKOSKI;SARP;ACAR;SEN;PANCU;TUM
Ankaragucu vs. Kasimpasa - Saturday December 8 - 2007,Ankaragucu,hard,4-4-2,KIRINTILI;GUNGOR;SUME;OZKAYNAK;CELIK;CAN;KIRITA;KARADUMAN;ERDOGAN;BEBBE;JABA
Ankaragucu vs. Kasimpasa - Saturday December 8 - 2007,Kasimpasa,hard,4-4-2,OZGEN;BERTHEL ASKOU;CABA;ACIL;HACISALIHOGLU;OCAL;KURTULUS;BAYAR;SARI;TEHOUE;KUCUK
Fenerbahce vs. Galatasaray - Saturday December 8 - 2007,Fenerbahce,easy,4-5-1,DEMIREL;LUGANO;EDU DRACENA;ROBERTO CARLOS;GONUL;SAHIN;MEHMET AURELIO;BORAL;ALEX;DEIVID;SENTURK
Fenerbahce vs. Galatasaray - Saturday December 8 - 2007,Galatasaray,easy,4-4-2,USAK;CETIN;SONG;BALTA;YAMAN;UCAR;SARIOGLU;OZBEK;TURAN;CALIK;NONDA
Rizespor vs. Kayserispor - Saturday December 8 - 2007,Kayserispor,hard,4-4-2,IVANKOV;AVENDANO;TOSCALI;TURAN;OKYAY;TOLEDO;BASDAG;SAIDOU;TOPUZ;BAHADIR;UNAL
Rizespor vs. Kayserispor - Saturday December 8 - 2007,Rizespor,hard,4-5-1,GONZALEZ;AKYUZ;BOZACI;DUYMUS;USTA;VICTORIA;KOK;EREN;TATAN;LEANDRO CHAVES;BIRYOL
Buyuksehir Belediyespor vs. Genclerbirligi - Sunday December 9 - 2007,Buyuksehir Belediyespor,hard,4-5-1,GUNGOR;KOCALOGLU;MARCUS VINICIUS;KAPLAN;SAHIN;INANC;KILIC;KAHRAMAN;ISIKAL;ADRIANO;ESER
Buyuksehir Belediyespor vs. Genclerbirligi - Sunday December 9 - 2007,Genclerbirligi,hard,4-4-2,TOKGOZ;DOGANTEZ;UZUMCU;AYDIN;GUVEN;SERAS;NAS;PROMISE;ESER;CAKIR;KAHE
Genclerbirligi Oftasspor vs. Ankaraspor - Sunday December 9 - 2007,Ankaraspor,hard,4-4-2,SENECKY;BATAK;AKYUZ;GUCER;KOCAK;ALBAYRAK;HURMACI;TITA;YILMAZ;ATES;TURKMEN
Genclerbirligi Oftasspor vs. Ankaraspor - Sunday December 9 - 2007,Genclerbirligi Oftasspor,hard,4-4-2,BILER;EKER;KACAR;ASLANTAS;SAM;TOZO;BEKMEZCI;ATAK;STERJOVSKI;MENDONCA;SAHIN
Konyaspor vs. Manisaspor - Sunday December 9 - 2007,Konyaspor,hard,4-4-2,BAHADIR;GUNDOSTU;OZSARAC;KAUE;SEKMAN;BATISTA;ER;NECA;OZGUR;HACIOGLU;CIHAN
Konyaspor vs. Manisaspor - Sunday December 9 - 2007,Manisaspor,hard,4-4-2,ATAMAN;BOZKURT;BORBICONI;KALABANE;OZTORUN;CALISKAN;INCEMAN;ASKAROGLU;HOLOSKO;AKAN;MARQUES
Sivasspor vs. Denizlispor - Sunday December 9 - 2007,Denizlispor,hard,4-5-1,HAMIDOU;AKYILDIZ;ALLYSON;YIGIT;GULPINAR;EGEDIK;ABRAHAM;KUS;KARAKOC;SIMSEK;GULEC
Sivasspor vs. Denizlispor - Sunday December 9 - 2007,Sivasspor,hard,4-4-2,VARDAR;SOZGELMEZ;BAYRAK;YERLIKAYA;DERELI;SYLLA;AYHAN;MOHAMED ALI;AYDIN;TSVETKOV;YILDIZ
Trabzonspor vs. Gaziantepspor - Sunday December 9 - 2007,Gaziantepspor,hard,4-5-1,CATKIC;COGUM;DEUMI;POLAT;PENBE;DAG;CEYLAN;ZURITA;YILDIRIM;YILDIRIM;DE NIGRIS
Trabzonspor vs. Gaziantepspor - Sunday December 9 - 2007,Trabzonspor,easy,4-2-3-1,SAHIN;ATAN;SEYHAN;KECELI;JABI;BALCI;CIMSIR;ERIS;KARADENIZ;YATTARA;BULUT
Galatasaray vs. Sivasspor - Friday December 14 - 2007,Galatasaray,easy,4-4-2,USAK;BOUZID;CETIN;BALTA;UCAR;SARIOGLU;TOPAL;OZBEK;TURAN;SUKUR;NONDA
Galatasaray vs. Sivasspor - Friday December 14 - 2007,Sivasspor,hard,4-4-2,VARDAR;BAYRAK;SOZGELMEZ;YERLIKAYA;DERELI;AYHAN;UMMAK;MOHAMED ALI;AYDIN;YILDIZ;BALILI
Ankaraspor vs. Rizespor - Saturday December 15 - 2007,Ankaraspor,hard,4-4-2,SENECKY;ASIK;AKYUZ;GUCER;KOCAK;ALBAYRAK;HURMACI;TITA;TURKMEN;ATES;YILMAZ
Ankaraspor vs. Rizespor - Saturday December 15 - 2007,Rizespor,hard,4-5-1,GONZALEZ;BOZACI;DUYMUS;AKYUZ;USTA;VICTORIA;KOK;EREN;TATAN;LEANDRO CHAVES;BOMBINHA
Gaziantepspor vs. Konyaspor - Saturday December 15 - 2007,Gaziantepspor,hard,4-5-1,CATKIC;DEUMI;IRTEGUN;COGUM;PENBE;DAG;CEYLAN;YILDIRIM;KILICASLAN;YILDIRIM;DE NIGRIS
Gaziantepspor vs. Konyaspor - Saturday December 15 - 2007,Konyaspor,hard,4-5-1,BAHADIR;OZSARAC;GUNDOSTU;KAUE;SEKMAN;AGCAY;CAKIR;ER;OZGUR;HACIOGLU;CIHAN
Trabzonspor vs. Buyuksehir Belediyespor - Saturday December 15 - 2007,Buyuksehir Belediyespor,hard,4-5-1,HASAGIC;KOCALOGLU;MARCUS VINICIUS;EKSIOGLU;TJIKUZU;ZENGIN;SAHIN;INANC;KILIC;ADRIANO;ESER
Trabzonspor vs. Buyuksehir Belediyespor - Saturday December 15 - 2007,Trabzonspor,easy,4-2-3-1,JEFFERSON;ATAN;YAVUZ;KECELI;BALCI;ABDELAZIZ;CIMSIR;ERIS;KARADENIZ;YATTARA;BULUT
Besiktas vs. Ankaragucu - Sunday December 16 - 2007,Ankaragucu,hard,4-4-2,KIRINTILI;SUME;OZKAYNAK;CAN;ANDRE SILVA;KIRITA;ERDOGAN;EGE;DURUER;BEBBE;JABA
Besiktas vs. Ankaragucu - Sunday December 16 - 2007,Besiktas,easy,4-4-2,ARIKAN;KAS;TORAMAN;UZULMEZ;KURTULUS;CISSE;DELGADO;OZKAN;TELLO;NOBRE;BOBO
Denizlispor vs. Genclerbirligi Oftasspor - Sunday December 16 - 2007,Denizlispor,hard,4-5-1,HAMIDOU;AKYILDIZ;KRATOCHVIL;CELEP;VURAL;YIGIT;ABRAHAM;DEMIR;KARAKOC;SIMSEK;KINALI
Denizlispor vs. Genclerbirligi Oftasspor - Sunday December 16 - 2007,Genclerbirligi Oftasspor,hard,4-4-2,BILER;KACAR;KALKAN;ASLANTAS;SAM;BEKMEZCI;TOZO;ATAK;STERJOVSKI;MENDONCA;SAHIN
Genclerbirligi vs. Fenerbahce - Sunday December 16 - 2007,Fenerbahce,easy,4-2-3-1,DEMIREL;LUGANO;EDU DRACENA;ROBERTO CARLOS;GONUL;MEHMET AURELIO;SAHIN;BORAL;ALEX;KAZIM-RICHARDS;SENTURK
Genclerbirligi vs. Fenerbahce - Sunday December 16 - 2007,Genclerbirligi,hard,4-4-2,TOKGOZ;DOGANTEZ;UZUMCU;AYDIN;GUVEN;SERAS;NAS;PROMISE;ESER;KAHE;CAKIR
Kasimpasa vs. Manisaspor - Sunday December 16 - 2007,Kasimpasa,hard,4-4-2,SINOUH;BERTHEL ASKOU;ACIL;CABA;OCAL;HACISALIHOGLU;KURTULUS;BAYAR;SARI;KUCUK;TEHOUE
Kasimpasa vs. Manisaspor - Sunday December 16 - 2007,Manisaspor,hard,4-4-2,ATAMAN;BOZKURT;BORBICONI;KALABANE;OZTORUN;INAN;INCEMAN;ASKAROGLU;HOLOSKO;AKAN;MARQUES
Kayserispor vs. Bursaspor - Sunday December 16 - 2007,Bursaspor,hard,4-4-2,ERAYDIN;ERDOGAN;GULDUREN;BARIS;JASON VANDELANNOITE;HASPOLATLI;SARP;SUMULIKOSKI;SEN;YILDIRIM;PANCU
Kayserispor vs. Bursaspor - Sunday December 16 - 2007,Kayserispor,hard,4-4-2,IVANKOV;TOSCALI;TURAN;COLGECEN;TOLEDO;BASDAG;SAIDOU;TOPUZ;BOYRAZ;CANGELE;UNAL
Manisaspor vs. Besiktas - Friday December 21 - 2007,Besiktas,easy,4-4-2,ARIKAN;KAS;TORAMAN;UZULMEZ;TANDOGAN;CISSE;DELGADO;TELLO;OZKAN;BOBO;NOBRE
Manisaspor vs. Besiktas - Friday December 21 - 2007,Manisaspor,hard,4-4-2,CEYLAN;BOZKURT;BORBICONI;KALABANE;OZTORUN;INAN;INCEMAN;ASKAROGLU;HOLOSKO;AKAN;MARQUES
Ankaragucu vs. Kayserispor - Saturday December 22 - 2007,Ankaragucu,hard,4-4-2,KIRINTILI;SUME;OZKAYNAK;CAN;ANDRE SILVA;KIRITA;ERDOGAN;EGE;DURUER;BEBBE;JABA
Ankaragucu vs. Kayserispor - Saturday December 22 - 2007,Kayserispor,hard,4-5-1,IVANKOV;COLGECEN;TOSCALI;TURAN;TOLEDO;OKYAY;SAIDOU;BASDAG;TOPUZ;BOYRAZ;BAHADIR
Fenerbahce vs. Trabzonspor - Saturday December 22 - 2007,Fenerbahce,easy,4-5-1,DEMIREL;CAKMAK;TURACI;ROBERTO CARLOS;GONUL;MEHMET AURELIO;SAHIN;BORAL;ALEX;DEIVID;SENTURK
Fenerbahce vs. Trabzonspor - Saturday December 22 - 2007,Trabzonspor,easy,4-5-1,SAHIN;ATAN;YAVUZ;KECELI;BALCI;ABDELAZIZ;CIMSIR;ERIS;KARADENIZ;YATTARA;BULUT
Konyaspor vs. Kasimpasa - Saturday December 22 - 2007,Kasimpasa,hard,4-5-1,SINOUH;BERTHEL ASKOU;CABA;ACIL;KARTAL;HACISALIHOGLU;OCAL;FRANSERGIO;KURTULUS;KUCUK;AKDOGAN
Konyaspor vs. Kasimpasa - Saturday December 22 - 2007,Konyaspor,hard,4-4-2,BAHADIR;GUNDOSTU;OZSARAC;KAUE;SEKMAN;AGCAY;ER;NECA;OZGUR;HACIOGLU;CIHAN
Bursaspor vs. Ankaraspor - Sunday December 23 - 2007,Ankaraspor,hard,4-5-1,SENECKY;ASIK;AKYUZ;GUCER;KOCAK;ALBAYRAK;KISA;TITA;TOSUN;ATES;TURKMEN
Bursaspor vs. Ankaraspor - Sunday December 23 - 2007,Bursaspor,hard,4-5-1,VEGA;ERDOGAN;KORKMAZ;OZTURK;BARIS;SUMULIKOSKI;SARP;HASPOLATLI;ACAR;SEN;YILDIRIM
Buyuksehir Belediyespor vs. Gaziantepspor - Sunday December 23 - 2007,Buyuksehir Belediyespor,hard,4-5-1,HASAGIC;KOCALOGLU;MARCUS VINICIUS;EKSIOGLU;SAHIN;TJIKUZU;INANC;KILIC;KAHRAMAN;ESER;ADRIANO
Buyuksehir Belediyespor vs. Gaziantepspor - Sunday December 23 - 2007,Gaziantepspor,hard,4-5-1,CATKIC;COGUM;DEUMI;IRTEGUN;DAG;CEYLAN;YILDIRIM;ZURITA;KILICASLAN;TUGLU;DE NIGRIS
Genclerbirligi Oftasspor vs. Galatasaray - Sunday December 23 - 2007,Galatasaray,easy,4-4-2,USAK;CETIN;SONG;BALTA;UCAR;SARIOGLU;TOPAL;OZBEK;TURAN;NONDA;SUKUR
Genclerbirligi Oftasspor vs. Galatasaray - Sunday December 23 - 2007,Genclerbirligi Oftasspor,hard,4-5-1,BILER;EKER;KACAR;KALKAN;ASLANTAS;SAM;COSKUN;TOZO;ATAK;KOCABEY;SAHIN
Rizespor vs. Denizlispor - Sunday December 23 - 2007,Denizlispor,hard,4-5-1,HAMIDOU;AKYILDIZ;BIRINCI;KRATOCHVIL;CELEP;YIGIT;EGEDIK;DEMIR;ABRAHAM;MEMISLER;SIMSEK
Rizespor vs. Denizlispor - Sunday December 23 - 2007,Rizespor,hard,4-5-1,GONZALEZ;AKYUZ;BOZACI;DUYMUS;USTA;TEBER;EREN;KOK;TATAN;LEANDRO CHAVES;BOMBINHA
Sivasspor vs. Genclerbirligi - Sunday December 23 - 2007,Genclerbirligi,hard,4-4-2,TOKGOZ;DOGANTEZ;UZUMCU;AYDIN;GUVEN;SERAS;NAS;PROMISE;ESER;CAKIR;KAHE
Sivasspor vs. Genclerbirligi - Sunday December 23 - 2007,Sivasspor,hard,4-4-2,VARDAR;DIALLO;SOZGELMEZ;YERLIKAYA;SYLLA;AYHAN;UMMAK;MOHAMED ALI;AYDIN;TSVETKOV;YILDIZ
Genclerbirligi Oftasspor vs. Genclerbirligi - Saturday January 12 - 2008,Genclerbirligi,hard,4-4-2,OZTURK;EL SAKA;TRAORE;TEBER;GUVEN;SERAS;NAS;ESER;CAKIR;OZTURK;KAHE
Genclerbirligi Oftasspor vs. Genclerbirligi - Saturday January 12 - 2008,Genclerbirligi Oftasspor,hard,4-5-1,BILER;EKER;KACAR;KALKAN;ASLANTAS;SAM;COSKUN;TOZO;ATAK;KOCABEY;MENDONCA
Kasimpasa vs. Gaziantepspor - Saturday January 12 - 2008,Gaziantepspor,hard,4-5-1,DAGLAROGLU;COGUM;DEUMI;IRTEGUN;POLAT;DAG;ZURITA;CEYLAN;KILICASLAN;BAYRAKTAR;TUGLU
Kasimpasa vs. Gaziantepspor - Saturday January 12 - 2008,Kasimpasa,hard,4-5-1,SINOUH;BERTHEL ASKOU;ACIL;AKYEL;AKINCI;OCAL;BARUT;KURTULUS;BAYAR;KUCUK;TEHOUE
Konyaspor vs. Besiktas - Saturday January 12 - 2008,Besiktas,easy,4-4-2,RECBER;KAS;MERCIMEK;TORAMAN;UZULMEZ;TANDOGAN;CISSE;DELGADO;TELLO;HOLOSKO;BOBO
Konyaspor vs. Besiktas - Saturday January 12 - 2008,Konyaspor,hard,4-5-1,BAHADIR;GUNDOSTU;OZSARAC;KAUE;ZE GOMES;AGCAY;BATISTA;ER;OZGUR;HACIOGLU;CIHAN
Rizespor vs. Galatasaray - Saturday January 12 - 2008,Galatasaray,easy,4-4-2,USAK;BOUZID;CETIN;BALTA;YAMAN;UCAR;TOPAL;OZBEK;TURAN;NONDA;SUKUR
Rizespor vs. Galatasaray - Saturday January 12 - 2008,Rizespor,hard,4-5-1,GONZALEZ;BOZACI;DUYMUS;AKYUZ;USTA;EREN;KOK;TATAN;AKSOY;LEANDRO CHAVES;BOMBINHA
Ankaragucu vs. Ankaraspor - Sunday January 13 - 2008,Ankaragucu,hard,4-4-2,KIRINTILI;SUME;OZKAYNAK;CAN;ANDRE SILVA;KIRITA;ERDOGAN;EGE;EMRECIKSIN;BEBBE;JABA
Ankaragucu vs. Ankaraspor - Sunday January 13 - 2008,Ankaraspor,hard,4-5-1,SENECKY;BAHTIYAROGLU;ASIK;AKYUZ;GUCER;KOCAK;ALBAYRAK;KISA;TITA;TOSUN;YILMAZ
Bursaspor vs. Denizlispor - Sunday January 13 - 2008,Bursaspor,hard,4-5-1,VEGA;ERDOGAN;GULDUREN;KORKMAZ;BARIS;KURTULUS;SARP;HAS;ACAR;SEN;YAGMUR
Bursaspor vs. Denizlispor - Sunday January 13 - 2008,Denizlispor,hard,4-5-1,KUCUK;AKYILDIZ;KRATOCHVIL;GULPINAR;YIGEN;DEMIR;ABRAHAM;ERTUGRUL;KARAKOC;SIMSEK;KOTCHONI
Fenerbahce vs. Buyuksehir Belediyespor - Sunday January 13 - 2008,Buyuksehir Belediyespor,hard,4-5-1,HASAGIC;KOCALOGLU;MARCUS VINICIUS;OCAK;TJIKUZU;ZENGIN;INANC;KILIC;KAHRAMAN;ESER;KABA
Fenerbahce vs. Buyuksehir Belediyespor - Sunday January 13 - 2008,Fenerbahce,easy,4-4-2,DEMIREL;LUGANO;EDU DRACENA;ROBERTO CARLOS;GONUL;MEHMET AURELIO;BILGIN;ASLAN;BORAL;DEIVID;SENTURK
Manisaspor vs. Kayserispor - Sunday January 13 - 2008,Kayserispor,hard,4-4-2,IVANKOV;COLGECEN;TOSCALI;TURAN;TOLEDO;SAIDOU;BASDAG;TOPUZ;BOYRAZ;CANGELE;UNAL
Manisaspor vs. Kayserispor - Sunday January 13 - 2008,Manisaspor,hard,4-5-1,CEYLAN;BOZKURT;ALLYSON;BORBICONI;OZTORUN;CALISKAN;INAN;ASKAROGLU;AKAN;MARQUES;YILMAZ
Sivasspor vs. Trabzonspor - Sunday January 13 - 2008,Sivasspor,hard,4-4-2,VARDAR;SAIDI;SOZGELMEZ;YERLIKAYA;DERELI;BADUR;UMMAK;MOHAMED ALI;AYDIN;TSVETKOV;YILDIZ
Sivasspor vs. Trabzonspor - Sunday January 13 - 2008,Trabzonspor,easy,4-2-3-1,ZENGIN;ATAN;CORA;YAVUZ;KECELI;COKMUS;ABDELAZIZ;MEMIS;KARADENIZ;YATTARA;BULUT
Besiktas vs. Kasimpasa - Saturday January 19 - 2008,Besiktas,easy,4-4-2,RECBER;KAS;TORAMAN;UZULMEZ;CISSE;DELGADO;TELLO;OZKAN;HOLOSKO;BOBO;NOBRE
Besiktas vs. Kasimpasa - Saturday January 19 - 2008,Kasimpasa,hard,4-5-1,SINOUH;BERTHEL ASKOU;ACIL;AKYEL;AKINCI;OCAL;BARUT;KURTULUS;AKIN;BAYAR;KUCUK
Buyuksehir Belediyespor vs. Sivasspor - Saturday January 19 - 2008,Buyuksehir Belediyespor,hard,4-4-2,GUNGOR;KOCALOGLU;MARCUS VINICIUS;EKSIOGLU;TJIKUZU;ZENGIN;KILIC;KAHRAMAN;AKIN;ESER;KABA
Buyuksehir Belediyespor vs. Sivasspor - Saturday January 19 - 2008,Sivasspor,hard,4-4-2,VARDAR;SOZGELMEZ;SAIDI;DERELI;AYHAN;BADUR;UMMAK;MOHAMED ALI;AYDIN;TSVETKOV;YILDIZ
Trabzonspor vs. Genclerbirligi Oftasspor - Saturday January 19 - 2008,Genclerbirligi Oftasspor,hard,4-4-2,BILER;EKER;KACAR;KALKAN;SAM;COSKUN;TOZO;ATAK;STERJOVSKI;MENDONCA;SAHIN
Trabzonspor vs. Genclerbirligi Oftasspor - Saturday January 19 - 2008,Trabzonspor,easy,4-4-2,SAHIN;CORA;KECELI;COKMUS;BALCI;CIMSIR;ABDELAZIZ;MEMIS;KARADENIZ;YATTARA;BULUT
Ankaraspor vs. Manisaspor - Sunday January 20 - 2008,Ankaraspor,hard,4-4-2,SENECKY;ASIK;RISP;AYDIN;AKYUZ;GUCER;KISA;TITA;TOSUN;YILMAZ;DE NIGRIS
Ankaraspor vs. Manisaspor - Sunday January 20 - 2008,Manisaspor,hard,3-5-2,CEYLAN;BOZKURT;ALLYSON;BORBICONI;OZTORUN;CALISKAN;INAN;INCEMAN;AKAN;YILMAZ;MARQUES
Denizlispor vs. Ankaragucu - Sunday January 20 - 2008,Ankaragucu,hard,4-4-2,KIRINTILI;SUME;OZKAYNAK;CAN;ANDRE SILVA;KIRITA;ERDOGAN;EGE;EMRECIKSIN;BEBBE;JABA
Denizlispor vs. Ankaragucu - Sunday January 20 - 2008,Denizlispor,hard,4-4-2,KUCUK;KRATOCHVIL;VURAL;CARLOS ALBERTO;DEMIR;YIGEN;ABRAHAM;ERTUGRUL;KUS;GULEC;KOTCHONI
Galatasaray vs. Bursaspor - Sunday January 20 - 2008,Bursaspor,hard,4-5-1,VEGA;ERDOGAN;GULDUREN;KORKMAZ;BARIS;KURTULUS;SARP;HAS;ACAR;SEN;TUM
Galatasaray vs. Bursaspor - Sunday January 20 - 2008,Galatasaray,easy,4-4-2,USAK;CETIN;GUNGOR;BALTA;YAMAN;UCAR;TOPAL;OZBEK;TURAN;NONDA;SUKUR
Gaziantepspor vs. Fenerbahce - Sunday January 20 - 2008,Fenerbahce,easy,4-2-3-1,DEMIREL;LUGANO;EDU DRACENA;ROBERTO CARLOS;GONUL;SAHIN;ASLAN;BORAL;ALEX;DEIVID;SENTURK
Gaziantepspor vs. Fenerbahce - Sunday January 20 - 2008,Gaziantepspor,hard,4-5-1,DAGLAROGLU;COGUM;DEUMI;IRTEGUN;POLAT;DAG;YILDIRIM;CEYLAN;KILICASLAN;TUGLU;BEGECARSLAN
Genclerbirligi vs. Rizespor - Sunday January 20 - 2008,Genclerbirligi,hard,4-4-2,OZTURK;EL SAKA;UZUMCU;TEBER;GUVEN;SERAS;BAYTAR;ESER;CAKIR;KAHE;OZTURK
Genclerbirligi vs. Rizespor - Sunday January 20 - 2008,Rizespor,hard,4-5-1,GONZALEZ;BOZACI;KARAER;USTA;AKYUZ;DUYMUS;KOK;EREN;TATAN;LEANDRO CHAVES;BOMBINHA
Kayserispor vs. Konyaspor - Sunday January 20 - 2008,Kayserispor,hard,4-4-2,SONMEZ;AVENDANO;COLGECEN;TOLEDO;BAYRAM;SAIDOU;BASDAG;TOPUZ;BOYRAZ;CANGELE;UNAL
Kayserispor vs. Konyaspor - Sunday January 20 - 2008,Konyaspor,hard,4-5-1,KAHRIMAN;GUNDOSTU;KAUE;SEKMAN;ZE GOMES;AGCAY;ER;OZGUR;NECA;HACIOGLU;SABIN
Besiktas vs. Gaziantepspor - Saturday January 26 - 2008,Besiktas,easy,4-4-2,RECBER;MERCIMEK;TORAMAN;UZULMEZ;TANDOGAN;CISSE;DELGADO;TELLO;HOLOSKO;BOBO;NOBRE
Besiktas vs. Gaziantepspor - Saturday January 26 - 2008,Gaziantepspor,hard,4-5-1,SAHIN;COGUM;DEUMI;IRTEGUN;PENBE;DAG;YILDIRIM;CEYLAN;ZURITA;ARSLAN;OZCAN
Genclerbirligi Oftasspor vs. Buyuksehir Belediyespor - Saturday January 26 - 2008,Buyuksehir Belediyespor,hard,4-4-2,HASAGIC;EKSIOGLU;KAPLAN;OCAK;SAHIN;ZENGIN;TEKDEMIR;INANC;KAHRAMAN;ADRIANO;ESER
Genclerbirligi Oftasspor vs. Buyuksehir Belediyespor - Saturday January 26 - 2008,Genclerbirligi Oftasspor,hard,4-4-2,BILER;EKER;KACAR;KALKAN;ASLANTAS;SAM;COSKUN;TOZO;ATAK;MENDONCA;SAHIN
Ankaragucu vs. Galatasaray - Sunday January 27 - 2008,Ankaragucu,hard,4-4-2,KIRINTILI;DOGANTEZ;PAULAUSKAS;OZKAYNAK;ANDRE SILVA;KIRITA;EGE;DURUER;EMRECIKSIN;BEBBE;JABA
Ankaragucu vs. Galatasaray - Sunday January 27 - 2008,Galatasaray,easy,4-4-2,USAK;CETIN;GUNGOR;YAMAN;UCAR;TOPAL;GUVEN;TURAN;CALIK;SUKUR;KARAN
Kasimpasa vs. Kayserispor - Sunday January 27 - 2008,Kasimpasa,hard,4-5-1,SINOUH;BERTHEL ASKOU;ACIL;KARTAL;AKINCI;AKYEL;HACISALIHOGLU;BARUT;AKIN;BAYAR;KUCUK
Kasimpasa vs. Kayserispor - Sunday January 27 - 2008,Kayserispor,hard,4-4-2,SONMEZ;COLGECEN;TOSCALI;TURAN;OKYAY;SAIDOU;BASDAG;TOPUZ;BOYRAZ;CANGELE;IGLESIAS
Konyaspor vs. Ankaraspor - Sunday January 27 - 2008,Ankaraspor,hard,4-4-2,SENECKY;ASIK;RISP;AKYUZ;GUCER;KOCAK;ALBAYRAK;KISA;TITA;YILMAZ;DE NIGRIS
Konyaspor vs. Ankaraspor - Sunday January 27 - 2008,Konyaspor,hard,4-5-1,KAHRIMAN;OZSARAC;KAUE;SEKMAN;ZE GOMES;AGCAY;ER;OZGUR;NECA;HACIOGLU;CIHAN
Manisaspor vs. Denizlispor - Sunday January 27 - 2008,Denizlispor,hard,4-5-1,KUCUK;AKYILDIZ;KRATOCHVIL;ERTUGRUL;ABRAHAM;DEMIR;EGEDIK;YIGEN;KARAKOC;SIMSEK;GULEC
Manisaspor vs. Denizlispor - Sunday January 27 - 2008,Manisaspor,hard,4-5-1,CEYLAN;BOZKURT;ALLYSON;BORBICONI;ZE ANTONIO;INAN;INCEMAN;ASKAROGLU;AKAN;MARQUES;YILMAZ
Sivasspor vs. Fenerbahce - Sunday January 27 - 2008,Fenerbahce,easy,4-2-3-1,DEMIREL;LUGANO;EDU DRACENA;ROBERTO CARLOS;GONUL;SAHIN;MEHMET AURELIO;BORAL;ALEX;DEIVID;SENTURK
Sivasspor vs. Fenerbahce - Sunday January 27 - 2008,Sivasspor,hard,4-4-2,VARDAR;SAIDI;SOZGELMEZ;YERLIKAYA;DERELI;BADUR;AYHAN;MOHAMED ALI;AYDIN;TSVETKOV;YILDIZ
Bursaspor vs. Genclerbirligi - Monday January 28 - 2008,Bursaspor,hard,4-4-2,VEGA;ERDOGAN;KORKMAZ;BARIS;KURTULUS;HASPOLATLI;HAS;ACAR;SEN;TUM;ZUNIGA
Bursaspor vs. Genclerbirligi - Monday January 28 - 2008,Genclerbirligi,hard,4-4-2,PERIC;EL SAKA;UZUMCU;TEBER;GUVEN;NAS;BAYTAR;ESER;CAKIR;KAHE;OZTURK
Rizespor vs. Trabzonspor - Monday January 28 - 2008,Rizespor,hard,4-4-2,ONGUN;AKYUZ;KARAER;USTA;KOK;EREN;TATAN;AKSOY;LEANDRO CHAVES;BOMBINHA;BIRYOL
Rizespor vs. Trabzonspor - Monday January 28 - 2008,Trabzonspor,easy,4-5-1,ZENGIN;ATAN;CORA;YAVUZ;KECELI;BALCI;ABDELAZIZ;CIMSIR;KARADENIZ;YATTARA;BULUT
Buyuksehir Belediyespor vs. Rizespor - Saturday February 9 - 2008,Buyuksehir Belediyespor,hard,4-4-2,TUNC;MARCUS VINICIUS;EKSIOGLU;OCAK;TJIKUZU;ZENGIN;TEKDEMIR;KAHRAMAN;AKIN;ADRIANO;ATES
Buyuksehir Belediyespor vs. Rizespor - Saturday February 9 - 2008,Rizespor,hard,4-4-2,GONZALEZ;BOZACI;DUYMUS;GAL;USTA;VICTORIA;EREN;TATAN;BIRYOL;BOMBINHA;CICEK
Galatasaray vs. Manisaspor - Saturday February 9 - 2008,Galatasaray,easy,4-4-2,USAK;CETIN;GUNGOR;YAMAN;UCAR;TOPAL;OZBEK;TURAN;CALIK;SUKUR;KARAN
Galatasaray vs. Manisaspor - Saturday February 9 - 2008,Manisaspor,hard,4-4-2,MARTINEZ;BOZKURT;BORBICONI;ZE ANTONIO;KOCAK;INAN;INCEMAN;ASKAROGLU;AKAN;MARQUES;YILMAZ
Kayserispor vs. Besiktas - Saturday February 9 - 2008,Besiktas,easy,4-4-2,RECBER;KAS;ZAN;UZULMEZ;TANDOGAN;DELGADO;RICARDINHO;TELLO;OZKAN;HOLOSKO;NOBRE
Kayserispor vs. Besiktas - Saturday February 9 - 2008,Kayserispor,hard,4-4-2,IVANKOV;COLGECEN;TOSCALI;TURAN;TOLEDO;SAIDOU;BASDAG;TOPUZ;BOYRAZ;CANGELE;IGLESIAS
Ankaraspor vs. Kasimpasa - Sunday February 10 - 2008,Ankaraspor,hard,4-4-2,SENECKY;ASIK;RISP;AKYUZ;GUCER;KOCAK;ALBAYRAK;KISA;HURMACI;DE NIGRIS;YILMAZ
Ankaraspor vs. Kasimpasa - Sunday February 10 - 2008,Kasimpasa,hard,4-4-2,OZGEN;BERTHEL ASKOU;ACIL;KARTAL;AKYEL;HACISALIHOGLU;OCAL;BARUT;AKIN;KUCUK;ADEMOVIC
Denizlispor vs. Konyaspor - Sunday February 10 - 2008,Denizlispor,hard,4-5-1,KUCUK;BIRINCI;KRATOCHVIL;CELEP;ERTUGRUL;ABRAHAM;DEMIR;GULPINAR;YIGEN;SIMSEK;KINALI
Denizlispor vs. Konyaspor - Sunday February 10 - 2008,Konyaspor,hard,4-5-1,BAHADIR;GUNDOSTU;MIHAJLOV;KAUE;SEKMAN;BATISTA;ER;OZGUR;ERIS;HACIOGLU;CIHAN
Fenerbahce vs. Genclerbirligi Oftasspor - Sunday February 10 - 2008,Fenerbahce,easy,4-2-3-1,DEMIREL;CAKMAK;EDU DRACENA;ROBERTO CARLOS;GONUL;MEHMET AURELIO;MALDONADO;BORAL;ALEX;DEIVID;KEZMAN
Fenerbahce vs. Genclerbirligi Oftasspor - Sunday February 10 - 2008,Genclerbirligi Oftasspor,hard,4-5-1,BILER;EKER;KACAR;KALKAN;SAM;TOZO;COSKUN;ATAK;KOCABEY;MENDONCA;SAHIN
Gaziantepspor vs. Sivasspor - Sunday February 10 - 2008,Gaziantepspor,hard,4-5-1,SAHIN;IRTEGUN;POLAT;PENBE;DAG;YILDIRIM;ZURITA;BOLUKBASI;ARSLAN;OZBAY;BETO
Gaziantepspor vs. Sivasspor - Sunday February 10 - 2008,Sivasspor,hard,4-5-1,VARDAR;SAIDI;SOZGELMEZ;YERLIKAYA;DERELI;TUNCER;BADUR;AYHAN;MOHAMED ALI;AYDIN;YILDIZ
Genclerbirligi vs. Ankaragucu - Sunday February 10 - 2008,Ankaragucu,hard,4-4-2,KIRINTILI;LAMAS;SUME;OZKAYNAK;CAN;KIRITA;ERDOGAN;EGE;EMRECIKSIN;DIAWARA;BEBBE
Genclerbirligi vs. Ankaragucu - Sunday February 10 - 2008,Genclerbirligi,hard,4-4-2,OZTURK;EL SAKA;TRAORE;KIRAZ;ASLANTAS;GUVEN;NAS;BAYTAR;ESER;PROMISE;OZTURK
Trabzonspor vs. Bursaspor - Sunday February 10 - 2008,Bursaspor,hard,4-4-2,VEGA;ERDOGAN;GULDUREN;KORKMAZ;KURTULUS;SARP;HASPOLATLI;HAS;SEN;TUM;ZUNIGA
Trabzonspor vs. Bursaspor - Sunday February 10 - 2008,Trabzonspor,easy,4-5-1,ZENGIN;ATAN;CORA;YAVUZ;KECELI;BALCI;ABDELAZIZ;CIMSIR;KARADENIZ;YATTARA;BULUT
Rizespor vs. Fenerbahce - Friday February 15 - 2008,Fenerbahce,easy,4-2-3-1,DEMIREL;LUGANO;EDU DRACENA;ROBERTO CARLOS;GONUL;SAHIN;MEHMET AURELIO;BORAL;ALEX;DEIVID;KEZMAN
Rizespor vs. Fenerbahce - Friday February 15 - 2008,Rizespor,hard,4-5-1,ONGUN;BOZACI;DUYMUS;GAL;VICTORIA;KOK;TATAN;LEANDRO CHAVES;AKSOY;BOMBINHA;CICEK
Besiktas vs. Ankaraspor - Saturday February 16 - 2008,Ankaraspor,hard,4-4-2,SENECKY;ASIK;RISP;AKYUZ;GUCER;KOCAK;ALBAYRAK;HURMACI;TITA;DE NIGRIS;YILMAZ
Besiktas vs. Ankaraspor - Saturday February 16 - 2008,Besiktas,easy,4-4-2,RECBER;SCHILDENFELD;TORAMAN;ZAN;UZULMEZ;TANDOGAN;CISSE;DELGADO;HOLOSKO;KARABULUT;NOBRE
Bursaspor vs. Buyuksehir Belediyespor - Saturday February 16 - 2008,Bursaspor,hard,4-4-2,VEGA;ERDOGAN;KORKMAZ;KURTULUS;SARP;HASPOLATLI;HAS;ACAR;ROMASHCHENKO;TUM;ZUNIGA
Bursaspor vs. Buyuksehir Belediyespor - Saturday February 16 - 2008,Buyuksehir Belediyespor,hard,4-5-1,TUNC;MARCUS VINICIUS;EKSIOGLU;OCAK;SAHIN;TJIKUZU;TEKDEMIR;KAHRAMAN;AKIN;ATES;ADRIANO
Genclerbirligi Oftasspor vs. Sivasspor - Saturday February 16 - 2008,Genclerbirligi Oftasspor,hard,4-5-1,BILER;KACAR;KALKAN;ARSLAN;SAM;BEKMEZCI;COSKUN;ATAK;KOCABEY;MENDONCA;SAHIN
Genclerbirligi Oftasspor vs. Sivasspor - Saturday February 16 - 2008,Sivasspor,hard,4-4-2,VARDAR;SAIDI;SOZGELMEZ;YERLIKAYA;DERELI;SYLLA;BADUR;UMMAK;AYDIN;YILDIZ;TSVETKOV
Ankaragucu vs. Trabzonspor - Sunday February 17 - 2008,Ankaragucu,hard,4-4-2,KIRINTILI;LAMAS;SUME;OZKAYNAK;CAN;KIRITA;ERDOGAN;EGE;EMRECIKSIN;BEBBE;JABA
Ankaragucu vs. Trabzonspor - Sunday February 17 - 2008,Trabzonspor,easy,4-5-1,ZENGIN;ATAN;YAVUZ;COKMUS;BALCI;ABDELAZIZ;CIMSIR;UCUNCU;KARADENIZ;YATTARA;BULUT
Kasimpasa vs. Denizlispor - Sunday February 17 - 2008,Denizlispor,hard,4-5-1,KUCUK;BIRINCI;KRATOCHVIL;GULPINAR;YIGEN;DEMIR;ABRAHAM;ERTUGRUL;KUS;SIMSEK;KINALI
Kasimpasa vs. Denizlispor - Sunday February 17 - 2008,Kasimpasa,hard,4-4-2,OZGEN;BERTHEL ASKOU;ACIL;KARTAL;AKYEL;HACISALIHOGLU;OCAL;BARUT;AKIN;KUCUK;MAWAYE
Kayserispor vs. Gaziantepspor - Sunday February 17 - 2008,Gaziantepspor,hard,4-5-1,SAHIN;DEUMI;IRTEGUN;POLAT;PENBE;DAG;ZURITA;YILDIRIM;BOLUKBASI;OZBAY;BETO
Kayserispor vs. Gaziantepspor - Sunday February 17 - 2008,Kayserispor,hard,4-4-2,IVANKOV;COLGECEN;TOSCALI;TURAN;TOLEDO;BASDAG;SAIDOU;TOPUZ;BOYRAZ;CANGELE;UNAL
Manisaspor vs. Genclerbirligi - Sunday February 17 - 2008,Genclerbirligi,hard,4-4-2,OZTURK;EL SAKA;UZUMCU;KIRAZ;ASLANTAS;GUVEN;NAS;BAYTAR;PROMISE;ESER;OZTURK
Manisaspor vs. Genclerbirligi - Sunday February 17 - 2008,Manisaspor,hard,4-4-2,MARTINEZ;BOZKURT;ALLYSON;ZE ANTONIO;OZTORUN;INAN;INCEMAN;TARGINO;OZKAN;MARQUES;YILMAZ
Konyaspor vs. Galatasaray - Monday February 18 - 2008,Galatasaray,easy,4-4-2,USAK;CETIN;GUNGOR;YAMAN;UCAR;TOPAL;AKMAN;OZBEK;TURAN;KARAN;SUKUR
Konyaspor vs. Galatasaray - Monday February 18 - 2008,Konyaspor,hard,4-4-2,BAHADIR;GUNDOSTU;OZSARAC;ICTEN;SEKMAN;AGCAY;BATISTA;ER;ERIS;SABIN;CIHAN
Denizlispor vs. Besiktas - Friday February 22 - 2008,Besiktas,easy,4-4-2,RECBER;SCHILDENFELD;TORAMAN;ZAN;UZULMEZ;TANDOGAN;CISSE;RICARDINHO;TELLO;HOLOSKO;NOBRE
Denizlispor vs. Besiktas - Friday February 22 - 2008,Denizlispor,hard,4-5-1,HAMIDOU;AKYILDIZ;KRATOCHVIL;CARLOS ALBERTO;VURAL;ERTUGRUL;ABRAHAM;DEMIR;GULPINAR;YIGEN;KOTCHONI
Fenerbahce vs. Bursaspor - Saturday February 23 - 2008,Bursaspor,hard,4-5-1,VEGA;ERDOGAN;GULDUREN;KORKMAZ;BARIS;KURTULUS;SARP;HASPOLATLI;HAS;ROMASHCHENKO;TUM
Fenerbahce vs. Bursaspor - Saturday February 23 - 2008,Fenerbahce,easy,4-4-2,DEMIREL;ARAT;CAKMAK;TURACI;WEDERSON;MEHMET AURELIO;BILGIN;ASLAN;KAZIM-RICHARDS;PARLAK;SENTURK
Gaziantepspor vs. Genclerbirligi Oftasspor - Saturday February 23 - 2008,Gaziantepspor,hard,4-5-1,SAHIN;IRTEGUN;POLAT;PENBE;DAG;ZURITA;YILDIRIM;BOLUKBASI;ARSLAN;OZBAY;BETO
Gaziantepspor vs. Genclerbirligi Oftasspor - Saturday February 23 - 2008,Genclerbirligi Oftasspor,hard,4-4-2,BILER;EKER;KACAR;PETKOVIC;KALKAN;SAM;TOZO;BEKMEZCI;ATAK;MENDONCA;SAHIN
Genclerbirligi vs. Konyaspor - Saturday February 23 - 2008,Genclerbirligi,hard,4-4-2,OZTURK;EL SAKA;TRAORE;ASLANTAS;GUVEN;SERAS;NAS;BAYTAR;PROMISE;ESER;OZTURK
Genclerbirligi vs. Konyaspor - Saturday February 23 - 2008,Konyaspor,hard,4-5-1,BAHADIR;GUNDOSTU;OZSARAC;ICTEN;SEKMAN;BATISTA;KURTULUS;ER;ERIS;HACIOGLU;TEHOUE
Ankaraspor vs. Kayserispor - Sunday February 24 - 2008,Ankaraspor,hard,4-4-2,SENECKY;ASIK;RISP;AKYUZ;KOCAK;ALBAYRAK;NECA;HURMACI;TITA;TOSUN;DE NIGRIS
Ankaraspor vs. Kayserispor - Sunday February 24 - 2008,Kayserispor,hard,4-4-2,IVANKOV;COLGECEN;TOSCALI;TURAN;TOLEDO;BASDAG;SAIDOU;TOPUZ;BOYRAZ;CANGELE;UNAL
Buyuksehir Belediyespor vs. Ankaragucu - Sunday February 24 - 2008,Ankaragucu,hard,4-4-2,KIRINTILI;DOGANTEZ;LAMAS;SUME;OZKAYNAK;CAN;KIRITA;ERDOGAN;EMRECIKSIN;JABA;BEBBE
Buyuksehir Belediyespor vs. Ankaragucu - Sunday February 24 - 2008,Buyuksehir Belediyespor,hard,4-5-1,HASAGIC;KOCALOGLU;MARCUS VINICIUS;EKSIOGLU;TJIKUZU;TEKDEMIR;INANC;SAHIN;AKIN;ADRIANO;ATES
Galatasaray vs. Kasimpasa - Sunday February 24 - 2008,Galatasaray,easy,4-4-2,USAK;CETIN;GUNGOR;SONG;BALTA;BARUSSO;AKMAN;CARRUSCA;LINCOLN;NONDA;KARAN
Galatasaray vs. Kasimpasa - Sunday February 24 - 2008,Kasimpasa,hard,4-5-1,OZGEN;BERTHEL ASKOU;ACIL;KARTAL;AKYEL;HACISALIHOGLU;OCAL;BARUT;AKIN;KUCUK;MAWAYE
Sivasspor vs. Rizespor - Sunday February 24 - 2008,Rizespor,hard,4-4-2,ONGUN;BOZACI;DUYMUS;USTA;VICTORIA;KOK;EREN;TATAN;AKSOY;BOMBINHA;CICEK
Sivasspor vs. Rizespor - Sunday February 24 - 2008,Sivasspor,hard,4-4-2,VARDAR;SAIDI;DIALLO;DERELI;SYLLA;BADUR;UMMAK;MOHAMED ALI;AYDIN;TSVETKOV;YILDIZ
Trabzonspor vs. Manisaspor - Sunday February 24 - 2008,Manisaspor,hard,4-5-1,CEYLAN;BOZKURT;OZTORUN;CALISKAN;AVCI;INAN;INCEMAN;ASKAROGLU;SABANKAY;MARQUES;YILMAZ
Trabzonspor vs. Manisaspor - Sunday February 24 - 2008,Trabzonspor,easy,4-5-1,ZENGIN;ATAN;CORA;YAVUZ;KECELI;BALCI;GUNGOR;CIMSIR;KARADENIZ;YATTARA;BULUT
Konyaspor vs. Trabzonspor - Friday February 29 - 2008,Konyaspor,hard,4-5-1,BAHADIR;MIHAJLOV;OZSARAC;KAUE;SEKMAN;BATISTA;ER;OZGUR;ERIS;SEN;TEHOUE
Konyaspor vs. Trabzonspor - Friday February 29 - 2008,Trabzonspor,easy,4-5-1,ZENGIN;ATAN;CORA;KECELI;COKMUS;BALCI;ABDELAZIZ;CIMSIR;KARADENIZ;YATTARA;BULUT
Ankaragucu vs. Fenerbahce - Saturday March 1 - 2008,Ankaragucu,hard,4-5-1,KIRINTILI;LAMAS;DOGANTEZ;SUME;OZKAYNAK;CAN;EGE;ERDOGAN;DURUER;EMRECIKSIN;BEBBE
Ankaragucu vs. Fenerbahce - Saturday March 1 - 2008,Fenerbahce,easy,4-5-1,KULBILGE;CAKMAK;EDU DRACENA;TURACI;WEDERSON;SAHIN;ASLAN;BORAL;ALEX;KAZIM-RICHARDS;KEZMAN
Kasimpasa vs. Genclerbirligi - Saturday March 1 - 2008,Genclerbirligi,hard,4-4-2,OZTURK;EL SAKA;TRAORE;ASLANTAS;GUVEN;NAS;BAYTAR;PROMISE;ESER;CAKIR;OZTURK
Kasimpasa vs. Genclerbirligi - Saturday March 1 - 2008,Kasimpasa,hard,4-5-1,OZGEN;BERTHEL ASKOU;ACIL;KARTAL;AKYEL;OCAL;HACISALIHOGLU;AKIN;FRANSERGIO;KUCUK;MAWAYE
Manisaspor vs. Buyuksehir Belediyespor - Saturday March 1 - 2008,Buyuksehir Belediyespor,hard,4-4-2,HASAGIC;KOCALOGLU;MARCUS VINICIUS;EKSIOGLU;SAHIN;TJIKUZU;INANC;KAHRAMAN;AKIN;ADRIANO;ESER
Manisaspor vs. Buyuksehir Belediyespor - Saturday March 1 - 2008,Manisaspor,hard,4-5-1,CEYLAN;BOZKURT;OZTORUN;CALISKAN;AVCI;INCEMAN;ASKAROGLU;OZTURK;SABANKAY;AKAN;MARQUES
Ankaraspor vs. Gaziantepspor - Sunday March 2 - 2008,Ankaraspor,hard,4-4-2,SENECKY;BAHTIYAROGLU;YOLDAS;GUCER;KOCAK;ALBAYRAK;KISA;TITA;YILMAZ;TURKMEN;DE NIGRIS
Ankaraspor vs. Gaziantepspor - Sunday March 2 - 2008,Gaziantepspor,hard,4-5-1,CATKIC;COGUM;POLAT;DEUMI;PENBE;DAG;YILDIRIM;BOLUKBASI;ZURITA;ARSLAN;BETO
Besiktas vs. Galatasaray - Sunday March 2 - 2008,Besiktas,easy,4-4-2,RECBER;KAS;MERCIMEK;TORAMAN;ZAN;UZULMEZ;TANDOGAN;DELGADO;TELLO;HOLOSKO;NOBRE
Besiktas vs. Galatasaray - Sunday March 2 - 2008,Galatasaray,easy,4-4-2,ERCETIN;CETIN;SONG;BALTA;YAMAN;SARIOGLU;TOPAL;OZBEK;TURAN;KARAN;SUKUR
Bursaspor vs. Sivasspor - Sunday March 2 - 2008,Bursaspor,hard,4-4-2,VEGA;ERDOGAN;GULDUREN;BARIS;HASPOLATLI;HAS;ACAR;ROMASHCHENKO;GUTIERREZ;TUM;KALOGLU
Bursaspor vs. Sivasspor - Sunday March 2 - 2008,Sivasspor,hard,4-5-1,VARDAR;DIALLO;SOZGELMEZ;YERLIKAYA;DERELI;SYLLA;BADUR;UMMAK;MOHAMED ALI;AYDIN;YILDIZ
Kayserispor vs. Denizlispor - Sunday March 2 - 2008,Denizlispor,hard,4-5-1,HAMIDOU;KRATOCHVIL;CARLOS ALBERTO;VURAL;JULIO CESAR;YIGIT;GULPINAR;ABRAHAM;YIGEN;ERTUGRUL;KOTCHONI
Kayserispor vs. Denizlispor - Sunday March 2 - 2008,Kayserispor,hard,4-3-3,IVANKOV;COLGECEN;TOSCALI;TURAN;TOLEDO;BASDAG;SAIDOU;TOPUZ;BOYRAZ;CANGELE;UNAL
Rizespor vs. Genclerbirligi Oftasspor - Sunday March 2 - 2008,Genclerbirligi Oftasspor,hard,4-5-1,BILER;EKER;KACAR;PETKOVIC;SAM;COSKUN;TOZO;BEKMEZCI;ATAK;MENDONCA;SAHIN
Rizespor vs. Genclerbirligi Oftasspor - Sunday March 2 - 2008,Rizespor,hard,4-4-2,GONZALEZ;MARQUINHOS;DUYMUS;BOZACI;VICTORIA;EREN;KOK;LEANDRO CHAVES;SEN;CICEK;BOMBINHA
Genclerbirligi vs. Besiktas - Friday March 7 - 2008,Besiktas,easy,4-4-2,RECBER;MERCIMEK;TORAMAN;ZAN;UZULMEZ;TANDOGAN;DELGADO;OZKAN;TELLO;HOLOSKO;NOBRE
Genclerbirligi vs. Besiktas - Friday March 7 - 2008,Genclerbirligi,hard,4-4-2,OZTURK;EL SAKA;TRAORE;ASLANTAS;GUVEN;SERAS;NAS;PROMISE;ESER;CAKIR;OZTURK
Buyuksehir Belediyespor vs. Konyaspor - Saturday March 8 - 2008,Buyuksehir Belediyespor,hard,4-5-1,HASAGIC;KOCALOGLU;MARCUS VINICIUS;EKSIOGLU;SAHIN;TJIKUZU;ZENGIN;INANC;KAHRAMAN;AKIN;ATES
Buyuksehir Belediyespor vs. Konyaspor - Saturday March 8 - 2008,Konyaspor,hard,4-5-1,BAHADIR;MIHAJLOV;OZSARAC;KAUE;SEKMAN;BATISTA;ER;KURTULUS;OZGUR;ERIS;TEHOUE
Denizlispor vs. Ankaraspor - Saturday March 8 - 2008,Ankaraspor,hard,4-4-2,SENECKY;ASIK;YOLDAS;HAMILTON;KOCAK;ALBAYRAK;NECA;TITA;TURKMEN;YILMAZ;DE NIGRIS
Denizlispor vs. Ankaraspor - Saturday March 8 - 2008,Denizlispor,hard,4-5-1,HAMIDOU;KRATOCHVIL;JULIO CESAR;VURAL;CARLOS ALBERTO;YIGIT;ABRAHAM;GULPINAR;ERTUGRUL;YIGEN;KINALI
Galatasaray vs. Kayserispor - Saturday March 8 - 2008,Galatasaray,easy,4-4-2,ERCETIN;CETIN;GUNGOR;BALTA;SARIOGLU;TOPAL;GUVEN;LINCOLN;TURAN;NONDA;KARAN
Galatasaray vs. Kayserispor - Saturday March 8 - 2008,Kayserispor,hard,4-3-3,IVANKOV;COLGECEN;TOSCALI;TURAN;OKYAY;SAIDOU;BASDAG;TOPUZ;BOYRAZ;CANGELE;UNAL
Fenerbahce vs. Manisaspor - Sunday March 9 - 2008,Fenerbahce,easy,4-5-1,KULBILGE;LUGANO;EDU DRACENA;TURACI;WEDERSON;SAHIN;MEHMET AURELIO;BORAL;ALEX;DEIVID;KEZMAN
Fenerbahce vs. Manisaspor - Sunday March 9 - 2008,Manisaspor,hard,4-4-2,CEYLAN;BOZKURT;KALABANE;KOCAK;AVCI;INCEMAN;INAN;ASKAROGLU;KOC;MARQUES;YILMAZ
Gaziantepspor vs. Rizespor - Sunday March 9 - 2008,Gaziantepspor,hard,4-5-1,CATKIC;DEUMI;POLAT;PENBE;DAG;YILDIRIM;ZURITA;BOLUKBASI;ARSLAN;OZBAY;BETO
Gaziantepspor vs. Rizespor - Sunday March 9 - 2008,Rizespor,hard,4-5-1,GONZALEZ;BOZACI;DUYMUS;KARAER;MARQUINHOS;USTA;KOK;EREN;LEANDRO CHAVES;BOMBINHA;CICEK
Genclerbirligi Oftasspor vs. Bursaspor - Sunday March 9 - 2008,Bursaspor,hard,4-4-2,VEGA;ERDOGAN;KORKMAZ;BARIS;SARP;HASPOLATLI;ACAR;ROMASHCHENKO;GUTIERREZ;TUM;KALOGLU
Genclerbirligi Oftasspor vs. Bursaspor - Sunday March 9 - 2008,Genclerbirligi Oftasspor,hard,4-5-1,BILER;EKER;KACAR;PETKOVIC;SAM;TOZO;BEKMEZCI;COSKUN;ATAK;MENDONCA;SAHIN
Sivasspor vs. Ankaragucu - Sunday March 9 - 2008,Ankaragucu,hard,4-5-1,KIRINTILI;LAMAS;DOGANTEZ;SAID;SUME;CAN;ERDOGAN;EGE;DURUER;EMRECIKSIN;BEBBE
Sivasspor vs. Ankaragucu - Sunday March 9 - 2008,Sivasspor,hard,4-4-2,PETKOVIC;DIALLO;SOZGELMEZ;YERLIKAYA;DERELI;BADUR;UMMAK;MOHAMED ALI;AYDIN;TSVETKOV;YILDIZ
Trabzonspor vs. Kasimpasa - Sunday March 9 - 2008,Kasimpasa,hard,4-4-2,OZGEN;BERTHEL ASKOU;ACIL;KARTAL;AKYEL;HACISALIHOGLU;OCAL;BARUT;AKIN;MAWAYE;KUCUK
Trabzonspor vs. Kasimpasa - Sunday March 9 - 2008,Trabzonspor,easy,4-5-1,ZENGIN;ATAN;CORA;YAVUZ;BALCI;CIMSIR;ABDELAZIZ;MOAWAD;MEMIS;YATTARA;BULUT
Manisaspor vs. Sivasspor - Friday March 14 - 2008,Manisaspor,hard,4-5-1,ATAMAN;ALLYSON;BORBICONI;ZE ANTONIO;KOCAK;INAN;INCEMAN;ASKAROGLU;OZTURK;AKAN;YILMAZ
Manisaspor vs. Sivasspor - Friday March 14 - 2008,Sivasspor,hard,4-5-1,EFE;PETKOVIC;DIALLO;SOZGELMEZ;YERLIKAYA;DERELI;BADUR;AYHAN;UMMAK;MOHAMED ALI;YILDIZ
Ankaraspor vs. Galatasaray - Saturday March 15 - 2008,Ankaraspor,hard,4-4-2,SENECKY;ASIK;HAMILTON;GUCER;KOCAK;ALBAYRAK;HURMACI;TITA;DE NIGRIS;YILMAZ;TURKMEN
Ankaraspor vs. Galatasaray - Saturday March 15 - 2008,Galatasaray,easy,4-4-2,ERCETIN;CETIN;GUNGOR;BALTA;SARIOGLU;TOPAL;OZBEK;LINCOLN;TURAN;NONDA;KARAN
Bursaspor vs. Rizespor - Saturday March 15 - 2008,Bursaspor,hard,4-4-2,VEGA;ERDOGAN;GULDUREN;KORKMAZ;BARIS;SARP;HAS;ACAR;ROMASHCHENKO;TUM;ZUNIGA
Bursaspor vs. Rizespor - Saturday March 15 - 2008,Rizespor,hard,4-5-1,GONZALEZ;AKYUZ;BOZACI;DUYMUS;MARQUINHOS;USTA;KOK;EREN;TATAN;BOMBINHA;CICEK
Kayserispor vs. Genclerbirligi - Saturday March 15 - 2008,Genclerbirligi,hard,4-5-1,OZTURK;ADDO;UZUMCU;ASLANTAS;GUVEN;SERAS;NAS;BAYTAR;PROMISE;ESER;OZTURK
Kayserispor vs. Genclerbirligi - Saturday March 15 - 2008,Kayserispor,hard,4-4-2,IVANKOV;AVENDANO;COLGECEN;TURAN;OKYAY;BASDAG;SAIDOU;TOPUZ;BOYRAZ;CANGELE;IGLESIAS
Ankaragucu vs. Genclerbirligi Oftasspor - Sunday March 16 - 2008,Ankaragucu,hard,4-5-1,KIRINTILI;LAMAS;DOGANTEZ;SAID;OZKAYNAK;CAN;KIRITA;EGE;ERDOGAN;EMRECIKSIN;BEBBE
Ankaragucu vs. Genclerbirligi Oftasspor - Sunday March 16 - 2008,Genclerbirligi Oftasspor,hard,4-5-1,BILER;EKER;KACAR;PETKOVIC;SAM;TOZO;BEKMEZCI;COSKUN;ATAK;MENDONCA;ESEN
Besiktas vs. Trabzonspor - Sunday March 16 - 2008,Besiktas,easy,4-4-2,RECBER;MERCIMEK;TORAMAN;ZAN;UZULMEZ;TANDOGAN;DELGADO;OZKAN;TELLO;HOLOSKO;NOBRE
Besiktas vs. Trabzonspor - Sunday March 16 - 2008,Trabzonspor,easy,4-5-1,ZENGIN;ATAN;CORA;YAVUZ;KECELI;COKMUS;CIMSIR;ABDELAZIZ;MEMIS;YATTARA;BULUT
Denizlispor vs. Gaziantepspor - Sunday March 16 - 2008,Denizlispor,hard,4-5-1,HAMIDOU;KRATOCHVIL;CARLOS ALBERTO;VURAL;JULIO CESAR;YIGIT;GULPINAR;YIGEN;ABRAHAM;ERTUGRUL;KINALI
Denizlispor vs. Gaziantepspor - Sunday March 16 - 2008,Gaziantepspor,hard,4-5-1,CATKIC;COGUM;DEUMI;PENBE;DAG;GUNES;YILDIRIM;ZURITA;ARSLAN;OZBAY;BETO
Kasimpasa vs. Buyuksehir Belediyespor - Sunday March 16 - 2008,Buyuksehir Belediyespor,hard,4-3-3,HASAGIC;KOCALOGLU;MARCUS VINICIUS;EKSIOGLU;TJIKUZU;ZENGIN;INANC;KAHRAMAN;AKIN;ATES;ESER
Kasimpasa vs. Buyuksehir Belediyespor - Sunday March 16 - 2008,Kasimpasa,hard,4-4-2,OZGEN;BERTHEL ASKOU;ACIL;KARTAL;AKYEL;HACISALIHOGLU;OCAL;BARUT;AKIN;KUCUK;MAWAYE
Konyaspor vs. Fenerbahce - Sunday March 16 - 2008,Fenerbahce,easy,4-5-1,KULBILGE;LUGANO;EDU DRACENA;WEDERSON;GONUL;MEHMET AURELIO;SAHIN;BORAL;ALEX;DEIVID;KEZMAN
Konyaspor vs. Fenerbahce - Sunday March 16 - 2008,Konyaspor,hard,4-4-2,KAHRIMAN;GUNDOSTU;MIHAJLOV;KAUE;SEKMAN;KURTULUS;ER;OZGUR;ERIS;HACIOGLU;CIHAN
Fenerbahce vs. Kasimpasa - Friday March 21 - 2008,Fenerbahce,easy,4-5-1,KULBILGE;LUGANO;EDU DRACENA;WEDERSON;GONUL;MEHMET AURELIO;SAHIN;BORAL;ALEX;DEIVID;KEZMAN
Fenerbahce vs. Kasimpasa - Friday March 21 - 2008,Kasimpasa,hard,4-4-2,OZGEN;BERTHEL ASKOU;ACIL;KARTAL;AKYEL;OCAL;HACISALIHOGLU;BARUT;AKIN;KUCUK;MAWAYE
Buyuksehir Belediyespor vs. Besiktas - Saturday March 22 - 2008,Besiktas,easy,4-4-2,RECBER;SCHILDENFELD;ZAN;UZULMEZ;TANDOGAN;DELGADO;TELLO;OZKAN;HOLOSKO;NOBRE;BOBO
Buyuksehir Belediyespor vs. Besiktas - Saturday March 22 - 2008,Buyuksehir Belediyespor,hard,4-3-3,HASAGIC;KOCALOGLU;KORKMAZ;MARCUS VINICIUS;EKSIOGLU;TJIKUZU;INANC;KAHRAMAN;AKIN;ADRIANO;ATES
Gaziantepspor vs. Bursaspor - Saturday March 22 - 2008,Bursaspor,hard,4-5-1,ERAYDIN;GULDUREN;KORKMAZ;BARIS;SARP;HASPOLATLI;HAS;ACAR;ROMASHCHENKO;GUTIERREZ;TUM
Gaziantepspor vs. Bursaspor - Saturday March 22 - 2008,Gaziantepspor,hard,4-5-1,SAHIN;DEUMI;POLAT;PENBE;DAG;CEYLAN;ZURITA;YILDIRIM;BOLUKBASI;OZBAY;BETO
Genclerbirligi Oftasspor vs. Manisaspor - Saturday March 22 - 2008,Genclerbirligi Oftasspor,hard,4-4-2,BILER;EKER;KACAR;PETKOVIC;KALKAN;SAM;TOZO;BEKMEZCI;ATAK;BAYRAKTAR;MENDONCA
Genclerbirligi Oftasspor vs. Manisaspor - Saturday March 22 - 2008,Manisaspor,hard,4-4-2,ATAMAN;ALLYSON;KALABANE;ZE ANTONIO;KOCAK;INCEMAN;INAN;ASKAROGLU;TARGINO;AKAN;YILMAZ
Galatasaray vs. Denizlispor - Sunday March 23 - 2008,Denizlispor,hard,4-5-1,HAMIDOU;KRATOCHVIL;JULIO CESAR;VURAL;CARLOS ALBERTO;YIGIT;GULPINAR;ABRAHAM;YIGEN;ERTUGRUL;SIMSEK
Galatasaray vs. Denizlispor - Sunday March 23 - 2008,Galatasaray,easy,4-4-2,ERCETIN;CETIN;GUNGOR;YAMAN;SARIOGLU;TOPAL;OZBEK;BURUK;TURAN;SUKUR;KARAN
Genclerbirligi vs. Ankaraspor - Sunday March 23 - 2008,Ankaraspor,hard,4-4-2,SENECKY;RISP;ASIK;GUCER;HAMILTON;KOCAK;ALBAYRAK;TITA;DE NIGRIS;YILMAZ;TURKMEN
Genclerbirligi vs. Ankaraspor - Sunday March 23 - 2008,Genclerbirligi,hard,4-5-1,OZTURK;UZUMCU;EL SAKA;GUVEN;ASLANTAS;SERAS;NAS;BAYTAR;ESER;CAKIR;KAHE
Rizespor vs. Ankaragucu - Sunday March 23 - 2008,Ankaragucu,hard,4-4-2,KIRINTILI;LAMAS;DOGANTEZ;SUME;OZKAYNAK;CAN;ERDOGAN;EGE;EMRECIKSIN;BEBBE;JABA
Rizespor vs. Ankaragucu - Sunday March 23 - 2008,Rizespor,hard,4-4-2,GONZALEZ;BOZACI;DUYMUS;KARAER;MARQUINHOS;EREN;KOK;AKSOY;ANDERSON;BOMBINHA;CICEK
Sivasspor vs. Konyaspor - Sunday March 23 - 2008,Konyaspor,hard,4-5-1,KAHRIMAN;GUNDOSTU;MIHAJLOV;KAUE;ZE GOMES;AGCAY;BATISTA;KURTULUS;ERIS;OZGUR;CIHAN
Sivasspor vs. Konyaspor - Sunday March 23 - 2008,Sivasspor,hard,4-4-2,PETKOVIC;DIALLO;SOZGELMEZ;DERELI;SYLLA;BADUR;UMMAK;MOHAMED ALI;AYDIN;TSVETKOV;YILDIZ
Trabzonspor vs. Kayserispor - Sunday March 23 - 2008,Kayserispor,hard,4-4-2,IVANKOV;COLGECEN;TOSCALI;TURAN;TOLEDO;SAIDOU;BASDAG;BOYRAZ;CANGELE;IGLESIAS;BAHADIR
Trabzonspor vs. Kayserispor - Sunday March 23 - 2008,Trabzonspor,easy,4-4-2,ZENGIN;ATAN;CORA;KECELI;JABI;CIMSIR;ABDELAZIZ;MOAWAD;MEMIS;YATTARA;BULUT
Ankaraspor vs. Trabzonspor - Saturday March 29 - 2008,Ankaraspor,hard,4-4-2,SENECKY;RISP;ASIK;GUCER;HAMILTON;KOCAK;ALBAYRAK;TITA;DE NIGRIS;YILMAZ;TURKMEN
Ankaraspor vs. Trabzonspor - Saturday March 29 - 2008,Trabzonspor,easy,4-5-1,ZENGIN;CORA;YAVUZ;KECELI;COKMUS;JABI;CIMSIR;ABDELAZIZ;MEMIS;BULUT;KELES
Besiktas vs. Fenerbahce - Saturday March 29 - 2008,Besiktas,easy,4-4-2,RECBER;MERCIMEK;TORAMAN;ZAN;UZULMEZ;CISSE;DELGADO;TELLO;OZKAN;HOLOSKO;NOBRE
Besiktas vs. Fenerbahce - Saturday March 29 - 2008,Fenerbahce,easy,4-2-3-1,DEMIREL;LUGANO;EDU DRACENA;WEDERSON;GONUL;MALDONADO;MEHMET AURELIO;BORAL;ALEX;KAZIM-RICHARDS;KEZMAN
Denizlispor vs. Genclerbirligi - Saturday March 29 - 2008,Denizlispor,hard,4-5-1,HAMIDOU;CARLOS ALBERTO;JULIO CESAR;YIGIT;ABRAHAM;DEMIR;GULPINAR;YIGEN;KUS;SIMSEK;KINALI
Denizlispor vs. Genclerbirligi - Saturday March 29 - 2008,Genclerbirligi,hard,4-4-2,PERIC;EL SAKA;TRAORE;ASLANTAS;GUVEN;NAS;BAYTAR;PROMISE;ESER;CAKIR;OZTURK
Ankaragucu vs. Bursaspor - Sunday March 30 - 2008,Ankaragucu,hard,4-4-2,KIRINTILI;DOGANTEZ;SUME;OZKAYNAK;CAN;ERDOGAN;EGE;DURUER;EMRECIKSIN;BEBBE;JABA
Ankaragucu vs. Bursaspor - Sunday March 30 - 2008,Bursaspor,hard,4-5-1,ERAYDIN;ERDOGAN;KORKMAZ;BARIS;SARP;HAS;ACAR;ROMASHCHENKO;SEN;GOKTAS;TUM
Galatasaray vs. Gaziantepspor - Sunday March 30 - 2008,Galatasaray,easy,4-4-2,ERCETIN;CETIN;GUNGOR;SONG;YAMAN;SARIOGLU;TOPAL;AKMAN;LINCOLN;SUKUR;KARAN
Galatasaray vs. Gaziantepspor - Sunday March 30 - 2008,Gaziantepspor,hard,4-5-1,SAHIN;DEUMI;IRTEGUN;POLAT;IVAN;DAG;ZURITA;BOLUKBASI;ARSLAN;OZBAY;BETO
Kasimpasa vs. Sivasspor - Sunday March 30 - 2008,Kasimpasa,hard,4-5-1,OZGEN;BERTHEL ASKOU;ACIL;KARTAL;AKYEL;HACISALIHOGLU;OCAL;BARUT;KURTULUS;AKIN;KUCUK
Kasimpasa vs. Sivasspor - Sunday March 30 - 2008,Sivasspor,hard,4-4-2,PETKOVIC;SAIDI;SOZGELMEZ;YERLIKAYA;DERELI;SYLLA;UMMAK;MOHAMED ALI;AYDIN;TSVETKOV;YILDIZ
Kayserispor vs. Buyuksehir Belediyespor - Sunday March 30 - 2008,Buyuksehir Belediyespor,hard,4-5-1,HASAGIC;KOCALOGLU;KORKMAZ;MARCUS VINICIUS;KAPLAN;TJIKUZU;ZENGIN;KORKMAZ;KAHRAMAN;AKIN;ATES
Kayserispor vs. Buyuksehir Belediyespor - Sunday March 30 - 2008,Kayserispor,hard,4-4-2,IVANKOV;COLGECEN;TOSCALI;TURAN;TOLEDO;BASDAG;CAMDALI;BOYRAZ;CANGELE;BAHADIR;IGLESIAS
Konyaspor vs. Genclerbirligi Oftasspor - Sunday March 30 - 2008,Genclerbirligi Oftasspor,hard,4-4-2,BILER;EKER;KACAR;PETKOVIC;KALKAN;SAM;TOZO;BEKMEZCI;ATAK;BAYRAKTAR;MENDONCA
Konyaspor vs. Genclerbirligi Oftasspor - Sunday March 30 - 2008,Konyaspor,hard,4-5-1,BAHADIR;MIHAJLOV;OZSARAC;KAUE;SEKMAN;AGCAY;BATISTA;KURTULUS;OZGUR;ERIS;CIHAN
Manisaspor vs. Rizespor - Sunday March 30 - 2008,Manisaspor,hard,4-4-2,ATAMAN;ALLYSON;BORBICONI;KALABANE;ZE ANTONIO;KOCAK;INCEMAN;INAN;AKAN;MARQUES;YILMAZ
Manisaspor vs. Rizespor - Sunday March 30 - 2008,Rizespor,hard,4-5-1,GONZALEZ;AKYUZ;BOZACI;GAL;KARAER;MARQUINHOS;EREN;LEANDRO CHAVES;AKSOY;BOMBINHA;CICEK
Trabzonspor vs. Denizlispor - Friday April 4 - 2008,Denizlispor,hard,4-4-2,HAMIDOU;BIRINCI;VURAL;CARLOS ALBERTO;GULPINAR;YIGEN;EGEDIK;ABRAHAM;KUS;KINALI;KOTCHONI
Trabzonspor vs. Denizlispor - Friday April 4 - 2008,Trabzonspor,easy,4-5-1,ZENGIN;ATAN;CORA;KECELI;COKMUS;JABI;ABDELAZIZ;UCUNCU;MEMIS;YATTARA;BULUT
Fenerbahce vs. Kayserispor - Saturday April 5 - 2008,Fenerbahce,easy,4-5-1,KULBILGE;CAKMAK;LUGANO;WEDERSON;ROBERTO CARLOS;GONUL;MALDONADO;MEHMET AURELIO;ALEX;DEIVID;KEZMAN
Fenerbahce vs. Kayserispor - Saturday April 5 - 2008,Kayserispor,hard,4-3-3,IVANKOV;AVENDANO;COLGECEN;TOSCALI;OKYAY;SAIDOU;BASDAG;TOPUZ;BOYRAZ;CANGELE;IGLESIAS
Genclerbirligi Oftasspor vs. Kasimpasa - Saturday April 5 - 2008,Genclerbirligi Oftasspor,hard,4-4-2,BILER;EKER;KACAR;PETKOVIC;KALKAN;SAM;TOZO;BEKMEZCI;ATAK;MENDONCA;SAHIN
Genclerbirligi Oftasspor vs. Kasimpasa - Saturday April 5 - 2008,Kasimpasa,hard,4-5-1,SINOUH;BERTHEL ASKOU;KARTAL;AKYEL;HACISALIHOGLU;OCAL;BARUT;AKIN;FRANSERGIO;KUCUK;MAWAYE
Bursaspor vs. Manisaspor - Sunday April 6 - 2008,Bursaspor,hard,4-5-1,VEGA;ERDOGAN;GULDUREN;KORKMAZ;SARP;HAS;ACAR;ROMASHCHENKO;SEN;GOKTAS;YAGMUR
Bursaspor vs. Manisaspor - Sunday April 6 - 2008,Manisaspor,hard,5-4-1,ATAMAN;ALLYSON;BORBICONI;KALABANE;ZE ANTONIO;KOCAK;INCEMAN;INAN;AKAN;MARQUES;YILMAZ
Buyuksehir Belediyespor vs. Ankaraspor - Sunday April 6 - 2008,Ankaraspor,hard,4-4-2,SENECKY;ASIK;RISP;HAMILTON;GUCER;KOCAK;ALBAYRAK;TITA;YILMAZ;TURKMEN;DE NIGRIS
Buyuksehir Belediyespor vs. Ankaraspor - Sunday April 6 - 2008,Buyuksehir Belediyespor,hard,4-5-1,HASAGIC;KOCALOGLU;KORKMAZ;KAPLAN;TJIKUZU;ZENGIN;SAHIN;KILIC;KAHRAMAN;AKIN;ATES
Gaziantepspor vs. Ankaragucu - Sunday April 6 - 2008,Ankaragucu,hard,4-5-1,KIRINTILI;LAMAS;DOGANTEZ;SAID;SUME;OZKAYNAK;CAN;DURUER;ERDOGAN;EMRECIKSIN;BEBBE
Gaziantepspor vs. Ankaragucu - Sunday April 6 - 2008,Gaziantepspor,hard,4-5-1,SAHIN;POLAT;DEUMI;IVAN;DAG;YILDIRIM;BOLUKBASI;ZURITA;CEYLAN;OZBAY;BETO
Genclerbirligi vs. Galatasaray - Sunday April 6 - 2008,Galatasaray,easy,4-4-2,ERCETIN;CETIN;GUNGOR;YAMAN;SARIOGLU;TOPAL;BURUK;LINCOLN;TURAN;NONDA;KARAN
Genclerbirligi vs. Galatasaray - Sunday April 6 - 2008,Genclerbirligi,hard,4-5-1,PERIC;EL SAKA;OZBEY;TRAORE;TEBER;ASLANTAS;SERAS;NAS;BAYTAR;PROMISE;OZTURK
Rizespor vs. Konyaspor - Sunday April 6 - 2008,Konyaspor,hard,4-4-2,BAHADIR;GUNDOSTU;MIHAJLOV;KAUE;SEKMAN;AGCAY;KURTULUS;ER;OZGUR;HACIOGLU;CIHAN
Rizespor vs. Konyaspor - Sunday April 6 - 2008,Rizespor,hard,4-4-2,GONZALEZ;AKYUZ;BOZACI;GAL;KOK;EREN;TATAN;AKSOY;BIRYOL;BOMBINHA;CICEK
Sivasspor vs. Besiktas - Sunday April 6 - 2008,Besiktas,easy,4-4-2,RECBER;KAS;SCHILDENFELD;TORAMAN;UZULMEZ;TANDOGAN;CISSE;TELLO;KARABULUT;HOLOSKO;NOBRE
Sivasspor vs. Besiktas - Sunday April 6 - 2008,Sivasspor,hard,4-4-2,PETKOVIC;SAIDI;SOZGELMEZ;YERLIKAYA;DERELI;SYLLA;UMMAK;MOHAMED ALI;AYDIN;TSVETKOV;YILDIZ
Besiktas vs. Genclerbirligi Oftasspor - Friday April 11 - 2008,Besiktas,easy,4-4-2,ARIKAN;SCHILDENFELD;TORAMAN;ZAN;UZULMEZ;TANDOGAN;OZKAN;YOZGATLI;HOLOSKO;KARABULUT;NOBRE
Besiktas vs. Genclerbirligi Oftasspor - Friday April 11 - 2008,Genclerbirligi Oftasspor,hard,4-5-1,BILER;EKER;KACAR;PETKOVIC;KALKAN;SAM;COSKUN;BEKMEZCI;ATAK;BAYRAKTAR;MENDONCA
Denizlispor vs. Buyuksehir Belediyespor - Saturday April 12 - 2008,Buyuksehir Belediyespor,hard,4-5-1,HASAGIC;KOCALOGLU;KORKMAZ;MARCUS VINICIUS;EKSIOGLU;TJIKUZU;ZENGIN;INANC;KILIC;AKIN;ATES
Denizlispor vs. Buyuksehir Belediyespor - Saturday April 12 - 2008,Denizlispor,hard,4-4-2,KUCUK;CARLOS ALBERTO;VURAL;YIGIT;YIGEN;GULPINAR;ABRAHAM;KUS;SIMSEK;KINALI;KOTCHONI
Galatasaray vs. Trabzonspor - Saturday April 12 - 2008,Galatasaray,easy,4-4-2,ERCETIN;CETIN;GUNGOR;YAMAN;SARIOGLU;TOPAL;AKMAN;BURUK;TURAN;SUKUR;KARAN
Galatasaray vs. Trabzonspor - Saturday April 12 - 2008,Trabzonspor,easy,4-3-3,ZENGIN;ATAN;CORA;KECELI;COKMUS;UCUNCU;CIMSIR;ABDELAZIZ;MEMIS;YATTARA;BULUT
Genclerbirligi vs. Gaziantepspor - Saturday April 12 - 2008,Gaziantepspor,hard,4-5-1,SAHIN;COGUM;IRTEGUN;POLAT;PENBE;DAG;CEYLAN;ZURITA;ARSLAN;OZBAY;BETO
Genclerbirligi vs. Gaziantepspor - Saturday April 12 - 2008,Genclerbirligi,hard,4-4-2,PERIC;EL SAKA;OZBEY;TRAORE;TEBER;SERAS;NAS;BAYTAR;ESER;PROMISE;OZTURK
Ankaraspor vs. Fenerbahce - Sunday April 13 - 2008,Ankaraspor,hard,4-4-2,SENECKY;RISP;ASIK;HAMILTON;GUCER;KOCAK;ALBAYRAK;TITA;DE NIGRIS;YILMAZ;TURKMEN
Ankaraspor vs. Fenerbahce - Sunday April 13 - 2008,Fenerbahce,easy,4-5-1,KULBILGE;LUGANO;EDU DRACENA;WEDERSON;GONUL;MEHMET AURELIO;MALDONADO;ALEX;DEIVID;KAZIM-RICHARDS;SENTURK
Kasimpasa vs. Rizespor - Sunday April 13 - 2008,Kasimpasa,hard,4-5-1,SINOUH;BERTHEL ASKOU;AKYEL;OCAL;HACISALIHOGLU;BARUT;AKIN;FRANSERGIO;BAYAR;ANDRE MORITZ;MAWAYE
Kasimpasa vs. Rizespor - Sunday April 13 - 2008,Rizespor,hard,4-4-2,GONZALEZ;AKYUZ;BOZACI;GAL;KARAER;KOK;LEANDRO CHAVES;SEN;CICEK;ANDERSON;BOMBINHA
Kayserispor vs. Sivasspor - Sunday April 13 - 2008,Kayserispor,hard,4-5-1,IVANKOV;AVENDANO;COLGECEN;TOSCALI;TOLEDO;OKYAY;SAIDOU;BASDAG;TOPUZ;BOYRAZ;IGLESIAS
Kayserispor vs. Sivasspor - Sunday April 13 - 2008,Sivasspor,hard,4-5-1,PETKOVIC;DIALLO;SAIDI;YERLIKAYA;DERELI;SYLLA;AYHAN;UMMAK;PACHECO;MOHAMED ALI;YILDIZ
Konyaspor vs. Bursaspor - Sunday April 13 - 2008,Bursaspor,hard,4-5-1,VEGA;ERDOGAN;GULDUREN;KORKMAZ;KURTULUS;SARP;AYDIN;GUTIERREZ;SEN;GOKTAS;YAGMUR
Konyaspor vs. Bursaspor - Sunday April 13 - 2008,Konyaspor,hard,4-5-1,BAHADIR;GUNDOSTU;MIHAJLOV;KAUE;ZE GOMES;AGCAY;KURTULUS;ER;OZGUR;HACIOGLU;CIHAN
Manisaspor vs. Ankaragucu - Sunday April 13 - 2008,Ankaragucu,hard,4-5-1,KIRINTILI;LAMAS;DOGANTEZ;SUME;OZKAYNAK;CAN;ERDOGAN;ERDOGAN;DURUER;EMRECIKSIN;BEBBE
Manisaspor vs. Ankaragucu - Sunday April 13 - 2008,Manisaspor,hard,4-4-2,CEYLAN;ALLYSON;BORBICONI;KALABANE;ZE ANTONIO;KOCAK;AVCI;INAN;TARGINO;YILMAZ;MARQUES
Ankaragucu vs. Konyaspor - Saturday April 19 - 2008,Ankaragucu,hard,4-4-2,KIRINTILI;LAMAS;SUME;OZKAYNAK;AKTURK;CAN;DURUER;EGE;EMRECIKSIN;JABA;BEBBE
Ankaragucu vs. Konyaspor - Saturday April 19 - 2008,Konyaspor,hard,4-5-1,BAHADIR;GUNDOSTU;MIHAJLOV;KAUE;AGCAY;BATISTA;KURTULUS;ER;OZGUR;HACIOGLU;TEHOUE
Bursaspor vs. Kasimpasa - Saturday April 19 - 2008,Bursaspor,hard,4-5-1,VEGA;ERDOGAN;GULDUREN;KORKMAZ;BARIS;AYDIN;SARP;HAS;ACAR;SEN;TUM
Bursaspor vs. Kasimpasa - Saturday April 19 - 2008,Kasimpasa,hard,4-5-1,SINOUH;KURKCU;KARTAL;AKYEL;HACISALIHOGLU;OCAL;BARUT;AKIN;FRANSERGIO;BAYAR;MAWAYE
Fenerbahce vs. Denizlispor - Saturday April 19 - 2008,Denizlispor,hard,4-5-1,KUCUK;CARLOS ALBERTO;JULIO CESAR;VURAL;YIGIT;ABRAHAM;EGEDIK;GULPINAR;YIGEN;SIMSEK;KINALI
Fenerbahce vs. Denizlispor - Saturday April 19 - 2008,Fenerbahce,easy,4-5-1,DEMIREL;LUGANO;EDU DRACENA;GONUL;SAHIN;MEHMET AURELIO;BORAL;ALEX;DEIVID;KAZIM-RICHARDS;KEZMAN
Gaziantepspor vs. Manisaspor - Saturday April 19 - 2008,Gaziantepspor,hard,4-5-1,SAHIN;DEUMI;POLAT;IVAN;DAG;ZURITA;BOLUKBASI;ARSLAN;CEYLAN;OZBAY;OZCAN
Gaziantepspor vs. Manisaspor - Saturday April 19 - 2008,Manisaspor,hard,4-5-1,CEYLAN;ALLYSON;KALABANE;OZTORUN;CALISKAN;AVCI;INAN;VAROL;OZTURK;AKAN;YILMAZ
Sivasspor vs. Ankaraspor - Saturday April 19 - 2008,Ankaraspor,hard,4-4-2,SENECKY;AK;ASIK;RISP;HAMILTON;GUCER;KOCAK;ALBAYRAK;TURKMEN;YILMAZ;DE NIGRIS
Sivasspor vs. Ankaraspor - Saturday April 19 - 2008,Sivasspor,hard,4-5-1,PETKOVIC;SAIDI;DIALLO;SYLLA;TUNCER;AYHAN;UMMAK;MOHAMED ALI;PACHECO;AYDIN;YILDIZ
Trabzonspor vs. Genclerbirligi - Saturday April 19 - 2008,Genclerbirligi,hard,5-4-1,PERIC;EL SAKA;OZBEY;TRAORE;UZUMCU;TEBER;SERAS;NAS;PROMISE;KAHE;CAKIR
Trabzonspor vs. Genclerbirligi - Saturday April 19 - 2008,Trabzonspor,easy,4-3-3,ZENGIN;ATAN;CORA;KECELI;JABI;CIMSIR;ABDELAZIZ;GUNGOR;MEMIS;YATTARA;BULUT
Buyuksehir Belediyespor vs. Galatasaray - Sunday April 20 - 2008,Buyuksehir Belediyespor,hard,4-2-3-1,HASAGIC;KOCALOGLU;MARCUS VINICIUS;OCAK;ZENGIN;TJIKUZU;INANC;SAHIN;KILIC;AKIN;ATES
Buyuksehir Belediyespor vs. Galatasaray - Sunday April 20 - 2008,Galatasaray,easy,4-2-3-1,ERCETIN;GUNGOR;CETIN;BALTA;SARIOGLU;TOPAL;OZBEK;AKMAN;LINCOLN;TURAN;KARAN
Genclerbirligi Oftasspor vs. Kayserispor - Sunday April 20 - 2008,Genclerbirligi Oftasspor,hard,4-4-2,GULER;EKER;KACAR;KALKAN;SELVI;SAM;BEKMEZCI;COSKUN;ATAK;BAYRAKTAR;YAKUBU
Genclerbirligi Oftasspor vs. Kayserispor - Sunday April 20 - 2008,Kayserispor,hard,4-4-2,IVANKOV;AVENDANO;COLGECEN;TOSCALI;TOLEDO;OKYAY;SAIDOU;BASDAG;TOPUZ;BOYRAZ;IGLESIAS
Rizespor vs. Besiktas - Sunday April 20 - 2008,Besiktas,easy,4-4-2,RECBER;KAS;SCHILDENFELD;TORAMAN;UZULMEZ;CISSE;OZKAN;TELLO;HOLOSKO;KARABULUT;NOBRE
Rizespor vs. Besiktas - Sunday April 20 - 2008,Rizespor,hard,4-4-2,GONZALEZ;BOZACI;GAL;KARAER;YILMAZ;KOK;LEANDRO CHAVES;CICEK;ANDERSON;ARSLAN;BOMBINHA
Ankaraspor vs. Genclerbirligi Oftasspor - Saturday April 26 - 2008,Ankaraspor,hard,4-4-2,SENECKY;AK;ASIK;RISP;HAMILTON;KOCAK;ALBAYRAK;TITA;TURKMEN;YILMAZ;DE NIGRIS
Ankaraspor vs. Genclerbirligi Oftasspor - Saturday April 26 - 2008,Genclerbirligi Oftasspor,hard,4-4-2,BILER;EKER;PETKOVIC;ARSLAN;SAM;COSKUN;TOZO;ATAK;YAKUBU;BAYRAKTAR;MENDONCA
Besiktas vs. Bursaspor - Saturday April 26 - 2008,Besiktas,easy,4-4-2,RECBER;KAS;SCHILDENFELD;TORAMAN;UZULMEZ;CISSE;DELGADO;OZKAN;TELLO;HOLOSKO;NOBRE
Besiktas vs. Bursaspor - Saturday April 26 - 2008,Bursaspor,hard,4-5-1,VEGA;ERDOGAN;GULDUREN;KORKMAZ;BARIS;AYDIN;ACAR;HAS;ROMASHCHENKO;GOKTAS;TUM
Denizlispor vs. Sivasspor - Saturday April 26 - 2008,Denizlispor,hard,4-5-1,BASMAZ;AKYILDIZ;BIRINCI;CELEP;JULIO CESAR;VURAL;YIGIT;ABRAHAM;YIGEN;KUS;SIMSEK
Denizlispor vs. Sivasspor - Saturday April 26 - 2008,Sivasspor,hard,4-5-1,PETKOVIC;SAIDI;YERLIKAYA;DERELI;TUNCER;SYLLA;AYHAN;BADUR;PACHECO;AYDIN;YILDIZ
Gaziantepspor vs. Trabzonspor - Saturday April 26 - 2008,Gaziantepspor,hard,4-2-3-1,SAHIN;DEUMI;IRTEGUN;POLAT;IVAN;GUNES;CEYLAN;ZURITA;BOLUKBASI;OZBAY;BETO
Gaziantepspor vs. Trabzonspor - Saturday April 26 - 2008,Trabzonspor,easy,4-4-2,KIVRAK;ATAN;YAVUZ;CORA;BUYUK;COKMUS;GUNGOR;CIMSIR;YATTARA;BULUT;KELES
Genclerbirligi vs. Buyuksehir Belediyespor - Saturday April 26 - 2008,Buyuksehir Belediyespor,hard,4-4-2,TUNC;KOCALOGLU;MARCUS VINICIUS;EKSIOGLU;TJIKUZU;ZENGIN;INANC;AKIN;YILMAZ;ADRIANO;ATES
Genclerbirligi vs. Buyuksehir Belediyespor - Saturday April 26 - 2008,Genclerbirligi,hard,4-4-2,PERIC;EL SAKA;OZBEY;TRAORE;TEBER;NAS;BAYTAR;ESER;PROMISE;KAHE;CAKIR
Kasimpasa vs. Ankaragucu - Saturday April 26 - 2008,Ankaragucu,hard,4-5-1,KIRINTILI;LAMAS;DOGANTEZ;SAID;SUME;OZKAYNAK;CAN;KAYALI;DURUER;EMRECIKSIN;JABA
Kasimpasa vs. Ankaragucu - Saturday April 26 - 2008,Kasimpasa,hard,4-5-1,SINOUH;BERTHEL ASKOU;KURKCU;KARTAL;OCAL;HACISALIHOGLU;BARUT;FRANSERGIO;ANDRE MORITZ;KUCUK;MAWAYE
Kayserispor vs. Rizespor - Saturday April 26 - 2008,Kayserispor,hard,4-3-3,IVANKOV;COLGECEN;TOSCALI;TURAN;OKYAY;SAIDOU;ARSLAN;TOPUZ;BOYRAZ;CANGELE;IGLESIAS
Kayserispor vs. Rizespor - Saturday April 26 - 2008,Rizespor,hard,4-4-2,GONZALEZ;BOZACI;DUYMUS;GAL;VICTORIA;KOK;TATAN;LEANDRO CHAVES;ANDERSON;BOMBINHA;CICEK
Manisaspor vs. Konyaspor - Saturday April 26 - 2008,Konyaspor,hard,4-5-1,BAHADIR;GUNDOSTU;MIHAJLOV;KAUE;ZE GOMES;AGCAY;ER;KURTULUS;ERIS;HACIOGLU;CIHAN
Manisaspor vs. Konyaspor - Saturday April 26 - 2008,Manisaspor,hard,4-5-1,CEYLAN;ALLYSON;KALABANE;ZE ANTONIO;KOCAK;CALISKAN;INCEMAN;VAROL;OZTURK;AKAN;YILMAZ
Galatasaray vs. Fenerbahce - Sunday April 27 - 2008,Fenerbahce,easy,4-2-3-1,DEMIREL;LUGANO;EDU DRACENA;GONUL;MALDONADO;MEHMET AURELIO;BORAL;ALEX;DEIVID;KAZIM-RICHARDS;KEZMAN
Galatasaray vs. Fenerbahce - Sunday April 27 - 2008,Galatasaray,easy,4-4-2,ERCETIN;CETIN;GUNGOR;BALTA;SARIOGLU;TOPAL;OZBEK;AKMAN;TURAN;NONDA;KARAN
Buyuksehir Belediyespor vs. Trabzonspor - Saturday May 3 - 2008,Buyuksehir Belediyespor,hard,4-2-3-1,HASAGIC;KOCALOGLU;KORKMAZ;KAPLAN;SAHIN;TJIKUZU;KORKMAZ;KILIC;ISIKAL;YILMAZ;ADRIANO
Buyuksehir Belediyespor vs. Trabzonspor - Saturday May 3 - 2008,Trabzonspor,easy,4-4-2,KIVRAK;ATAN;CORA;KECELI;BUYUK;COKMUS;CIMSIR;GUNGOR;YATTARA;BULUT;KELES
Genclerbirligi Oftasspor vs. Denizlispor - Saturday May 3 - 2008,Denizlispor,hard,4-5-1,KUCUK;BIRINCI;VURAL;JULIO CESAR;YIGIT;GULPINAR;ABRAHAM;YIGEN;MEMISLER;SIMSEK;KINALI
Genclerbirligi Oftasspor vs. Denizlispor - Saturday May 3 - 2008,Genclerbirligi Oftasspor,hard,4-4-2,GULER;EKER;SELVI;ARSLAN;SAM;COSKUN;TOZO;OZEN;BAYRAKTAR;BOADU;MENDONCA
Rizespor vs. Ankaraspor - Saturday May 3 - 2008,Ankaraspor,hard,4-4-2,OZYIGIT;AK;ASIK;RISP;KOCAK;ALBAYRAK;NECA;HURMACI;DE NIGRIS;YILMAZ;TURKMEN
Rizespor vs. Ankaraspor - Saturday May 3 - 2008,Rizespor,hard,4-4-2,GONZALEZ;GAL;MARQUINHOS;YILMAZ;VICTORIA;TATAN;LEANDRO CHAVES;SEN;BOMBINHA;BIRYOL;CICEK
Bursaspor vs. Kayserispor - Sunday May 4 - 2008,Bursaspor,hard,4-4-2,ERAYDIN;GULDUREN;TUNCER;JASON VANDELANNOITE;AYDIN;SARP;ACAR;SEN;YILDIRIM;GOKTAS;YAGMUR
Bursaspor vs. Kayserispor - Sunday May 4 - 2008,Kayserispor,hard,4-5-1,SONMEZ;AVENDANO;YANAR;OKYAY;BAYRAM;ARSLAN;CAMDALI;YILMAZ;BAL;YILMAZ;BAHADIR
Fenerbahce vs. Genclerbirligi - Sunday May 4 - 2008,Fenerbahce,easy,4-5-1,KULBILGE;CAKMAK;EDU DRACENA;GONUL;MEHMET AURELIO;MALDONADO;BILGIN;BORAL;ALEX;DEIVID;KEZMAN
Fenerbahce vs. Genclerbirligi - Sunday May 4 - 2008,Genclerbirligi,hard,4-5-1,PERIC;ADDO;EL SAKA;OZBEY;UZUMCU;TEBER;SERAS;NAS;BAYTAR;KAHE;CAKIR
Konyaspor vs. Gaziantepspor - Sunday May 4 - 2008,Gaziantepspor,hard,4-5-1,CATKIC;DEUMI;IRTEGUN;POLAT;IVAN;DAG;GUNES;CEYLAN;BOLUKBASI;OZBAY;BETO
Konyaspor vs. Gaziantepspor - Sunday May 4 - 2008,Konyaspor,hard,4-5-1,BAHADIR;GUNDOSTU;MIHAJLOV;KAUE;SEKMAN;AGCAY;KURTULUS;ER;OZGUR;HACIOGLU;CIHAN
Manisaspor vs. Kasimpasa - Sunday May 4 - 2008,Kasimpasa,hard,4-5-1,SINOUH;BERTHEL ASKOU;KURKCU;KARTAL;HACISALIHOGLU;OCAL;BARUT;AKIN;FRANSERGIO;ANDRE MORITZ;MAWAYE
Manisaspor vs. Kasimpasa - Sunday May 4 - 2008,Manisaspor,hard,4-5-1,CEYLAN;ALLYSON;KALABANE;ZE ANTONIO;KOCAK;CALISKAN;INAN;VAROL;OZTURK;AKAN;YILMAZ
Sivasspor vs. Galatasaray - Sunday May 4 - 2008,Galatasaray,easy,4-3-3,ERCETIN;CETIN;GUNGOR;SONG;BALTA;SARIOGLU;TOPAL;OZBEK;AKMAN;TURAN;NONDA
Sivasspor vs. Galatasaray - Sunday May 4 - 2008,Sivasspor,hard,4-5-1,PETKOVIC;DIALLO;SAIDI;YERLIKAYA;DERELI;SYLLA;BADUR;AYHAN;MOHAMED ALI;AYDIN;YILDIZ
Ankaraspor vs. Bursaspor - Saturday May 10 - 2008,Ankaraspor,hard,4-4-2,SENECKY;AK;ASIK;AKYUZ;KOCAK;ALBAYRAK;HURMACI;TOSUN;DE NIGRIS;KOSE;TURKMEN
Ankaraspor vs. Bursaspor - Saturday May 10 - 2008,Bursaspor,hard,4-5-1,ERAYDIN;GULDUREN;KORKMAZ;BEKIROGLU;SARP;HAS;ACAR;ROMASHCHENKO;GUTIERREZ;GOKTAS;ZUNIGA
Besiktas vs. Manisaspor - Saturday May 10 - 2008,Besiktas,easy,4-4-2,RECBER;KAS;TORAMAN;UZULMEZ;TANDOGAN;CISSE;DELGADO;OZKAN;TELLO;HOLOSKO;NOBRE
Besiktas vs. Manisaspor - Saturday May 10 - 2008,Manisaspor,hard,5-4-1,CEYLAN;ALLYSON;KALABANE;ZE ANTONIO;BALIOGLU;KOCAK;INAN;VAROL;OZTURK;AKAN;YILMAZ
Denizlispor vs. Rizespor - Saturday May 10 - 2008,Denizlispor,hard,4-5-1,KUCUK;BIRINCI;VURAL;JULIO CESAR;YIGIT;GULPINAR;ABRAHAM;YIGEN;MEMISLER;KUS;KINALI
Denizlispor vs. Rizespor - Saturday May 10 - 2008,Rizespor,hard,4-4-2,GONZALEZ;BOZACI;KARAER;MARQUINHOS;YILMAZ;VICTORIA;CAPOGLU;LEANDRO CHAVES;SEN;ARSLAN;BOMBINHA
Galatasaray vs. Genclerbirligi Oftasspor - Saturday May 10 - 2008,Galatasaray,easy,4-4-2,ERCETIN;CETIN;GUNGOR;BALTA;SARIOGLU;TOPAL;OZBEK;AKMAN;TURAN;SUKUR;KARAN
Galatasaray vs. Genclerbirligi Oftasspor - Saturday May 10 - 2008,Genclerbirligi Oftasspor,hard,4-5-1,BILER;PETKOVIC;TOKTAS;KALKAN;ARSLAN;SAM;TOZO;BEKMEZCI;COSKUN;ATAK;BAYRAKTAR
Gaziantepspor vs. Buyuksehir Belediyespor - Saturday May 10 - 2008,Buyuksehir Belediyespor,hard,4-4-2,HASAGIC;KOCALOGLU;KORKMAZ;KAPLAN;SAHIN;INANC;KORKMAZ;KILIC;YILMAZ;ADRIANO;ESER
Gaziantepspor vs. Buyuksehir Belediyespor - Saturday May 10 - 2008,Gaziantepspor,hard,4-4-2,CATKIC;IRTEGUN;POLAT;IVAN;DAG;GUNES;CEYLAN;OZBAY;KOYBASI;KILICASLAN;BETO
Genclerbirligi vs. Sivasspor - Saturday May 10 - 2008,Genclerbirligi,hard,4-5-1,OZTURK;ADDO;EL SAKA;UZUMCU;TEBER;KIRAZ;ASLANTAS;MOHAMMED;NAS;ESER;KAHE
Genclerbirligi vs. Sivasspor - Saturday May 10 - 2008,Sivasspor,hard,4-5-1,PETKOVIC;DIALLO;SOZGELMEZ;YERLIKAYA;DERELI;SYLLA;BADUR;PACHECO;MOHAMED ALI;AYDIN;YILDIZ
Kasimpasa vs. Konyaspor - Saturday May 10 - 2008,Kasimpasa,hard,4-5-1,OZGEN;KURKCU;KARTAL;AKYEL;HACISALIHOGLU;OCAL;BARUT;AKIN;ANDRE MORITZ;KUCUK;MAWAYE
Kasimpasa vs. Konyaspor - Saturday May 10 - 2008,Konyaspor,hard,4-4-2,KAHRIMAN;GUNDOSTU;MIHAJLOV;ICTEN;SEKMAN;BATISTA;AGCAY;ER;HACIOGLU;TEHOUE;WASHINGTON
Kayserispor vs. Ankaragucu - Saturday May 10 - 2008,Ankaragucu,hard,4-5-1,OZGULTEKIN;LAMAS;DOGANTEZ;OZKAYNAK;AKTURK;CAN;DURUER;EGE;ERDOGAN;EMRECIKSIN;BEBBE
Kayserispor vs. Ankaragucu - Saturday May 10 - 2008,Kayserispor,hard,4-5-1,SONMEZ;COLGECEN;YANAR;OKYAY;BAYRAM;CAMDALI;YILMAZ;TOPUZ;BAL;BAHADIR;YILMAZ
Trabzonspor vs. Fenerbahce - Saturday May 10 - 2008,Fenerbahce,easy,4-2-3-1,KULBILGE;CAKMAK;EDU DRACENA;GONUL;SAHIN;MEHMET AURELIO;BORAL;ALEX;DEIVID;KAZIM-RICHARDS;SENTURK
Trabzonspor vs. Fenerbahce - Saturday May 10 - 2008,Trabzonspor,easy,4-4-2,KIVRAK;ATAN;KECELI;COKMUS;BALCI;BUYUK;CIMSIR;ABDELAZIZ;YATTARA;BULUT;KELES
