game,team,difficulty,formation,lineup
Antalyaspor vs. Kayseri Erciyesspor - Friday August 16 - 2013,Antalyaspor,hard,4-2-3-1,ARIKAN;SEDEF;NIZAM;GUNGOR;ARSLAN;BALCI;INCEMAN;TITA;AISSATI;PROMISE;DIARRA
Antalyaspor vs. Kayseri Erciyesspor - Friday August 16 - 2013,Kayseri Erciyesspor,hard,4-2-3-1,JORGACEVIC;EKSIOGLU;KOCABAS;MANGANE;CAN;MANDJECK;ATAK;OKUMAK;AZOFEIFA;OZTEKIN;VLEMINCKX
Kardemir Karabukspor vs. Kasimpasa - Saturday August 17 - 2013,Kardemir Karabukspor,hard,4-4-2,WATERMAN;UCAR;MABIALA;PUYGRENIER;OZGENC;OZEK;SOW;OZMERT;PARLAK;UNAL;LUALUA
Kardemir Karabukspor vs. Kasimpasa - Saturday August 17 - 2013,Kasimpasa,hard,4-2-3-1,ISAKSSON;KAPLAN;AYHAN;DONK;SAM;SERAS;FRITZLER;HURMACI;SCARIONE;BABEL;BUYUK
Konyaspor vs. Fenerbahce - Saturday August 17 - 2013,Fenerbahce,easy,4-2-3-1,GUNOK;KALDIRIM;IRTEGUN;YOBO;TOPUZ;CRISTIAN;BELOZOGLU;SOW;POTUK;KUYT;EMENIKE
Konyaspor vs. Fenerbahce - Saturday August 17 - 2013,Konyaspor,hard,4-3-3,ITANDJE;BARDAKCI;AY;KOKALOVIC;TURAN;CAMDALI;BOREK;CAKMAK;KILICASLAN;THORVALDSSON;MARC KIBONG MBAMBA
Rizespor vs. Genclerbirligi - Saturday August 17 - 2013,Genclerbirligi,hard,4-2-3-1,KOSE;TOSIC;BAYRAK;KULUSIC;YANIK;GOSSO;KAYA;CELIK;DURMAZ;TOMIC;STANCU
Rizespor vs. Genclerbirligi - Saturday August 17 - 2013,Rizespor,hard,4-2-3-1,PAWELEK;ADNAN;OZMEN;VIERA;ALTINAY;SYLVESTRE;KARAKAS;KAYA;CERNAT;KOSE;KALU
Akhisar Belediyespor vs. Elazigspor - Sunday August 18 - 2013,Akhisar Belediyespor,hard,4-4-2,DAGLAROGLU;ATAN;DEMIROK;SONKO;EREN;VURAL;ALADAG;KISA;CEBE;NIASSE;BRUNO MEZENGA
Akhisar Belediyespor vs. Elazigspor - Sunday August 18 - 2013,Elazigspor,hard,4-2-3-1,IVESA;OZKAYA;FABIO BILICA;GORK;ALKASI;NAS;SANE;OZKAN;KALEMCI;GURLER;ALBERG
Besiktas vs. Trabzonspor - Sunday August 18 - 2013,Besiktas,easy,4-2-3-1,ZENGIN;GULUM;ESCUDE;SIVOK;KURTULUS;HUTCHINSON;KAVLAK;SAHAN;FERNANDES;DENTINHO;PEKTEMEK
Besiktas vs. Trabzonspor - Sunday August 18 - 2013,Trabzonspor,easy,4-2-3-1,KIVRAK;ADIN;YUMLU;DEMIR;YAVRU;AKGUN;COLMAN;SEN;MALOUDA;ALANZINHO;HENRIQUE
Eskisehirspor vs. Bursaspor - Sunday August 18 - 2013,Bursaspor,hard,4-2-3-1,FREY;TAIWO;CIVELLI;OZTURK;OZBAYRAKLI;CINAZ;CAGIRAN;SANLI;BATALLA;SESTAK;PINTO
Eskisehirspor vs. Bursaspor - Sunday August 18 - 2013,Eskisehirspor,hard,4-2-3-1,BOFFIN;CAMDAL;DIEGO ANGELO;AKAMINKO;SARI;KARA;N'DIAYE;ZENGIN;CEK;KAMARA;BIENVENU
Galatasaray vs. Gaziantepspor - Monday August 19 - 2013,Galatasaray,easy,4-4-2,MUSLERA;BALTA;CHEDJOU;KAYA;EBOUE;INAN;FELIPE MELO;SNEIJDER;ALTINTOP;YILMAZ;DROGBA
Galatasaray vs. Gaziantepspor - Monday August 19 - 2013,Gaziantepspor,hard,4-2-3-1,KARCEMARSKAS;CAN;KECOJEVIC;BINYA;OZBAYRAKTAR;CALIS;HAS;SAHIN;MEDUNJANIN;TOSUN;SERNAS
Kayserispor vs. Sivasspor - Monday August 19 - 2013,Kayserispor,hard,4-2-3-1,TASKIRAN;BAYRAM;ZURAB KHIZANISHVILI;SIMIC;DURSUN;MIJAILOVIC;ARICA;MOUCHE;CLEYTON;YILMAZ;NOBRE
Kayserispor vs. Sivasspor - Monday August 19 - 2013,Sivasspor,hard,4-2-3-1,BORJAN;ERDAL;KURT;DA COSTA;CICINHO;BEKMEZCI;KOCAK;GROSICKI;CHAHECHOUHE;ESER;UTAKA
Genclerbirligi vs. Akhisar Belediyespor - Friday August 23 - 2013,Akhisar Belediyespor,hard,4-4-2,DAGLAROGLU;ATAN;DEMIROK;SONKO;EREN;VURAL;ALADAG;KISA;CEBE;NIASSE;BRUNO MEZENGA
Genclerbirligi vs. Akhisar Belediyespor - Friday August 23 - 2013,Genclerbirligi,hard,4-2-3-1,KOSE;CIFTCI;TOSIC;CALIK;YANIK;GOSSO;CALISKAN;ZEC;DELIBALTA;DURMAZ;STANCU
Fenerbahce vs. Eskisehirspor - Saturday August 24 - 2013,Eskisehirspor,hard,4-2-3-1,BOFFIN;CAMDAL;DIEGO ANGELO;AKAMINKO;SARI;KARA;N'DIAYE;ZENGIN;CEK;KAMARA;BIENVENU
Fenerbahce vs. Eskisehirspor - Saturday August 24 - 2013,Fenerbahce,easy,4-2-3-1,GUNOK;ERKIN;KORKMAZ;ALVES;GONUL;SAHIN;MEIRELES;EMENIKE;POTUK;KUYT;WEBO
Gaziantepspor vs. Antalyaspor - Saturday August 24 - 2013,Antalyaspor,hard,4-2-3-1,FORNEZZI;SEDEF;FERDINAND;GUNGOR;BALCI;DAGASAN;INCEMAN;TITA;AISSATI;BASSAN;BAROS
Gaziantepspor vs. Antalyaspor - Saturday August 24 - 2013,Gaziantepspor,hard,4-2-3-1,KARCEMARSKAS;CAN;KECOJEVIC;TOKAK;DAG;CALIS;HAS;SAHIN;MEDUNJANIN;TOSUN;SERNAS
Kasimpasa vs. Kayserispor - Saturday August 24 - 2013,Kasimpasa,hard,4-2-3-1,ISAKSSON;KAPLAN;AYHAN;DONK;SAM;CASTRO;SERAS;HURMACI;SCARIONE;BABEL;MALKI
Kasimpasa vs. Kayserispor - Saturday August 24 - 2013,Kayserispor,hard,4-2-3-1,TASKIRAN;BAYRAM;ZURAB KHIZANISHVILI;DURAK;DURSUN;MIJAILOVIC;ARICA;BISESWAR;CLEYTON;YILMAZ;NOBRE
Bursaspor vs. Galatasaray - Sunday August 25 - 2013,Bursaspor,hard,4-2-3-1,FREY;TAIWO;CIVELLI;OZTURK;OZBAYRAKLI;CINAZ;BELLUSCHI;SANLI;BATALLA;YILDIRIM;PINTO
Bursaspor vs. Galatasaray - Sunday August 25 - 2013,Galatasaray,easy,4-4-2,MUSLERA;BALTA;CHEDJOU;ZAN;EBOUE;INAN;FELIPE MELO;SNEIJDER;ALTINTOP;YILMAZ;DROGBA
Elazigspor vs. Kardemir Karabukspor - Sunday August 25 - 2013,Elazigspor,hard,4-2-3-1,OZER;OZKAYA;BIRINCI;GORK;ALKASI;KALEMCI;SANE;OZKAN;YEDEK;GURLER;HADJI
Elazigspor vs. Kardemir Karabukspor - Sunday August 25 - 2013,Kardemir Karabukspor,hard,4-4-2,WATERMAN;UCAR;MABIALA;PUYGRENIER;OZGENC;OZEK;SOW;OZMERT;PARLAK;UNAL;LUALUA
Sivasspor vs. Konyaspor - Sunday August 25 - 2013,Konyaspor,hard,4-2-3-1,ITANDJE;USLU;AY;KOKALOVIC;TURAN;BOREK;CAMDALI;KILICASLAN;MARC KIBONG MBAMBA;SAHINER;THORVALDSSON
Sivasspor vs. Konyaspor - Sunday August 25 - 2013,Sivasspor,hard,4-2-3-1,BORJAN;ERDAL;KURT;DA COSTA;CICINHO;BEKMEZCI;KOCAK;CHAHECHOUHE;TAOUIL;ESER;UTAKA
Kayseri Erciyesspor vs. Besiktas - Monday August 26 - 2013,Besiktas,easy,4-2-3-1,ZENGIN;GULUM;ESCUDE;SIVOK;KURTULUS;HUTCHINSON;KAVLAK;SAHAN;FERNANDES;TORE;ALMEIDA
Kayseri Erciyesspor vs. Besiktas - Monday August 26 - 2013,Kayseri Erciyesspor,hard,4-2-3-1,JORGACEVIC;EKSIOGLU;KOCABAS;MANGANE;CAN;MANDJECK;ATAK;OZTEKIN;AZOFEIFA;ARAUZ;VLEMINCKX
Trabzonspor vs. Rizespor - Monday August 26 - 2013,Rizespor,hard,4-2-3-1,PAWELEK;ADNAN;OZMEN;VIERA;ALTINAY;SYLVESTRE;KARAKAS;ALBAYRAK;KAYA;KOSE;KALU
Trabzonspor vs. Rizespor - Monday August 26 - 2013,Trabzonspor,easy,4-2-3-1,KIVRAK;ADIN;DEMIR;YUMLU;YAVRU;AKGUN;ZOKORA;SEN;AYDOGDU;MIERZEJEWSKI;HENRIQUE
Eskisehirspor vs. Galatasaray - Friday August 30 - 2013,Eskisehirspor,hard,4-2-3-1,BOFFIN;CAMDAL;DIEGO ANGELO;AKAMINKO;SARI;KARA;N'DIAYE;ZENGIN;SENTURK;KAMARA;ATES
Eskisehirspor vs. Galatasaray - Friday August 30 - 2013,Galatasaray,easy,4-4-2,MUSLERA;BALTA;KAYA;ZAN;EBOUE;INAN;FELIPE MELO;SNEIJDER;BAYTAR;YILMAZ;DROGBA
Konyaspor vs. Kasimpasa - Friday August 30 - 2013,Kasimpasa,hard,4-2-3-1,ISAKSSON;KAPLAN;AYHAN;DONK;SUME;CASTRO;SERAS;HURMACI;SCARIONE;BABEL;MALKI
Konyaspor vs. Kasimpasa - Friday August 30 - 2013,Konyaspor,hard,4-3-3,ITANDJE;USLU;AY;KOKALOVIC;TURAN;CAMDALI;BOREK;CAKMAK;KILICASLAN;THORVALDSSON;MARC KIBONG MBAMBA
Antalyaspor vs. Bursaspor - Saturday August 31 - 2013,Antalyaspor,hard,4-3-3,ARIKAN;SEDEF;FERDINAND;GUNGOR;BALCI;INSA;DAGASAN;INCEMAN;TITA;BAROS;BASSAN
Antalyaspor vs. Bursaspor - Saturday August 31 - 2013,Bursaspor,hard,4-2-3-1,FREY;TAIWO;CIVELLI;OZTURK;OZBAYRAKLI;CINAZ;BELLUSCHI;SANLI;BATALLA;YILDIRIM;PINTO
Fenerbahce vs. Sivasspor - Saturday August 31 - 2013,Fenerbahce,easy,4-2-3-1,DEMIREL;ERKIN;KORKMAZ;ALVES;GONUL;SAHIN;MEIRELES;EMENIKE;HOLMEN;KUYT;WEBO
Fenerbahce vs. Sivasspor - Saturday August 31 - 2013,Sivasspor,hard,4-2-3-1,BORJAN;ERDAL;KURT;DA COSTA;CICINHO;BEKMEZCI;KOCAK;CHAHECHOUHE;TAOUIL;ESER;UTAKA
Kayserispor vs. Elazigspor - Saturday August 31 - 2013,Elazigspor,hard,4-2-3-1,OZER;OZKAYA;BIRINCI;GORK;ASLAN;KALEMCI;SANE;OZKAN;YEDEK;GURLER;YILMAZ
Kayserispor vs. Elazigspor - Saturday August 31 - 2013,Kayserispor,hard,4-2-3-1,TASKIRAN;BAYRAM;ZURAB KHIZANISHVILI;DURAK;DURSUN;MIJAILOVIC;ARICA;MOUCHE;BISESWAR;YILMAZ;CLEYTON
Akhisar Belediyespor vs. Trabzonspor - Sunday September 1 - 2013,Akhisar Belediyespor,hard,4-2-3-1,DAGLAROGLU;ATAN;DEMIROK;SONKO;EREN;YUCE;ALADAG;VURAL;KISA;NIASSE;BRUNO MEZENGA
Akhisar Belediyespor vs. Trabzonspor - Sunday September 1 - 2013,Trabzonspor,easy,4-2-3-1,KIVRAK;ADIN;DEMIR;KACAR;YAVRU;AKGUN;ZOKORA;SEN;MALOUDA;MIERZEJEWSKI;HENRIQUE
Besiktas vs. Gaziantepspor - Sunday September 1 - 2013,Besiktas,easy,4-2-3-1,ZENGIN;HUTCHINSON;ESCUDE;SIVOK;KURTULUS;OZYAKUP;KAVLAK;SAHAN;FERNANDES;TORE;ALMEIDA
Besiktas vs. Gaziantepspor - Sunday September 1 - 2013,Gaziantepspor,hard,4-2-3-1,KARCEMARSKAS;CAN;KECOJEVIC;BINYA;KAVUK;CALIS;HAS;DURAK;MEDUNJANIN;DAG;TOSUN
Kardemir Karabukspor vs. Genclerbirligi - Sunday September 1 - 2013,Genclerbirligi,hard,4-2-3-1,KOSE;CIFTCI;TOSIC;KULUSIC;YANIK;ILERI;CALISKAN;ZEC;DELIBALTA;DURMAZ;STANCU
Kardemir Karabukspor vs. Genclerbirligi - Sunday September 1 - 2013,Kardemir Karabukspor,hard,4-4-2,WATERMAN;DOGAN;MABIALA;PUYGRENIER;UCAR;OZEK;SOW;OZMERT;PARLAK;UNAL;LUALUA
Rizespor vs. Kayseri Erciyesspor - Sunday September 1 - 2013,Kayseri Erciyesspor,hard,4-2-3-1,JORGACEVIC;EKSIOGLU;KOCABAS;MANGANE;CAN;MANDJECK;ATAK;OZTEKIN;IBRICIC;ARAUZ;VLEMINCKX
Rizespor vs. Kayseri Erciyesspor - Sunday September 1 - 2013,Rizespor,hard,4-2-3-1,PAWELEK;ADNAN;OZMEN;VIERA;ALTINAY;SYLVESTRE;KARAKAS;KOSE;CERNAT;KAYA;KALU
Galatasaray vs. Antalyaspor - Friday September 13 - 2013,Antalyaspor,hard,4-2-3-1,ARIKAN;WEDERSON;FERDINAND;GUNGOR;SEDEF;BALCI;INSA;TITA;BASSAN;PROMISE;BAROS
Galatasaray vs. Antalyaspor - Friday September 13 - 2013,Galatasaray,easy,4-4-2,ISCAN;BALTA;CHEDJOU;KAYA;EBOUE;AMRABAT;FELIPE MELO;BAYTAR;COLAK;YILMAZ;DROGBA
Gaziantepspor vs. Rizespor - Saturday September 14 - 2013,Gaziantepspor,hard,4-2-3-1,KARCEMARSKAS;CAN;KECOJEVIC;BINYA;STANKEVICIUS;HAS;MEDUNJANIN;SAHIN;STILIC;CALIS;TOSUN
Gaziantepspor vs. Rizespor - Saturday September 14 - 2013,Rizespor,hard,4-2-3-1,KIRINTILI;ADNAN;OZMEN;VIERA;ALTINAY;KAGAN SOYLEMEZGILLER;KARAKAS;ALBAYRAK;SYLVESTRE;KAYA;KOSE
Kayseri Erciyesspor vs. Akhisar Belediyespor - Saturday September 14 - 2013,Akhisar Belediyespor,hard,4-2-3-1,DAGLAROGLU;ATAN;DEMIROK;SONKO;EREN;YUCE;ALADAG;VURAL;KISA;NIASSE;BRUNO MEZENGA
Kayseri Erciyesspor vs. Akhisar Belediyespor - Saturday September 14 - 2013,Kayseri Erciyesspor,hard,4-2-3-1,JORGACEVIC;EKSIOGLU;KOCABAS;MANGANE;GUVEN;CAN;TRAORE;OZTEKIN;AZOFEIFA;IBRICIC;BILGI
Trabzonspor vs. Kardemir Karabukspor - Saturday September 14 - 2013,Kardemir Karabukspor,hard,4-4-2,WATERMAN;UCAR;MABIALA;PUYGRENIER;OZGENC;OZEK;SOW;OZMERT;PARLAK;UNAL;LUALUA
Trabzonspor vs. Kardemir Karabukspor - Saturday September 14 - 2013,Trabzonspor,easy,4-2-3-1,KIVRAK;ADIN;DEMIR;YUMLU;YAVRU;AKGUN;ZOKORA;MALOUDA;MIERZEJEWSKI;ERDOGAN;HENRIQUE
Bursaspor vs. Besiktas - Sunday September 15 - 2013,Besiktas,easy,4-2-3-1,ZENGIN;RAMON;ESCUDE;SIVOK;KURTULUS;HUTCHINSON;OZYAKUP;SAHAN;FERNANDES;TORE;ALMEIDA
Bursaspor vs. Besiktas - Sunday September 15 - 2013,Bursaspor,hard,4-2-3-1,FREY;TAIWO;CIVELLI;OZTURK;OZBAYRAKLI;PEHLIVAN;CINAZ;SANLI;BATALLA;YILDIRIM;PINTO
Elazigspor vs. Konyaspor - Sunday September 15 - 2013,Elazigspor,hard,4-2-3-1,OZER;OZKAYA;BIRINCI;GORK;ASLAN;KALEMCI;SANE;OZKAN;YEDEK;GURLER;YILMAZ
Elazigspor vs. Konyaspor - Sunday September 15 - 2013,Konyaspor,hard,4-3-3,ITANDJE;TEBER;AY;KOKALOVIC;TURAN;GUVEN;BOREK;CAMDALI;KILICASLAN;GEKAS;SAHINER
Genclerbirligi vs. Kayserispor - Sunday September 15 - 2013,Genclerbirligi,hard,4-2-3-1,KOSE;CIFTCI;TOSIC;CALIK;YANIK;ILERI;GOSSO;ZEC;DELIBALTA;DURMAZ;STANCU
Genclerbirligi vs. Kayserispor - Sunday September 15 - 2013,Kayserispor,hard,4-2-3-1,TASKIRAN;BAYRAM;ZURAB KHIZANISHVILI;SERENO;DURSUN;MIJAILOVIC;DURAK;MOUCHE;CLEYTON;YILMAZ;BAKIS
Sivasspor vs. Eskisehirspor - Sunday September 15 - 2013,Eskisehirspor,hard,4-2-3-1,BOFFIN;CAMDAL;DIEGO ANGELO;AKAMINKO;SARI;KARA;N'DIAYE;ZENGIN;KILIC;KAMARA;BIENVENU
Sivasspor vs. Eskisehirspor - Sunday September 15 - 2013,Sivasspor,hard,4-2-3-1,BORJAN;ERDAL;KURT;DA COSTA;CICINHO;BEKMEZCI;KOCAK;CHAHECHOUHE;TAOUIL;ESER;UTAKA
Kasimpasa vs. Fenerbahce - Monday September 16 - 2013,Fenerbahce,easy,4-2-3-1,DEMIREL;ERKIN;KORKMAZ;ALVES;GONUL;SAHIN;MEIRELES;EMENIKE;HOLMEN;KUYT;WEBO
Kasimpasa vs. Fenerbahce - Monday September 16 - 2013,Kasimpasa,hard,4-2-3-1,ISAKSSON;KAPLAN;AYHAN;DONK;SAM;SERAS;CASTRO;BABEL;SCARIONE;VIUDEZ;MALKI
Akhisar Belediyespor vs. Gaziantepspor - Friday September 20 - 2013,Akhisar Belediyespor,hard,4-4-2,DAGLAROGLU;ATAN;DEMIROK;SONKO;EREN;VURAL;YUCE;KISA;CEBE;NIASSE;BRUNO MEZENGA
Akhisar Belediyespor vs. Gaziantepspor - Friday September 20 - 2013,Gaziantepspor,hard,4-2-3-1,KULBILGE;CAN;KECOJEVIC;BINYA;STANKEVICIUS;HAS;MEDUNJANIN;CALIS;STILIC;OZBAYRAKTAR;TOSUN
Kardemir Karabukspor vs. Kayseri Erciyesspor - Friday September 20 - 2013,Kardemir Karabukspor,hard,4-2-3-1,WATERMAN;UCAR;MABIALA;PUYGRENIER;OZGENC;INCEDEMIR;OZMERT;PEDERSEN;OZCAL;OZEK;PARLAK
Kardemir Karabukspor vs. Kayseri Erciyesspor - Friday September 20 - 2013,Kayseri Erciyesspor,hard,4-2-3-1,JORGACEVIC;EKSIOGLU;KOCABAS;MANGANE;GUVEN;CAN;TRAORE;OZTEKIN;AZOFEIFA;IBRICIC;VLEMINCKX
Eskisehirspor vs. Antalyaspor - Saturday September 21 - 2013,Antalyaspor,hard,4-2-3-1,ARIKAN;WEDERSON;BARIS;GUNGOR;ARSLAN;BALCI;INSA;TITA;BASSAN;PROMISE;DIARRA
Eskisehirspor vs. Antalyaspor - Saturday September 21 - 2013,Eskisehirspor,hard,4-4-2,BOFFIN;CAMDAL;DIEGO ANGELO;AKAMINKO;SARI;KILIC;N'DIAYE;GUCER;KAMARA;ATES;JORQUERA
Fenerbahce vs. Elazigspor - Saturday September 21 - 2013,Elazigspor,hard,4-2-3-1,OZER;OZKAYA;BIRINCI;GORK;ASLAN;SOW;SANE;OZKAN;YEDEK;GURLER;YILMAZ
Fenerbahce vs. Elazigspor - Saturday September 21 - 2013,Fenerbahce,easy,4-2-3-1,DEMIREL;ERKIN;KORKMAZ;ALVES;GONUL;TOPAL;MEIRELES;SOW;CRISTIAN;KUYT;WEBO
Konyaspor vs. Genclerbirligi - Saturday September 21 - 2013,Genclerbirligi,hard,4-2-3-1,KOSE;CIFTCI;TOSIC;KULUSIC;KURTULUS;ILERI;GOSSO;CELIK;DELIBALTA;DURMAZ;STANCU
Konyaspor vs. Genclerbirligi - Saturday September 21 - 2013,Konyaspor,hard,4-2-3-1,ITANDJE;TEBER;AY;KOKALOVIC;TURAN;CAMDALI;CAKMAK;NDOUASEL;MARC KIBONG MBAMBA;KILICASLAN;GEKAS
Sivasspor vs. Kasimpasa - Saturday September 21 - 2013,Kasimpasa,hard,4-2-3-1,AVCIBAY;KAPLAN;AYHAN;DONK;SUME;SERAS;CASTRO;BABEL;SCARIONE;VIUDEZ;MALKI
Sivasspor vs. Kasimpasa - Saturday September 21 - 2013,Sivasspor,hard,4-2-3-1,CELIKAY;ERDAL;KURT;DA COSTA;CICINHO;BEKMEZCI;KOCAK;KARABULUT;TAOUIL;ESER;CHAHECHOUHE
Besiktas vs. Galatasaray - Sunday September 22 - 2013,Besiktas,easy,4-2-3-1,ZENGIN;RAMON;ESCUDE;SIVOK;KURTULUS;HUTCHINSON;KAVLAK;SAHAN;FERNANDES;TORE;ALMEIDA
Besiktas vs. Galatasaray - Sunday September 22 - 2013,Galatasaray,easy,4-4-2,MUSLERA;BALTA;KAYA;NOUNKEU;SARIOGLU;INAN;FELIPE MELO;SNEIJDER;BAYTAR;YILMAZ;DROGBA
Rizespor vs. Bursaspor - Sunday September 22 - 2013,Bursaspor,hard,4-2-3-1,FREY;TAIWO;AZIZ;CIVELLI;OZBAYRAKLI;CINAZ;YILDIRIM;KIRAZ;BATALLA;SANLI;KAZIM-RICHARDS
Rizespor vs. Bursaspor - Sunday September 22 - 2013,Rizespor,hard,4-2-3-1,KIRINTILI;ADNAN;OZMEN;VIERA;ALTINAY;SYLVESTRE;KARAKAS;KOSE;CERNAT;KAYA;KWEUKE
Kayserispor vs. Trabzonspor - Monday September 23 - 2013,Kayserispor,hard,4-2-3-1,TASKIRAN;BAYRAM;SERENO;MIJAILOVIC;DURSUN;DURAK;CLEYTON;MOUCHE;BISESWAR;YILMAZ;JAJA
Kayserispor vs. Trabzonspor - Monday September 23 - 2013,Trabzonspor,easy,4-2-3-1,KIVRAK;ADIN;DEMIR;YUMLU;BOSINGWA;ZOKORA;AKGUN;MALOUDA;MIERZEJEWSKI;ERDOGAN;HENRIQUE
Bursaspor vs. Akhisar Belediyespor - Friday September 27 - 2013,Akhisar Belediyespor,hard,4-4-2,DAGLAROGLU;ATAN;DEMIROK;SONKO;EREN;VURAL;YUCE;KISA;CEBE;NIASSE;BRUNO MEZENGA
Bursaspor vs. Akhisar Belediyespor - Friday September 27 - 2013,Bursaspor,hard,4-2-3-1,FREY;TAIWO;AZIZ;CIVELLI;CHRETIEN;CINAZ;CAGIRAN;KIRAZ;BATALLA;KAZIM-RICHARDS;UNAL
Galatasaray vs. Rizespor - Saturday September 28 - 2013,Galatasaray,easy,4-4-2,MUSLERA;BALTA;KAYA;NOUNKEU;SARIOGLU;SNEIJDER;INAN;BAYTAR;BRUMA;YILMAZ;DROGBA
Galatasaray vs. Rizespor - Saturday September 28 - 2013,Rizespor,hard,4-2-3-1,KIRINTILI;ADNAN;OZMEN;VIERA;ALTINAY;SYLVESTRE;KARAKAS;KOSE;CERNAT;KAYA;KWEUKE
Gaziantepspor vs. Kardemir Karabukspor - Saturday September 28 - 2013,Gaziantepspor,hard,4-4-2,KULBILGE;CAN;KECOJEVIC;STANKEVICIUS;DAG;TRAORE;HAS;MEDUNJANIN;OZBAYRAKTAR;TOSUN;DEMIR
Gaziantepspor vs. Kardemir Karabukspor - Saturday September 28 - 2013,Kardemir Karabukspor,hard,4-4-2,WATERMAN;UCAR;MABIALA;PUYGRENIER;OZGENC;KAS;OZMERT;OZCAL;OZEK;PARLAK;LUALUA
Elazigspor vs. Sivasspor - Sunday September 29 - 2013,Elazigspor,hard,4-2-3-1,OZER;OZKAYA;BIRINCI;GORK;ASLAN;VITOLO;SANE;OZKAN;YEDEK;GURLER;YILMAZ
Elazigspor vs. Sivasspor - Sunday September 29 - 2013,Sivasspor,hard,4-2-3-1,CELIKAY;ERDAL;KURT;DA COSTA;CICINHO;BEKMEZCI;TAOUIL;KARABULUT;CHAHECHOUHE;ESER;UTAKA
Genclerbirligi vs. Fenerbahce - Sunday September 29 - 2013,Fenerbahce,easy,4-2-3-1,DEMIREL;ERKIN;KORKMAZ;ALVES;GONUL;TOPAL;MEIRELES;SOW;POTUK;KUYT;WEBO
Genclerbirligi vs. Fenerbahce - Sunday September 29 - 2013,Genclerbirligi,hard,4-2-3-1,KOSE;CIFTCI;TOSIC;KULUSIC;KURTULUS;ILERI;GOSSO;CELIK;PETROVIC;DURMAZ;STANCU
Kasimpasa vs. Eskisehirspor - Sunday September 29 - 2013,Eskisehirspor,hard,4-2-3-1,BOFFIN;CAMDAL;DIEGO ANGELO;AKAMINKO;SARI;KARA;N'DIAYE;ZENGIN;KILIC;KAMARA;BIENVENU
Kasimpasa vs. Eskisehirspor - Sunday September 29 - 2013,Kasimpasa,hard,4-2-3-1,AVCIBAY;KAPLAN;AYHAN;DONK;SUME;CASTRO;SERAS;BABEL;SCARIONE;VIUDEZ;MALKI
Trabzonspor vs. Konyaspor - Sunday September 29 - 2013,Konyaspor,hard,4-2-3-1,ITANDJE;TEBER;AY;KOKALOVIC;TURAN;CAMDALI;CAKMAK;KILICASLAN;AYDIN;DJALMA;NDOUASEL
Trabzonspor vs. Konyaspor - Sunday September 29 - 2013,Trabzonspor,easy,4-2-3-1,KIVRAK;ADIN;DEMIR;YUMLU;BOSINGWA;ZOKORA;AKGUN;MALOUDA;MIERZEJEWSKI;ERDOGAN;HENRIQUE
Antalyaspor vs. Besiktas - Monday September 30 - 2013,Antalyaspor,hard,4-3-3,ARIKAN;WEDERSON;SEDEF;GUNGOR;ARSLAN;INSA;BALCI;INCEMAN;TITA;DIARRA;PROMISE
Antalyaspor vs. Besiktas - Monday September 30 - 2013,Besiktas,easy,4-2-3-1,ZENGIN;RAMON;ESCUDE;SIVOK;KURTULUS;HUTCHINSON;KAVLAK;SAHAN;FERNANDES;TORE;ALMEIDA
Kayseri Erciyesspor vs. Kayserispor - Monday September 30 - 2013,Kayseri Erciyesspor,hard,4-2-3-1,JORGACEVIC;EKSIOGLU;KOCABAS;MANGANE;GUVEN;CAN;TRAORE;OZTEKIN;AZOFEIFA;IBRICIC;VLEMINCKX
Kayseri Erciyesspor vs. Kayserispor - Monday September 30 - 2013,Kayserispor,hard,4-2-3-1,TASKIRAN;BAYRAM;SERENO;MIJAILOVIC;DURSUN;DURAK;YOKUSLU;MOUCHE;BISESWAR;YILMAZ;CLEYTON
Kardemir Karabukspor vs. Bursaspor - Friday October 4 - 2013,Bursaspor,hard,4-2-3-1,FREY;TAIWO;AZIZ;CIVELLI;CHRETIEN;PEHLIVAN;BELLUSCHI;KIRAZ;BATALLA;YILDIRIM;KAZIM-RICHARDS
Kardemir Karabukspor vs. Bursaspor - Friday October 4 - 2013,Kardemir Karabukspor,hard,4-4-2,WATERMAN;DOGAN;MABIALA;PUYGRENIER;UCAR;OZEK;SOW;OZMERT;PARLAK;AKPALA;LUALUA
Eskisehirspor vs. Besiktas - Saturday October 5 - 2013,Besiktas,easy,4-2-3-1,ZENGIN;HUTCHINSON;ESCUDE;SIVOK;KURTULUS;UYSAL;KAVLAK;SAHAN;FERNANDES;TORE;ENERAMO
Eskisehirspor vs. Besiktas - Saturday October 5 - 2013,Eskisehirspor,hard,4-2-3-1,BOFFIN;CAMDAL;DIEGO ANGELO;AKAMINKO;SARI;KARA;N'DIAYE;ZENGIN;KILIC;KAMARA;BIENVENU
Kayserispor vs. Gaziantepspor - Saturday October 5 - 2013,Gaziantepspor,hard,4-4-2,KARCEMARSKAS;CAN;KECOJEVIC;STANKEVICIUS;DAG;TRAORE;HAS;MEDUNJANIN;OZBAYRAKTAR;TOSUN;DEMIR
Kayserispor vs. Gaziantepspor - Saturday October 5 - 2013,Kayserispor,hard,4-2-3-1,TASKIRAN;ULUDAG;SERENO;MIJAILOVIC;DURSUN;DURAK;YOKUSLU;MOUCHE;BISESWAR;YILMAZ;CLEYTON
Konyaspor vs. Kayseri Erciyesspor - Saturday October 5 - 2013,Kayseri Erciyesspor,hard,4-2-3-1,JORGACEVIC;EKSIOGLU;KOCABAS;CURUKSU;GUVEN;CAN;TRAORE;OZTEKIN;AZOFEIFA;IBRICIC;VLEMINCKX
Konyaspor vs. Kayseri Erciyesspor - Saturday October 5 - 2013,Konyaspor,hard,4-2-3-1,ITANDJE;TEBER;KOKALOVIC;YAVUZ;TURAN;CAMDALI;GUVEN;KILICASLAN;AYDIN;DJALMA;GEKAS
Akhisar Belediyespor vs. Galatasaray - Sunday October 6 - 2013,Akhisar Belediyespor,hard,4-2-3-1,DAGLAROGLU;ATAN;DEMIROK;SONKO;CEBE;YUCE;BRUNO MEZENGA;VURAL;KISA;EREN;NIASSE
Akhisar Belediyespor vs. Galatasaray - Sunday October 6 - 2013,Galatasaray,easy,4-2-3-1,MUSLERA;BALTA;CHEDJOU;ZAN;EBOUE;GULSELAM;KURTULUS;YILMAZ;SNEIJDER;SARIOGLU;DROGBA
Fenerbahce vs. Trabzonspor - Sunday October 6 - 2013,Fenerbahce,easy,4-2-3-1,DEMIREL;ERKIN;KORKMAZ;IRTEGUN;GONUL;TOPAL;POTUK;SOW;HOLMEN;KUYT;WEBO
Fenerbahce vs. Trabzonspor - Sunday October 6 - 2013,Trabzonspor,easy,4-3-3,KIVRAK;DEMIR;KACAR;YUMLU;BOSINGWA;MIERZEJEWSKI;ZOKORA;MALOUDA;ADIN;HENRIQUE;ERDOGAN
Kasimpasa vs. Elazigspor - Sunday October 6 - 2013,Elazigspor,hard,4-2-3-1,IVESA;OZKAYA;GORK;KAS;ASLAN;VITOLO;SOYLER;OZKAN;SANE;GURLER;YILMAZ
Kasimpasa vs. Elazigspor - Sunday October 6 - 2013,Kasimpasa,hard,4-2-3-1,ISAKSSON;KAPLAN;BASDAS;DONK;SUME;CASTRO;SERAS;BABEL;SCARIONE;VIUDEZ;MALKI
Rizespor vs. Antalyaspor - Sunday October 6 - 2013,Antalyaspor,hard,4-5-1,ARIKAN;WEDERSON;SEDEF;GUNGOR;ARSLAN;TITA;DAGASAN;BALCI;INCEMAN;PROMISE;DIARRA
Rizespor vs. Antalyaspor - Sunday October 6 - 2013,Rizespor,hard,4-2-3-1,KIRINTILI;ADNAN;OZMEN;VIERA;ALTINAY;SYLVESTRE;KAGAN SOYLEMEZGILLER;KOSE;CERNAT;KAYA;KWEUKE
Sivasspor vs. Genclerbirligi - Sunday October 6 - 2013,Genclerbirligi,hard,4-2-3-1,KAPLAN;CIFTCI;TOSIC;CALIK;YANIK;GOSSO;CALISKAN;CELIK;DELIBALTA;DURMAZ;ZEC
Sivasspor vs. Genclerbirligi - Sunday October 6 - 2013,Sivasspor,hard,4-2-3-1,CELIKAY;ERDAL;KURT;DA COSTA;CICINHO;BEKMEZCI;TAOUIL;KARABULUT;CHAHECHOUHE;ESER;UTAKA
Elazigspor vs. Eskisehirspor - Saturday October 19 - 2013,Elazigspor,hard,4-4-2,OZER;OZKAYA;SOW;KAS;ASLAN;OZKAN;VITOLO;SANE;GURLER;MOORE;HADJI
Elazigspor vs. Eskisehirspor - Saturday October 19 - 2013,Eskisehirspor,hard,4-4-2,BOFFIN;DEMIRHAN;AKAMINKO;CETIN;CAMDAL;ZENGIN;N'DIAYE;GUCER;KILIC;JORQUERA;KAMARA
Galatasaray vs. Kardemir Karabukspor - Saturday October 19 - 2013,Galatasaray,easy,4-4-2,MUSLERA;BALTA;CHEDJOU;KAYA;SARIOGLU;INAN;GULSELAM;SNEIJDER;FELIPE MELO;YILMAZ;DROGBA
Galatasaray vs. Kardemir Karabukspor - Saturday October 19 - 2013,Kardemir Karabukspor,hard,4-4-2,WATERMAN;DOGAN;MABIALA;PUYGRENIER;UCAR;KAS;INCEDEMIR;OZMERT;PARLAK;AKPALA;LUALUA
Genclerbirligi vs. Kasimpasa - Saturday October 19 - 2013,Genclerbirligi,hard,4-2-3-1,KOSE;CIFTCI;TOSIC;CALIK;YANIK;ILERI;PETROVIC;DURMAZ;DELIBALTA;TOMIC;ZEC
Genclerbirligi vs. Kasimpasa - Saturday October 19 - 2013,Kasimpasa,hard,4-2-3-1,ISAKSSON;KAPLAN;AYHAN;DONK;SUME;CASTRO;SERAS;BABEL;SCARIONE;VIUDEZ;MALKI
Antalyaspor vs. Akhisar Belediyespor - Sunday October 20 - 2013,Akhisar Belediyespor,hard,4-4-2,DAGLAROGLU;ATAN;YALCIN;SONKO;EREN;VURAL;YUCE;KISA;CEBE;NIASSE;BRUNO MEZENGA
Antalyaspor vs. Akhisar Belediyespor - Sunday October 20 - 2013,Antalyaspor,hard,4-3-3,ARIKAN;WEDERSON;NIZAM;SEDEF;BALCI;INCEMAN;DAGASAN;YILDIRIM;TITA;DIARRA;PROMISE
Gaziantepspor vs. Konyaspor - Sunday October 20 - 2013,Gaziantepspor,hard,4-2-3-1,KULBILGE;CAN;KECOJEVIC;STANKEVICIUS;DAG;HAS;MEDUNJANIN;TRAORE;STILIC;TOSUN;DEMIR
Gaziantepspor vs. Konyaspor - Sunday October 20 - 2013,Konyaspor,hard,4-2-3-1,ITANDJE;TEBER;KOKALOVIC;YAVUZ;TURAN;CAMDALI;GUVEN;KILICASLAN;AYDIN;DJALMA;GEKAS
Kayseri Erciyesspor vs. Fenerbahce - Sunday October 20 - 2013,Fenerbahce,easy,4-2-3-1,DEMIREL;ERKIN;KORKMAZ;IRTEGUN;TOPUZ;SAHIN;BELOZOGLU;SOW;CRISTIAN;KUYT;WEBO
Kayseri Erciyesspor vs. Fenerbahce - Sunday October 20 - 2013,Kayseri Erciyesspor,hard,4-2-3-1,JORGACEVIC;OZTURK;CURUKSU;MANGANE;GUVEN;CAN;TRAORE;OZTEKIN;AZOFEIFA;IBRICIC;KALOGLU
Trabzonspor vs. Sivasspor - Sunday October 20 - 2013,Sivasspor,hard,4-2-3-1,CELIKAY;ERDAL;DA COSTA;NAVRATIL;CICINHO;BEKMEZCI;KOCAK;KARABULUT;TAOUIL;ESER;CHAHECHOUHE
Trabzonspor vs. Sivasspor - Sunday October 20 - 2013,Trabzonspor,easy,4-3-3,KIVRAK;DEMIR;BAMBA;YUMLU;BOSINGWA;MIERZEJEWSKI;ZOKORA;MALOUDA;ADIN;HENRIQUE;ERDOGAN
Besiktas vs. Rizespor - Monday October 21 - 2013,Besiktas,easy,4-2-3-1,ZENGIN;RAMON;ESCUDE;GULUM;KURTULUS;UYSAL;KAVLAK;SAHAN;FERNANDES;TORE;ALMEIDA
Besiktas vs. Rizespor - Monday October 21 - 2013,Rizespor,hard,4-2-3-1,KIRINTILI;ADNAN;VIERA;OBOABONA;ALTINAY;SYLVESTRE;KARAKAS;KAYA;CERNAT;KOSE;KWEUKE
Bursaspor vs. Kayserispor - Monday October 21 - 2013,Bursaspor,hard,4-2-3-1,FREY;TAIWO;AZIZ;CIVELLI;CHRETIEN;CINAZ;BELLUSCHI;KIRAZ;BATALLA;YILDIRIM;KAZIM-RICHARDS
Bursaspor vs. Kayserispor - Monday October 21 - 2013,Kayserispor,hard,4-2-3-1,TASKIRAN;ULUDAG;SERENO;SIMIC;DURSUN;MIJAILOVIC;DURAK;BAYRAM;MOUCHE;YILMAZ;CLEYTON
Fenerbahce vs. Gaziantepspor - Friday October 25 - 2013,Fenerbahce,easy,4-2-3-1,DEMIREL;ERKIN;KORKMAZ;IRTEGUN;TOPUZ;TOPAL;POTUK;SOW;CRISTIAN;KUYT;EMENIKE
Fenerbahce vs. Gaziantepspor - Friday October 25 - 2013,Gaziantepspor,hard,4-4-2,KULBILGE;CAN;KECOJEVIC;STANKEVICIUS;DAG;TOSUN;GULLE;MEDUNJANIN;SAHIN;DEMIR;TRAORE
Sivasspor vs. Kayseri Erciyesspor - Friday October 25 - 2013,Kayseri Erciyesspor,hard,4-4-2,JORGACEVIC;OZTURK;CURUKSU;MANGANE;GUVEN;OZTEKIN;CAN;AZOFEIFA;IBRICIC;VLEMINCKX;KALOGLU
Sivasspor vs. Kayseri Erciyesspor - Friday October 25 - 2013,Sivasspor,hard,4-2-3-1,CELIKAY;ERDAL;KURT;NAVRATIL;CICINHO;BEKMEZCI;KOCAK;KARABULUT;CHAHECHOUHE;ESER;DJEBBOUR
Akhisar Belediyespor vs. Besiktas - Saturday October 26 - 2013,Akhisar Belediyespor,hard,4-4-2,DAGLAROGLU;ATAN;DEMIROK;SONKO;EREN;VURAL;YUCE;KISA;CEBE;NIASSE;BRUNO MEZENGA
Akhisar Belediyespor vs. Besiktas - Saturday October 26 - 2013,Besiktas,easy,4-2-3-1,ZENGIN;RAMON;ESCUDE;GULUM;KURTULUS;OZYAKUP;KAVLAK;SAHAN;FERNANDES;TORE;ALMEIDA
Elazigspor vs. Genclerbirligi - Saturday October 26 - 2013,Elazigspor,hard,4-4-2,OZER;OZKAYA;SOW;KAS;ASLAN;GURLER;VITOLO;SANE;MOORE;OZ;HADJI
Elazigspor vs. Genclerbirligi - Saturday October 26 - 2013,Genclerbirligi,hard,4-2-3-1,KOSE;CIFTCI;BAYRAK;CALIK;KURTULUS;ILERI;GOSSO;ZEC;PETROVIC;DURMAZ;STANCU
Kardemir Karabukspor vs. Antalyaspor - Saturday October 26 - 2013,Antalyaspor,hard,4-3-3,ARIKAN;WEDERSON;NIZAM;SEDEF;BALCI;INCEMAN;DAGASAN;YILDIRIM;TITA;DIARRA;PROMISE
Kardemir Karabukspor vs. Antalyaspor - Saturday October 26 - 2013,Kardemir Karabukspor,hard,4-4-2,WATERMAN;UCAR;DOGAN;MABIALA;OZGENC;KAS;SOW;OZMERT;PARLAK;AKPALA;LUALUA
Eskisehirspor vs. Rizespor - Sunday October 27 - 2013,Eskisehirspor,hard,4-4-2,BOFFIN;DEMIRHAN;DIEGO ANGELO;AKAMINKO;SARI;ZENGIN;N'DIAYE;GUCER;KILIC;JORQUERA;KAMARA
Eskisehirspor vs. Rizespor - Sunday October 27 - 2013,Rizespor,hard,4-2-3-1,KIRINTILI;ADNAN;VIERA;OBOABONA;ALTINAY;KAGAN SOYLEMEZGILLER;KARAKAS;KAYA;SYLVESTRE;KOSE;KALU
Kayserispor vs. Galatasaray - Sunday October 27 - 2013,Galatasaray,easy,4-2-3-1,MUSLERA;NOUNKEU;CHEDJOU;KAYA;SARIOGLU;FELIPE MELO;INAN;YILMAZ;SNEIJDER;BULUT;DROGBA
Kayserispor vs. Galatasaray - Sunday October 27 - 2013,Kayserispor,hard,4-2-3-1,TASKIRAN;ULUDAG;SERENO;SIMIC;KOZ;MIJAILOVIC;YALCIN;BAYRAM;MOUCHE;YILMAZ;JAJA
Konyaspor vs. Bursaspor - Sunday October 27 - 2013,Bursaspor,hard,4-2-3-1,FREY;TAIWO;AZIZ;CIVELLI;CHRETIEN;CINAZ;BELLUSCHI;KIRAZ;BATALLA;YILDIRIM;KAZIM-RICHARDS
Konyaspor vs. Bursaspor - Sunday October 27 - 2013,Konyaspor,hard,4-2-3-1,ITANDJE;TEBER;AY;YAVUZ;TURAN;CAMDALI;GUVEN;KILICASLAN;AYDIN;DJALMA;GEKAS
Kasimpasa vs. Trabzonspor - Monday October 28 - 2013,Kasimpasa,hard,4-2-3-1,ISAKSSON;KAPLAN;AYHAN;DONK;SUME;SERAS;CASTRO;BABEL;SCARIONE;BUYUK;MALKI
Kasimpasa vs. Trabzonspor - Monday October 28 - 2013,Trabzonspor,easy,4-2-3-1,KIVRAK;DEMIR;BAMBA;KACAR;BOSINGWA;ZOKORA;AYDOGDU;ADIN;MALOUDA;ERDOGAN;HENRIQUE
Galatasaray vs. Konyaspor - Friday November 1 - 2013,Galatasaray,easy,4-2-3-1,MUSLERA;EBOUE;CHEDJOU;KAYA;SARIOGLU;FELIPE MELO;INAN;YILMAZ;SNEIJDER;BULUT;DROGBA
Galatasaray vs. Konyaspor - Friday November 1 - 2013,Konyaspor,hard,4-2-3-1,ITANDJE;TEBER;AY;YAVUZ;TURAN;BOREK;GUVEN;KABZE;AYDIN;SAHINER;GEKAS
Bursaspor vs. Fenerbahce - Saturday November 2 - 2013,Bursaspor,hard,4-2-3-1,FREY;TAIWO;AZIZ;CIVELLI;CHRETIEN;CINAZ;BELLUSCHI;KIRAZ;BATALLA;YILDIRIM;KAZIM-RICHARDS
Bursaspor vs. Fenerbahce - Saturday November 2 - 2013,Fenerbahce,easy,4-2-3-1,DEMIREL;ERKIN;KORKMAZ;ALVES;TOPUZ;TOPAL;POTUK;SOW;CRISTIAN;KUYT;EMENIKE
Kayseri Erciyesspor vs. Kasimpasa - Saturday November 2 - 2013,Kasimpasa,hard,4-2-3-1,ISAKSSON;KAPLAN;AYHAN;DONK;SUME;CASTRO;SERAS;BABEL;SCARIONE;BUYUK;MALKI
Kayseri Erciyesspor vs. Kasimpasa - Saturday November 2 - 2013,Kayseri Erciyesspor,hard,4-2-3-1,JORGACEVIC;OZTURK;KOCABAS;CURUKSU;CAN;MANDJECK;TRAORE;OZTEKIN;AKIN;IBRICIC;VLEMINCKX
Besiktas vs. Kardemir Karabukspor - Sunday November 3 - 2013,Besiktas,easy,4-2-3-1,ZENGIN;RAMON;GULUM;SIVOK;HUTCHINSON;OZYAKUP;KAVLAK;SAHAN;FERNANDES;TORE;ALMEIDA
Besiktas vs. Kardemir Karabukspor - Sunday November 3 - 2013,Kardemir Karabukspor,hard,4-4-2,WATERMAN;DOGAN;MABIALA;INCEDEMIR;UCAR;KAS;SOW;OZMERT;PARLAK;AKPALA;LUALUA
Rizespor vs. Akhisar Belediyespor - Sunday November 3 - 2013,Akhisar Belediyespor,hard,4-4-2,DAGLAROGLU;ATAN;DEMIROK;SONKO;CEBE;VURAL;YUCE;KISA;OZER;NIASSE;BRUNO MEZENGA
Rizespor vs. Akhisar Belediyespor - Sunday November 3 - 2013,Rizespor,hard,4-2-3-1,KIRINTILI;ADNAN;OBOABONA;VIERA;ALTINAY;SYLVESTRE;KARAKAS;KAYA;CERNAT;KOSE;KALU
Trabzonspor vs. Elazigspor - Sunday November 3 - 2013,Elazigspor,hard,4-2-3-1,IVESA;BIRINCI;FABIO BILICA;KAS;ALKASI;VITOLO;SANE;OZKAYA;YEDEK;GURLER;MOORE
Trabzonspor vs. Elazigspor - Sunday November 3 - 2013,Trabzonspor,easy,4-3-3,KIVRAK;KELES;BAMBA;KACAR;BOSINGWA;MIERZEJEWSKI;ZOKORA;MALOUDA;ADIN;HENRIQUE;ERDOGAN
Antalyaspor vs. Kayserispor - Monday November 4 - 2013,Antalyaspor,hard,4-3-3,ARIKAN;WEDERSON;NIZAM;BARIS;BALCI;INCEMAN;DAGASAN;INSA;TITA;DIARRA;PROMISE
Antalyaspor vs. Kayserispor - Monday November 4 - 2013,Kayserispor,hard,4-4-2,DEGIRMENCI;ULUDAG;ZURAB KHIZANISHVILI;SIMIC;SERENO;MOUCHE;MIJAILOVIC;YALCIN;YILMAZ;NOBRE;JAJA
Gaziantepspor vs. Sivasspor - Monday November 4 - 2013,Gaziantepspor,hard,4-4-2,KARCEMARSKAS;DAG;BINYA;TOKAK;STANKEVICIUS;SAHIN;HAS;MEDUNJANIN;TOSUN;DEMIR;TRAORE
Gaziantepspor vs. Sivasspor - Monday November 4 - 2013,Sivasspor,hard,4-2-3-1,CELIKAY;ERDAL;KURT;NAVRATIL;CICINHO;BEKMEZCI;KOCAK;KARABULUT;CHAHECHOUHE;ESER;UTAKA
Genclerbirligi vs. Eskisehirspor - Monday November 4 - 2013,Eskisehirspor,hard,4-4-2,BOFFIN;CAMDAL;DIEGO ANGELO;AKAMINKO;SARI;ZENGIN;N'DIAYE;GUCER;KILIC;JORQUERA;KAMARA
Genclerbirligi vs. Eskisehirspor - Monday November 4 - 2013,Genclerbirligi,hard,4-2-3-1,KOSE;CIFTCI;BAYRAK;CALIK;KURTULUS;GOSSO;PETROVIC;ZEC;KAYA;DURMAZ;STANCU
Elazigspor vs. Kayseri Erciyesspor - Friday November 8 - 2013,Elazigspor,hard,4-2-3-1,IVESA;BIRINCI;GORK;KAS;ALKASI;VITOLO;SANE;AYIK;YEDEK;GURLER;MOORE
Elazigspor vs. Kayseri Erciyesspor - Friday November 8 - 2013,Kayseri Erciyesspor,hard,4-2-3-1,JORGACEVIC;OZTURK;KOCABAS;CURUKSU;CAN;MANDJECK;TRAORE;OZTEKIN;AKIN;ARAUZ;VLEMINCKX
Eskisehirspor vs. Akhisar Belediyespor - Friday November 8 - 2013,Akhisar Belediyespor,hard,4-4-2,DAGLAROGLU;ATAN;DEMIROK;SONKO;CEBE;VURAL;YUCE;KISA;OZER;NIASSE;BRUNO MEZENGA
Eskisehirspor vs. Akhisar Belediyespor - Friday November 8 - 2013,Eskisehirspor,hard,4-4-2,BOFFIN;CAMDAL;DIEGO ANGELO;COSKUN;SARI;ZENGIN;N'DIAYE;GUCER;KILIC;BIENVENU;JORQUERA
Kardemir Karabukspor vs. Rizespor - Saturday November 9 - 2013,Kardemir Karabukspor,hard,4-4-2,WATERMAN;DOGAN;MABIALA;INCEDEMIR;UCAR;KAS;SOW;OZMERT;PARLAK;AKPALA;LUALUA
Kardemir Karabukspor vs. Rizespor - Saturday November 9 - 2013,Rizespor,hard,4-2-3-1,KIRINTILI;ADNAN;VIERA;OBOABONA;ALTINAY;BISI;KARAKAS;KOSE;SYLVESTRE;ALKILIC;KALU
Kasimpasa vs. Gaziantepspor - Saturday November 9 - 2013,Gaziantepspor,hard,4-2-3-1,KULBILGE;CAN;KECOJEVIC;STANKEVICIUS;DAG;HAS;MEDUNJANIN;TRAORE;STILIC;AKIN;TOSUN
Kasimpasa vs. Gaziantepspor - Saturday November 9 - 2013,Kasimpasa,hard,4-2-3-1,ISAKSSON;EKER;AYHAN;DONK;SUME;CASTRO;SERAS;BABEL;SCARIONE;BUYUK;MALKI
Kayserispor vs. Besiktas - Saturday November 9 - 2013,Besiktas,easy,4-2-3-1,ZENGIN;RAMON;GULUM;SIVOK;HUTCHINSON;OZYAKUP;KAVLAK;SAHAN;FERNANDES;TORE;ALMEIDA
Kayserispor vs. Besiktas - Saturday November 9 - 2013,Kayserispor,hard,4-4-2,DEGIRMENCI;ULUDAG;ZURAB KHIZANISHVILI;SIMIC;SERENO;MOUCHE;DURAK;CLEYTON;YILMAZ;NOBRE;JAJA
Sivasspor vs. Bursaspor - Saturday November 9 - 2013,Bursaspor,hard,4-2-3-1,FREY;TAIWO;AZIZ;OZTURK;CHRETIEN;CINAZ;BELLUSCHI;KIRAZ;BATALLA;YILDIRIM;KAZIM-RICHARDS
Sivasspor vs. Bursaspor - Saturday November 9 - 2013,Sivasspor,hard,4-2-3-1,CELIKAY;ERDAL;KURT;DA COSTA;CICINHO;BEKMEZCI;KOCAK;KARABULUT;CHAHECHOUHE;ESER;DJEBBOUR
Fenerbahce vs. Galatasaray - Sunday November 10 - 2013,Fenerbahce,easy,4-2-3-1,DEMIREL;ERKIN;KORKMAZ;ALVES;GONUL;TOPAL;BELOZOGLU;SOW;CRISTIAN;KUYT;WEBO
Fenerbahce vs. Galatasaray - Sunday November 10 - 2013,Galatasaray,easy,4-3-3,ISCAN;NOUNKEU;CHEDJOU;KAYA;EBOUE;INAN;GULSELAM;FELIPE MELO;YILMAZ;DROGBA;BRUMA
Genclerbirligi vs. Trabzonspor - Sunday November 10 - 2013,Genclerbirligi,hard,4-2-3-1,KOSE;CIFTCI;BAYRAK;CALIK;KURTULUS;GOSSO;PETROVIC;ZEC;KAYA;DURMAZ;STANCU
Genclerbirligi vs. Trabzonspor - Sunday November 10 - 2013,Trabzonspor,easy,4-2-3-1,AYVAZ;KELES;DEMIR;KACAR;BOSINGWA;ZOKORA;COLMAN;ADIN;MIERZEJEWSKI;MALOUDA;HENRIQUE
Konyaspor vs. Antalyaspor - Sunday November 10 - 2013,Antalyaspor,hard,4-3-3,ARIKAN;NIZAM;BARIS;GUNGOR;SEDEF;INCEMAN;DAGASAN;INSA;TITA;DIARRA;BASSAN
Konyaspor vs. Antalyaspor - Sunday November 10 - 2013,Konyaspor,hard,4-2-3-1,ITANDJE;USLU;AY;YAVUZ;UNLU;CAMDALI;GUVEN;KABZE;AYDIN;SAHINER;GEKAS
Bursaspor vs. Kasimpasa - Saturday November 23 - 2013,Bursaspor,hard,4-4-2,FREY;TAIWO;AZIZ;CIVELLI;CHRETIEN;KIRAZ;CINAZ;YILDIRIM;SANLI;PINTO;KAZIM-RICHARDS
Bursaspor vs. Kasimpasa - Saturday November 23 - 2013,Kasimpasa,hard,4-2-3-1,ISAKSSON;EKER;AYHAN;DONK;SUME;SERAS;CASTRO;BABEL;SCARIONE;BUYUK;MALKI
Galatasaray vs. Sivasspor - Saturday November 23 - 2013,Galatasaray,easy,4-4-2,ISCAN;RIERA;CHEDJOU;ZAN;NOUNKEU;YILMAZ;FELIPE MELO;INAN;EBOUE;YILMAZ;BULUT
Galatasaray vs. Sivasspor - Saturday November 23 - 2013,Sivasspor,hard,4-2-3-1,CELIKAY;AYDIN;KURT;DA COSTA;CICINHO;BEKMEZCI;KOCAK;KARABULUT;CHAHECHOUHE;ESER;DJEBBOUR
Rizespor vs. Kayserispor - Saturday November 23 - 2013,Kayserispor,hard,4-4-2,DEGIRMENCI;ULUDAG;ZURAB KHIZANISHVILI;SERENO;DURSUN;MOUCHE;MIJAILOVIC;DURAK;YILMAZ;BOBO;JAJA
Rizespor vs. Kayserispor - Saturday November 23 - 2013,Rizespor,hard,4-2-3-1,KIRINTILI;ADNAN;OZMEN;VIERA;ALTINAY;SYLVESTRE;KARAKAS;KOSE;KAYA;ALKILIC;KWEUKE
Antalyaspor vs. Fenerbahce - Sunday November 24 - 2013,Antalyaspor,hard,4-5-1,ARIKAN;WEDERSON;NIZAM;GUNGOR;BALCI;TITA;INSA;INCEMAN;YILDIRIM;BASSAN;DIARRA
Antalyaspor vs. Fenerbahce - Sunday November 24 - 2013,Fenerbahce,easy,4-2-3-1,DEMIREL;ERKIN;KORKMAZ;ALVES;GONUL;POTUK;BELOZOGLU;SOW;CRISTIAN;KUYT;WEBO
Gaziantepspor vs. Elazigspor - Sunday November 24 - 2013,Elazigspor,hard,4-2-3-1,IVESA;OZKAYA;GORK;SOW;ALKASI;NAS;SANE;OZKAN;KALEMCI;GURLER;YILMAZ
Gaziantepspor vs. Elazigspor - Sunday November 24 - 2013,Gaziantepspor,hard,4-2-3-1,KARCEMARSKAS;CAN;KECOJEVIC;STANKEVICIUS;BINYA;CALIS;HAS;TRAORE;MEDUNJANIN;AKIN;TOSUN
Kayseri Erciyesspor vs. Genclerbirligi - Sunday November 24 - 2013,Genclerbirligi,hard,4-2-3-1,KOSE;CIFTCI;CALIK;KULUSIC;KURTULUS;PETROVIC;KAYA;ZEC;DURMAZ;TOMIC;STANCU
Kayseri Erciyesspor vs. Genclerbirligi - Sunday November 24 - 2013,Kayseri Erciyesspor,hard,4-2-3-1,JORGACEVIC;OZTURK;KOCABAS;CURUKSU;CAN;MANDJECK;TRAORE;OZTEKIN;AKIN;ARAUZ;VLEMINCKX
Trabzonspor vs. Eskisehirspor - Sunday November 24 - 2013,Eskisehirspor,hard,4-2-3-1,BOFFIN;CAMDAL;DIEGO ANGELO;AKAMINKO;SARI;N'DIAYE;GUCER;ZENGIN;TELLO;KILIC;KAMARA
Trabzonspor vs. Eskisehirspor - Sunday November 24 - 2013,Trabzonspor,easy,4-2-3-1,KIVRAK;KELES;BAMBA;YUMLU;YAVRU;ZOKORA;COLMAN;MALOUDA;MIERZEJEWSKI;ADIN;HENRIQUE
Akhisar Belediyespor vs. Kardemir Karabukspor - Monday November 25 - 2013,Akhisar Belediyespor,hard,4-4-2,DAGLAROGLU;TASKIRAN;DEMIROK;SONKO;CEBE;VARDAR;YUCE;KISA;OZER;NIASSE;BRUNO MEZENGA
Akhisar Belediyespor vs. Kardemir Karabukspor - Monday November 25 - 2013,Kardemir Karabukspor,hard,4-4-2,WATERMAN;DOGAN;MABIALA;INCEDEMIR;UCAR;KAS;SOW;OZMERT;PARLAK;AKPALA;LUALUA
Besiktas vs. Konyaspor - Monday November 25 - 2013,Besiktas,easy,4-2-3-1,ZENGIN;HUTCHINSON;GULUM;SIVOK;KURTULUS;OZYAKUP;KAVLAK;SAHAN;FERNANDES;TORE;ALMEIDA
Besiktas vs. Konyaspor - Monday November 25 - 2013,Konyaspor,hard,4-2-3-1,ITANDJE;USLU;AY;YAVUZ;UNLU;CAMDALI;GUVEN;KABZE;AYDIN;SAHINER;GEKAS
Elazigspor vs. Bursaspor - Friday November 29 - 2013,Bursaspor,hard,4-2-3-1,FREY;TAIWO;AZIZ;CIVELLI;CHRETIEN;CINAZ;CAGIRAN;KIRAZ;BELLUSCHI;KAZIM-RICHARDS;PINTO
Elazigspor vs. Bursaspor - Friday November 29 - 2013,Elazigspor,hard,4-2-3-1,OZER;OZKAYA;SOW;GORK;KAS;VITOLO;NAS;OZKAN;KALEMCI;GURLER;YILMAZ
Sivasspor vs. Antalyaspor - Friday November 29 - 2013,Antalyaspor,hard,4-3-3,FORNEZZI;WEDERSON;NIZAM;GUNGOR;BALCI;INSA;BARIS;INCEMAN;TITA;DIARRA;BASSAN
Sivasspor vs. Antalyaspor - Friday November 29 - 2013,Sivasspor,hard,4-2-3-1,CELIKAY;KARABULUT;AKCA;NAVRATIL;DERELI;KOCAK;TAOUIL;UTAKA;CHAHECHOUHE;ESER;DJEBBOUR
Fenerbahce vs. Besiktas - Saturday November 30 - 2013,Besiktas,easy,4-2-3-1,ZENGIN;HUTCHINSON;GULUM;SIVOK;KURTULUS;OZYAKUP;KAVLAK;SAHAN;FERNANDES;TORE;ALMEIDA
Fenerbahce vs. Besiktas - Saturday November 30 - 2013,Fenerbahce,easy,4-2-3-1,DEMIREL;ERKIN;KORKMAZ;ALVES;GONUL;TOPAL;MEIRELES;SOW;POTUK;KUYT;EMENIKE
Genclerbirligi vs. Gaziantepspor - Saturday November 30 - 2013,Gaziantepspor,hard,4-4-2,KARCEMARSKAS;CAN;BINYA;STANKEVICIUS;TOKAK;SAHIN;HAS;MEDUNJANIN;DURAK;TOSUN;TRAORE
Genclerbirligi vs. Gaziantepspor - Saturday November 30 - 2013,Genclerbirligi,hard,4-2-3-1,KOSE;TOSIC;BAYRAK;CALIK;YANIK;GOSSO;PETROVIC;ZEC;KAYA;DURMAZ;STANCU
Kayserispor vs. Akhisar Belediyespor - Saturday November 30 - 2013,Akhisar Belediyespor,hard,4-4-2,DAGLAROGLU;ATAN;DEMIROK;SONKO;EREN;VURAL;YUCE;KISA;OZER;NIASSE;BRUNO MEZENGA
Kayserispor vs. Akhisar Belediyespor - Saturday November 30 - 2013,Kayserispor,hard,4-4-2,DEGIRMENCI;BAYRAM;ZURAB KHIZANISHVILI;SERENO;DURSUN;MOUCHE;MIJAILOVIC;CLEYTON;YILMAZ;NOBRE;JAJA
Eskisehirspor vs. Kardemir Karabukspor - Sunday December 1 - 2013,Eskisehirspor,hard,4-2-3-1,BOFFIN;CAMDAL;DIEGO ANGELO;AKAMINKO;SARI;N'DIAYE;GUCER;ZENGIN;TELLO;KILIC;ATES
Eskisehirspor vs. Kardemir Karabukspor - Sunday December 1 - 2013,Kardemir Karabukspor,hard,4-4-2,WATERMAN;DOGAN;MABIALA;INCEDEMIR;UCAR;KAS;SOW;OZCAL;OZEK;PARLAK;AKPALA
Kasimpasa vs. Galatasaray - Sunday December 1 - 2013,Galatasaray,easy,4-4-2,ISCAN;RIERA;CHEDJOU;KAYA;SARIOGLU;BRUMA;FELIPE MELO;INAN;EBOUE;YILMAZ;DROGBA
Kasimpasa vs. Galatasaray - Sunday December 1 - 2013,Kasimpasa,hard,4-2-3-1,ISAKSSON;EKER;BASDAS;AYHAN;SUME;DONK;CASTRO;BABEL;SCARIONE;BUYUK;MALKI
Trabzonspor vs. Kayseri Erciyesspor - Sunday December 1 - 2013,Kayseri Erciyesspor,hard,4-2-3-1,JORGACEVIC;OZTURK;KOCABAS;CURUKSU;CAN;MANDJECK;TRAORE;OZTEKIN;AKIN;ARAUZ;VLEMINCKX
Trabzonspor vs. Kayseri Erciyesspor - Sunday December 1 - 2013,Trabzonspor,easy,4-2-3-1,KIVRAK;KELES;YUMLU;BAMBA;YAVRU;ZOKORA;COLMAN;MALOUDA;AYDOGDU;ADIN;HENRIQUE
Konyaspor vs. Rizespor - Monday December 2 - 2013,Konyaspor,hard,4-2-3-1,ITANDJE;USLU;AY;YAVUZ;UNLU;CAMDALI;GUVEN;KILICASLAN;AYDIN;SAHINER;THORVALDSSON
Konyaspor vs. Rizespor - Monday December 2 - 2013,Rizespor,hard,4-2-3-1,KIRINTILI;ADNAN;VIERA;OBOABONA;ALTINAY;BISI;KAGAN SOYLEMEZGILLER;KAYA;SYLVESTRE;KOSE;KALU
Galatasaray vs. Elazigspor - Friday December 6 - 2013,Elazigspor,hard,4-4-2,OZER;OZKAYA;SANE;KAS;ASLAN;OZKAN;VITOLO;NAS;GURLER;YILMAZ;MOORE
Galatasaray vs. Elazigspor - Friday December 6 - 2013,Galatasaray,easy,3-5-2,MUSLERA;ZAN;CHEDJOU;GULSELAM;RIERA;FELIPE MELO;KURTULUS;INAN;EBOUE;YILMAZ;DROGBA
Antalyaspor vs. Kasimpasa - Saturday December 7 - 2013,Antalyaspor,hard,4-3-3,FORNEZZI;WEDERSON;NIZAM;GUNGOR;BALCI;INSA;BARIS;INCEMAN;TITA;DIARRA;BASSAN
Antalyaspor vs. Kasimpasa - Saturday December 7 - 2013,Kasimpasa,hard,4-2-3-1,ISAKSSON;EKER;AYHAN;BASDAS;SUME;DONK;CASTRO;BABEL;SCARIONE;VIUDEZ;MALKI
Rizespor vs. Fenerbahce - Saturday December 7 - 2013,Fenerbahce,easy,4-2-3-1,DEMIREL;ERKIN;KORKMAZ;ALVES;GONUL;TOPAL;POTUK;SOW;CRISTIAN;KUYT;EMENIKE
Rizespor vs. Fenerbahce - Saturday December 7 - 2013,Rizespor,hard,4-2-3-1,KIRINTILI;ADNAN;OBOABONA;VIERA;ALTINAY;SYLVESTRE;KARAKAS;KAYA;CERNAT;KOSE;KWEUKE
Akhisar Belediyespor vs. Konyaspor - Sunday December 8 - 2013,Akhisar Belediyespor,hard,4-4-2,OZYIGIT;ATAN;DEMIROK;SONKO;EREN;VURAL;YUCE;KISA;OZER;NIASSE;BRUNO MEZENGA
Akhisar Belediyespor vs. Konyaspor - Sunday December 8 - 2013,Konyaspor,hard,4-3-3,ITANDJE;USLU;AY;YAVUZ;UNLU;GUVEN;BOREK;CAMDALI;KILICASLAN;THORVALDSSON;SAHINER
Bursaspor vs. Genclerbirligi - Sunday December 8 - 2013,Bursaspor,hard,4-2-3-1,FREY;TAIWO;CIVELLI;OZTURK;CHRETIEN;CINAZ;CAGIRAN;KIRAZ;BELLUSCHI;KAZIM-RICHARDS;SESTAK
Bursaspor vs. Genclerbirligi - Sunday December 8 - 2013,Genclerbirligi,hard,4-2-3-1,KOSE;TOSIC;CALIK;KULUSIC;KURTULUS;ILERI;PETROVIC;ZEC;KAYA;DURMAZ;STANCU
Gaziantepspor vs. Trabzonspor - Sunday December 8 - 2013,Gaziantepspor,hard,4-4-2,KARCEMARSKAS;CAN;BINYA;STANKEVICIUS;TOKAK;SAHIN;HAS;MEDUNJANIN;DURAK;TOSUN;TRAORE
Gaziantepspor vs. Trabzonspor - Sunday December 8 - 2013,Trabzonspor,easy,4-2-3-1,KIVRAK;KELES;BAMBA;YUMLU;BOSINGWA;ZOKORA;OZDEMIR;MALOUDA;COLMAN;ADIN;HENRIQUE
Kardemir Karabukspor vs. Kayserispor - Sunday December 8 - 2013,Kardemir Karabukspor,hard,4-4-2,WATERMAN;DOGAN;MABIALA;INCEDEMIR;UCAR;KAS;SOW;OZCAL;OZEK;PARLAK;AKPALA
Kardemir Karabukspor vs. Kayserispor - Sunday December 8 - 2013,Kayserispor,hard,4-2-3-1,DEGIRMENCI;ULUDAG;ZURAB KHIZANISHVILI;SERENO;DURSUN;MIJAILOVIC;DURAK;BAYRAM;CLEYTON;MOUCHE;BOBO
Besiktas vs. Sivasspor - Monday December 9 - 2013,Besiktas,easy,4-2-3-1,ZENGIN;RAMON;ESCUDE;UYSAL;KURTULUS;HUTCHINSON;AKGUN;SAHAN;FERNANDES;TORE;ALMEIDA
Besiktas vs. Sivasspor - Monday December 9 - 2013,Sivasspor,hard,4-2-3-1,CELIKAY;KARABULUT;KURT;DA COSTA;CICINHO;BEKMEZCI;TAOUIL;UTAKA;CHAHECHOUHE;ESER;DJEBBOUR
Kayseri Erciyesspor vs. Eskisehirspor - Monday December 9 - 2013,Eskisehirspor,hard,4-2-3-1,BOFFIN;CAMDAL;DIEGO ANGELO;AKAMINKO;SARI;N'DIAYE;GUCER;ZENGIN;KILIC;KAMARA;BIENVENU
Kayseri Erciyesspor vs. Eskisehirspor - Monday December 9 - 2013,Kayseri Erciyesspor,hard,4-2-3-1,JORGACEVIC;EKSIOGLU;KOCABAS;CURUKSU;CAN;MANDJECK;TRAORE;OZTEKIN;AKIN;ARAUZ;VLEMINCKX
Fenerbahce vs. Akhisar Belediyespor - Friday December 13 - 2013,Akhisar Belediyespor,hard,4-4-2,OZYIGIT;VURAL;DEMIROK;SONKO;EREN;VARDAR;YUCE;KISA;OZER;NIASSE;BRUNO MEZENGA
Fenerbahce vs. Akhisar Belediyespor - Friday December 13 - 2013,Fenerbahce,easy,4-2-3-1,DEMIREL;KALDIRIM;KORKMAZ;ALVES;GONUL;TOPAL;POTUK;SOW;CRISTIAN;KUYT;EMENIKE
Konyaspor vs. Kardemir Karabukspor - Friday December 13 - 2013,Kardemir Karabukspor,hard,4-4-2,WATERMAN;DOGAN;MABIALA;INCEDEMIR;UCAR;KAS;SOW;OZCAL;HAMROUN;PARLAK;AKPALA
Konyaspor vs. Kardemir Karabukspor - Friday December 13 - 2013,Konyaspor,hard,4-2-3-1,ITANDJE;USLU;AY;TURAN;UNLU;BOREK;CAMDALI;KABZE;GUVEN;SAHINER;THORVALDSSON
Elazigspor vs. Antalyaspor - Saturday December 14 - 2013,Antalyaspor,hard,4-3-3,ARIKAN;WEDERSON;NIZAM;GUNGOR;BALCI;INSA;BARIS;INCEMAN;TITA;DIARRA;BASSAN
Elazigspor vs. Antalyaspor - Saturday December 14 - 2013,Elazigspor,hard,4-2-3-1,OZER;OZKAYA;BIRINCI;SOYLER;ASLAN;VITOLO;SANE;OZKAN;YEDEK;GURLER;YILMAZ
Kayserispor vs. Eskisehirspor - Saturday December 14 - 2013,Eskisehirspor,hard,4-4-2,BOFFIN;CAMDAL;DIEGO ANGELO;AKAMINKO;COSKUN;CEK;KARA;GUCER;KAMARA;BIENVENU;JORQUERA
Kayserispor vs. Eskisehirspor - Saturday December 14 - 2013,Kayserispor,hard,4-4-2,TASKIRAN;ULUDAG;ZURAB KHIZANISHVILI;SIMIC;SERENO;BISESWAR;DURAK;YALCIN;YILMAZ;BOBO;JAJA
Sivasspor vs. Rizespor - Saturday December 14 - 2013,Rizespor,hard,4-2-3-1,KIRINTILI;ADNAN;OBOABONA;VIERA;BISI;SYLVESTRE;KARAKAS;ALBAYRAK;CERNAT;ALTINAY;KOSE
Sivasspor vs. Rizespor - Saturday December 14 - 2013,Sivasspor,hard,4-2-3-1,CELIKAY;KARABULUT;KURT;DA COSTA;CICINHO;BEKMEZCI;ARSLAN;UTAKA;CHAHECHOUHE;ESER;DJEBBOUR
Gaziantepspor vs. Kayseri Erciyesspor - Sunday December 15 - 2013,Gaziantepspor,hard,4-4-2,KARCEMARSKAS;CAN;BINYA;STANKEVICIUS;TOKAK;SAHIN;HAS;MEDUNJANIN;DURAK;TOSUN;TRAORE
Gaziantepspor vs. Kayseri Erciyesspor - Sunday December 15 - 2013,Kayseri Erciyesspor,hard,4-2-3-1,JORGACEVIC;EKSIOGLU;KOCABAS;CURUKSU;CAN;TRAORE;AZOFEIFA;OZTEKIN;AKIN;ARAUZ;VLEMINCKX
Genclerbirligi vs. Galatasaray - Sunday December 15 - 2013,Galatasaray,easy,5-3-2,MUSLERA;BALTA;KAYA;ZAN;CHEDJOU;EBOUE;INAN;SNEIJDER;FELIPE MELO;BULUT;DROGBA
Genclerbirligi vs. Galatasaray - Sunday December 15 - 2013,Genclerbirligi,hard,4-2-3-1,KOSE;TOSIC;GORGULU;KULUSIC;CALIK;ILERI;GOSSO;ZEC;PETROVIC;DURMAZ;STANCU
Trabzonspor vs. Bursaspor - Monday December 16 - 2013,Bursaspor,hard,4-2-3-1,FREY;TAIWO;AZIZ;CIVELLI;OZBAYRAKLI;CINAZ;CAGIRAN;KIRAZ;BELLUSCHI;YILDIRIM;SESTAK
Trabzonspor vs. Bursaspor - Monday December 16 - 2013,Trabzonspor,easy,4-2-3-1,KIVRAK;DEMIR;BAMBA;YUMLU;BOSINGWA;AKGUN;COLMAN;ERDOGAN;MALOUDA;ADIN;HENRIQUE
Rizespor vs. Kasimpasa - Friday December 20 - 2013,Kasimpasa,hard,4-2-3-1,ISAKSSON;EKER;AYHAN;BASDAS;SAM;CASTRO;SERAS;BABEL;SCARIONE;BUYUK;MALKI
Rizespor vs. Kasimpasa - Friday December 20 - 2013,Rizespor,hard,4-2-3-1,KIRINTILI;ADNAN;OBOABONA;VIERA;ALTINAY;SYLVESTRE;KARAKAS;KAYA;CERNAT;MERIC;KOSE
Besiktas vs. Elazigspor - Saturday December 21 - 2013,Besiktas,easy,4-2-3-1,ZENGIN;KOYBASI;GULUM;SIVOK;KURTULUS;UYSAL;KAVLAK;BORAL;SAHAN;HOLOSKO;PEKTEMEK
Besiktas vs. Elazigspor - Saturday December 21 - 2013,Elazigspor,hard,4-2-3-1,OZER;BIRINCI;SOW;GORK;SOYLER;VITOLO;FABIO BILICA;OZKAN;SANE;YEDEK;YILMAZ
Antalyaspor vs. Genclerbirligi - Sunday December 22 - 2013,Antalyaspor,hard,4-3-3,ARIKAN;WEDERSON;NIZAM;GUNGOR;BALCI;INCEMAN;BARIS;DURUER;TITA;DIARRA;BASSAN
Antalyaspor vs. Genclerbirligi - Sunday December 22 - 2013,Genclerbirligi,hard,4-2-3-1,KOSE;TOSIC;CALIK;KULUSIC;CIFTCI;GOSSO;PETROVIC;ZEC;KAYA;DURMAZ;STANCU
Eskisehirspor vs. Gaziantepspor - Sunday December 22 - 2013,Eskisehirspor,hard,4-4-2,BOFFIN;DIEGO ANGELO;AKAMINKO;CETIN;SARI;ZENGIN;N'DIAYE;GUCER;KILIC;ATES;JORQUERA
Eskisehirspor vs. Gaziantepspor - Sunday December 22 - 2013,Gaziantepspor,hard,4-4-2,KARCEMARSKAS;CAN;BINYA;STANKEVICIUS;TOKAK;SAHIN;HAS;MEDUNJANIN;DURAK;TOSUN;TRAORE
Galatasaray vs. Trabzonspor - Sunday December 22 - 2013,Galatasaray,easy,4-4-2,MUSLERA;RIERA;KAYA;ZAN;SARIOGLU;INAN;FELIPE MELO;SNEIJDER;KURTULUS;YILMAZ;DROGBA
Galatasaray vs. Trabzonspor - Sunday December 22 - 2013,Trabzonspor,easy,4-2-3-1,KIVRAK;DEMIR;BAMBA;YUMLU;BOSINGWA;ZOKORA;AKGUN;ERDOGAN;COLMAN;ADIN;HENRIQUE
Kardemir Karabukspor vs. Fenerbahce - Sunday December 22 - 2013,Fenerbahce,easy,4-2-3-1,DEMIREL;ERKIN;KORKMAZ;ALVES;GONUL;TOPAL;POTUK;SOW;CRISTIAN;KUYT;EMENIKE
Kardemir Karabukspor vs. Fenerbahce - Sunday December 22 - 2013,Kardemir Karabukspor,hard,4-4-2,WATERMAN;DOGAN;MABIALA;INCEDEMIR;UCAR;HAMROUN;SOW;OZCAL;OZEK;PARLAK;AKPALA
Kayserispor vs. Konyaspor - Sunday December 22 - 2013,Kayserispor,hard,4-2-3-1,DEGIRMENCI;ULUDAG;ZURAB KHIZANISHVILI;SIMIC;DURSUN;DURAK;YALCIN;BAYRAM;BISESWAR;YILMAZ;BOBO
Kayserispor vs. Konyaspor - Sunday December 22 - 2013,Konyaspor,hard,4-2-3-1,ITANDJE;TEBER;AY;TURAN;UNLU;BOREK;GUVEN;KABZE;SAHINER;DJALMA;GEKAS
Akhisar Belediyespor vs. Sivasspor - Monday December 23 - 2013,Akhisar Belediyespor,hard,4-4-2,TUNCEL;VURAL;DEMIROK;SONKO;EREN;VARDAR;YUCE;KISA;AKYUZ;NIASSE;BRUNO MEZENGA
Akhisar Belediyespor vs. Sivasspor - Monday December 23 - 2013,Sivasspor,hard,4-2-3-1,CELIKAY;ERDAL;KURT;DA COSTA;CICINHO;BEKMEZCI;KOCAK;KARABULUT;TAOUIL;ESER;CHAHECHOUHE
Bursaspor vs. Kayseri Erciyesspor - Monday December 23 - 2013,Bursaspor,hard,4-4-2,FREY;TAIWO;AZIZ;CIVELLI;OZBAYRAKLI;KIRAZ;CINAZ;BELLUSCHI;CHRETIEN;SESTAK;KAZIM-RICHARDS
Bursaspor vs. Kayseri Erciyesspor - Monday December 23 - 2013,Kayseri Erciyesspor,hard,4-2-3-1,JORGACEVIC;EKSIOGLU;CURUKSU;MANGANE;CAN;TRAORE;ATAK;OKUMAK;IBRICIC;BAHADIR;VLEMINCKX
Genclerbirligi vs. Besiktas - Friday December 27 - 2013,Besiktas,easy,4-2-3-1,ZENGIN;BORAL;GULUM;SIVOK;KURTULUS;UYSAL;KAVLAK;TORE;SAHAN;HOLOSKO;ALMEIDA
Genclerbirligi vs. Besiktas - Friday December 27 - 2013,Genclerbirligi,hard,4-2-3-1,KOSE;TOSIC;CALIK;KULUSIC;GOSSO;ILERI;PETROVIC;ZEC;KAYA;DURMAZ;STANCU
Kasimpasa vs. Akhisar Belediyespor - Friday December 27 - 2013,Akhisar Belediyespor,hard,4-4-2,TUNCEL;VURAL;DEMIROK;SONKO;EREN;VARDAR;YUCE;KISA;AKYUZ;NIASSE;BRUNO MEZENGA
Kasimpasa vs. Akhisar Belediyespor - Friday December 27 - 2013,Kasimpasa,hard,4-2-3-1,ISAKSSON;EKER;AYHAN;DONK;SAM;CASTRO;SERAS;BABEL;SCARIONE;BUYUK;MALKI
Elazigspor vs. Rizespor - Saturday December 28 - 2013,Elazigspor,hard,4-2-3-1,IVESA;OZKAYA;BIRINCI;FABIO BILICA;ASLAN;SOW;NAS;OZKAN;YEDEK;GURLER;YILMAZ
Elazigspor vs. Rizespor - Saturday December 28 - 2013,Rizespor,hard,4-2-3-1,KIRINTILI;ADNAN;OBOABONA;VIERA;ALTINAY;SYLVESTRE;KARAKAS;KAYA;CERNAT;MERIC;KWEUKE
Gaziantepspor vs. Bursaspor - Saturday December 28 - 2013,Bursaspor,hard,4-2-3-1,FREY;TAIWO;AZIZ;CIVELLI;OZBAYRAKLI;CINAZ;YILDIRIM;KIRAZ;BELLUSCHI;KAZIM-RICHARDS;SESTAK
Gaziantepspor vs. Bursaspor - Saturday December 28 - 2013,Gaziantepspor,hard,4-4-2,KARCEMARSKAS;CAN;KECOJEVIC;STANKEVICIUS;TOKAK;SAHIN;HAS;MEDUNJANIN;DURAK;TOSUN;TRAORE
Kayseri Erciyesspor vs. Galatasaray - Saturday December 28 - 2013,Galatasaray,easy,4-2-3-1,MUSLERA;BALTA;CHEDJOU;KAYA;SARIOGLU;FELIPE MELO;INAN;YILMAZ;SNEIJDER;BRUMA;DROGBA
Kayseri Erciyesspor vs. Galatasaray - Saturday December 28 - 2013,Kayseri Erciyesspor,hard,4-2-3-1,JORGACEVIC;EKSIOGLU;KOCABAS;MANGANE;CAN;MANDJECK;TRAORE;OZTEKIN;AKIN;IBRICIC;VLEMINCKX
Fenerbahce vs. Kayserispor - Sunday December 29 - 2013,Fenerbahce,easy,4-2-3-1,DEMIREL;ERKIN;KORKMAZ;IRTEGUN;GONUL;TOPAL;MEIRELES;SOW;CRISTIAN;KUYT;EMENIKE
Fenerbahce vs. Kayserispor - Sunday December 29 - 2013,Kayserispor,hard,4-2-3-1,DEGIRMENCI;BAYRAM;ZURAB KHIZANISHVILI;MIJAILOVIC;DURSUN;DURAK;YALCIN;MOUCHE;BISESWAR;YILMAZ;BOBO
Konyaspor vs. Eskisehirspor - Sunday December 29 - 2013,Eskisehirspor,hard,4-4-2,BOFFIN;DEMIRHAN;DIEGO ANGELO;AKAMINKO;SARI;CEK;N'DIAYE;GUCER;ZENGIN;BIENVENU;JORQUERA
Konyaspor vs. Eskisehirspor - Sunday December 29 - 2013,Konyaspor,hard,4-2-3-1,ITANDJE;TEBER;AY;YAVUZ;UNLU;BOREK;CAMDALI;KABZE;GUVEN;DJALMA;GEKAS
Sivasspor vs. Kardemir Karabukspor - Sunday December 29 - 2013,Kardemir Karabukspor,hard,4-4-2,WATERMAN;DOGAN;MABIALA;UCAR;OZGENC;HAMROUN;INCEDEMIR;OZCAL;OZEK;PARLAK;AKPALA
Sivasspor vs. Kardemir Karabukspor - Sunday December 29 - 2013,Sivasspor,hard,4-2-3-1,CELIKAY;ERDAL;DA COSTA;NAVRATIL;CICINHO;BEKMEZCI;KOCAK;KARABULUT;ARSLAN;ESER;CHAHECHOUHE
Trabzonspor vs. Antalyaspor - Sunday December 29 - 2013,Antalyaspor,hard,4-5-1,FORNEZZI;WEDERSON;NIZAM;GUNGOR;ARSLAN;DURUER;DAGASAN;BALCI;YILDIRIM;BASSAN;DIARRA
Trabzonspor vs. Antalyaspor - Sunday December 29 - 2013,Trabzonspor,easy,4-2-3-1,KIVRAK;DEMIR;BAMBA;YUMLU;BOSINGWA;ZOKORA;AKGUN;ERDOGAN;MALOUDA;ADIN;HENRIQUE
Kasimpasa vs. Kardemir Karabukspor - Friday January 24 - 2014,Kardemir Karabukspor,hard,4-4-2,WATERMAN;DOGAN;MABIALA;INCEDEMIR;UCAR;HAMROUN;SOW;OZCAL;OZEK;PARLAK;ENERAMO
Kasimpasa vs. Kardemir Karabukspor - Friday January 24 - 2014,Kasimpasa,hard,4-2-3-1,ISAKSSON;KAPLAN;BASDAS;AYHAN;KARTAL;CASTRO;SERAS;BABEL;SCARIONE;BUYUK;MALKI
Bursaspor vs. Eskisehirspor - Saturday January 25 - 2014,Bursaspor,hard,4-4-2,FREY;TAIWO;AZIZ;CIVELLI;OZBAYRAKLI;KIRAZ;CINAZ;BELLUSCHI;TUFAN;SESTAK;FERNANDAO
Bursaspor vs. Eskisehirspor - Saturday January 25 - 2014,Eskisehirspor,hard,4-4-2,BOFFIN;DEDE;DIEGO ANGELO;CETIN;COSKUN;ZENGIN;KARA;GUCER;KILIC;BIENVENU;JORQUERA
Genclerbirligi vs. Rizespor - Saturday January 25 - 2014,Genclerbirligi,hard,4-2-3-1,DAHLIN;TOSIC;CALIK;KULUSIC;ASLANTAS;GOSSO;PETROVIC;DELIBALTA;KAYA;DURMAZ;STANCU
Genclerbirligi vs. Rizespor - Saturday January 25 - 2014,Rizespor,hard,4-2-3-1,KIRINTILI;ADNAN;OBOABONA;VIERA;OVACIKLI;AKGUN;KARAKAS;ABDI;BAYTAR;KOSE;KWEUKE
Trabzonspor vs. Besiktas - Saturday January 25 - 2014,Besiktas,easy,4-2-3-1,ZENGIN;RAMON;GULUM;UYSAL;HUTCHINSON;OZYAKUP;KAVLAK;SAHAN;FERNANDES;TORE;ALMEIDA
Trabzonspor vs. Besiktas - Saturday January 25 - 2014,Trabzonspor,easy,4-3-3,KIVRAK;KELES;DEMIR;YUMLU;BOSINGWA;MALOUDA;ZOKORA;MIERZEJEWSKI;ERDOGAN;GURAL;ADIN
Elazigspor vs. Akhisar Belediyespor - Sunday January 26 - 2014,Akhisar Belediyespor,hard,4-4-2,DAGLAROGLU;VURAL;DEMIROK;KONUK;EREN;VARDAR;YUCE;KISA;OZER;NIASSE;BRUNO MEZENGA
Elazigspor vs. Akhisar Belediyespor - Sunday January 26 - 2014,Elazigspor,hard,4-2-3-1,IVESA;ZEEGELAAR;BIRINCI;FABIO BILICA;KAYHAN;SOW;NAS;AYIK;SANE;GURLER;YILMAZ
Gaziantepspor vs. Galatasaray - Sunday January 26 - 2014,Galatasaray,easy,3-5-2,MUSLERA;BALTA;KAYA;FELIPE MELO;SARIOGLU;INAN;SNEIJDER;COLAK;EBOUE;BULUT;DROGBA
Gaziantepspor vs. Galatasaray - Sunday January 26 - 2014,Gaziantepspor,hard,4-3-3,KARCEMARSKAS;CAN;BINYA;STANKEVICIUS;TOKAK;DURAK;MEDUNJANIN;AKIN;SAHIN;TOSUN;OZBAYRAKTAR
Sivasspor vs. Kayserispor - Sunday January 26 - 2014,Kayserispor,hard,4-2-3-1,TASKIRAN;ULUDAG;ZURAB KHIZANISHVILI;SERENO;KOZ;MIJAILOVIC;DURAK;MOUCHE;YOKUSLU;VANEK;BOBO
Sivasspor vs. Kayserispor - Sunday January 26 - 2014,Sivasspor,hard,4-2-3-1,CELIKAY;ERDAL;KURT;DA COSTA;CICINHO;BEKMEZCI;KOCAK;KARABULUT;ARSLAN;ESER;CHAHECHOUHE
Fenerbahce vs. Konyaspor - Monday January 27 - 2014,Fenerbahce,easy,4-2-3-1,DEMIREL;ERKIN;KORKMAZ;ALVES;GONUL;TOPAL;MEIRELES;SOW;CRISTIAN;KUYT;EMENIKE
Fenerbahce vs. Konyaspor - Monday January 27 - 2014,Konyaspor,hard,4-2-3-1,ITANDJE;TEBER;AY;KOKALOVIC;UNLU;BOREK;CAMDALI;KABZE;HLEB;DJALMA;GEKAS
Besiktas vs. Kayseri Erciyesspor - Friday January 31 - 2014,Besiktas,easy,4-2-3-1,ZENGIN;RAMON;GULUM;FRANCO;KURTULUS;HUTCHINSON;OZYAKUP;SAHAN;FERNANDES;TORE;ALMEIDA
Besiktas vs. Kayseri Erciyesspor - Friday January 31 - 2014,Kayseri Erciyesspor,hard,4-2-3-1,JORGACEVIC;EKSIOGLU;CURUKSU;MANGANE;AKGUN;MANDJECK;CAN;YILDIRIM;AVCI;ALKILIC;OZTEKIN
Antalyaspor vs. Gaziantepspor - Saturday February 1 - 2014,Antalyaspor,hard,4-3-3,FORNEZZI;WEDERSON;NIZAM;KACAR;BALCI;INSA;ENOH;DURUER;TITA;DIARRA;BASSAN
Antalyaspor vs. Gaziantepspor - Saturday February 1 - 2014,Gaziantepspor,hard,4-4-2,KARCEMARSKAS;CAN;BINYA;STANKEVICIUS;TOKAK;SAHIN;HAS;MEDUNJANIN;DURAK;TOSUN;TRAORE
Eskisehirspor vs. Fenerbahce - Saturday February 1 - 2014,Eskisehirspor,hard,4-4-2,BOFFIN;CEK;AKAMINKO;CETIN;CAMDAL;ZENGIN;KARA;GUCER;KILIC;BIENVENU;JORQUERA
Eskisehirspor vs. Fenerbahce - Saturday February 1 - 2014,Fenerbahce,easy,4-2-3-1,DEMIREL;ERKIN;KORKMAZ;ALVES;GONUL;TOPAL;MEIRELES;SOW;HOLMEN;KUYT;WEBO
Kayserispor vs. Kasimpasa - Saturday February 1 - 2014,Kasimpasa,hard,4-2-3-1,ISAKSSON;KAPLAN;AYHAN;BASDAS;KARTAL;OZTURK;CASTRO;BABEL;SCARIONE;BUYUK;MALKI
Kayserispor vs. Kasimpasa - Saturday February 1 - 2014,Kayserispor,hard,4-2-3-1,BOLAT;ULUDAG;ZURAB KHIZANISHVILI;MIJAILOVIC;KOZ;DURAK;YOKUSLU;BAYRAM;VANEK;MOUCHE;BOBO
Akhisar Belediyespor vs. Genclerbirligi - Sunday February 2 - 2014,Akhisar Belediyespor,hard,4-4-2,TUNCEL;ATAN;YALCIN;DEMIROK;CEBE;VURAL;YUCE;SESAR;OZER;NIASSE;AKYUZ
Akhisar Belediyespor vs. Genclerbirligi - Sunday February 2 - 2014,Genclerbirligi,hard,4-2-3-1,DAHLIN;TOSIC;CALIK;KULUSIC;ASLANTAS;GOSSO;PETROVIC;CELIK;KAYA;DURMAZ;STANCU
Galatasaray vs. Bursaspor - Sunday February 2 - 2014,Bursaspor,hard,4-4-2,FREY;TAIWO;AZIZ;CIVELLI;OZBAYRAKLI;KAZIM-RICHARDS;CINAZ;BELLUSCHI;YILDIRIM;SESTAK;FERNANDAO
Galatasaray vs. Bursaspor - Sunday February 2 - 2014,Galatasaray,easy,3-5-2,MUSLERA;BALTA;KAYA;GULSELAM;SARIOGLU;FELIPE MELO;SNEIJDER;INAN;EBOUE;YILMAZ;DROGBA
Kardemir Karabukspor vs. Elazigspor - Sunday February 2 - 2014,Elazigspor,hard,4-2-3-1,IVESA;ZEEGELAAR;BIRINCI;FABIO BILICA;KAYHAN;SOW;NAS;AYIK;SANE;GURLER;YILMAZ
Kardemir Karabukspor vs. Elazigspor - Sunday February 2 - 2014,Kardemir Karabukspor,hard,4-4-2,WATERMAN;DOGAN;AKCA;INCEDEMIR;UCAR;HAMROUN;SOW;OZCAL;OZEK;PARLAK;ENERAMO
Konyaspor vs. Sivasspor - Sunday February 2 - 2014,Konyaspor,hard,4-2-3-1,ITANDJE;TEBER;KOKALOVIC;AY;UNLU;BOREK;CAMDALI;KABZE;HLEB;DJALMA;GEKAS
Konyaspor vs. Sivasspor - Sunday February 2 - 2014,Sivasspor,hard,4-2-3-1,CELIKAY;ERDAL;KURT;DA COSTA;CICINHO;BEKMEZCI;KOCAK;KARABULUT;ARSLAN;ESER;CHAHECHOUHE
Rizespor vs. Trabzonspor - Monday February 3 - 2014,Rizespor,hard,4-2-3-1,KIRINTILI;ADNAN;GORK;VIERA;ALTINAY;KARAKAS;SYLVESTRE;ABDI;BAYTAR;LUALUA;KWEUKE
Rizespor vs. Trabzonspor - Monday February 3 - 2014,Trabzonspor,easy,4-2-3-1,KIVRAK;KELES;DEMIR;OSMANPASA;BOSINGWA;ZOKORA;COLMAN;MALOUDA;MIERZEJEWSKI;ADIN;GURAL
Gaziantepspor vs. Besiktas - Friday February 7 - 2014,Besiktas,easy,4-2-3-1,ZENGIN;RAMON;FRANCO;NOUNKEU;KURTULUS;HUTCHINSON;KAVLAK;SAHAN;OZYAKUP;TORE;ALMEIDA
Gaziantepspor vs. Besiktas - Friday February 7 - 2014,Gaziantepspor,hard,4-4-2,KARCEMARSKAS;CAN;BINYA;TOKAK;DAG;SAHIN;HAS;MEDUNJANIN;DURAK;TOSUN;TRAORE
Kasimpasa vs. Konyaspor - Friday February 7 - 2014,Kasimpasa,hard,4-2-3-1,ISAKSSON;KAPLAN;AYHAN;BASDAS;KARTAL;SERAS;CASTRO;BABEL;SCARIONE;VIUDEZ;BUYUK
Kasimpasa vs. Konyaspor - Friday February 7 - 2014,Konyaspor,hard,4-2-3-1,ITANDJE;TEBER;AY;KOKALOVIC;UNLU;BOREK;CAMDALI;KABZE;HLEB;DJALMA;GEKAS
Galatasaray vs. Eskisehirspor - Saturday February 8 - 2014,Eskisehirspor,hard,4-4-2,BOFFIN;CEK;AKAMINKO;CETIN;CAMDAL;ZENGIN;LAWAL;GUCER;KAMARA;BIENVENU;JORQUERA
Galatasaray vs. Eskisehirspor - Saturday February 8 - 2014,Galatasaray,easy,4-3-3,MUSLERA;TELLES;BALTA;CHEDJOU;SARIOGLU;INAN;GULSELAM;FELIPE MELO;SNEIJDER;YILMAZ;HAJROVIC
Kayseri Erciyesspor vs. Rizespor - Saturday February 8 - 2014,Kayseri Erciyesspor,hard,4-2-3-1,DEGIRMENCI;EKSIOGLU;DIAKHATE;MANGANE;ALKILIC;MANDJECK;CAN;OZTEKIN;IBRICIC;YILDIRIM;EDINHO
Kayseri Erciyesspor vs. Rizespor - Saturday February 8 - 2014,Rizespor,hard,4-2-3-1,KIRINTILI;ALBAYRAK;GORK;VIERA;ALTINAY;KARAKAS;SYLVESTRE;ABDI;BAYTAR;LUALUA;KWEUKE
Bursaspor vs. Antalyaspor - Sunday February 9 - 2014,Antalyaspor,hard,4-2-3-1,ARIKAN;WEDERSON;GUNGOR;KACAR;BALCI;INSA;ENOH;DURUER;YEDEK;BASSAN;DIARRA
Bursaspor vs. Antalyaspor - Sunday February 9 - 2014,Bursaspor,hard,4-4-2,FREY;TAIWO;AZIZ;CIVELLI;OZBAYRAKLI;KIRAZ;YILMAZ;BELLUSCHI;KAZIM-RICHARDS;SESTAK;FERNANDAO
Elazigspor vs. Kayserispor - Sunday February 9 - 2014,Elazigspor,hard,4-2-3-1,IVESA;ZEEGELAAR;BIRINCI;VRANJES;KAYHAN;FABIO BILICA;NAS;AYIK;TELLO;OZKAN;YILMAZ
Elazigspor vs. Kayserispor - Sunday February 9 - 2014,Kayserispor,hard,4-2-3-1,BOLAT;ULUDAG;ZURAB KHIZANISHVILI;MIJAILOVIC;KOZ;TZIOLIS;YOKUSLU;BAYRAM;VANEK;MOUCHE;BOBO
Sivasspor vs. Fenerbahce - Sunday February 9 - 2014,Fenerbahce,easy,4-2-3-1,DEMIREL;KADLEC;KORKMAZ;ALVES;GONUL;TOPAL;MEIRELES;ERKIN;BELOZOGLU;KUYT;SOW
Sivasspor vs. Fenerbahce - Sunday February 9 - 2014,Sivasspor,hard,4-2-3-1,SAHIN;ERDAL;KURT;DA COSTA;CICINHO;BEKMEZCI;KOCAK;KARABULUT;ARSLAN;ESER;CHAHECHOUHE
Trabzonspor vs. Akhisar Belediyespor - Sunday February 9 - 2014,Akhisar Belediyespor,hard,4-4-2,TUNCEL;ATAN;YALCIN;DEMIROK;EREN;VURAL;YUCE;SESAR;OZER;NIASSE;AKYUZ
Trabzonspor vs. Akhisar Belediyespor - Sunday February 9 - 2014,Trabzonspor,easy,4-4-2,KIVRAK;DEMIR;YUMLU;ZOKORA;BOSINGWA;ADIN;BOURCEANU;HURMACI;MIERZEJEWSKI;HENRIQUE;JANKO
Genclerbirligi vs. Kardemir Karabukspor - Monday February 10 - 2014,Genclerbirligi,hard,4-2-3-1,DAHLIN;TOSIC;CALIK;KULUSIC;ASLANTAS;GOSSO;PETROVIC;DELIBALTA;KAYA;DURMAZ;STANCU
Genclerbirligi vs. Kardemir Karabukspor - Monday February 10 - 2014,Kardemir Karabukspor,hard,4-4-2,WATERMAN;DOGAN;MABIALA;INCEDEMIR;UCAR;KAS;SOW;CAGIRAN;OZEK;PARLAK;ENERAMO
Kasimpasa vs. Besiktas - Tuesday February 11 - 2014,Besiktas,easy,4-2-3-1,ZENGIN;RAMON;GULUM;FRANCO;KURTULUS;HUTCHINSON;KAVLAK;SAHAN;OZYAKUP;TORE;ALMEIDA
Kasimpasa vs. Besiktas - Tuesday February 11 - 2014,Kasimpasa,hard,4-2-3-1,ISAKSSON;KAPLAN;AYHAN;BASDAS;KARTAL;CASTRO;SERAS;BABEL;SCARIONE;VIUDEZ;BUYUK
Rizespor vs. Gaziantepspor - Friday February 14 - 2014,Gaziantepspor,hard,4-4-2,KARCEMARSKAS;CAN;BINYA;STANKEVICIUS;TOKAK;SAHIN;SAPARA;MEDUNJANIN;OZBAYRAKTAR;TOSUN;TRAORE
Rizespor vs. Gaziantepspor - Friday February 14 - 2014,Rizespor,hard,4-2-3-1,KIRINTILI;ALBAYRAK;GORK;VIERA;ALTINAY;KARAKAS;SYLVESTRE;ABDI;CERNAT;LUALUA;KWEUKE
Kardemir Karabukspor vs. Trabzonspor - Saturday February 15 - 2014,Kardemir Karabukspor,hard,4-2-3-1,WATERMAN;DOGAN;MABIALA;INCEDEMIR;OZGENC;SOW;CAGIRAN;KAS;OZCAL;PARLAK;ENERAMO
Kardemir Karabukspor vs. Trabzonspor - Saturday February 15 - 2014,Trabzonspor,easy,4-2-3-1,KIVRAK;KELES;DEMIR;YUMLU;BOSINGWA;ZOKORA;COLMAN;HURMACI;MIERZEJEWSKI;ADIN;GURAL
Kayserispor vs. Genclerbirligi - Saturday February 15 - 2014,Genclerbirligi,hard,4-2-3-1,KOSE;TOSIC;KULUSIC;CALIK;CIFTCI;GOSSO;CALISKAN;ZEC;KAYA;ASLANTAS;STANCU
Kayserispor vs. Genclerbirligi - Saturday February 15 - 2014,Kayserispor,hard,4-2-3-1,BOLAT;ULUDAG;GULEN;ZURAB KHIZANISHVILI;KOZ;TZIOLIS;DURAK;BISESWAR;VANEK;YALCIN;MOUCHE
Akhisar Belediyespor vs. Kayseri Erciyesspor - Sunday February 16 - 2014,Akhisar Belediyespor,hard,4-4-2,DAGLAROGLU;VURAL;DEMIROK;SONKO;EREN;AKYUZ;YUCE;VARDAR;CEBE;NIASSE;BRUNO MEZENGA
Akhisar Belediyespor vs. Kayseri Erciyesspor - Sunday February 16 - 2014,Kayseri Erciyesspor,hard,4-2-3-1,DEGIRMENCI;OZTURK;DIAKHATE;MANGANE;ALKILIC;MANDJECK;CAN;OZTEKIN;TRAORE;YILDIRIM;EDINHO
Besiktas vs. Bursaspor - Sunday February 16 - 2014,Besiktas,easy,4-2-3-1,ZENGIN;RAMON;GULUM;FRANCO;NOUNKEU;HUTCHINSON;KAVLAK;SAHAN;OZYAKUP;TORE;ALMEIDA
Besiktas vs. Bursaspor - Sunday February 16 - 2014,Bursaspor,hard,4-2-3-1,FREY;CHRETIEN;AZIZ;CIVELLI;OZBAYRAKLI;CINAZ;YILMAZ;SESTAK;BELLUSCHI;KAZIM-RICHARDS;FERNANDAO
Fenerbahce vs. Kasimpasa - Sunday February 16 - 2014,Fenerbahce,easy,4-2-3-1,DEMIREL;KADLEC;ALVES;IRTEGUN;GONUL;TOPAL;BELOZOGLU;POTUK;HOLMEN;TOPUZ;KUYT
Fenerbahce vs. Kasimpasa - Sunday February 16 - 2014,Kasimpasa,hard,4-2-3-1,ISAKSSON;KAPLAN;DONK;AYHAN;SUME;SERAS;CASTRO;BABEL;SCARIONE;VIUDEZ;BUYUK
Antalyaspor vs. Galatasaray - Monday February 17 - 2014,Antalyaspor,hard,4-2-3-1,ARIKAN;WEDERSON;BOUM;KACAR;ARSLAN;BALCI;ENOH;DURUER;YEDEK;TITA;DIARRA
Antalyaspor vs. Galatasaray - Monday February 17 - 2014,Galatasaray,easy,4-3-3,MUSLERA;TELLES;BURDISSO;KAYA;SARIOGLU;INAN;GULSELAM;FELIPE MELO;SNEIJDER;DROGBA;YILMAZ
Eskisehirspor vs. Sivasspor - Monday February 17 - 2014,Eskisehirspor,hard,4-2-3-1,BOFFIN;DEDE;COSKUN;AKAMINKO;CAMDAL;LAWAL;KARA;ZENGIN;KILIC;KAMARA;BIENVENU
Eskisehirspor vs. Sivasspor - Monday February 17 - 2014,Sivasspor,hard,4-2-3-1,BEZGIN;ERDAL;KURT;DA COSTA;CICINHO;BEKMEZCI;ARSLAN;KARABULUT;TAOUIL;ESER;CHAHECHOUHE
Konyaspor vs. Elazigspor - Monday February 17 - 2014,Elazigspor,hard,4-2-3-1,IVESA;ZEEGELAAR;FABIO BILICA;VRANJES;KAYHAN;SOW;NAS;AYIK;TELLO;GURLER;YILMAZ
Konyaspor vs. Elazigspor - Monday February 17 - 2014,Konyaspor,hard,4-2-3-1,ITANDJE;TEBER;AY;KOKALOVIC;UNLU;BOREK;CAMDALI;KILICASLAN;HLEB;DJALMA;GEKAS
Bursaspor vs. Rizespor - Friday February 21 - 2014,Bursaspor,hard,4-2-3-1,FREY;TAIWO;CIVELLI;OZTURK;OZBAYRAKLI;CINAZ;BELLUSCHI;KIRAZ;RENATO CAJA;SEN;FERNANDAO
Bursaspor vs. Rizespor - Friday February 21 - 2014,Rizespor,hard,4-2-3-1,KIRINTILI;ALBAYRAK;GORK;OBOABONA;ALTINAY;KAGAN SOYLEMEZGILLER;KARAKAS;ABDI;SYLVESTRE;CERNAT;KWEUKE
Galatasaray vs. Besiktas - Saturday February 22 - 2014,Besiktas,easy,4-2-3-1,ZENGIN;RAMON;FRANCO;NOUNKEU;UYSAL;HUTCHINSON;KAVLAK;SAHAN;OZYAKUP;TORE;ALMEIDA
Galatasaray vs. Besiktas - Saturday February 22 - 2014,Galatasaray,easy,4-3-3,MUSLERA;TELLES;BALTA;KAYA;SARI;INAN;GULSELAM;FELIPE MELO;SNEIJDER;DROGBA;YILMAZ
Gaziantepspor vs. Akhisar Belediyespor - Saturday February 22 - 2014,Akhisar Belediyespor,hard,4-4-2,TUNCEL;ATAN;YALCIN;DEMIROK;EREN;VURAL;YUCE;SESAR;CEBE;NIASSE;AKYUZ
Gaziantepspor vs. Akhisar Belediyespor - Saturday February 22 - 2014,Gaziantepspor,hard,4-4-2,KARCEMARSKAS;CAN;BINYA;TOKAK;DAG;DURAK;HIKMET;MEDUNJANIN;OZBAYRAKTAR;TOSUN;TRAORE
Kayseri Erciyesspor vs. Kardemir Karabukspor - Saturday February 22 - 2014,Kardemir Karabukspor,hard,4-2-3-1,WATERMAN;DOGAN;AKCA;INCEDEMIR;UCAR;SOW;CAGIRAN;KAS;OZCAL;PARLAK;ENERAMO
Kayseri Erciyesspor vs. Kardemir Karabukspor - Saturday February 22 - 2014,Kayseri Erciyesspor,hard,4-2-3-1,DEGIRMENCI;OZTURK;DIAKHATE;MANGANE;ALKILIC;MANDJECK;CAN;OZTEKIN;TRAORE;YILDIRIM;EDINHO
Antalyaspor vs. Eskisehirspor - Sunday February 23 - 2014,Antalyaspor,hard,4-2-3-1,FORNEZZI;WEDERSON;BOUM;KACAR;ARSLAN;BALCI;INSA;DURUER;YEDEK;TITA;SENTURK
Antalyaspor vs. Eskisehirspor - Sunday February 23 - 2014,Eskisehirspor,hard,4-2-3-1,BOFFIN;CAMDAL;COSKUN;AKAMINKO;COREKCI;KARA;GUCER;KAMARA;BAYRAMOGLU;JORQUERA;BIENVENU
Genclerbirligi vs. Konyaspor - Sunday February 23 - 2014,Genclerbirligi,hard,4-4-2,KOSE;TOSIC;CALIK;KULUSIC;ASLANTAS;ZEC;GOSSO;PETROVIC;DURMAZ;STANCU;GULTEKIN
Genclerbirligi vs. Konyaspor - Sunday February 23 - 2014,Konyaspor,hard,4-2-3-1,ITANDJE;TEBER;AY;KOKALOVIC;UNLU;CAMDALI;GUVEN;KABZE;HLEB;DJALMA;THORVALDSSON
Kasimpasa vs. Sivasspor - Sunday February 23 - 2014,Kasimpasa,hard,4-2-3-1,ISAKSSON;KAPLAN;AYHAN;DONK;SUME;CASTRO;EKER;BABEL;SCARIONE;VIUDEZ;MALKI
Kasimpasa vs. Sivasspor - Sunday February 23 - 2014,Sivasspor,hard,4-2-3-1,BEZGIN;ERDAL;KURT;DA COSTA;CICINHO;BEKMEZCI;KOCAK;OZTURK;ARSLAN;KARABULUT;CHAHECHOUHE
Trabzonspor vs. Kayserispor - Sunday February 23 - 2014,Kayserispor,hard,4-2-3-1,BOLAT;BAYRAM;GULEN;MIJAILOVIC;KOZ;TZIOLIS;DURAK;MOUCHE;BISESWAR;VANEK;BOBO
Trabzonspor vs. Kayserispor - Sunday February 23 - 2014,Trabzonspor,easy,4-2-3-1,KIVRAK;KELES;DEMIR;YUMLU;BOSINGWA;BOURCEANU;COLMAN;HURMACI;MIERZEJEWSKI;ADIN;GURAL
Elazigspor vs. Fenerbahce - Monday February 24 - 2014,Elazigspor,hard,4-2-3-1,IVESA;ZEEGELAAR;VRANJES;SOW;KAYHAN;FABIO BILICA;NAS;AYIK;TELLO;GURLER;YILMAZ
Elazigspor vs. Fenerbahce - Monday February 24 - 2014,Fenerbahce,easy,4-2-3-1,DEMIREL;ERKIN;KADLEC;IRTEGUN;GONUL;TOPAL;POTUK;KUYT;CRISTIAN;TOPUZ;EMENIKE
Akhisar Belediyespor vs. Bursaspor - Friday February 28 - 2014,Akhisar Belediyespor,hard,4-2-3-1,TUNCEL;ATAN;DEMIROK;SONKO;EREN;YUCE;ALADAG;VURAL;VARDAR;AKYUZ;NIASSE
Akhisar Belediyespor vs. Bursaspor - Friday February 28 - 2014,Bursaspor,hard,4-2-3-1,FREY;TAIWO;CIVELLI;OZTURK;OZBAYRAKLI;CINAZ;BELLUSCHI;KIRAZ;RENATO CAJA;YILDIRIM;FERNANDAO
Besiktas vs. Antalyaspor - Friday February 28 - 2014,Antalyaspor,hard,4-5-1,FORNEZZI;WEDERSON;BOUM;KACAR;ARSLAN;DURUER;ENOH;BALCI;INCEMAN;YEDEK;DIARRA
Besiktas vs. Antalyaspor - Friday February 28 - 2014,Besiktas,easy,4-5-1,ZENGIN;RAMON;GULUM;FRANCO;UYSAL;SAHAN;HUTCHINSON;JONES;KAVLAK;HOLOSKO;ALMEIDA
Eskisehirspor vs. Kasimpasa - Saturday March 1 - 2014,Eskisehirspor,hard,4-4-2,BOFFIN;CAMDAL;COSKUN;AKAMINKO;COREKCI;ZENGIN;KARA;GUCER;KAMARA;BIENVENU;JORQUERA
Eskisehirspor vs. Kasimpasa - Saturday March 1 - 2014,Kasimpasa,hard,4-2-3-1,ISAKSSON;KAPLAN;AYHAN;DONK;SUME;SERAS;CASTRO;BABEL;SCARIONE;BUYUK;MALKI
Fenerbahce vs. Genclerbirligi - Saturday March 1 - 2014,Fenerbahce,easy,4-2-3-1,DEMIREL;ERKIN;KORKMAZ;IRTEGUN;GONUL;TOPAL;BELOZOGLU;SOW;POTUK;KUYT;EMENIKE
Fenerbahce vs. Genclerbirligi - Saturday March 1 - 2014,Genclerbirligi,hard,4-1-4-1,KOSE;CIFTCI;KULUSIC;RADKOV;ASLANTAS;GOSSO;ZEC;KAYA;PETROVIC;DURMAZ;STANCU
Kardemir Karabukspor vs. Gaziantepspor - Saturday March 1 - 2014,Gaziantepspor,hard,4-4-2,KARCEMARSKAS;CAN;BINYA;STANKEVICIUS;DAG;DURAK;HIKMET;MEDUNJANIN;OZBAYRAKTAR;TOSUN;TRAORE
Kardemir Karabukspor vs. Gaziantepspor - Saturday March 1 - 2014,Kardemir Karabukspor,hard,4-4-2,WATERMAN;DOGAN;AKCA;INCEDEMIR;UCAR;JONES CARIOCA;SOW;OZCAL;HAMROUN;PARLAK;ENERAMO
Kayserispor vs. Kayseri Erciyesspor - Sunday March 2 - 2014,Kayseri Erciyesspor,hard,4-2-3-1,DEGIRMENCI;OZTURK;DIAKHATE;MANGANE;ALKILIC;MANDJECK;CAN;OZTEKIN;TRAORE;YILDIRIM;EDINHO
Kayserispor vs. Kayseri Erciyesspor - Sunday March 2 - 2014,Kayserispor,hard,4-2-3-1,BOLAT;BAYRAM;GULEN;ZURAB KHIZANISHVILI;SERENO;TZIOLIS;DURAK;MOUCHE;YOKUSLU;VANEK;BOBO
Konyaspor vs. Trabzonspor - Sunday March 2 - 2014,Konyaspor,hard,4-2-3-1,ITANDJE;TEBER;VUKOVIC;AY;UNLU;BOREK;CAMDALI;KABZE;HLEB;DJALMA;THORVALDSSON
Konyaspor vs. Trabzonspor - Sunday March 2 - 2014,Trabzonspor,easy,4-2-3-1,KIVRAK;AKBAS;DEMIR;YUMLU;BOSINGWA;BOURCEANU;ZOKORA;HURMACI;MALOUDA;ADIN;HENRIQUE
Rizespor vs. Galatasaray - Sunday March 2 - 2014,Galatasaray,easy,4-3-3,MUSLERA;TELLES;CHEDJOU;KAYA;SARI;KURTULUS;FELIPE MELO;INAN;SNEIJDER;YILMAZ;BULUT
Rizespor vs. Galatasaray - Sunday March 2 - 2014,Rizespor,hard,4-3-3,KIRINTILI;ADNAN;VIERA;GORK;ALTINAY;KAGAN SOYLEMEZGILLER;AKGUN;KARAKAS;ABDI;KADAH;CERNAT
Sivasspor vs. Elazigspor - Sunday March 2 - 2014,Elazigspor,hard,4-2-3-1,IVESA;ZEEGELAAR;FABIO BILICA;VRANJES;KAYHAN;SOW;NAS;AYIK;TELLO;GURLER;YILMAZ
Sivasspor vs. Elazigspor - Sunday March 2 - 2014,Sivasspor,hard,4-2-3-1,BEZGIN;ERDAL;KURT;NAVRATIL;CICINHO;BEKMEZCI;KOCAK;KARABULUT;ARSLAN;ESER;CHAHECHOUHE
Bursaspor vs. Kardemir Karabukspor - Saturday March 8 - 2014,Bursaspor,hard,4-4-2,TEKIN;CHRETIEN;CIVELLI;OZTURK;OZBAYRAKLI;RENATO CAJA;CINAZ;BELLUSCHI;YILDIRIM;SESTAK;FERNANDAO
Bursaspor vs. Kardemir Karabukspor - Saturday March 8 - 2014,Kardemir Karabukspor,hard,4-2-3-1,WATERMAN;DOGAN;MABIALA;INCEDEMIR;OZGENC;SOW;CAGIRAN;KAS;OZCAL;OZEK;ENERAMO
Elazigspor vs. Kasimpasa - Saturday March 8 - 2014,Elazigspor,hard,4-2-3-1,IVESA;ZEEGELAAR;FABIO BILICA;VRANJES;KAYHAN;SOW;NAS;AYIK;TELLO;GURLER;YILMAZ
Elazigspor vs. Kasimpasa - Saturday March 8 - 2014,Kasimpasa,hard,4-2-3-1,ISAKSSON;KAPLAN;AYHAN;DONK;KARTAL;SERAS;CASTRO;TORUN;SCARIONE;VIUDEZ;MALKI
Galatasaray vs. Akhisar Belediyespor - Saturday March 8 - 2014,Akhisar Belediyespor,hard,4-4-2,TUNCEL;ATAN;DEMIROK;SONKO;EREN;VURAL;ALADAG;VARDAR;AKYUZ;NIASSE;BRUNO MEZENGA
Galatasaray vs. Akhisar Belediyespor - Saturday March 8 - 2014,Galatasaray,easy,4-3-3,MUSLERA;TELLES;BALTA;KAYA;EBOUE;KURTULUS;GULSELAM;FELIPE MELO;SNEIJDER;DROGBA;YILMAZ
Kayseri Erciyesspor vs. Konyaspor - Saturday March 8 - 2014,Kayseri Erciyesspor,hard,4-2-3-1,DEGIRMENCI;OZTURK;DIAKHATE;MANGANE;ALKILIC;MANDJECK;CAN;OZTEKIN;TRAORE;YILDIRIM;EDINHO
Kayseri Erciyesspor vs. Konyaspor - Saturday March 8 - 2014,Konyaspor,hard,4-2-3-1,ITANDJE;TEBER;VUKOVIC;UNLU;TURAN;BOREK;CAMDALI;KABZE;HLEB;DJALMA;THORVALDSSON
Antalyaspor vs. Rizespor - Sunday March 9 - 2014,Antalyaspor,hard,4-2-3-1,FORNEZZI;WEDERSON;BOUM;KACAR;ARSLAN;BALCI;ENOH;DURUER;YEDEK;TITA;DIARRA
Antalyaspor vs. Rizespor - Sunday March 9 - 2014,Rizespor,hard,4-3-3,KIRINTILI;ADNAN;GORK;VIERA;ALTINAY;KAGAN SOYLEMEZGILLER;AKGUN;KARAKAS;KADAH;KWEUKE;KOSE
Besiktas vs. Eskisehirspor - Sunday March 9 - 2014,Besiktas,easy,4-2-3-1,ZENGIN;RAMON;GULUM;FRANCO;KURTULUS;JONES;KAVLAK;SAHAN;OZYAKUP;TORE;SISMANOGLU
Besiktas vs. Eskisehirspor - Sunday March 9 - 2014,Eskisehirspor,hard,4-4-2,BOFFIN;CAMDAL;COSKUN;AKAMINKO;COREKCI;ZENGIN;LAWAL;KARA;KAMARA;BIENVENU;JORQUERA
Gaziantepspor vs. Kayserispor - Sunday March 9 - 2014,Gaziantepspor,hard,4-4-2,KARCEMARSKAS;CAN;BINYA;STANKEVICIUS;DAG;TRAORE;ILDIZ;MEDUNJANIN;DURAK;TOSUN;CAGLAYAN
Gaziantepspor vs. Kayserispor - Sunday March 9 - 2014,Kayserispor,hard,4-2-3-1,BOLAT;ULUDAG;GULEN;SERENO;KOZ;TZIOLIS;MIJAILOVIC;MOUCHE;DURAK;BISESWAR;BAKIS
Genclerbirligi vs. Sivasspor - Sunday March 9 - 2014,Genclerbirligi,hard,4-2-3-1,KAPLAN;TOSIC;CALIK;RADKOV;ASLANTAS;ILERI;KAYA;ZEC;DURMAZ;TOMIC;STANCU
Genclerbirligi vs. Sivasspor - Sunday March 9 - 2014,Sivasspor,hard,4-2-3-1,CELIKAY;ERDAL;KURT;NAVRATIL;CICINHO;BEKMEZCI;KOCAK;KARABULUT;TAOUIL;ESER;CHAHECHOUHE
Trabzonspor vs. Fenerbahce - Monday March 10 - 2014,Fenerbahce,easy,4-2-3-1,DEMIREL;ERKIN;KADLEC;IRTEGUN;GONUL;TOPAL;BELOZOGLU;SOW;POTUK;KUYT;EMENIKE
Trabzonspor vs. Fenerbahce - Monday March 10 - 2014,Trabzonspor,easy,4-2-3-1,KIVRAK;AKBAS;DEMIR;YUMLU;BOSINGWA;BOURCEANU;COLMAN;ERDOGAN;HURMACI;ADIN;HENRIQUE
Kardemir Karabukspor vs. Galatasaray - Friday March 14 - 2014,Galatasaray,easy,4-2-3-1,MUSLERA;TELLES;BALTA;KAYA;SARIOGLU;FELIPE MELO;INAN;SNEIJDER;KURTULUS;YILMAZ;DROGBA
Kardemir Karabukspor vs. Galatasaray - Friday March 14 - 2014,Kardemir Karabukspor,hard,4-2-3-1,WATERMAN;DOGAN;AKCA;MABIALA;OZGENC;SOW;CAGIRAN;KAS;OZCAL;JONES CARIOCA;ENERAMO
Akhisar Belediyespor vs. Antalyaspor - Saturday March 15 - 2014,Akhisar Belediyespor,hard,4-4-2,TUNCEL;ATAN;YALCIN;SONKO;EREN;VURAL;YUCE;SESAR;OZER;NIASSE;AKYUZ
Akhisar Belediyespor vs. Antalyaspor - Saturday March 15 - 2014,Antalyaspor,hard,4-5-1,ARIKAN;WEDERSON;BOUM;KACAR;BALCI;TITA;ENOH;DAGASAN;INCEMAN;PROMISE;DIARRA
Kasimpasa vs. Genclerbirligi - Saturday March 15 - 2014,Genclerbirligi,hard,4-2-3-1,DAHLIN;TOSIC;CALIK;KULUSIC;ASLANTAS;ILERI;KAYA;ZEC;DURMAZ;TOMIC;STANCU
Kasimpasa vs. Genclerbirligi - Saturday March 15 - 2014,Kasimpasa,hard,4-2-3-1,ISAKSSON;KAPLAN;AYHAN;DONK;SUME;SERAS;CASTRO;BUYUK;SCARIONE;VIUDEZ;MALKI
Rizespor vs. Besiktas - Saturday March 15 - 2014,Besiktas,easy,4-2-3-1,ZENGIN;RAMON;GULUM;FRANCO;UYSAL;HUTCHINSON;KAVLAK;SAHAN;OZYAKUP;TORE;PEKTEMEK
Rizespor vs. Besiktas - Saturday March 15 - 2014,Rizespor,hard,4-2-3-1,KIRINTILI;ADNAN;OBOABONA;VIERA;ALTINAY;KAGAN SOYLEMEZGILLER;KARAKAS;KADAH;SYLVESTRE;KOSE;KWEUKE
Eskisehirspor vs. Elazigspor - Sunday March 16 - 2014,Elazigspor,hard,4-2-3-1,IVESA;BIRINCI;VRANJES;SOW;KAYHAN;NAS;TELLO;AYIK;OZKAN;GURLER;YILMAZ
Eskisehirspor vs. Elazigspor - Sunday March 16 - 2014,Eskisehirspor,hard,4-4-2,BOFFIN;CAMDAL;AKAMINKO;CETIN;COREKCI;ZENGIN;GUCER;CEK;JORQUERA;BIENVENU;ATES
Fenerbahce vs. Kayseri Erciyesspor - Sunday March 16 - 2014,Fenerbahce,easy,4-2-3-1,DEMIREL;ERKIN;ALVES;IRTEGUN;GONUL;TOPAL;BELOZOGLU;SOW;POTUK;KUYT;EMENIKE
Fenerbahce vs. Kayseri Erciyesspor - Sunday March 16 - 2014,Kayseri Erciyesspor,hard,4-2-3-1,DEGIRMENCI;OZTURK;DIAKHATE;MANGANE;ALKILIC;MANDJECK;CAN;OZTEKIN;TRAORE;YILDIRIM;EDINHO
Konyaspor vs. Gaziantepspor - Sunday March 16 - 2014,Gaziantepspor,hard,4-4-2,KARCEMARSKAS;CAN;STANKEVICIUS;HIKMET;DAG;DURAK;GULLE;ILDIZ;OZBAYRAKTAR;TOSUN;TRAORE
Konyaspor vs. Gaziantepspor - Sunday March 16 - 2014,Konyaspor,hard,4-2-3-1,ITANDJE;TEBER;VUKOVIC;AY;UNLU;BOREK;CAMDALI;KILICASLAN;HLEB;DJALMA;KABZE
Sivasspor vs. Trabzonspor - Sunday March 16 - 2014,Sivasspor,hard,4-2-3-1,CELIKAY;ERDAL;KURT;NAVRATIL;KIRAN;KOCAK;ARSLAN;KARABULUT;TAOUIL;ESER;CHAHECHOUHE
Sivasspor vs. Trabzonspor - Sunday March 16 - 2014,Trabzonspor,easy,4-2-3-1,KIVRAK;AKBAS;DEMIR;YUMLU;BOSINGWA;BOURCEANU;ZOKORA;ERDOGAN;HURMACI;ADIN;HENRIQUE
Kayserispor vs. Bursaspor - Monday March 17 - 2014,Bursaspor,hard,4-2-3-1,FREY;TAIWO;CIVELLI;OZTURK;OZBAYRAKLI;CINAZ;YILMAZ;SEN;BELLUSCHI;SESTAK;FERNANDAO
Kayserispor vs. Bursaspor - Monday March 17 - 2014,Kayserispor,hard,4-2-3-1,BOLAT;BAYRAM;GULEN;SERENO;DURAK;MIJAILOVIC;TZIOLIS;BEKDEMIR;BISESWAR;MOUCHE;BOBO
Trabzonspor vs. Kasimpasa - Friday March 21 - 2014,Kasimpasa,hard,4-2-3-1,ISAKSSON;KAPLAN;AYHAN;BASDAS;SUME;SERAS;CASTRO;BUYUK;SCARIONE;VIUDEZ;MALKI
Trabzonspor vs. Kasimpasa - Friday March 21 - 2014,Trabzonspor,easy,4-2-3-1,KIVRAK;AKBAS;DEMIR;YUMLU;BOSINGWA;ZOKORA;COLMAN;ERDOGAN;MIERZEJEWSKI;ADIN;JANKO
Antalyaspor vs. Kardemir Karabukspor - Saturday March 22 - 2014,Antalyaspor,hard,4-3-3,ARIKAN;NIZAM;BOUM;KACAR;BALCI;INCEMAN;ENOH;DURUER;TITA;DIARRA;PROMISE
Antalyaspor vs. Kardemir Karabukspor - Saturday March 22 - 2014,Kardemir Karabukspor,hard,4-2-3-1,WATERMAN;DOGAN;AKCA;MABIALA;OZGENC;SOW;CAGIRAN;KAS;OZCAL;JONES CARIOCA;ENERAMO
Bursaspor vs. Konyaspor - Saturday March 22 - 2014,Bursaspor,hard,4-2-3-1,TEKIN;CHRETIEN;CIVELLI;OZTURK;OZBAYRAKLI;YILMAZ;BELLUSCHI;KIRAZ;RENATO CAJA;SESTAK;FERNANDAO
Bursaspor vs. Konyaspor - Saturday March 22 - 2014,Konyaspor,hard,4-2-3-1,ITANDJE;USLU;AY;YAVUZ;TURAN;BOREK;MARC KIBONG MBAMBA;KABZE;HLEB;DJALMA;GEKAS
Galatasaray vs. Kayserispor - Saturday March 22 - 2014,Galatasaray,easy,4-3-3,MUSLERA;TELLES;BALTA;KAYA;SARI;INAN;GULSELAM;FELIPE MELO;SNEIJDER;YILMAZ;HAJROVIC
Galatasaray vs. Kayserispor - Saturday March 22 - 2014,Kayserispor,hard,4-2-3-1,BOLAT;BAYRAM;GULEN;SERENO;KOZ;TZIOLIS;MIJAILOVIC;BEKDEMIR;BISESWAR;MOUCHE;BOBO
Rizespor vs. Eskisehirspor - Saturday March 22 - 2014,Eskisehirspor,hard,4-4-2,BOFFIN;DEMIRHAN;AKAMINKO;CETIN;COSKUN;KILIC;LAWAL;KARA;KAMARA;ATES;JORQUERA
Rizespor vs. Eskisehirspor - Saturday March 22 - 2014,Rizespor,hard,4-2-3-1,KIRINTILI;ADNAN;OBOABONA;VIERA;ALTINAY;SYLVESTRE;KAGAN SOYLEMEZGILLER;KAYA;CERNAT;KOSE;KWEUKE
Besiktas vs. Akhisar Belediyespor - Sunday March 23 - 2014,Akhisar Belediyespor,hard,4-4-2,TUNCEL;VURAL;YALCIN;SONKO;EREN;OZER;YUCE;VARDAR;CEBE;NIASSE;AKYUZ
Besiktas vs. Akhisar Belediyespor - Sunday March 23 - 2014,Besiktas,easy,4-2-3-1,ZENGIN;RAMON;GULUM;FRANCO;UYSAL;HUTCHINSON;KAVLAK;SAHAN;OZYAKUP;HOLOSKO;PEKTEMEK
Genclerbirligi vs. Elazigspor - Sunday March 23 - 2014,Elazigspor,hard,4-2-3-1,IVESA;ZEEGELAAR;BIRINCI;VRANJES;KAYHAN;FABIO BILICA;TELLO;AYIK;OZKAN;GURLER;YILMAZ
Genclerbirligi vs. Elazigspor - Sunday March 23 - 2014,Genclerbirligi,hard,4-2-3-1,DAHLIN;TOSIC;CALIK;KULUSIC;ASLANTAS;KAYA;CALISKAN;ZEC;DURMAZ;TOMIC;STANCU
Kayseri Erciyesspor vs. Sivasspor - Sunday March 23 - 2014,Kayseri Erciyesspor,hard,4-2-3-1,DEGIRMENCI;OZTURK;DIAKHATE;MANGANE;AKGUN;MANDJECK;CAN;OZTEKIN;TRAORE;YILDIRIM;EDINHO
Kayseri Erciyesspor vs. Sivasspor - Sunday March 23 - 2014,Sivasspor,hard,4-2-3-1,CELIKAY;ERDAL;KURT;NAVRATIL;OZKARA;BEKMEZCI;KOCAK;KARABULUT;CHAHECHOUHE;ESER;UTAKA
Gaziantepspor vs. Fenerbahce - Monday March 24 - 2014,Fenerbahce,easy,4-2-3-1,GUNOK;ERKIN;ALVES;IRTEGUN;GONUL;TOPAL;MEIRELES;SOW;BELOZOGLU;KUYT;EMENIKE
Gaziantepspor vs. Fenerbahce - Monday March 24 - 2014,Gaziantepspor,hard,4-4-2,KARCEMARSKAS;CAN;BINYA;STANKEVICIUS;DAG;DURAK;HIKMET;GULLE;OZBAYRAKTAR;TOSUN;TRAORE
Kardemir Karabukspor vs. Besiktas - Friday March 28 - 2014,Besiktas,easy,4-2-3-1,ZENGIN;RAMON;FRANCO;NOUNKEU;UYSAL;JONES;KAVLAK;SAHAN;OZYAKUP;HUTCHINSON;PEKTEMEK
Kardemir Karabukspor vs. Besiktas - Friday March 28 - 2014,Kardemir Karabukspor,hard,4-2-3-1,WATERMAN;DOGAN;AKCA;MABIALA;OZGENC;SOW;CAGIRAN;PARLAK;OZCAL;OZEK;ENERAMO
Kasimpasa vs. Kayseri Erciyesspor - Friday March 28 - 2014,Kasimpasa,hard,4-2-3-1,ISAKSSON;EKER;AYHAN;BASDAS;SUME;DONK;CASTRO;COLAK;SCARIONE;VIUDEZ;BUYUK
Kasimpasa vs. Kayseri Erciyesspor - Friday March 28 - 2014,Kayseri Erciyesspor,hard,4-2-3-1,DEGIRMENCI;OZTURK;DIAKHATE;MANGANE;ALKILIC;MANDJECK;CAN;OZTEKIN;AVCI;YILDIRIM;EDINHO
Akhisar Belediyespor vs. Rizespor - Saturday March 29 - 2014,Akhisar Belediyespor,hard,4-2-3-1,DAGLAROGLU;ATAN;DEMIROK;SONKO;EREN;YUCE;KUATE;ZENGIN;SESAR;OZER;BRUNO MEZENGA
Akhisar Belediyespor vs. Rizespor - Saturday March 29 - 2014,Rizespor,hard,4-2-3-1,KIRINTILI;ADNAN;OZMEN;VIERA;ALTINAY;KAGAN SOYLEMEZGILLER;KARAKAS;KAYA;SYLVESTRE;KOSE;KWEUKE
Elazigspor vs. Trabzonspor - Saturday March 29 - 2014,Elazigspor,hard,4-2-3-1,IVESA;ZEEGELAAR;BIRINCI;VRANJES;KAYHAN;FABIO BILICA;NAS;OZKAN;SANE;GURLER;YILMAZ
Elazigspor vs. Trabzonspor - Saturday March 29 - 2014,Trabzonspor,easy,4-2-3-1,KIVRAK;AKBAS;DEMIR;YUMLU;BOSINGWA;ZOKORA;COLMAN;AYGUNES;HURMACI;ERDOGAN;HENRIQUE
Konyaspor vs. Galatasaray - Saturday March 29 - 2014,Galatasaray,easy,4-3-3,MUSLERA;TELLES;BALTA;KAYA;EBOUE;KURTULUS;GULSELAM;INAN;SNEIJDER;BULUT;YILMAZ
Konyaspor vs. Galatasaray - Saturday March 29 - 2014,Konyaspor,hard,4-2-3-1,ITANDJE;USLU;VUKOVIC;AY;TURAN;CAMDALI;MARC KIBONG MBAMBA;KABZE;HLEB;DJALMA;GEKAS
Sivasspor vs. Gaziantepspor - Saturday March 29 - 2014,Gaziantepspor,hard,4-4-2,KARCEMARSKAS;ILDIZ;CAN;STANKEVICIUS;DAG;DURAK;HAS;MEDUNJANIN;OZBAYRAKTAR;TOSUN;TRAORE
Sivasspor vs. Gaziantepspor - Saturday March 29 - 2014,Sivasspor,hard,4-2-3-1,CELIKAY;ERDAL;KURT;NAVRATIL;CICINHO;BEKMEZCI;KOCAK;KARABULUT;CHAHECHOUHE;ESER;UTAKA
Eskisehirspor vs. Genclerbirligi - Monday March 31 - 2014,Eskisehirspor,hard,4-4-2,BOFFIN;DEDE;COSKUN;CETIN;COREKCI;CEK;GUCER;KILIC;KAMARA;ATES;JORQUERA
Eskisehirspor vs. Genclerbirligi - Monday March 31 - 2014,Genclerbirligi,hard,4-2-3-1,KAPLAN;TOSIC;KULUSIC;CALIK;ASLANTAS;ILERI;GOSSO;ZEC;CALISKAN;DURMAZ;STANCU
Fenerbahce vs. Bursaspor - Monday March 31 - 2014,Bursaspor,hard,4-2-3-1,FREY;TAIWO;CIVELLI;OZTURK;CHRETIEN;CINAZ;YILMAZ;SEN;BELLUSCHI;OZBAYRAKLI;SESTAK
Fenerbahce vs. Bursaspor - Monday March 31 - 2014,Fenerbahce,easy,4-2-3-1,DEMIREL;ERKIN;ALVES;IRTEGUN;GONUL;TOPAL;MEIRELES;SOW;UCAN;KUYT;EMENIKE
Kayserispor vs. Antalyaspor - Monday March 31 - 2014,Antalyaspor,hard,4-3-3,FORNEZZI;WEDERSON;NIZAM;KACAR;BALCI;INCEMAN;DAGASAN;DURUER;TITA;SENTURK;BASSAN
Kayserispor vs. Antalyaspor - Monday March 31 - 2014,Kayserispor,hard,4-2-3-1,BOLAT;BAYRAM;GULEN;SERENO;DURAK;TZIOLIS;MIJAILOVIC;BEKDEMIR;BISESWAR;VANEK;BOBO
Gaziantepspor vs. Kasimpasa - Friday April 4 - 2014,Gaziantepspor,hard,4-2-3-1,KULBILGE;CAN;BINYA;STANKEVICIUS;DAG;HAS;MEDUNJANIN;DURAK;SAPARA;TRAORE;AKIN
Gaziantepspor vs. Kasimpasa - Friday April 4 - 2014,Kasimpasa,hard,4-2-3-1,ISAKSSON;EKER;AYHAN;BASDAS;SUME;DONK;CASTRO;BUYUK;SCARIONE;VIUDEZ;COLAK
Akhisar Belediyespor vs. Eskisehirspor - Saturday April 5 - 2014,Akhisar Belediyespor,hard,4-4-2,DAGLAROGLU;ATAN;DEMIROK;SONKO;EREN;VURAL;YUCE;KUATE;OZER;NIASSE;BRUNO MEZENGA
Akhisar Belediyespor vs. Eskisehirspor - Saturday April 5 - 2014,Eskisehirspor,hard,4-4-2,BOFFIN;DEDE;COSKUN;AKAMINKO;COREKCI;CEK;LAWAL;GUCER;ZENGIN;BIENVENU;JORQUERA
Antalyaspor vs. Konyaspor - Saturday April 5 - 2014,Antalyaspor,hard,4-3-3,FORNEZZI;WEDERSON;NIZAM;GUNGOR;BALCI;INCEMAN;DAGASAN;DURUER;TITA;DIARRA;BASSAN
Antalyaspor vs. Konyaspor - Saturday April 5 - 2014,Konyaspor,hard,4-2-3-1,ITANDJE;USLU;VUKOVIC;AY;TURAN;CAMDALI;GUVEN;KABZE;MARC KIBONG MBAMBA;DJALMA;GEKAS
Besiktas vs. Kayserispor - Saturday April 5 - 2014,Besiktas,easy,4-5-1,ZENGIN;KOYBASI;FRANCO;NOUNKEU;UYSAL;RAMON;JONES;HUTCHINSON;KAVLAK;SAHAN;ALMEIDA
Besiktas vs. Kayserispor - Saturday April 5 - 2014,Kayserispor,hard,4-2-3-1,BOLAT;BAYRAM;GULEN;SIMIC;DURAK;MIJAILOVIC;TZIOLIS;BEKDEMIR;BISESWAR;MOUCHE;BOBO
Rizespor vs. Kardemir Karabukspor - Saturday April 5 - 2014,Kardemir Karabukspor,hard,4-2-3-1,WATERMAN;DOGAN;AKCA;MABIALA;OZGENC;SOW;INCEDEMIR;KAS;OZCAL;OZEK;ENERAMO
Rizespor vs. Kardemir Karabukspor - Saturday April 5 - 2014,Rizespor,hard,4-2-3-1,KIRINTILI;ADNAN;OBOABONA;VIERA;ALTINAY;KAGAN SOYLEMEZGILLER;KARAKAS;KORKMAZ;SYLVESTRE;KOSE;KWEUKE
Bursaspor vs. Sivasspor - Sunday April 6 - 2014,Bursaspor,hard,4-4-2,FREY;CHRETIEN;AZIZ;OZTURK;OZBAYRAKLI;KIRAZ;YILMAZ;BELLUSCHI;SEN;SESTAK;FERNANDAO
Bursaspor vs. Sivasspor - Sunday April 6 - 2014,Sivasspor,hard,4-2-3-1,CELIKAY;ERDAL;KURT;NAVRATIL;CICINHO;BEKMEZCI;KOCAK;KARABULUT;CHAHECHOUHE;ESER;UTAKA
Galatasaray vs. Fenerbahce - Sunday April 6 - 2014,Fenerbahce,easy,4-2-3-1,DEMIREL;ERKIN;ALVES;IRTEGUN;GONUL;TOPAL;MEIRELES;SOW;BELOZOGLU;KUYT;EMENIKE
Galatasaray vs. Fenerbahce - Sunday April 6 - 2014,Galatasaray,easy,4-3-3,MUSLERA;TELLES;BALTA;KAYA;EBOUE;KURTULUS;FELIPE MELO;INAN;SNEIJDER;DROGBA;YILMAZ
Kayseri Erciyesspor vs. Elazigspor - Sunday April 6 - 2014,Elazigspor,hard,4-2-3-1,IVESA;ZEEGELAAR;BIRINCI;VRANJES;KAYHAN;FABIO BILICA;SANE;OZKAN;TELLO;GURLER;YILMAZ
Kayseri Erciyesspor vs. Elazigspor - Sunday April 6 - 2014,Kayseri Erciyesspor,hard,4-2-3-1,DEGIRMENCI;EKSIOGLU;DIAKHATE;MANGANE;ALKILIC;CAN;AZOFEIFA;OZTEKIN;IBRICIC;YILDIRIM;EDINHO
Trabzonspor vs. Genclerbirligi - Monday April 7 - 2014,Genclerbirligi,hard,4-2-3-1,KAPLAN;TOSIC;KULUSIC;CALIK;ASLANTAS;ILERI;KAYA;ZEC;CALISKAN;TOMIC;STANCU
Trabzonspor vs. Genclerbirligi - Monday April 7 - 2014,Trabzonspor,easy,4-2-3-1,KIVRAK;AKBAS;DEMIR;YUMLU;BOSINGWA;BOURCEANU;YAVRU;MIERZEJEWSKI;HURMACI;ADIN;GURAL
Konyaspor vs. Besiktas - Friday April 11 - 2014,Besiktas,easy,4-2-3-1,ZENGIN;KOYBASI;FRANCO;NOUNKEU;HUTCHINSON;JONES;KAVLAK;RAMON;OZYAKUP;SAHAN;ALMEIDA
Konyaspor vs. Besiktas - Friday April 11 - 2014,Konyaspor,hard,4-2-3-1,ITANDJE;USLU;VUKOVIC;AY;TURAN;MARC KIBONG MBAMBA;GUVEN;KABZE;HLEB;DJALMA;GEKAS
Kardemir Karabukspor vs. Akhisar Belediyespor - Saturday April 12 - 2014,Akhisar Belediyespor,hard,4-4-2,DAGLAROGLU;ATAN;DEMIROK;SONKO;EREN;VARDAR;YUCE;KUATE;OZER;NIASSE;BRUNO MEZENGA
Kardemir Karabukspor vs. Akhisar Belediyespor - Saturday April 12 - 2014,Kardemir Karabukspor,hard,4-2-3-1,WATERMAN;DOGAN;AKCA;MABIALA;OZGENC;SOW;INCEDEMIR;KAS;OZCAL;OZEK;ENERAMO
Kasimpasa vs. Bursaspor - Saturday April 12 - 2014,Bursaspor,hard,4-2-3-1,FREY;TAIWO;CIVELLI;OZTURK;OZBAYRAKLI;PEHLIVAN;CINAZ;KIRAZ;RENATO CAJA;TUFAN;FERNANDAO
Kasimpasa vs. Bursaspor - Saturday April 12 - 2014,Kasimpasa,hard,4-2-3-1,ISAKSSON;EKER;BASDAS;AYHAN;SUME;DONK;CASTRO;BUYUK;SCARIONE;VIUDEZ;MALKI
Kayserispor vs. Rizespor - Saturday April 12 - 2014,Kayserispor,hard,4-2-3-1,BOLAT;BAYRAM;GULEN;SERENO;DURAK;TZIOLIS;YOKUSLU;MOUCHE;BISESWAR;VANEK;BOBO
Kayserispor vs. Rizespor - Saturday April 12 - 2014,Rizespor,hard,4-2-3-1,KIRINTILI;ADNAN;OBOABONA;VIERA;OVACIKLI;KAGAN SOYLEMEZGILLER;KARAKAS;KADAH;SYLVESTRE;KOSE;KWEUKE
Sivasspor vs. Galatasaray - Saturday April 12 - 2014,Galatasaray,easy,4-3-3,MUSLERA;TELLES;GUNTER;KAYA;EBOUE;INAN;SARI;KURTULUS;YILMAZ;BULUT;HAJROVIC
Sivasspor vs. Galatasaray - Saturday April 12 - 2014,Sivasspor,hard,4-2-3-1,CELIKAY;ERDAL;KURT;DA COSTA;CICINHO;BEKMEZCI;KOCAK;KARABULUT;CHAHECHOUHE;ESER;UTAKA
Eskisehirspor vs. Trabzonspor - Sunday April 13 - 2014,Eskisehirspor,hard,4-4-2,BOFFIN;DEDE;COSKUN;CETIN;COREKCI;CEK;LAWAL;GUCER;ZENGIN;BIENVENU;ATES
Eskisehirspor vs. Trabzonspor - Sunday April 13 - 2014,Trabzonspor,easy,4-2-3-1,KIVRAK;AKBAS;DEMIR;YUMLU;BOSINGWA;BOURCEANU;YAVRU;MIERZEJEWSKI;HURMACI;ADIN;HENRIQUE
Fenerbahce vs. Antalyaspor - Sunday April 13 - 2014,Antalyaspor,hard,4-3-3,ARIKAN;NIZAM;BOUM;KACAR;ARSLAN;INCEMAN;DAGASAN;BALCI;TITA;DIARRA;PROMISE
Fenerbahce vs. Antalyaspor - Sunday April 13 - 2014,Fenerbahce,easy,4-2-3-1,DEMIREL;ERKIN;KADLEC;ALVES;TOPUZ;SAHIN;MEIRELES;SOW;UCAN;KUYT;WEBO
Genclerbirligi vs. Kayseri Erciyesspor - Sunday April 13 - 2014,Genclerbirligi,hard,4-2-3-1,DAHLIN;TOSIC;CALIK;KULUSIC;ASLANTAS;GOSSO;KAYA;ZEC;CALISKAN;DURMAZ;STANCU
Genclerbirligi vs. Kayseri Erciyesspor - Sunday April 13 - 2014,Kayseri Erciyesspor,hard,4-2-3-1,DEGIRMENCI;EKSIOGLU;DIAKHATE;MANGANE;ALKILIC;CAN;AZOFEIFA;OZTEKIN;IBRICIC;YILDIRIM;EDINHO
Elazigspor vs. Gaziantepspor - Monday April 14 - 2014,Elazigspor,hard,4-4-2,IVESA;KAYHAN;BIRINCI;VRANJES;ASLAN;ZEEGELAAR;FABIO BILICA;TELLO;NAS;YILMAZ;KARADENIZ
Elazigspor vs. Gaziantepspor - Monday April 14 - 2014,Gaziantepspor,hard,4-4-2,KULBILGE;DAG;CAN;STANKEVICIUS;ILDIZ;DURAK;HAS;MEDUNJANIN;SAPARA;TOSUN;TRAORE
Kayseri Erciyesspor vs. Trabzonspor - Friday April 18 - 2014,Kayseri Erciyesspor,hard,4-2-3-1,DEGIRMENCI;EKSIOGLU;DIAKHATE;MANGANE;ALKILIC;CAN;AZOFEIFA;IBRICIC;TRAORE;YILDIRIM;EDINHO
Kayseri Erciyesspor vs. Trabzonspor - Friday April 18 - 2014,Trabzonspor,easy,4-2-3-1,KIVRAK;KELES;YUMLU;BOSINGWA;OSMANPASA;BOURCEANU;YAVRU;ERDOGAN;MIERZEJEWSKI;ADIN;HENRIQUE
Akhisar Belediyespor vs. Kayserispor - Saturday April 19 - 2014,Akhisar Belediyespor,hard,4-4-2,DAGLAROGLU;ATAN;DEMIROK;SONKO;EREN;VARDAR;YUCE;KISA;OZER;NIASSE;BRUNO MEZENGA
Akhisar Belediyespor vs. Kayserispor - Saturday April 19 - 2014,Kayserispor,hard,4-2-3-1,TASKIRAN;BAYRAM;SERENO;SIMIC;GULEN;TZIOLIS;DURAK;MOUCHE;BISESWAR;VANEK;NOBRE
Bursaspor vs. Elazigspor - Saturday April 19 - 2014,Bursaspor,hard,4-2-3-1,TEKIN;TAIWO;AZIZ;CIVELLI;OZBAYRAKLI;YILMAZ;BELLUSCHI;KIRAZ;RENATO CAJA;TUFAN;FERNANDAO
Bursaspor vs. Elazigspor - Saturday April 19 - 2014,Elazigspor,hard,4-4-2,IVESA;KAYHAN;BIRINCI;VRANJES;ASLAN;ZEEGELAAR;FABIO BILICA;NAS;GURLER;YILMAZ;KARADENIZ
Galatasaray vs. Kasimpasa - Saturday April 19 - 2014,Galatasaray,easy,4-2-3-1,MUSLERA;SARIOGLU;BALTA;KAYA;EBOUE;GULSELAM;FELIPE MELO;SNEIJDER;INAN;BULUT;UNSAL
Galatasaray vs. Kasimpasa - Saturday April 19 - 2014,Kasimpasa,hard,4-2-3-1,ISAKSSON;EKER;DONK;AYHAN;SUME;SERAS;CASTRO;BABEL;SCARIONE;VIUDEZ;BUYUK
Gaziantepspor vs. Genclerbirligi - Saturday April 19 - 2014,Gaziantepspor,hard,4-2-3-1,KARCEMARSKAS;CAN;BINYA;STANKEVICIUS;DAG;HAS;MEDUNJANIN;OZBAYRAKTAR;DURAK;TRAORE;TOSUN
Gaziantepspor vs. Genclerbirligi - Saturday April 19 - 2014,Genclerbirligi,hard,4-2-3-1,DAHLIN;TOSIC;CALIK;KULUSIC;ASLANTAS;GOSSO;KAYA;DELIBALTA;CALISKAN;DURMAZ;ZEC
Besiktas vs. Fenerbahce - Sunday April 20 - 2014,Besiktas,easy,4-2-3-1,ZENGIN;RAMON;FRANCO;NOUNKEU;HUTCHINSON;JONES;KAVLAK;SAHAN;OZYAKUP;TORE;ALMEIDA
Besiktas vs. Fenerbahce - Sunday April 20 - 2014,Fenerbahce,easy,4-2-3-1,DEMIREL;ERKIN;KADLEC;ALVES;GONUL;TOPAL;MEIRELES;SOW;BELOZOGLU;KUYT;EMENIKE
Rizespor vs. Konyaspor - Sunday April 20 - 2014,Konyaspor,hard,4-2-3-1,ITANDJE;USLU;VUKOVIC;AY;TURAN;CAMDALI;GUVEN;MARC KIBONG MBAMBA;HLEB;DJALMA;GEKAS
Rizespor vs. Konyaspor - Sunday April 20 - 2014,Rizespor,hard,4-2-3-1,KIRINTILI;ADNAN;OBOABONA;VIERA;OVACIKLI;KAGAN SOYLEMEZGILLER;KARAKAS;KORKMAZ;SYLVESTRE;KADAH;KWEUKE
Antalyaspor vs. Sivasspor - Monday April 21 - 2014,Antalyaspor,hard,4-4-2,FORNEZZI;WEDERSON;BOUM;GUNGOR;ARSLAN;TITA;INCEMAN;DURUER;BALCI;DIARRA;SENTURK
Antalyaspor vs. Sivasspor - Monday April 21 - 2014,Sivasspor,hard,4-2-3-1,CELIKAY;ERDAL;KURT;DA COSTA;CICINHO;BEKMEZCI;KOCAK;KARABULUT;CHAHECHOUHE;ESER;UTAKA
Kardemir Karabukspor vs. Eskisehirspor - Monday April 21 - 2014,Eskisehirspor,hard,4-4-2,BOFFIN;CAMDAL;AKAMINKO;CETIN;COREKCI;CEK;KARA;GUCER;KAMARA;ATES;JORQUERA
Kardemir Karabukspor vs. Eskisehirspor - Monday April 21 - 2014,Kardemir Karabukspor,hard,4-2-3-1,WATERMAN;DOGAN;MABIALA;INCEDEMIR;OZGENC;SOW;CAGIRAN;PARLAK;OZCAL;HAMROUN;ENERAMO
Genclerbirligi vs. Bursaspor - Friday April 25 - 2014,Bursaspor,hard,4-2-3-1,TEKIN;TAIWO;AZIZ;OZTURK;TUFAN;PEHLIVAN;CINAZ;IPEK;BELLUSCHI;SEN;FERNANDAO
Genclerbirligi vs. Bursaspor - Friday April 25 - 2014,Genclerbirligi,hard,4-2-3-1,DAHLIN;TOSIC;KULUSIC;CALIK;ASLANTAS;GOSSO;KAYA;DELIBALTA;CALISKAN;DURMAZ;ZEC
Trabzonspor vs. Gaziantepspor - Saturday April 26 - 2014,Gaziantepspor,hard,4-2-3-1,KARCEMARSKAS;CAN;BINYA;STANKEVICIUS;DAG;HAS;ILDIZ;OZBAYRAKTAR;DURAK;TRAORE;TOSUN
Trabzonspor vs. Gaziantepspor - Saturday April 26 - 2014,Trabzonspor,easy,4-2-3-1,KIVRAK;KELES;YUMLU;BOSINGWA;OSMANPASA;BOURCEANU;YAVRU;ERDOGAN;MIERZEJEWSKI;ADIN;HENRIQUE
Elazigspor vs. Galatasaray - Sunday April 27 - 2014,Elazigspor,hard,4-2-3-1,IVESA;ZEEGELAAR;BIRINCI;VRANJES;KAYHAN;FABIO BILICA;NAS;AYIK;SANE;YILMAZ;KARADENIZ
Elazigspor vs. Galatasaray - Sunday April 27 - 2014,Galatasaray,easy,4-3-3,MUSLERA;TELLES;CHEDJOU;KAYA;SARI;KURTULUS;FELIPE MELO;INAN;SNEIJDER;YILMAZ;HAJROVIC
Eskisehirspor vs. Kayseri Erciyesspor - Sunday April 27 - 2014,Eskisehirspor,hard,4-2-3-1,BOFFIN;CAMDAL;COSKUN;AKAMINKO;COREKCI;LAWAL;GUCER;ZENGIN;CEK;KAMARA;BIENVENU
Eskisehirspor vs. Kayseri Erciyesspor - Sunday April 27 - 2014,Kayseri Erciyesspor,hard,4-2-3-1,DEGIRMENCI;OZTURK;CINAR;MANGANE;ALKILIC;MANDJECK;CAN;KALA;TRAORE;YILDIRIM;EDINHO
Fenerbahce vs. Rizespor - Sunday April 27 - 2014,Fenerbahce,easy,4-2-3-1,DEMIREL;ERKIN;ALVES;IRTEGUN;GONUL;TOPAL;MEIRELES;SOW;BELOZOGLU;KUYT;EMENIKE
Fenerbahce vs. Rizespor - Sunday April 27 - 2014,Rizespor,hard,4-2-3-1,KIRINTILI;ADNAN;VIERA;OBOABONA;OVACIKLI;KAGAN SOYLEMEZGILLER;KARAKAS;KORKMAZ;SYLVESTRE;LUALUA;KADAH
Kasimpasa vs. Antalyaspor - Sunday April 27 - 2014,Antalyaspor,hard,4-4-2,FORNEZZI;WEDERSON;NIZAM;GUNGOR;ARSLAN;BASSAN;INCEMAN;YILDIRIM;BALCI;DIARRA;SENTURK
Kasimpasa vs. Antalyaspor - Sunday April 27 - 2014,Kasimpasa,hard,4-2-3-1,ISAKSSON;KAPLAN;DONK;AYHAN;SUME;SERAS;CASTRO;BABEL;SCARIONE;VIUDEZ;BUYUK
Kayserispor vs. Kardemir Karabukspor - Sunday April 27 - 2014,Kardemir Karabukspor,hard,4-2-3-1,WATERMAN;DOGAN;MABIALA;INCEDEMIR;OZGENC;SOW;CAGIRAN;JONES CARIOCA;OZCAL;HAMROUN;PARLAK
Kayserispor vs. Kardemir Karabukspor - Sunday April 27 - 2014,Kayserispor,hard,4-2-3-1,BOLAT;BAYRAM;GULEN;SERENO;DURAK;TZIOLIS;MIJAILOVIC;MOUCHE;BISESWAR;VANEK;NOBRE
Konyaspor vs. Akhisar Belediyespor - Sunday April 27 - 2014,Akhisar Belediyespor,hard,4-4-2,DAGLAROGLU;ATAN;DEMIROK;SONKO;EREN;VURAL;YUCE;KISA;OZER;NIASSE;BRUNO MEZENGA
Konyaspor vs. Akhisar Belediyespor - Sunday April 27 - 2014,Konyaspor,hard,4-2-3-1,ITANDJE;USLU;AY;KOKALOVIC;UNLU;MARC KIBONG MBAMBA;GUVEN;KABZE;HLEB;DJALMA;GEKAS
Sivasspor vs. Besiktas - Sunday April 27 - 2014,Besiktas,easy,4-2-3-1,ZENGIN;BORAL;FRANCO;NOUNKEU;KURTULUS;UYSAL;HUTCHINSON;SAHAN;OZYAKUP;PEKTEMEK;ALMEIDA
Sivasspor vs. Besiktas - Sunday April 27 - 2014,Sivasspor,hard,4-2-3-1,CELIKAY;ERDAL;KURT;DA COSTA;CICINHO;BEKMEZCI;TAOUIL;KARABULUT;CHAHECHOUHE;ESER;UTAKA
Antalyaspor vs. Elazigspor - Saturday May 3 - 2014,Antalyaspor,hard,4-4-2,FORNEZZI;WEDERSON;NIZAM;GUNGOR;ARSLAN;TITA;BALCI;INCEMAN;BASSAN;DIARRA;SENTURK
Antalyaspor vs. Elazigspor - Saturday May 3 - 2014,Elazigspor,hard,4-2-3-1,IVESA;ZEEGELAAR;BIRINCI;KAS;ASLAN;FABIO BILICA;SANE;GURLER;TELLO;YILMAZ;KARADENIZ
Besiktas vs. Kasimpasa - Saturday May 3 - 2014,Besiktas,easy,4-2-3-1,ZENGIN;RAMON;FRANCO;NOUNKEU;UYSAL;HUTCHINSON;KAVLAK;SAHAN;OZYAKUP;TORE;ALMEIDA
Besiktas vs. Kasimpasa - Saturday May 3 - 2014,Kasimpasa,hard,4-2-3-1,ISAKSSON;EKER;DONK;AYHAN;SUME;SERAS;CASTRO;BABEL;SCARIONE;VIUDEZ;BUYUK
Eskisehirspor vs. Kayserispor - Saturday May 3 - 2014,Eskisehirspor,hard,4-2-3-1,ERDOGAN;DEMIRHAN;COSKUN;CETIN;CAMDAL;KARA;ACAR;AYDIN;SENTURK;KAMARA;ATES
Eskisehirspor vs. Kayserispor - Saturday May 3 - 2014,Kayserispor,hard,4-2-3-1,BOLAT;ULUDAG;SERENO;SIMIC;DURAK;MIJAILOVIC;TZIOLIS;MOUCHE;BISESWAR;YILMAZ;NOBRE
Galatasaray vs. Genclerbirligi - Saturday May 3 - 2014,Galatasaray,easy,4-3-3,CEYLAN;TELLES;BALTA;KAYA;SARI;KURTULUS;FELIPE MELO;INAN;SNEIJDER;YILMAZ;HAJROVIC
Galatasaray vs. Genclerbirligi - Saturday May 3 - 2014,Genclerbirligi,hard,4-2-3-1,DAHLIN;CIFTCI;RADKOV;CALIK;ASLANTAS;GOSSO;KAYA;DELIBALTA;CALISKAN;DURMAZ;ZEC
Kardemir Karabukspor vs. Konyaspor - Saturday May 3 - 2014,Kardemir Karabukspor,hard,4-2-3-1,WATERMAN;DOGAN;MABIALA;INCEDEMIR;OZGENC;SOW;CAGIRAN;PARLAK;OZCAL;HAMROUN;ENERAMO
Kardemir Karabukspor vs. Konyaspor - Saturday May 3 - 2014,Konyaspor,hard,4-2-3-1,ITANDJE;TEBER;AY;KOKALOVIC;UNLU;MARC KIBONG MBAMBA;GUVEN;KABZE;HLEB;DJALMA;GEKAS
Kayseri Erciyesspor vs. Gaziantepspor - Saturday May 3 - 2014,Gaziantepspor,hard,4-4-2,KARCEMARSKAS;CAN;BINYA;STANKEVICIUS;TOKAK;SAHIN;HAS;MEDUNJANIN;DURAK;OZBAYRAKTAR;TRAORE
Kayseri Erciyesspor vs. Gaziantepspor - Saturday May 3 - 2014,Kayseri Erciyesspor,hard,4-2-3-1,DEGIRMENCI;OZTURK;DIAKHATE;MANGANE;ALKILIC;MANDJECK;CAN;EKSIOGLU;TRAORE;YILDIRIM;EDINHO
Akhisar Belediyespor vs. Fenerbahce - Sunday May 4 - 2014,Akhisar Belediyespor,hard,4-2-3-1,DAGLAROGLU;VURAL;DEMIROK;KONUK;EREN;YUCE;KISA;TASKIRAN;BRUNO MEZENGA;ZENGIN;NIASSE
Akhisar Belediyespor vs. Fenerbahce - Sunday May 4 - 2014,Fenerbahce,easy,4-2-3-1,GUNOK;ERKIN;KADLEC;IRTEGUN;TOPUZ;SAHIN;BELOZOGLU;SOW;POTUK;EMENIKE;WEBO
Bursaspor vs. Trabzonspor - Sunday May 4 - 2014,Bursaspor,hard,4-2-3-1,TEKIN;TUFAN;OZTURK;PULGIR;OZBAYRAKLI;PEHLIVAN;YILMAZ;SEN;BELLUSCHI;SESTAK;FERNANDAO
Bursaspor vs. Trabzonspor - Sunday May 4 - 2014,Trabzonspor,easy,4-2-3-1,KIVRAK;KELES;AKBAS;DEMIR;OSMANPASA;BOURCEANU;YAVRU;ERDOGAN;MIERZEJEWSKI;ADIN;HENRIQUE
Rizespor vs. Sivasspor - Sunday May 4 - 2014,Rizespor,hard,4-4-2,KIRINTILI;ADNAN;OBOABONA;VIERA;OVACIKLI;KOSE;SYLVESTRE;KARAKAS;KADAH;KWEUKE;LUALUA
Rizespor vs. Sivasspor - Sunday May 4 - 2014,Sivasspor,hard,4-2-3-1,SAHIN;ERDAL;KURT;DA COSTA;CICINHO;BEKMEZCI;KOCAK;KARABULUT;ARSLAN;ESER;CHAHECHOUHE
Fenerbahce vs. Kardemir Karabukspor - Friday May 9 - 2014,Fenerbahce,easy,4-3-3,DEMIREL;ERKIN;ALVES;IRTEGUN;GONUL;MEIRELES;TOPAL;BELOZOGLU;SOW;EMENIKE;KUYT
Fenerbahce vs. Kardemir Karabukspor - Friday May 9 - 2014,Kardemir Karabukspor,hard,4-4-2,WATERMAN;OZKAN;AKCA;INCEDEMIR;OZGENC;SIMSEK;SOW;OZCAL;OZEK;PARLAK;JONES CARIOCA
Genclerbirligi vs. Antalyaspor - Saturday May 10 - 2014,Antalyaspor,hard,4-2-3-1,OZENC;WEDERSON;NIZAM;GUNGOR;BALCI;INCEMAN;YILDIRIM;DURUER;BASSAN;TITA;DIARRA
Genclerbirligi vs. Antalyaspor - Saturday May 10 - 2014,Genclerbirligi,hard,4-4-2,KAPLAN;TOSIC;RADKOV;CALIK;KURTULUS;DELIBALTA;GOSSO;KAYA;DURMAZ;NAKI;GULTEKIN
Elazigspor vs. Besiktas - Sunday May 11 - 2014,Besiktas,easy,4-2-3-1,ZENGIN;RAMON;JONES;FRANCO;KURTULUS;HUTCHINSON;KAVLAK;SAHAN;OZYAKUP;TORE;ALMEIDA
Elazigspor vs. Besiktas - Sunday May 11 - 2014,Elazigspor,hard,4-4-2,IVESA;KAYHAN;BIRINCI;VRANJES;ASLAN;ZEEGELAAR;NAS;SANE;GURLER;YILMAZ;KARADENIZ
Gaziantepspor vs. Eskisehirspor - Sunday May 11 - 2014,Eskisehirspor,hard,4-2-3-1,OREN;CEK;COSKUN;AKAMINKO;COREKCI;LAWAL;KARA;KILIC;SENTURK;KAMARA;BIENVENU
Gaziantepspor vs. Eskisehirspor - Sunday May 11 - 2014,Gaziantepspor,hard,4-2-3-1,KARCEMARSKAS;DAG;CAN;STANKEVICIUS;ILDIZ;HAS;MEDUNJANIN;DURAK;SAPARA;SAHIN;TOSUN
Kasimpasa vs. Rizespor - Sunday May 11 - 2014,Kasimpasa,hard,4-2-3-1,ISAKSSON;EKER;AYHAN;BASDAS;SUME;SERAS;CASTRO;BABEL;SCARIONE;TORUN;BUYUK
Kasimpasa vs. Rizespor - Sunday May 11 - 2014,Rizespor,hard,4-2-3-1,KIRINTILI;ADNAN;OBOABONA;VIERA;OVACIKLI;KAGAN SOYLEMEZGILLER;KARAKAS;KADAH;SYLVESTRE;LUALUA;KWEUKE
Kayseri Erciyesspor vs. Bursaspor - Sunday May 11 - 2014,Bursaspor,hard,4-2-3-1,TEKIN;TUFAN;OZTURK;PULGIR;OZBAYRAKLI;CALIS;YILMAZ;AYNAOGLU;BELLUSCHI;SESTAK;FERNANDAO
Kayseri Erciyesspor vs. Bursaspor - Sunday May 11 - 2014,Kayseri Erciyesspor,hard,4-2-3-1,DEGIRMENCI;EKSIOGLU;CINAR;MANGANE;ALKILIC;MANDJECK;CAN;GOKOGLAN;TRAORE;YILDIRIM;EDINHO
Konyaspor vs. Kayserispor - Sunday May 11 - 2014,Kayserispor,hard,4-2-3-1,BOLAT;BAYRAM;GULEN;SIMIC;DURAK;MIJAILOVIC;TZIOLIS;MOUCHE;BISESWAR;YILMAZ;NOBRE
Konyaspor vs. Kayserispor - Sunday May 11 - 2014,Konyaspor,hard,4-2-3-1,ITANDJE;USLU;AY;YAVUZ;UNLU;CAMDALI;GUVEN;KABZE;HLEB;DJALMA;GEKAS
Sivasspor vs. Akhisar Belediyespor - Sunday May 11 - 2014,Akhisar Belediyespor,hard,4-4-2,OZYIGIT;VURAL;ATAN;KONUK;EREN;TASKIRAN;KUATE;VARDAR;ZENGIN;NIASSE;BRUNO MEZENGA
Sivasspor vs. Akhisar Belediyespor - Sunday May 11 - 2014,Sivasspor,hard,4-2-3-1,SAHIN;ERDAL;KURT;DA COSTA;CICINHO;BEKMEZCI;KOCAK;KARABULUT;CHAHECHOUHE;ESER;UTAKA
Trabzonspor vs. Galatasaray - Sunday May 11 - 2014,Galatasaray,easy,4-1-4-1,MUSLERA;SARIOGLU;BALTA;CHEDJOU;KAYA;FELIPE MELO;TELLES;KURTULUS;INAN;SNEIJDER;YILMAZ
Trabzonspor vs. Galatasaray - Sunday May 11 - 2014,Trabzonspor,easy,4-2-3-1,KIVRAK;DEMIR;YUMLU;BOSINGWA;OSMANPASA;BOURCEANU;HURMACI;ERDOGAN;MIERZEJEWSKI;ADIN;HENRIQUE
Eskisehirspor vs. Konyaspor - Friday May 16 - 2014,Eskisehirspor,hard,4-4-2,BOFFIN;CEK;DEDE;COSKUN;COREKCI;KAMARA;LAWAL;ACAR;SENTURK;ATES;JORQUERA
Eskisehirspor vs. Konyaspor - Friday May 16 - 2014,Konyaspor,hard,4-2-3-1,TARAKCI;USLU;AY;YAVUZ;UNLU;CAMDALI;MARC KIBONG MBAMBA;KABZE;AYDIN;DJALMA;GEKAS
Kayserispor vs. Fenerbahce - Friday May 16 - 2014,Fenerbahce,easy,4-2-3-1,GUNOK;KADLEC;IRTEGUN;KESIMAL;GONUL;SAHIN;CRISTIAN;SOW;HOLMEN;POTUK;WEBO
Kayserispor vs. Fenerbahce - Friday May 16 - 2014,Kayserispor,hard,4-4-2,TASKIRAN;ULUDAG;GULEN;SIMIC;DURAK;BISESWAR;MIJAILOVIC;TZIOLIS;MOUCHE;NOBRE;BOBO
Besiktas vs. Genclerbirligi - Saturday May 17 - 2014,Besiktas,easy,4-2-3-1,ZENGIN;RAMON;JONES;FRANCO;KURTULUS;HUTCHINSON;OZYAKUP;FREI;SAHAN;TORE;ALMEIDA
Besiktas vs. Genclerbirligi - Saturday May 17 - 2014,Genclerbirligi,hard,4-2-3-1,KAPLAN;TOSIC;CALIK;KULUSIC;ASLANTAS;GOSSO;KAYA;DELIBALTA;CALISKAN;DURMAZ;CELIK
Bursaspor vs. Gaziantepspor - Saturday May 17 - 2014,Bursaspor,hard,4-2-3-1,TEKIN;TUFAN;OZTURK;PULGIR;OZBAYRAKLI;CALIS;YILMAZ;IPEK;SOYALP;SEN;FERNANDAO
Bursaspor vs. Gaziantepspor - Saturday May 17 - 2014,Gaziantepspor,hard,4-2-3-1,KULBILGE;CAN;BINYA;STANKEVICIUS;TOKAK;GULLE;ILDIZ;AKIN;DURAK;DAG;OZBAYRAKTAR
Galatasaray vs. Kayseri Erciyesspor - Saturday May 17 - 2014,Galatasaray,easy,4-4-2,MUSLERA;BALTA;CHEDJOU;KAYA;SARIOGLU;SNEIJDER;FELIPE MELO;INAN;KURTULUS;YILMAZ;BULUT
Galatasaray vs. Kayseri Erciyesspor - Saturday May 17 - 2014,Kayseri Erciyesspor,hard,4-3-3,DEGIRMENCI;OZTURK;DIAKHATE;MANGANE;ALKILIC;YILDIRIM;CAN;AKGUN;KALA;EDINHO;GOKOGLAN
Rizespor vs. Elazigspor - Saturday May 17 - 2014,Elazigspor,hard,4-2-3-1,OZER;BIRINCI;ALKAN;FABIO BILICA;ASLAN;NAS;DOGAN;TELLO;SANE;CANGELE;OZ
Rizespor vs. Elazigspor - Saturday May 17 - 2014,Rizespor,hard,4-4-2,KIRINTILI;ADNAN;OZMEN;ALTINAY;OVACIKLI;KORKMAZ;SYLVESTRE;KAGAN SOYLEMEZGILLER;KADAH;KWEUKE;LUALUA
Akhisar Belediyespor vs. Kasimpasa - Sunday May 18 - 2014,Akhisar Belediyespor,hard,4-4-2,OZYIGIT;VURAL;DEMIROK;KONUK;EREN;TASKIRAN;YUCE;KISA;ZENGIN;NIASSE;BRUNO MEZENGA
Akhisar Belediyespor vs. Kasimpasa - Sunday May 18 - 2014,Kasimpasa,hard,4-2-3-1,ISAKSSON;EKER;BASDAS;AYHAN;SUME;SERAS;FRITZLER;BABEL;SCARIONE;TORUN;BUYUK
Antalyaspor vs. Trabzonspor - Sunday May 18 - 2014,Antalyaspor,hard,4-2-3-1,OZENC;WEDERSON;NIZAM;GUNGOR;YILDIRIM;INCEMAN;DURUER;TITA;YEDEK;BASSAN;DIARRA
Antalyaspor vs. Trabzonspor - Sunday May 18 - 2014,Trabzonspor,easy,4-2-3-1,OZTURK;KELES;YUMLU;BOSINGWA;OSMANPASA;BOURCEANU;YAVRU;ERDOGAN;MIERZEJEWSKI;ADIN;HENRIQUE
Kardemir Karabukspor vs. Sivasspor - Sunday May 18 - 2014,Kardemir Karabukspor,hard,4-2-3-1,WATERMAN;DOGAN;MABIALA;UCAR;OZGENC;SOW;CAGIRAN;OZEK;OZCAL;PARLAK;ENERAMO
Kardemir Karabukspor vs. Sivasspor - Sunday May 18 - 2014,Sivasspor,hard,4-2-3-1,SAHIN;ERDAL;SAHBAZ;DA COSTA;CICINHO;BEKMEZCI;KOCAK;CHAHECHOUHE;ARSLAN;ESER;UTAKA
