game,team,difficulty,formation,lineup
Besiktas vs. Trabzonspor - Friday August 10 - 2001,Besiktas,easy,3-5-2,TUNCAY;BOZKURT;GURACAR;UZULMEZ;SULUN;YILDIRIM;BEKTAS;BAYA;DURSUN;KAHVECI;MANSIZ
Besiktas vs. Trabzonspor - Friday August 10 - 2001,Trabzonspor,easy,4-4-2,AKTAS;BECEREN;GUVEN;SALAZAR;JARRO;MEHMET AURELIO;SOMERS;OZGUR;BIULA;KARADENIZ;DEMIRAY
Fenerbahce vs. Samsunspor - Saturday August 11 - 2001,Fenerbahce,easy,3-5-2,RECBER;TEMIZKANOGLU;OZAT;MIRKOVIC;JOHNSON;LAZETIC;RAPAIC;ERCAN;REVIVO;SIMSEK;AKIN
Fenerbahce vs. Samsunspor - Saturday August 11 - 2001,Samsunspor,hard,3-5-2,BOUKAR;KOLOGLU;KARABABA;YELEK;CAN;NAS;KORKMAZ;SAGIR;DOKME;SAGLAM;YILMAZ
Genclerbirligi vs. Diyarbakirspor - Saturday August 11 - 2001,Diyarbakirspor,hard,4-4-2,TEKELIOGLU;ZAFER;DEMIRHAN;KOCAK;DUMAN;KOLGU;YUCETAS;ALACAYIR;YOUSSEF;KONA;ULUSAL
Genclerbirligi vs. Diyarbakirspor - Saturday August 11 - 2001,Genclerbirligi,hard,4-4-2,NYS;GULDUREN;DOGANTEZ;DAEMS;ZDEBEL;BASTURK;MBAYO;DASGUN;YOULA;SALGIN;CAKMAK
Goztepe vs. Bursaspor - Saturday August 11 - 2001,Bursaspor,hard,3-5-2,KARAGOL;OZBEY;KILIC;BOUAZIZI;SEVEN;MOSHOEU;SEN;ALKAN;HACIOGLU;SOZKESEN;YILMAZ
Goztepe vs. Bursaspor - Saturday August 11 - 2001,Goztepe,hard,3-5-2,MAJDAN;ARAYICI;BOZACI;GUSAR;KOK;ONUR;YUNGUL;DIYADIN;KABAT;MARTIN;OZKAN
Rizespor vs. Kocaelispor - Saturday August 11 - 2001,Kocaelispor,hard,4-4-2,SAHIN;TIMKO;COLAK;YIGIT;BARIS;SARMAN;HASPOLATLI;ABDELAZIZ;OZTONGA;ALEKSANDROV;LAZAROV
Rizespor vs. Kocaelispor - Saturday August 11 - 2001,Rizespor,hard,4-4-2,HAMIDOU;DUYMUS;BILGE;ASIL;AVCI;ALPUGAN;AYHAN;KAZMAZ;OZDEMIR;TETTEH;OZTURK
Antalyaspor vs. Ankaragucu - Sunday August 12 - 2001,Ankaragucu,hard,4-4-2,DA SILVA;KUTLU;DURSUN;GUNEY;OZLEM;TASDEMIR;PACHOLA;NAMDAR;KELES;AHINFUL;KENNEDY
Antalyaspor vs. Ankaragucu - Sunday August 12 - 2001,Antalyaspor,hard,3-5-2,KARAHAN;SAATCIOGLU;KAMBUROGLU;GINCHEV;OZALP;SEZER;CAKIR;YASAN;GURSEL;KINALI;BLESSIN
Denizlispor vs. Yimpas Yozgatspor - Sunday August 12 - 2001,Denizlispor,hard,3-5-2,SOULAMA;CIMEN;EL SAKA;TANDOGAN;KAFKAS;KARTOP;BAYAZIT;BILAZER;AHMED HASSAN;BIRDAL;ATLI
Denizlispor vs. Yimpas Yozgatspor - Sunday August 12 - 2001,Yimpas Yozgatspor,hard,3-5-2,DIALLO;ARSLAN;OZER;BARIS;OZER;KARACA;DALCICEK;HINCAL;KAHRAMAN;PREKO;KOCABEY
Gaziantepspor vs. Galatasaray - Sunday August 12 - 2001,Galatasaray,easy,4-4-2,MONDRAGON;KORKMAZ;POPESCU;UNSAL;PENBE;CAPONE;KAYA;DAVALA;YALCIN;ERDEM;GOKTAN
Gaziantepspor vs. Galatasaray - Sunday August 12 - 2001,Gaziantepspor,hard,4-4-2,CATKIC;KORKMAZ;POLAT;TUNC;BEKIROGLU;BATISTA;BOLUKBASI;ASLAN;ROMASHCHENKO;OZER;TEKKE
Istanbulspor vs. Malatyaspor - Sunday August 12 - 2001,Istanbulspor,hard,4-4-2,ZDRAVKOV;AKBAS;HUSEYINOGLU;GUR;PETKOV;SAHIN;SAIDOU;ERDOGAN;YAVAS;BUSHI;ZUBANOVIC
Istanbulspor vs. Malatyaspor - Sunday August 12 - 2001,Malatyaspor,hard,3-5-2,GUNDOGDU;KULAKSIZ;POLAT;CAY;GUNDOSTU;PALANCI;YILDIRIMKAYA;OZGUR;DEGE;ULUSOY;KOVACEVIC
Bursaspor vs. Besiktas - Friday August 17 - 2001,Besiktas,easy,3-5-2,KJAER;RONALDO GUIARO;GURACAR;UZULMEZ;HAVUTCU;YILDIRIM;VEIT;METIN;BAYA;KAHVECI;MANSIZ
Bursaspor vs. Besiktas - Friday August 17 - 2001,Bursaspor,hard,4-4-2,KARAGOL;KILIC;BOUAZIZI;ER;SEVEN;MOSHOEU;SEN;ALKAN;HACIOGLU;SOZKESEN;YILMAZ
Diyarbakirspor vs. Goztepe - Saturday August 18 - 2001,Diyarbakirspor,hard,4-4-2,TEKELIOGLU;ZAFER;DEMIRHAN;KOCAK;DUMAN;KOLGU;YUCETAS;ALACAYIR;YOUSSEF;KONA;ULUSAL
Diyarbakirspor vs. Goztepe - Saturday August 18 - 2001,Goztepe,hard,4-4-2,MAJDAN;ARAYICI;BOZACI;GUSAR;KOK;ONUR;YUNGUL;DIYADIN;KABAT;BIRYOL;OZKAN
Galatasaray vs. Denizlispor - Saturday August 18 - 2001,Denizlispor,hard,3-5-2,SOULAMA;EL SAKA;CIMEN;TANDOGAN;KAFKAS;KARTOP;BAYAZIT;AHMED HASSAN;BILAZER;BIRDAL;ATLI
Galatasaray vs. Denizlispor - Saturday August 18 - 2001,Galatasaray,easy,4-2-3-1,MONDRAGON;ASIK;KORKMAZ;VICTORIA;PENBE;CAPONE;AKIN;YALCIN;SAS;ERDEM;GOKTAN
Genclerbirligi vs. Samsunspor - Saturday August 18 - 2001,Genclerbirligi,hard,4-4-2,NYS;DOGANTEZ;GULDUREN;DAEMS;ZDEBEL;BASTURK;MBAYO;DASGUN;CAKMAK;SALGIN;YOULA
Genclerbirligi vs. Samsunspor - Saturday August 18 - 2001,Samsunspor,hard,3-5-2,BOUKAR;BAIDOO;KOLOGLU;KARABABA;YELEK;CAN;NAS;KORKMAZ;SAGIR;DOKME;YILMAZ
Kocaelispor vs. Antalyaspor - Saturday August 18 - 2001,Antalyaspor,hard,3-5-2,KARAHAN;SAATCIOGLU;KAMBUROGLU;MUSIC;CIMSIR;SEZER;GAUDINO;KARAMAN;CAKIR;GURSEL;KINALI
Kocaelispor vs. Antalyaspor - Saturday August 18 - 2001,Kocaelispor,hard,3-5-2,SAHIN;TIMKO;COLAK;YIGIT;SARMAN;HASPOLATLI;ABDELAZIZ;DABROWSKI;ALEKSANDROV;LAZAROV;TOPRAKTEPE
Ankaragucu vs. Malatyaspor - Sunday August 19 - 2001,Ankaragucu,hard,3-5-2,DA SILVA;DURSUN;OZSARAC;GUNEY;OZLEM;TASDEMIR;ROGERIO BELEM;PACHOLA;KELES;AHINFUL;KENNEDY
Ankaragucu vs. Malatyaspor - Sunday August 19 - 2001,Malatyaspor,hard,3-5-2,KULAKSIZ;GUNDOGDU;POLAT;CAY;GUNDOSTU;KOC;PALANCI;YILDIRIMKAYA;DEGE;KOVACEVIC;LOBE
Istanbulspor vs. Fenerbahce - Sunday August 19 - 2001,Fenerbahce,easy,3-4-3,DAGLAROGLU;MIRKOVIC;OZAT;MIRKOVIC;JOHNSON;LAZETIC;ERCAN;ERIS;REVIVO;AKIN;DERELIOGLU
Istanbulspor vs. Fenerbahce - Sunday August 19 - 2001,Istanbulspor,hard,4-4-2,ZDRAVKOV;AKBAS;GUR;HUSEYINOGLU;PETKOV;SAHIN;SAIDOU;ONATLI;ERDOGAN;BUSHI;ZUBANOVIC
Trabzonspor vs. Gaziantepspor - Sunday August 19 - 2001,Gaziantepspor,hard,3-5-2,CATKIC;KORKMAZ;POLAT;TUNC;BEKIROGLU;BATISTA;BOLUKBASI;ROMASHCHENKO;KRIVOV;TEKKE;OZER
Trabzonspor vs. Gaziantepspor - Sunday August 19 - 2001,Trabzonspor,easy,3-5-2,AKTAS;BECEREN;GUVEN;JARRO;MEHMET AURELIO;KAHRAMAN;SOMERS;OZGUR;BIULA;KARADENIZ;DEMIRAY
Yimpas Yozgatspor vs. Rizespor - Sunday August 19 - 2001,Rizespor,hard,4-4-2,HAMIDOU;DUYMUS;BILGE;ASIL;AVCI;ALNOUDJI;AYHAN;KAZMAZ;OZDEMIR;TETTEH;OZTURK
Yimpas Yozgatspor vs. Rizespor - Sunday August 19 - 2001,Yimpas Yozgatspor,hard,3-5-2,DIALLO;ARSLAN;BARIS;OZER;OZER;KARACA;HINCAL;KARAKAYIS;KAHRAMAN;KOCABEY;PREKO
Trabzonspor vs. Bursaspor - Friday August 24 - 2001,Bursaspor,hard,3-5-2,KARAGOL;KILIC;BOUAZIZI;ER;DEMIR;SEN;MOSHOEU;ALKAN;HACIOGLU;YILMAZ;SOZKESEN
Trabzonspor vs. Bursaspor - Friday August 24 - 2001,Trabzonspor,easy,3-5-2,AKTAS;GUVEN;BECEREN;MEHMET AURELIO;JARRO;KAHRAMAN;SOMERS;OZGUR;BIULA;KARADENIZ;MANDIRALI
Antalyaspor vs. Yimpas Yozgatspor - Saturday August 25 - 2001,Antalyaspor,hard,3-5-2,KARAHAN;SAATCIOGLU;KAMBUROGLU;MUSIC;CIMSIR;SEZER;GAUDINO;KARAMAN;CAKIR;BIRLIK;KINALI
Antalyaspor vs. Yimpas Yozgatspor - Saturday August 25 - 2001,Yimpas Yozgatspor,hard,3-5-2,YAW;DIALLO;ARSLAN;BAYER;OZER;BARIS;KARACA;HINCAL;KARAKAYIS;KAHRAMAN;KOCABEY
Besiktas vs. Diyarbakirspor - Saturday August 25 - 2001,Besiktas,easy,4-4-2,TUNCAY;RONALDO GUIARO;GURACAR;UZULMEZ;HAVUTCU;VEIT;METIN;BAYA;KAHVECI;MANSIZ;STAVRUM
Besiktas vs. Diyarbakirspor - Saturday August 25 - 2001,Diyarbakirspor,hard,4-4-2,TEKELIOGLU;ZAFER;DEMIRHAN;KOCAK;DUMAN;KOLGU;YUCETAS;ALACAYIR;YOUSSEF;KONA;ULUSAL
Genclerbirligi vs. Istanbulspor - Saturday August 25 - 2001,Genclerbirligi,hard,3-5-2,NYS;TOPRAKTEPE;GULDUREN;SUMER;DAEMS;ZDEBEL;BASTURK;LAWAL;DASGUN;SALGIN;CAKMAK
Genclerbirligi vs. Istanbulspor - Saturday August 25 - 2001,Istanbulspor,hard,4-4-2,GUNGOR;AKBAS;HUSEYINOGLU;GUR;PETKOV;SAIDOU;SAHIN;ERDOGAN;ONATLI;BUSHI;ZUBANOVIC
Goztepe vs. Samsunspor - Saturday August 25 - 2001,Goztepe,hard,3-5-2,MAJDAN;ARAYICI;GUSAR;KOK;ONUR;YUNGUL;BARCIK;DIYADIN;KABAT;MARTIN;OZKAN
Goztepe vs. Samsunspor - Saturday August 25 - 2001,Samsunspor,hard,3-5-2,PIASARE;BOUKAR;BAIDOO;KOLOGLU;YELEK;CAN;NAS;DOKME;SAGIR;BASTAN;YILMAZ
Fenerbahce vs. Ankaragucu - Sunday August 26 - 2001,Ankaragucu,hard,3-5-2,DA SILVA;DURSUN;OZSARAC;GUNEY;OZLEM;TASDEMIR;ROGERIO BELEM;NAMDAR;KELES;AHINFUL;KENNEDY
Fenerbahce vs. Ankaragucu - Sunday August 26 - 2001,Fenerbahce,easy,3-5-2,RECBER;TEMIZKANOGLU;DOGAN;OZAT;MIRKOVIC;JOHNSON;LAZETIC;RAPAIC;ERCAN;REVIVO;AKIN
Gaziantepspor vs. Denizlispor - Sunday August 26 - 2001,Denizlispor,hard,3-5-2,SOULAMA;CIMEN;EL SAKA;TANDOGAN;KARTOP;BOYRAZ;KAFKAS;BAYAZIT;AHMED HASSAN;BIRDAL;CIHAN
Gaziantepspor vs. Denizlispor - Sunday August 26 - 2001,Gaziantepspor,hard,3-5-2,CATKIC;KORKMAZ;TUNC;YAKHIMOVICH;BEKIROGLU;BATISTA;BOLUKBASI;ASLAN;ROMASHCHENKO;TEKKE;OZER
Kocaelispor vs. Malatyaspor - Sunday August 26 - 2001,Kocaelispor,hard,3-5-2,SAHIN;TIMKO;COLAK;YIGIT;BARIS;ABDELAZIZ;HASPOLATLI;SARMAN;ALEKSANDROV;LAZAROV;TOPRAKTEPE
Kocaelispor vs. Malatyaspor - Sunday August 26 - 2001,Malatyaspor,hard,3-5-2,SIRIN;KULAKSIZ;POLAT;CAY;KOC;PALANCI;DEGE;DEMIRCI;LAZAREVSKI;KOVACEVIC;LOBE
Rizespor vs. Galatasaray - Sunday August 26 - 2001,Galatasaray,easy,4-4-2,MONDRAGON;ASIK;KORKMAZ;VICTORIA;PENBE;CAPONE;DAVALA;YALCIN;SAS;AYKUT;ERDEM
Rizespor vs. Galatasaray - Sunday August 26 - 2001,Rizespor,hard,4-4-2,HAMIDOU;DUYMUS;ASIL;NAS;ALNOUDJI;AVCI;AYHAN;KAZMAZ;OZDEMIR;TETTEH;OZTURK
Ankaragucu vs. Genclerbirligi - Friday September 7 - 2001,Ankaragucu,hard,3-5-2,DA SILVA;KUTLU;DURSUN;GUNEY;OZLEM;TASDEMIR;ROGERIO BELEM;PACHOLA;AHINFUL;KELES;KENNEDY
Ankaragucu vs. Genclerbirligi - Friday September 7 - 2001,Genclerbirligi,hard,3-5-2,NYS;DOGANTEZ;GULDUREN;SUMER;DAEMS;ZDEBEL;BASTURK;TATLI;MBAYO;CAKMAK;YOULA
Bursaspor vs. Gaziantepspor - Saturday September 8 - 2001,Bursaspor,hard,3-5-2,KULBILGE;SOBONA;OZBEY;BOUAZIZI;SEVEN;MOSHOEU;ALKAN;YESIL;HACIOGLU;SOZKESEN;YILMAZ
Bursaspor vs. Gaziantepspor - Saturday September 8 - 2001,Gaziantepspor,hard,3-5-2,CATKIC;KORKMAZ;TUNC;YAKHIMOVICH;BATISTA;BOLUKBASI;ASLAN;ROMASHCHENKO;KRIVOV;TEKKE;OZER
Diyarbakirspor vs. Trabzonspor - Saturday September 8 - 2001,Diyarbakirspor,hard,3-5-2,TEKELIOGLU;DEMIRHAN;ERDOGAN;KOCAK;DUMAN;YUCETAS;KOLGU;ALACAYIR;KONA;KUCUKVARDAR;ULUSAL
Diyarbakirspor vs. Trabzonspor - Saturday September 8 - 2001,Trabzonspor,easy,3-5-2,AKTAS;BECEREN;GUVEN;SALAZAR;JARRO;MEHMET AURELIO;SOMERS;BIULA;OZGUR;KARADENIZ;DEMIRAY
Galatasaray vs. Antalyaspor - Saturday September 8 - 2001,Antalyaspor,hard,5-4-1,KARAHAN;SAATCIOGLU;GINCHEV;KAMBUROGLU;OZALP;CIMSIR;CAKIR;YASAN;GURSEL;BIRLIK;KINALI
Galatasaray vs. Antalyaspor - Saturday September 8 - 2001,Galatasaray,easy,4-4-2,MONDRAGON;ASIK;INCEEFE;VICTORIA;PENBE;CAPONE;AKIN;DAVALA;YALCIN;AYKUT;ERDEM
Kocaelispor vs. Fenerbahce - Saturday September 8 - 2001,Fenerbahce,easy,3-5-2,RECBER;MIRKOVIC;TEMIZKANOGLU;DOGAN;OZAT;MIRKOVIC;BAYRAKTAR;LAZETIC;ERCAN;REVIVO;ANDERSSON
Kocaelispor vs. Fenerbahce - Saturday September 8 - 2001,Kocaelispor,hard,4-4-2,SAHIN;TIMKO;COLAK;YIGIT;SARMAN;HASPOLATLI;ABDELAZIZ;OZTONGA;DABROWSKI;TOPRAKTEPE;AYEW
Denizlispor vs. Rizespor - Sunday September 9 - 2001,Denizlispor,hard,3-5-2,SOULAMA;CIMEN;EL SAKA;SERT;TANDOGAN;KARTOP;BAYAZIT;BILAZER;AHMED HASSAN;BIRDAL;CIHAN
Denizlispor vs. Rizespor - Sunday September 9 - 2001,Rizespor,hard,3-5-2,ILOENYOSI;KOPUZ;DIENG;ASIL;NAS;ALNOUDJI;AYHAN;ASKAROGLU;KAZMAZ;OZDEMIR;TETTEH
Istanbulspor vs. Goztepe - Sunday September 9 - 2001,Goztepe,hard,3-5-2,MAJDAN;ARAYICI;BOZACI;CETIN;GUSAR;KOK;YUNGUL;BARCIK;KABAT;MARTIN;OZKAN
Istanbulspor vs. Goztepe - Sunday September 9 - 2001,Istanbulspor,hard,3-5-2,ZDRAVKOV;AKBAS;GUR;HUSEYINOGLU;PETKOV;SAIDOU;KOCABAL;ERDOGAN;ONATLI;YOZGATLI;BUSHI
Yimpas Yozgatspor vs. Malatyaspor - Sunday September 9 - 2001,Malatyaspor,hard,3-5-2,GUNDOGDU;POLAT;GUNDOSTU;KOC;YILDIRIMKAYA;OZGUR;IPEK;DEMIRCI;LAZAREVSKI;ULUSOY;LOBE
Yimpas Yozgatspor vs. Malatyaspor - Sunday September 9 - 2001,Yimpas Yozgatspor,hard,3-5-2,YAW;DIALLO;ARSLAN;BARIS;OZER;KAYA;KARACA;HINCAL;KAHRAMAN;PREKO;KOCABEY
Besiktas vs. Istanbulspor - Friday September 14 - 2001,Besiktas,easy,3-5-2,KJAER;BOZKURT;RONALDO GUIARO;UZULMEZ;HAVUTCU;VEIT;METIN;BAYA;ESER;KAHVECI;MANSIZ
Besiktas vs. Istanbulspor - Friday September 14 - 2001,Istanbulspor,hard,3-5-2,ZDRAVKOV;AKBAS;GUR;HUSEYINOGLU;PETKOV;SAHIN;SAIDOU;ERDOGAN;ONATLI;YOZGATLI;BUSHI
Antalyaspor vs. Denizlispor - Saturday September 15 - 2001,Antalyaspor,hard,3-5-2,KARAHAN;SAATCIOGLU;GINCHEV;KAMBUROGLU;OZALP;CIMSIR;CAKIR;YASAN;GURSEL;BIRLIK;KINALI
Antalyaspor vs. Denizlispor - Saturday September 15 - 2001,Denizlispor,hard,3-5-2,SOULAMA;EL SAKA;TANDOGAN;BOYRAZ;ERTUGRUL;KAFKAS;KARTOP;AHMED HASSAN;BIRDAL;CIHAN;COULIBALY
Bursaspor vs. Diyarbakirspor - Saturday September 15 - 2001,Bursaspor,hard,3-5-2,KELEMEN;RONALDO GUIARO;OZBEY;KILIC;BOUAZIZI;DEMIR;MOSHOEU;SEN;ALKAN;HACIOGLU;SOZKESEN
Bursaspor vs. Diyarbakirspor - Saturday September 15 - 2001,Diyarbakirspor,hard,4-3-1-2,TEKELIOGLU;DEMIRHAN;ERDOGAN;KOCAK;DUMAN;KOLGU;YUCETAS;ALACAYIR;KONA;KUCUKVARDAR;ULUSAL
Fenerbahce vs. Yimpas Yozgatspor - Saturday September 15 - 2001,Fenerbahce,easy,3-5-2,RECBER;DOGAN;TEMIZKANOGLU;OZAT;JOHNSON;GUNES;ERCAN;RAPAIC;SIMSEK;REVIVO;AKIN
Fenerbahce vs. Yimpas Yozgatspor - Saturday September 15 - 2001,Yimpas Yozgatspor,hard,3-5-2,YAW;DIALLO;ARSLAN;BARIS;OZER;KARACA;HINCAL;KAHRAMAN;KARAKAYIS;BULUT;PREKO
Malatyaspor vs. Galatasaray - Saturday September 15 - 2001,Galatasaray,easy,4-2-3-1,MONDRAGON;ASIK;KORKMAZ;VICTORIA;PENBE;PEREZ;KAYA;FLEURQUIN;YALCIN;ERDEM;GOKTAN
Malatyaspor vs. Galatasaray - Saturday September 15 - 2001,Malatyaspor,hard,3-5-2,POLAT;GUNDOSTU;CAY;OZGUR;IPEK;DEGE;DEMIRCI;LAZAREVSKI;TURHAN;ULUSOY;LOBE
Gaziantepspor vs. Rizespor - Sunday September 16 - 2001,Gaziantepspor,hard,3-5-2,CATKIC;KORKMAZ;POLAT;TUNC;BOLUKBASI;ASLAN;ROMASHCHENKO;KRIVOV;SAHINTURK;TEKKE;OZER
Gaziantepspor vs. Rizespor - Sunday September 16 - 2001,Rizespor,hard,3-5-2,ILOENYOSI;KOPUZ;DIENG;ASIL;NAS;ALPUGAN;AVCI;ASKAROGLU;KAZMAZ;OZDEMIR;TETTEH
Genclerbirligi vs. Kocaelispor - Sunday September 16 - 2001,Genclerbirligi,hard,3-5-2,NYS;DOGANTEZ;GULDUREN;SUMER;DAEMS;ZDEBEL;BASTURK;TATLI;MBAYO;CAKMAK;YOULA
Genclerbirligi vs. Kocaelispor - Sunday September 16 - 2001,Kocaelispor,hard,4-4-2,SAHIN;TIMKO;COLAK;BARIS;HASPOLATLI;SARMAN;ABDELAZIZ;OZTONGA;DABROWSKI;TOPRAKTEPE;AYEW
Goztepe vs. Ankaragucu - Sunday September 16 - 2001,Ankaragucu,hard,3-5-2,DA SILVA;KUTLU;DURSUN;OZSARAC;GUNEY;OZLEM;TASDEMIR;NAMDAR;AHINFUL;AYDIN;KENNEDY
Goztepe vs. Ankaragucu - Sunday September 16 - 2001,Goztepe,hard,3-5-2,MAJDAN;ARAYICI;CETIN;GUSAR;KOK;ONUR;YUNGUL;DIYADIN;KABAT;MARTIN;OZKAN
Trabzonspor vs. Samsunspor - Sunday September 16 - 2001,Samsunspor,hard,3-5-2,PIASARE;BOUKAR;BAIDOO;KOLOGLU;KARABABA;CAN;NAS;SAGIR;PHIRI;SAGLAM;YILMAZ
Trabzonspor vs. Samsunspor - Sunday September 16 - 2001,Trabzonspor,easy,3-5-2,AKTAS;BECEREN;GUVEN;SALAZAR;JARRO;MEHMET AURELIO;SOMERS;OZGUR;BIULA;KARADENIZ;DEMIRAY
Kocaelispor vs. Goztepe - Friday September 21 - 2001,Goztepe,hard,4-4-2,MAJDAN;ARAYICI;CETIN;GUSAR;KOK;ONUR;YUNGUL;BAKI;UYSAL;BIRYOL;KABAT
Kocaelispor vs. Goztepe - Friday September 21 - 2001,Kocaelispor,hard,3-5-2,MERT;TIMKO;COLAK;BARIS;YIGIT;HASPOLATLI;SARMAN;ABDELAZIZ;DABROWSKI;LAZAROV;AYEW
Bursaspor vs. Samsunspor - Saturday September 22 - 2001,Bursaspor,hard,3-5-2,KELEMEN;SAMIR KAMOUNA;TALL;OZBEY;KILIC;SEVEN;MOSHOEU;SEN;ALKAN;HACIOGLU;SOZKESEN
Bursaspor vs. Samsunspor - Saturday September 22 - 2001,Samsunspor,hard,3-5-2,PIASARE;BOUKAR;BAIDOO;KOLOGLU;YELEK;CAN;NAS;SAGIR;PHIRI;SAGLAM;YILMAZ
Denizlispor vs. Malatyaspor - Saturday September 22 - 2001,Denizlispor,hard,4-4-2,SOULAMA;CIMEN;EL SAKA;TANDOGAN;KARTOP;KAFKAS;ERTUGRUL;BAYAZIT;AHMED HASSAN;ATLI;CIHAN
Denizlispor vs. Malatyaspor - Saturday September 22 - 2001,Malatyaspor,hard,3-5-2,POLAT;KOC;GUNDOSTU;CAY;YILDIRIMKAYA;OZGUR;IPEK;DEMIRCI;TURHAN;LOBE;ULUSOY
Galatasaray vs. Fenerbahce - Saturday September 22 - 2001,Fenerbahce,easy,4-2-3-1,RECBER;DOGAN;OZAT;MIRKOVIC;JOHNSON;GUNES;LAZETIC;ERCAN;RAPAIC;SIMSEK;DERELIOGLU
Galatasaray vs. Fenerbahce - Saturday September 22 - 2001,Galatasaray,easy,4-2-3-1,MONDRAGON;ASIK;KORKMAZ;UNSAL;PENBE;CAPONE;PEREZ;AKIN;YALCIN;SAS;KARAN
Ankaragucu vs. Besiktas - Sunday September 23 - 2001,Ankaragucu,hard,3-5-2,DA SILVA;KUTLU;DURSUN;OZSARAC;GUNEY;TASDEMIR;OZLEM;ROGERIO BELEM;NAMDAR;AHINFUL;AYDIN
Ankaragucu vs. Besiktas - Sunday September 23 - 2001,Besiktas,easy,4-4-2,KJAER;BOZKURT;RONALDO GUIARO;GURACAR;UZULMEZ;HAVUTCU;BEKTAS;BAYA;ESER;KAHVECI;MANSIZ
Istanbulspor vs. Trabzonspor - Sunday September 23 - 2001,Istanbulspor,hard,3-5-2,ZDRAVKOV;AKBAS;GUR;HUSEYINOGLU;PETKOV;SAHIN;SAIDOU;ONATLI;ERDOGAN;YOZGATLI;BUSHI
Istanbulspor vs. Trabzonspor - Sunday September 23 - 2001,Trabzonspor,easy,4-4-2,AKTAS;BECEREN;GUVEN;SALAZAR;OZKOYLU;MEHMET AURELIO;SOMERS;BIULA;OZGUR;KARADENIZ;DEMIRAY
Rizespor vs. Antalyaspor - Sunday September 23 - 2001,Antalyaspor,hard,3-5-2,KARAHAN;SAATCIOGLU;GINCHEV;KAMBUROGLU;YAVAS;OZALP;CAKIR;YASAN;GURSEL;BIRLIK;KINALI
Rizespor vs. Antalyaspor - Sunday September 23 - 2001,Rizespor,hard,3-5-2,ILOENYOSI;KOPUZ;DIENG;ASIL;NAS;AVCI;ALPUGAN;ASKAROGLU;KAZMAZ;OZDEMIR;TETTEH
Yimpas Yozgatspor vs. Genclerbirligi - Sunday September 23 - 2001,Genclerbirligi,hard,3-5-2,NYS;TOPRAKTEPE;SUMER;GULDUREN;DOGANTEZ;DAEMS;ZDEBEL;TATLI;MBAYO;CAKMAK;YOULA
Yimpas Yozgatspor vs. Genclerbirligi - Sunday September 23 - 2001,Yimpas Yozgatspor,hard,3-5-2,YAW;DIALLO;ARSLAN;BARIS;OZER;KARACA;HINCAL;KAHRAMAN;KARAKAYIS;BULUT;MUDERRISOGLU
Trabzonspor vs. Ankaragucu - Friday September 28 - 2001,Ankaragucu,hard,3-5-2,DA SILVA;KUTLU;DURSUN;GUNEY;OZLEM;TASDEMIR;YILDIRIM;ROGERIO BELEM;PACHOLA;AHINFUL;AYDIN
Trabzonspor vs. Ankaragucu - Friday September 28 - 2001,Trabzonspor,easy,4-3-3,AKTAS;BECEREN;OZKOYLU;JARRO;UCUNCU;MEHMET AURELIO;KAHRAMAN;SOMERS;OZGUR;BIULA;KARADENIZ
Diyarbakirspor vs. Samsunspor - Saturday September 29 - 2001,Diyarbakirspor,hard,4-3-1-2,YILDIRIM;DEMIRHAN;ERDOGAN;KOCAK;DUMAN;KOLGU;YUCETAS;ALACAYIR;ULUSAL;KUCUKVARDAR;KONA
Diyarbakirspor vs. Samsunspor - Saturday September 29 - 2001,Samsunspor,hard,3-5-2,PIASARE;BOUKAR;BAIDOO;KOLOGLU;YELEK;CAN;NAS;SAGIR;PHIRI;SAGLAM;YILMAZ
Fenerbahce vs. Denizlispor - Saturday September 29 - 2001,Denizlispor,hard,5-4-1,SOULAMA;CIMEN;EL SAKA;TANDOGAN;BOYRAZ;KARTOP;KAFKAS;ERTUGRUL;BAYAZIT;AHMED HASSAN;CIHAN
Fenerbahce vs. Denizlispor - Saturday September 29 - 2001,Fenerbahce,easy,3-5-2,RECBER;DOGAN;MIRKOVIC;TEMIZKANOGLU;MIRKOVIC;GUNES;LAZETIC;ERCAN;REVIVO;SIMSEK;ANDERSSON
Malatyaspor vs. Rizespor - Saturday September 29 - 2001,Malatyaspor,hard,3-5-2,POLAT;CAY;GUNDOSTU;MAPEZA;YILDIRIMKAYA;OZGUR;IPEK;DEMIRCI;TURHAN;LOBE;ULUSOY
Malatyaspor vs. Rizespor - Saturday September 29 - 2001,Rizespor,hard,3-5-2,KOPUZ;DIENG;DUYMUS;ASIL;NAS;ALPUGAN;AVCI;ASKAROGLU;KAZMAZ;OZDEMIR;TETTEH
Besiktas vs. Kocaelispor - Sunday September 30 - 2001,Besiktas,easy,4-4-2,KJAER;BOZKURT;RONALDO GUIARO;UZULMEZ;KHLESTOV;HAVUTCU;BEKTAS;METIN;BAYA;KAHVECI;MANSIZ
Besiktas vs. Kocaelispor - Sunday September 30 - 2001,Kocaelispor,hard,3-5-2,MERT;TIMKO;COLAK;BARIS;YIGIT;HASPOLATLI;SARMAN;OZTONGA;DABROWSKI;LAZAROV;TOPRAKTEPE
Bursaspor vs. Istanbulspor - Sunday September 30 - 2001,Bursaspor,hard,3-5-2,KELEMEN;SAMIR KAMOUNA;OZBEY;KILIC;BOUAZIZI;SEVEN;MOSHOEU;SEN;ALKAN;HACIOGLU;SOZKESEN
Bursaspor vs. Istanbulspor - Sunday September 30 - 2001,Istanbulspor,hard,4-4-2,ZDRAVKOV;AKBAS;GUR;HUSEYINOGLU;PETKOV;SAIDOU;SAHIN;ERDOGAN;ONATLI;YOZGATLI;BUSHI
Gaziantepspor vs. Antalyaspor - Sunday September 30 - 2001,Antalyaspor,hard,3-5-2,KARAHAN;SAATCIOGLU;GINCHEV;KAMBUROGLU;YAVAS;OZALP;CAKIR;YASAN;GURSEL;BIRLIK;KINALI
Gaziantepspor vs. Antalyaspor - Sunday September 30 - 2001,Gaziantepspor,hard,3-5-2,CATKIC;KORKMAZ;POLAT;TUNC;EREN;BATISTA;ASLAN;ROMASHCHENKO;RYNDYUK;SAHINTURK;OZER
Genclerbirligi vs. Galatasaray - Sunday September 30 - 2001,Galatasaray,easy,4-2-3-1,MONDRAGON;ASIK;INCEEFE;UNSAL;PENBE;CAPONE;FLEURQUIN;AKIN;YALCIN;SAS;KARAN
Genclerbirligi vs. Galatasaray - Sunday September 30 - 2001,Genclerbirligi,hard,4-4-2,NYS;DOGANTEZ;GULDUREN;SUMER;TOPRAKTEPE;DAEMS;ZDEBEL;TATLI;MBAYO;CAKMAK;YOULA
Goztepe vs. Yimpas Yozgatspor - Sunday September 30 - 2001,Goztepe,hard,3-5-2,MAJDAN;ARAYICI;CETIN;GUSAR;AKINCI;KOK;ONUR;YUNGUL;KABAT;MARTIN;OZKAN
Goztepe vs. Yimpas Yozgatspor - Sunday September 30 - 2001,Yimpas Yozgatspor,hard,3-5-2,YAW;TOKGOZ;BARIS;BAYER;OZER;KARACA;HINCAL;KAHRAMAN;KARAKAYIS;MUDERRISOGLU;PREKO
Diyarbakirspor vs. Gaziantepspor - Wednesday October 10 - 2001,Diyarbakirspor,hard,4-4-2,YILDIRIM;DEMIRHAN;ERDOGAN;KOCAK;DUMAN;YUCETAS;KOLGU;ALACAYIR;KONA;KUCUKVARDAR;ULUSAL
Diyarbakirspor vs. Gaziantepspor - Wednesday October 10 - 2001,Gaziantepspor,hard,4-4-2,CATKIC;KORKMAZ;POLAT;TUNC;YAKHIMOVICH;AKBULUT;BATISTA;MARANGOZ;ROMASHCHENKO;SAHINTURK;TEKKE
Samsunspor vs. Besiktas - Wednesday October 10 - 2001,Besiktas,easy,4-4-2,KJAER;BOZKURT;RONALDO GUIARO;UZULMEZ;KHLESTOV;SULUN;BEKTAS;BAYA;METIN;KAHVECI;MANSIZ
Samsunspor vs. Besiktas - Wednesday October 10 - 2001,Samsunspor,hard,5-3-2,BOUKAR;KOLOGLU;KARABABA;YELEK;CAN;NAS;DOKME;SAGIR;PHIRI;SAGLAM;YILMAZ
Galatasaray vs. Goztepe - Friday October 12 - 2001,Galatasaray,easy,4-4-2,INAN;ASIK;INCEEFE;UNSAL;PENBE;CAPONE;PEREZ;KAYA;AYKUT;ERDEM;KARAN
Galatasaray vs. Goztepe - Friday October 12 - 2001,Goztepe,hard,4-4-2,MAJDAN;ARAYICI;CETIN;GUSAR;KOK;ONUR;YUNGUL;BAKI;KABAT;MARTIN;OZKAN
Ankaragucu vs. Bursaspor - Saturday October 13 - 2001,Ankaragucu,hard,4-4-2,OZGULTEKIN;KUTLU;DURSUN;GUNEY;OZLEM;TASDEMIR;YILDIRIM;ROGERIO BELEM;NAMDAR;AHINFUL;AYDIN
Ankaragucu vs. Bursaspor - Saturday October 13 - 2001,Bursaspor,hard,3-5-2,KELEMEN;SOBONA;OZBEY;DAMLA;KILIC;BOUAZIZI;MOSHOEU;SEN;ALKAN;SOZKESEN;YILMAZ
Antalyaspor vs. Malatyaspor - Saturday October 13 - 2001,Antalyaspor,hard,3-5-2,KARAHAN;SAATCIOGLU;GINCHEV;KAMBUROGLU;OZALP;CAKIR;YASAN;GURSEL;AKYUZ;BIRLIK;KINALI
Antalyaspor vs. Malatyaspor - Saturday October 13 - 2001,Malatyaspor,hard,4-4-2,POLAT;CAY;GUNDOSTU;OZGUR;MAPEZA;BENSOL;DEMIRCI;YAVAS;TURHAN;KOVACEVIC;ULUSOY
Denizlispor vs. Genclerbirligi - Saturday October 13 - 2001,Denizlispor,hard,3-5-2,SOULAMA;CIMEN;EL SAKA;SERT;TANDOGAN;ERTUGRUL;BAYAZIT;BILAZER;AHMED HASSAN;CIHAN;COULIBALY
Denizlispor vs. Genclerbirligi - Saturday October 13 - 2001,Genclerbirligi,hard,3-5-2,NYS;TOPRAKTEPE;SUMER;GULDUREN;DOGANTEZ;KARABACAK;ZDEBEL;BASTURK;TATLI;MBAYO;YOULA
Kocaelispor vs. Trabzonspor - Saturday October 13 - 2001,Kocaelispor,hard,3-5-2,MERT;TIMKO;COLAK;YIGIT;ABDELAZIZ;HASPOLATLI;OZTONGA;ALEKSANDROV;LAZAROV;TOPRAKTEPE;AYEW
Kocaelispor vs. Trabzonspor - Saturday October 13 - 2001,Trabzonspor,easy,3-5-2,AKTAS;BECEREN;GUVEN;OZKOYLU;JARRO;MEHMET AURELIO;KAHRAMAN;SOMERS;OZGUR;BIULA;KARADENIZ
Gaziantepspor vs. Samsunspor - Sunday October 14 - 2001,Gaziantepspor,hard,3-5-2,CATKIC;KORKMAZ;POLAT;TUNC;YURT;AKBULUT;BATISTA;MARANGOZ;JULIO CESAR;RYNDYUK;SAHINTURK
Gaziantepspor vs. Samsunspor - Sunday October 14 - 2001,Samsunspor,hard,3-5-2,PIASARE;BOUKAR;BAIDOO;KOLOGLU;YELEK;CAN;DOKME;SAGIR;PHIRI;SAGLAM;YILMAZ
Istanbulspor vs. Diyarbakirspor - Sunday October 14 - 2001,Diyarbakirspor,hard,3-5-2,TEKELIOGLU;DEMIRHAN;SURMELI;KOCAK;DUMAN;DZWIGALA;YUCETAS;KOLGU;ALACAYIR;KONA;KUCUKVARDAR
Istanbulspor vs. Diyarbakirspor - Sunday October 14 - 2001,Istanbulspor,hard,3-5-2,ZDRAVKOV;AKBAS;GUR;HUSEYINOGLU;SAHIN;SAIDOU;ONATLI;ERDOGAN;YOZGATLI;UCUNCU;BUSHI
Rizespor vs. Fenerbahce - Sunday October 14 - 2001,Fenerbahce,easy,3-5-2,RECBER;MIRKOVIC;OZAT;MIRKOVIC;BAYRAKTAR;JOHNSON;LAZETIC;ERCAN;RAPAIC;AKIN;DERELIOGLU
Rizespor vs. Fenerbahce - Sunday October 14 - 2001,Rizespor,hard,3-5-2,HAMIDOU;DIENG;DUYMUS;ASIL;NAS;ALNOUDJI;AYHAN;KAZMAZ;OZDEMIR;TETTEH;OZTURK
Yimpas Yozgatspor vs. Besiktas - Sunday October 14 - 2001,Besiktas,easy,4-4-2,TUNCAY;RONALDO GUIARO;GURACAR;UZULMEZ;HAVUTCU;KIP;BEKTAS;BAYA;METIN;KAHVECI;MANSIZ
Yimpas Yozgatspor vs. Besiktas - Sunday October 14 - 2001,Yimpas Yozgatspor,hard,3-5-2,YAW;TOKGOZ;ARSLAN;BARIS;OZER;KARACA;DALCICEK;KAHRAMAN;KARAKAYIS;KOCABEY;PREKO
Diyarbakirspor vs. Ankaragucu - Friday October 19 - 2001,Ankaragucu,hard,4-4-2,OZGULTEKIN;KUTLU;OZSARAC;GUNEY;OZLEM;TASDEMIR;YILDIRIM;ROGERIO BELEM;AHINFUL;KELES;KENNEDY
Diyarbakirspor vs. Ankaragucu - Friday October 19 - 2001,Diyarbakirspor,hard,3-5-2,TEKELIOGLU;DEMIRHAN;SURMELI;KOCAK;DUMAN;DZWIGALA;YUCETAS;KOLGU;ALACAYIR;KONA;KUCUKVARDAR
Fenerbahce vs. Antalyaspor - Saturday October 20 - 2001,Antalyaspor,hard,3-5-2,KARAHAN;SAATCIOGLU;GINCHEV;KAMBUROGLU;OZALP;CIMSIR;CAKIR;YASAN;GURSEL;AKYUZ;KINALI
Fenerbahce vs. Antalyaspor - Saturday October 20 - 2001,Fenerbahce,easy,3-5-2,RECBER;DOGAN;MIRKOVIC;OKECHUKWU;JOHNSON;ERCAN;AKDENIZ;REVIVO;SIMSEK;ANDERSSON;DERELIOGLU
Gaziantepspor vs. Malatyaspor - Saturday October 20 - 2001,Gaziantepspor,hard,3-5-2,CATKIC;KORKMAZ;POLAT;YURT;AKBULUT;EREN;BATISTA;ASLAN;ROMASHCHENKO;SAHINTURK;TEKKE
Gaziantepspor vs. Malatyaspor - Saturday October 20 - 2001,Malatyaspor,hard,3-5-2,POLAT;GUNDOSTU;SAHIN;MAPEZA;IPEK;BENSOL;DEMIRCI;LAZAREVSKI;TURHAN;YAVAS;ULUSOY
Istanbulspor vs. Samsunspor - Saturday October 20 - 2001,Istanbulspor,hard,3-5-2,ZDRAVKOV;AKBAS;GUR;HUSEYINOGLU;PETKOV;SAHIN;KOCABAL;ERDOGAN;ONATLI;YOZGATLI;BUSHI
Istanbulspor vs. Samsunspor - Saturday October 20 - 2001,Samsunspor,hard,3-5-2,PIASARE;BOUKAR;BAIDOO;KOLOGLU;YELEK;CAN;KORKMAZ;DOKME;PHIRI;SAGLAM;YILMAZ
Trabzonspor vs. Yimpas Yozgatspor - Saturday October 20 - 2001,Trabzonspor,easy,4-4-1-1,AKTAS;BECEREN;OZKOYLU;JARRO;UCUNCU;MEHMET AURELIO;KAHRAMAN;SOMERS;OZGUR;BIULA;KARADENIZ
Trabzonspor vs. Yimpas Yozgatspor - Saturday October 20 - 2001,Yimpas Yozgatspor,hard,4-5-1,YAW;TOKGOZ;ARSLAN;BAYER;OZER;KARACA;DALCICEK;HINCAL;KAHRAMAN;KARAKAYIS;KOCABEY
Besiktas vs. Galatasaray - Sunday October 21 - 2001,Besiktas,easy,4-4-2,TUNCAY;RONALDO GUIARO;GURACAR;UZULMEZ;KHLESTOV;HAVUTCU;SULUN;BEKTAS;BAYA;KAHVECI;MANSIZ
Besiktas vs. Galatasaray - Sunday October 21 - 2001,Galatasaray,easy,4-4-2,MONDRAGON;ASIK;INCEEFE;PENBE;PEREZ;FLEURQUIN;KAYA;AKIN;SAS;ERDEM;KARAN
Bursaspor vs. Kocaelispor - Sunday October 21 - 2001,Bursaspor,hard,3-5-2,KELEMEN;OZBEY;DAMLA;KILIC;BOUAZIZI;ER;MOSHOEU;ALKAN;HACIOGLU;SOZKESEN;YILMAZ
Bursaspor vs. Kocaelispor - Sunday October 21 - 2001,Kocaelispor,hard,3-5-2,MERT;TIMKO;BILGEN;COLAK;YIGIT;HASPOLATLI;SARMAN;OZTONGA;ALEKSANDROV;LAZAROV;AYEW
Genclerbirligi vs. Rizespor - Sunday October 21 - 2001,Genclerbirligi,hard,3-5-2,NYS;GULDUREN;SUMER;TOPRAKTEPE;DAEMS;ZDEBEL;BASTURK;GONDEN;MBAYO;CAKMAK;YOULA
Genclerbirligi vs. Rizespor - Sunday October 21 - 2001,Rizespor,hard,3-5-2,ILOENYOSI;HAMIDOU;DIENG;DUYMUS;BILGE;AVCI;ALNOUDJI;AYHAN;KAZMAZ;OZDEMIR;TETTEH
Goztepe vs. Denizlispor - Sunday October 21 - 2001,Denizlispor,hard,3-5-2,SOULAMA;CIMEN;EL SAKA;SERT;TANDOGAN;KARTOP;ERTUGRUL;BAYAZIT;AHMED HASSAN;CIHAN;COULIBALY
Goztepe vs. Denizlispor - Sunday October 21 - 2001,Goztepe,hard,3-5-2,MAJDAN;ARAYICI;BOZACI;CETIN;KOCABICAK;KOK;ONUR;YUNGUL;KABAT;MARTIN;OZKAN
Kocaelispor vs. Diyarbakirspor - Friday October 26 - 2001,Diyarbakirspor,hard,4-4-2,TEKELIOGLU;DEMIRHAN;SURMELI;KOCAK;DUMAN;DZWIGALA;YUCETAS;KOLGU;ALACAYIR;AKSOY;KONA
Kocaelispor vs. Diyarbakirspor - Friday October 26 - 2001,Kocaelispor,hard,3-5-2,MERT;TIMKO;BILGEN;ABDELAZIZ;HASPOLATLI;SARMAN;OZTONGA;DABROWSKI;ALEKSANDROV;TOPRAKTEPE;AYEW
Galatasaray vs. Trabzonspor - Saturday October 27 - 2001,Galatasaray,easy,4-4-2,INAN;ASIK;PENBE;VICTORIA;AKIN;FLEURQUIN;AKMAN;SAS;AYKUT;ERDEM;KARAN
Galatasaray vs. Trabzonspor - Saturday October 27 - 2001,Trabzonspor,easy,3-5-2,AKTAS;BECEREN;GUVEN;OZKOYLU;JARRO;MEHMET AURELIO;KAHRAMAN;OZGUR;BIULA;KARADENIZ;DEMIRAY
Malatyaspor vs. Fenerbahce - Saturday October 27 - 2001,Fenerbahce,easy,3-5-2,RECBER;DOGAN;MIRKOVIC;TEMIZKANOGLU;OZAT;JOHNSON;GUNES;ERCAN;SIMSEK;ANDERSSON;DERELIOGLU
Malatyaspor vs. Fenerbahce - Saturday October 27 - 2001,Malatyaspor,hard,3-5-2,SILLAH;GUNDOGDU;POLAT;GUNDOSTU;MAPEZA;BENSOL;DEMIRCI;TURHAN;LAZAREVSKI;YAVAS;ULUSOY
Rizespor vs. Goztepe - Saturday October 27 - 2001,Goztepe,hard,3-5-2,MAJDAN;ARAYICI;BOZACI;CETIN;KOCABICAK;KOK;ONUR;YUNGUL;KABAT;MARTIN;OZKAN
Rizespor vs. Goztepe - Saturday October 27 - 2001,Rizespor,hard,3-5-2,HAMIDOU;DUYMUS;BILGE;ASIL;NAS;AVCI;ALPUGAN;AYHAN;KAZMAZ;TETTEH;OZTURK
Yimpas Yozgatspor vs. Bursaspor - Saturday October 27 - 2001,Bursaspor,hard,4-4-2,KELEMEN;OZBEY;DAMLA;KILIC;BOUAZIZI;ER;SEN;MOSHOEU;ALKAN;YILMAZ;SOZKESEN
Yimpas Yozgatspor vs. Bursaspor - Saturday October 27 - 2001,Yimpas Yozgatspor,hard,3-5-2,YAW;DIALLO;ARSLAN;OZER;KARACA;DALCICEK;HINCAL;KARAKAYIS;KAHRAMAN;PREKO;MUDERRISOGLU
Ankaragucu vs. Samsunspor - Sunday October 28 - 2001,Ankaragucu,hard,3-5-2,OZGULTEKIN;KUTLU;DURSUN;OZSARAC;TASDEMIR;OZLEM;BAS;ROGERIO BELEM;AHINFUL;KELES;KENNEDY
Ankaragucu vs. Samsunspor - Sunday October 28 - 2001,Samsunspor,hard,3-5-2,PIASARE;BOUKAR;BAIDOO;KOLOGLU;ULUN;YELEK;KORKMAZ;DOKME;SAGIR;SAGLAM;YILMAZ
Antalyaspor vs. Genclerbirligi - Sunday October 28 - 2001,Antalyaspor,hard,3-5-2,KARAHAN;SAATCIOGLU;GINCHEV;KAMBUROGLU;OZALP;CAKIR;YASAN;ONCAN;GURSEL;AKYUZ;BIRLIK
Antalyaspor vs. Genclerbirligi - Sunday October 28 - 2001,Genclerbirligi,hard,3-5-2,NYS;GULDUREN;GUMUSDERE;SUMER;TOPRAKTEPE;DAEMS;GONDEN;TATLI;MBAYO;DASGUN;CAKMAK
Denizlispor vs. Besiktas - Sunday October 28 - 2001,Besiktas,easy,4-4-2,TUNCAY;RONALDO GUIARO;UZULMEZ;BESERLER;KHLESTOV;HAVUTCU;SULUN;BEKTAS;BAYA;KAHVECI;MANSIZ
Denizlispor vs. Besiktas - Sunday October 28 - 2001,Denizlispor,hard,3-5-2,SOULAMA;EL SAKA;SERT;TANDOGAN;BOYRAZ;ERTUGRUL;KARTOP;BAYAZIT;AHMED HASSAN;BIRDAL;CIHAN
Istanbulspor vs. Gaziantepspor - Sunday October 28 - 2001,Gaziantepspor,hard,3-5-2,GULTANG;KORKMAZ;POLAT;YURT;AKBULUT;EREN;BATISTA;ASLAN;MARANGOZ;ROMASHCHENKO;OZER
Istanbulspor vs. Gaziantepspor - Sunday October 28 - 2001,Istanbulspor,hard,3-5-2,ZDRAVKOV;AKBAS;GUR;HUSEYINOGLU;PETKOV;SAIDOU;SAHIN;ERDOGAN;KOCABAL;BUSHI;ZUBANOVIC
Bursaspor vs. Galatasaray - Friday November 2 - 2001,Bursaspor,hard,4-4-2,KELEMEN;OZBEY;DAMLA;KILIC;BOUAZIZI;ER;MOSHOEU;SEN;ALKAN;SOZKESEN;YILMAZ
Bursaspor vs. Galatasaray - Friday November 2 - 2001,Galatasaray,easy,4-4-2,INAN;VICTORIA;PENBE;KAYA;FLEURQUIN;AKIN;HORVATH;ATALAY;YALCIN;ERDEM;KARAN
Besiktas vs. Rizespor - Saturday November 3 - 2001,Besiktas,easy,4-4-2,TUNCAY;RONALDO GUIARO;UZULMEZ;KHLESTOV;HAVUTCU;YILDIRIM;SULUN;BEKTAS;BAYA;KAHVECI;MANSIZ
Besiktas vs. Rizespor - Saturday November 3 - 2001,Rizespor,hard,4-5-1,HAMIDOU;DUYMUS;BILGE;ASIL;ALPUGAN;AVCI;ALNOUDJI;AYHAN;KAZMAZ;OZDEMIR;TETTEH
Genclerbirligi vs. Malatyaspor - Saturday November 3 - 2001,Genclerbirligi,hard,3-5-2,NYS;GULDUREN;GUMUSDERE;TOPRAKTEPE;DAEMS;GONDEN;TATLI;MBAYO;OZDEMIR;DASGUN;CAKMAK
Genclerbirligi vs. Malatyaspor - Saturday November 3 - 2001,Malatyaspor,hard,3-5-2,ABAZI;POLAT;GUNDOSTU;SAHIN;MAPEZA;BENSOL;IPEK;TURHAN;YAVAS;LAZAREVSKI;ULUSOY
Istanbulspor vs. Ankaragucu - Saturday November 3 - 2001,Ankaragucu,hard,3-5-2,OZGULTEKIN;BARIS;DURSUN;OZSARAC;BAS;OZLEM;TASDEMIR;ROGERIO BELEM;AHINFUL;KELES;KENNEDY
Istanbulspor vs. Ankaragucu - Saturday November 3 - 2001,Istanbulspor,hard,3-5-2,ZDRAVKOV;AKBAS;GUR;HUSEYINOGLU;PETKOV;SAIDOU;SAHIN;ERDOGAN;ONATLI;BUSHI;ZUBANOVIC
Kocaelispor vs. Samsunspor - Saturday November 3 - 2001,Kocaelispor,hard,4-4-2,MERT;BILGEN;COLAK;ARSLANER;ABDELAZIZ;HASPOLATLI;SARMAN;OZTONGA;ALEKSANDROV;TOPRAKTEPE;AYEW
Kocaelispor vs. Samsunspor - Saturday November 3 - 2001,Samsunspor,hard,3-5-2,PIASARE;BOUKAR;BAIDOO;KOLOGLU;YELEK;CAN;KORKMAZ;DOKME;SAGIR;SAGLAM;YILMAZ
Diyarbakirspor vs. Yimpas Yozgatspor - Sunday November 4 - 2001,Diyarbakirspor,hard,3-5-2,SARNAT;ZAFER;SURMELI;KOCAK;DUMAN;KOLGU;DZWIGALA;YUCETAS;ALACAYIR;ULUSAL;KONA
Diyarbakirspor vs. Yimpas Yozgatspor - Sunday November 4 - 2001,Yimpas Yozgatspor,hard,4-5-1,YAW;DIALLO;ARSLAN;OZER;BAYER;KARACA;DALCICEK;HINCAL;KAHRAMAN;KARAKAYIS;KOCABEY
Gaziantepspor vs. Fenerbahce - Sunday November 4 - 2001,Fenerbahce,easy,3-5-2,RECBER;DOGAN;MIRKOVIC;OZAT;GUNES;LAZETIC;AKDENIZ;ERCAN;SIMSEK;ANDERSSON;DERELIOGLU
Gaziantepspor vs. Fenerbahce - Sunday November 4 - 2001,Gaziantepspor,hard,4-4-2,GULTANG;KORKMAZ;POLAT;TUNC;YURT;AKBULUT;BATISTA;ASLAN;MARANGOZ;SAHINTURK;OZER
Goztepe vs. Antalyaspor - Sunday November 4 - 2001,Antalyaspor,hard,3-5-2,KARAHAN;SAATCIOGLU;GINCHEV;KAMBUROGLU;OZALP;CIMSIR;CAKIR;YASAN;GURSEL;AKYUZ;KINALI
Goztepe vs. Antalyaspor - Sunday November 4 - 2001,Goztepe,hard,3-5-2,MAJDAN;ARAYICI;BOZACI;CETIN;KOCABICAK;KOK;YUNGUL;MKHALELE;KABAT;MARTIN;OZKAN
Trabzonspor vs. Denizlispor - Sunday November 4 - 2001,Denizlispor,hard,3-5-2,SOULAMA;CIMEN;SERT;TANDOGAN;KAFKAS;ERTUGRUL;KARTOP;BAYAZIT;BILAZER;COULIBALY;CIHAN
Trabzonspor vs. Denizlispor - Sunday November 4 - 2001,Trabzonspor,easy,3-5-2,AKTAS;GUVEN;BECEREN;JARRO;MEHMET AURELIO;UCUNCU;KAHRAMAN;BIULA;OZGUR;KARADENIZ;DEMIRAY
Antalyaspor vs. Besiktas - Friday November 16 - 2001,Antalyaspor,hard,3-5-2,KARAHAN;SAATCIOGLU;GINCHEV;KAMBUROGLU;YAVAS;OZALP;CAKIR;YASAN;GURSEL;BIRLIK;KINALI
Antalyaspor vs. Besiktas - Friday November 16 - 2001,Besiktas,easy,4-4-2,MYHRE;RONALDO GUIARO;UZULMEZ;HAVUTCU;YILDIRIM;SULUN;BEKTAS;BAYA;ESER;KAHVECI;STAVRUM
Ankaragucu vs. Gaziantepspor - Saturday November 17 - 2001,Ankaragucu,hard,3-5-2,OZGULTEKIN;BARIS;DURSUN;OZSARAC;BAS;TASDEMIR;OZLEM;ROGERIO BELEM;AHINFUL;KELES;KENNEDY
Ankaragucu vs. Gaziantepspor - Saturday November 17 - 2001,Gaziantepspor,hard,3-5-2,CATKIC;POLAT;TUNC;YURT;AKBULUT;BATISTA;ASLAN;MARANGOZ;KRIVOV;SAHINTURK;TEKKE
Galatasaray vs. Diyarbakirspor - Saturday November 17 - 2001,Diyarbakirspor,hard,4-4-2,SARNAT;DEMIRHAN;SURMELI;KOCAK;DUMAN;KOLGU;DZWIGALA;ALACAYIR;MOSKALEWICZ;KONA;ULUSAL
Galatasaray vs. Diyarbakirspor - Saturday November 17 - 2001,Galatasaray,easy,4-4-2,MONDRAGON;KORKMAZ;UNSAL;CAPONE;PEREZ;AKIN;AKMAN;YALCIN;SAS;ERDEM;KARAN
Rizespor vs. Trabzonspor - Saturday November 17 - 2001,Rizespor,hard,3-5-2,HAMIDOU;DUYMUS;BILGE;ASIL;ALPUGAN;AVCI;AYHAN;KAZMAZ;OZDEMIR;TETTEH;OZTURK
Rizespor vs. Trabzonspor - Saturday November 17 - 2001,Trabzonspor,easy,3-5-2,AKTAS;BECEREN;GUVEN;JARRO;MEHMET AURELIO;KAHRAMAN;SOMERS;OZGUR;BIULA;KARADENIZ;DEMIRAY
Yimpas Yozgatspor vs. Samsunspor - Saturday November 17 - 2001,Samsunspor,hard,3-5-2,PIASARE;BOUKAR;KOLOGLU;BAIDOO;HOCAOGLU;CAN;KORKMAZ;SAGIR;PHIRI;YILMAZ;SAGLAM
Yimpas Yozgatspor vs. Samsunspor - Saturday November 17 - 2001,Yimpas Yozgatspor,hard,3-5-2,TOKGOZ;OZER;BAYER;OZER;KARACA;DALCICEK;OZBAY;HAMZAOGLU;BULUT;NUHIJI;PREKO
Denizlispor vs. Bursaspor - Sunday November 18 - 2001,Bursaspor,hard,3-5-2,KELEMEN;OZBEY;DAMLA;BOUAZIZI;ER;DEMIR;MOSHOEU;YESIL;SEN;ALKAN;YILMAZ
Denizlispor vs. Bursaspor - Sunday November 18 - 2001,Denizlispor,hard,3-5-2,SOULAMA;CIMEN;SERT;TANDOGAN;KAFKAS;UGUR;KARTOP;BAYAZIT;BILAZER;CIHAN;COULIBALY
Fenerbahce vs. Genclerbirligi - Sunday November 18 - 2001,Fenerbahce,easy,3-5-2,RECBER;DOGAN;OZAT;MIRKOVIC;JOHNSON;GUNES;AKDENIZ;ERCAN;SIMSEK;AKIN;DERELIOGLU
Fenerbahce vs. Genclerbirligi - Sunday November 18 - 2001,Genclerbirligi,hard,3-5-2,NYS;GULDUREN;SUMER;DAEMS;GONDEN;TATLI;MBAYO;OZDEMIR;DASGUN;YOULA;CAKMAK
Kocaelispor vs. Istanbulspor - Sunday November 18 - 2001,Istanbulspor,hard,3-5-2,ZDRAVKOV;AKBAS;GUR;PETKOV;ANDRE BORGES;SAIDOU;SAHIN;ERDOGAN;ONATLI;UCUNCU;ZUBANOVIC
Kocaelispor vs. Istanbulspor - Sunday November 18 - 2001,Kocaelispor,hard,4-4-2,MERT;TIMKO;COLAK;ARSLANER;ABDELAZIZ;SARMAN;DABROWSKI;ALEKSANDROV;LAZAROV;TOPRAKTEPE;AYEW
Malatyaspor vs. Goztepe - Sunday November 18 - 2001,Goztepe,hard,4-4-2,MAJDAN;ARAYICI;BOZACI;CETIN;GUSAR;KOCABICAK;KOK;YUNGUL;MKHALELE;MARTIN;OZKAN
Malatyaspor vs. Goztepe - Sunday November 18 - 2001,Malatyaspor,hard,3-5-2,ABAZI;POLAT;GUNDOSTU;SAHIN;MAPEZA;BENSOL;IPEK;SAKIRI;YAVAS;LAZAREVSKI;ULUSOY
Goztepe vs. Fenerbahce - Friday November 23 - 2001,Fenerbahce,easy,3-5-2,RECBER;DOGAN;OZAT;MIRKOVIC;BAYRAKTAR;JOHNSON;GUNES;ERCAN;ERIS;AKIN;ANDERSSON
Goztepe vs. Fenerbahce - Friday November 23 - 2001,Goztepe,hard,3-5-2,MAJDAN;ARAYICI;BOZACI;CETIN;KOK;ONUR;YUNGUL;MKHALELE;KABAT;MARTIN;OZKAN
Diyarbakirspor vs. Denizlispor - Saturday November 24 - 2001,Denizlispor,hard,3-5-2,SOULAMA;CIMEN;SERT;TANDOGAN;KARTOP;KAFKAS;BOYRAZ;BAYAZIT;BILAZER;CIHAN;COULIBALY
Diyarbakirspor vs. Denizlispor - Saturday November 24 - 2001,Diyarbakirspor,hard,3-5-2,SARNAT;ZAFER;ERDOGAN;KOCAK;DUMAN;YUCETAS;KOLGU;BOLUKBASI;MOSKALEWICZ;KONA;ULUSAL
Galatasaray vs. Samsunspor - Saturday November 24 - 2001,Galatasaray,easy,4-4-2,MONDRAGON;KORKMAZ;UNSAL;PENBE;CAPONE;PEREZ;AKMAN;YALCIN;SAS;ERDEM;KARAN
Galatasaray vs. Samsunspor - Saturday November 24 - 2001,Samsunspor,hard,4-4-2,BOUKAR;BAIDOO;KOLOGLU;YELEK;CAN;NAS;KORKMAZ;DOKME;SAGIR;SAGLAM;YILMAZ
Istanbulspor vs. Yimpas Yozgatspor - Saturday November 24 - 2001,Istanbulspor,hard,3-5-2,ZDRAVKOV;AKBAS;GUR;PETKOV;ANDRE BORGES;SAHIN;ERDOGAN;ONATLI;UCUNCU;BUSHI;ZUBANOVIC
Istanbulspor vs. Yimpas Yozgatspor - Saturday November 24 - 2001,Yimpas Yozgatspor,hard,3-5-2,TOKGOZ;ARSLAN;BAYER;OZER;OZER;KARACA;DALCICEK;HAMZAOGLU;BULUT;NUHIJI;PREKO
Trabzonspor vs. Antalyaspor - Saturday November 24 - 2001,Antalyaspor,hard,3-5-2,KARAHAN;SAATCIOGLU;GINCHEV;KAMBUROGLU;YAVAS;CIMSIR;CAKIR;YASAN;GURSEL;BIRLIK;KINALI
Trabzonspor vs. Antalyaspor - Saturday November 24 - 2001,Trabzonspor,easy,3-5-2,ATAMAN;BECEREN;GUVEN;UCUNCU;MEHMET AURELIO;KAHRAMAN;SOMERS;BIULA;KARADENIZ;DEMIRAY;YILMAZ
Ankaragucu vs. Kocaelispor - Sunday November 25 - 2001,Ankaragucu,hard,3-5-2,OZGULTEKIN;KUTLU;BARIS;DURSUN;OZSARAC;GUNEY;TASDEMIR;OZLEM;AHINFUL;KELES;KENNEDY
Ankaragucu vs. Kocaelispor - Sunday November 25 - 2001,Kocaelispor,hard,4-4-2,MERT;TIMKO;COLAK;ARSLANER;ABDELAZIZ;HASPOLATLI;SARMAN;ALEKSANDROV;LAZAROV;TOPRAKTEPE;AYEW
Besiktas vs. Malatyaspor - Sunday November 25 - 2001,Besiktas,easy,3-5-2,TUNCAY;RONALDO GUIARO;UZULMEZ;HAVUTCU;YILDIRIM;SULUN;BEKTAS;METIN;KAHVECI;MANSIZ;STAVRUM
Besiktas vs. Malatyaspor - Sunday November 25 - 2001,Malatyaspor,hard,3-5-2,ABAZI;POLAT;GUNDOSTU;SAHIN;MAPEZA;OZGUR;BENSOL;IPEK;SAKIRI;LAZAREVSKI;YAVAS
Bursaspor vs. Rizespor - Sunday November 25 - 2001,Bursaspor,hard,3-5-2,KELEMEN;OZBEY;DAMLA;KILIC;BOUAZIZI;ER;MOSHOEU;YESIL;SEN;ALKAN;YILMAZ
Bursaspor vs. Rizespor - Sunday November 25 - 2001,Rizespor,hard,3-5-2,HAMIDOU;DUYMUS;BILGE;ASIL;ALPUGAN;AVCI;ALNOUDJI;AYHAN;KAZMAZ;OZDEMIR;TETTEH
Gaziantepspor vs. Genclerbirligi - Sunday November 25 - 2001,Gaziantepspor,hard,3-5-2,CATKIC;POLAT;TORAMAN;TUNC;YURT;ASLAN;MARANGOZ;KOPRULU;ROMASHCHENKO;TEKKE;OZER
Gaziantepspor vs. Genclerbirligi - Sunday November 25 - 2001,Genclerbirligi,hard,3-5-2,NYS;GULDUREN;GUMUSDERE;TOPRAKTEPE;DAEMS;BASTURK;TATLI;MBAYO;YOULA;CAKMAK;DASGUN
Galatasaray vs. Istanbulspor - Friday November 30 - 2001,Galatasaray,easy,4-4-2,MONDRAGON;ASIK;KORKMAZ;UNSAL;PENBE;CAPONE;PEREZ;AKIN;AKMAN;AYKUT;ERDEM
Galatasaray vs. Istanbulspor - Friday November 30 - 2001,Istanbulspor,hard,4-2-3-1,ZDRAVKOV;AKBAS;HUSEYINOGLU;PETKOV;YAGCIOGLU;SAHIN;SAIDOU;KOCABAL;ONATLI;UCUNCU;BUSHI
Denizlispor vs. Samsunspor - Saturday December 1 - 2001,Denizlispor,hard,3-5-2,SOULAMA;CIMEN;TANDOGAN;UGUR;KARTOP;KAFKAS;BAYAZIT;BILAZER;BIRDAL;CIHAN;COULIBALY
Denizlispor vs. Samsunspor - Saturday December 1 - 2001,Samsunspor,hard,3-5-2,PIASARE;BOUKAR;BAIDOO;KARABABA;YELEK;CAN;NAS;DOKME;SAGIR;SAGLAM;YILMAZ
Kocaelispor vs. Gaziantepspor - Saturday December 1 - 2001,Gaziantepspor,hard,3-5-2,CATKIC;POLAT;TORAMAN;TUNC;YURT;ASLAN;MARANGOZ;KOPRULU;ROMASHCHENKO;JULIO CESAR;TEKKE
Kocaelispor vs. Gaziantepspor - Saturday December 1 - 2001,Kocaelispor,hard,3-5-2,MERT;TIMKO;COLAK;ARSLANER;YIGIT;HASPOLATLI;SARMAN;ABDELAZIZ;ALEKSANDROV;TOPRAKTEPE;AYEW
Rizespor vs. Diyarbakirspor - Saturday December 1 - 2001,Diyarbakirspor,hard,4-4-2,SARNAT;ZAFER;ERDOGAN;SURMELI;KOCAK;DUMAN;BOLUKBASI;YUCETAS;KOLGU;KONA;ULUSAL
Rizespor vs. Diyarbakirspor - Saturday December 1 - 2001,Rizespor,hard,3-5-2,HAMIDOU;DUYMUS;BILGE;ASIL;NAS;AVCI;ALPUGAN;AYHAN;KAZMAZ;TETTEH;OZTURK
Yimpas Yozgatspor vs. Ankaragucu - Saturday December 1 - 2001,Ankaragucu,hard,3-5-2,OZGULTEKIN;KUTLU;DURSUN;OZSARAC;BARIS;GUNEY;OZLEM;TASDEMIR;KENNEDY;AHINFUL;KELES
Yimpas Yozgatspor vs. Ankaragucu - Saturday December 1 - 2001,Yimpas Yozgatspor,hard,3-5-2,YAW;TOKGOZ;ARSLAN;OZER;BAYER;OZER;KARACA;DALCICEK;HAMZAOGLU;PREKO;NUHIJI
Antalyaspor vs. Bursaspor - Sunday December 2 - 2001,Antalyaspor,hard,3-5-2,KARAHAN;SAATCIOGLU;GINCHEV;KAMBUROGLU;YAVAS;CIMSIR;CAKIR;YASAN;GURSEL;AKYUZ;BIRLIK
Antalyaspor vs. Bursaspor - Sunday December 2 - 2001,Bursaspor,hard,3-5-2,KELEMEN;OZBEY;KILIC;BOUAZIZI;ER;SEVEN;MOSHOEU;ALKAN;YESIL;HACIOGLU;YILMAZ
Fenerbahce vs. Besiktas - Sunday December 2 - 2001,Besiktas,easy,4-3-3,MYHRE;RONALDO GUIARO;UZULMEZ;BESERLER;HAVUTCU;SULUN;YILDIRIM;BEKTAS;BAYA;METIN;MANSIZ
Fenerbahce vs. Besiktas - Sunday December 2 - 2001,Fenerbahce,easy,4-2-3-1,RECBER;DOGAN;OZAT;MIRKOVIC;BAYRAKTAR;JOHNSON;GUNES;ERCAN;AKDENIZ;ERIS;AKIN
Genclerbirligi vs. Goztepe - Sunday December 2 - 2001,Genclerbirligi,hard,3-5-2,NYS;EL SAKA;GULDUREN;SUMER;TOPRAKTEPE;BALCI;TATLI;AHMED HASSAN;MBAYO;AYDIN;YOULA
Genclerbirligi vs. Goztepe - Sunday December 2 - 2001,Goztepe,hard,3-5-2,MAJDAN;BOZACI;CETIN;GUSAR;AKINCI;KOK;OZTURK;YUNGUL;BARCIK;MKHALELE;OZKAN
Malatyaspor vs. Trabzonspor - Sunday December 2 - 2001,Malatyaspor,hard,3-5-2,ABAZI;POLAT;KOC;SAHIN;MAPEZA;BENSOL;DEMIRCI;SAKIRI;LAZAREVSKI;YAVAS;ULUSOY
Malatyaspor vs. Trabzonspor - Sunday December 2 - 2001,Trabzonspor,easy,3-5-2,AKTAS;BECEREN;GUVEN;SALAZAR;UCUNCU;MEHMET AURELIO;KAHRAMAN;SOMERS;BIULA;KARADENIZ;DEMIRAY
Besiktas vs. Genclerbirligi - Friday December 7 - 2001,Besiktas,easy,4-3-1-2,MYHRE;RONALDO GUIARO;UZULMEZ;BESERLER;YILDIRIM;HAVUTCU;SULUN;BEKTAS;BAYA;DURSUN;MANSIZ
Besiktas vs. Genclerbirligi - Friday December 7 - 2001,Genclerbirligi,hard,4-4-2,NYS;GULDUREN;SUMER;TOPRAKTEPE;DAEMS;TATLI;MBAYO;AHMED HASSAN;AYDIN;CAKMAK;YOULA
Bursaspor vs. Malatyaspor - Saturday December 8 - 2001,Bursaspor,hard,3-5-2,KELEMEN;OZBEY;KILIC;BOUAZIZI;ER;SEN;MOSHOEU;ALKAN;HACIOGLU;YILMAZ;GULLERI
Bursaspor vs. Malatyaspor - Saturday December 8 - 2001,Malatyaspor,hard,3-5-2,ABAZI;POLAT;SAHIN;MAPEZA;OZGUR;BENSOL;DEMIRCI;SAKIRI;LAZAREVSKI;YAVAS;ULUSOY
Goztepe vs. Gaziantepspor - Saturday December 8 - 2001,Gaziantepspor,hard,3-5-2,CATKIC;AKICI;TORAMAN;TUNC;YURT;ASLAN;MARANGOZ;ROMASHCHENKO;JULIO CESAR;TEKKE;OZER
Goztepe vs. Gaziantepspor - Saturday December 8 - 2001,Goztepe,hard,3-5-2,MAJDAN;ARAYICI;BOZACI;CETIN;GUSAR;AKINCI;OZTURK;YUNGUL;BARCIK;MKHALELE;OZKAN
Istanbulspor vs. Denizlispor - Saturday December 8 - 2001,Denizlispor,hard,3-5-2,SOULAMA;CIMEN;TANDOGAN;KARTOP;KAFKAS;BOYRAZ;BAYAZIT;BILAZER;BIRDAL;CIHAN;COULIBALY
Istanbulspor vs. Denizlispor - Saturday December 8 - 2001,Istanbulspor,hard,3-5-2,ZDRAVKOV;AKBAS;HUSEYINOGLU;ANDRE BORGES;YAGCIOGLU;SAIDOU;SAHIN;KOCABAL;YOZGATLI;UCUNCU;ZUBANOVIC
Trabzonspor vs. Fenerbahce - Saturday December 8 - 2001,Fenerbahce,easy,4-4-2,RECBER;DOGAN;OZSOY;OZAT;BAYRAKTAR;GUNES;LAZETIC;AKDENIZ;ERCAN;AKIN;ANDERSSON
Trabzonspor vs. Fenerbahce - Saturday December 8 - 2001,Trabzonspor,easy,3-5-2,ATAMAN;BECEREN;GUVEN;MEHMET AURELIO;UCUNCU;KAHRAMAN;OZGUR;BIULA;KARADENIZ;DEMIRAY;MANDIRALI
Ankaragucu vs. Galatasaray - Sunday December 9 - 2001,Ankaragucu,hard,4-4-2,OZGULTEKIN;KUTLU;BARIS;OZSARAC;DURSUN;GUNEY;TASDEMIR;OZLEM;AHINFUL;KELES;KENNEDY
Ankaragucu vs. Galatasaray - Sunday December 9 - 2001,Galatasaray,easy,4-4-2,MONDRAGON;ASIK;KORKMAZ;UNSAL;PENBE;CAPONE;KAYA;AKIN;ERDEM;KARAN;SOZKESEN
Diyarbakirspor vs. Antalyaspor - Sunday December 9 - 2001,Antalyaspor,hard,3-5-2,KARAHAN;SAATCIOGLU;KAMBUROGLU;YAVAS;GINCHEV;CIMSIR;CAKIR;YASAN;GURSEL;AKYUZ;BIRLIK
Diyarbakirspor vs. Antalyaspor - Sunday December 9 - 2001,Diyarbakirspor,hard,3-5-2,YILDIRIM;ZAFER;ERDOGAN;SURMELI;KOCAK;DUMAN;BEYAZ;YILMAZ;ALACAYIR;KONA;ULUSAL
Rizespor vs. Samsunspor - Sunday December 9 - 2001,Rizespor,hard,3-5-2,HAMIDOU;DUYMUS;BILGE;ASIL;AVCI;ALNOUDJI;AYHAN;KAZMAZ;OZDEMIR;TETTEH;OZTURK
Rizespor vs. Samsunspor - Sunday December 9 - 2001,Samsunspor,hard,3-5-2,PIASARE;BOUKAR;BAIDOO;KOLOGLU;YELEK;CAN;NAS;KORKMAZ;SAGIR;SAGLAM;YILMAZ
Yimpas Yozgatspor vs. Kocaelispor - Sunday December 9 - 2001,Kocaelispor,hard,3-5-2,MERT;TIMKO;AK;COLAK;YIGIT;ARSLANER;SARMAN;ABDELAZIZ;OZTONGA;TOPRAKTEPE;AYEW
Yimpas Yozgatspor vs. Kocaelispor - Sunday December 9 - 2001,Yimpas Yozgatspor,hard,3-5-2,YAW;DIALLO;ARSLAN;BAYER;OZER;DALCICEK;HAMZAOGLU;KARAKAYIS;BULUT;NUHIJI;KOCABEY
Fenerbahce vs. Bursaspor - Friday December 14 - 2001,Bursaspor,hard,3-5-2,KELEMEN;OZBEY;DAMLA;KILIC;BOUAZIZI;ER;SEVEN;SEN;MOSHOEU;ALKAN;YILMAZ
Fenerbahce vs. Bursaspor - Friday December 14 - 2001,Fenerbahce,easy,3-5-2,RECBER;DOGAN;MIRKOVIC;BAYRAKTAR;JOHNSON;GUNES;AKDENIZ;ERCAN;SIMSEK;AKIN;ANDERSSON
Antalyaspor vs. Samsunspor - Saturday December 15 - 2001,Antalyaspor,hard,3-5-2,KARAHAN;SAATCIOGLU;GINCHEV;KAMBUROGLU;YAVAS;CIMSIR;KARAMAN;CAKIR;ONCAN;GURSEL;BIRLIK
Antalyaspor vs. Samsunspor - Saturday December 15 - 2001,Samsunspor,hard,3-5-2,BOUKAR;BAIDOO;KOLOGLU;YELEK;CAN;NAS;DOKME;SAGIR;PHIRI;SAGLAM;YILMAZ
Denizlispor vs. Ankaragucu - Saturday December 15 - 2001,Ankaragucu,hard,3-5-2,OZGULTEKIN;KUTLU;BARIS;OZSARAC;TURKMEHMET;GUNEY;TASDEMIR;OZLEM;AHINFUL;KELES;KENNEDY
Denizlispor vs. Ankaragucu - Saturday December 15 - 2001,Denizlispor,hard,3-5-2,SOULAMA;SERT;SONMEZ;TANDOGAN;KARTOP;BAYAZIT;KAHRAMAN;BILAZER;BIRDAL;CIHAN;COULIBALY
Gaziantepspor vs. Yimpas Yozgatspor - Saturday December 15 - 2001,Gaziantepspor,hard,3-5-2,CATKIC;HOSSOY;TORAMAN;TUNC;YURT;MARANGOZ;KOPRULU;ROMASHCHENKO;JULIO CESAR;SAHINTURK;TEKKE
Gaziantepspor vs. Yimpas Yozgatspor - Saturday December 15 - 2001,Yimpas Yozgatspor,hard,3-5-2,YAW;DIALLO;ARSLAN;BAYER;OZER;KARACA;HINCAL;OZBAY;HAMZAOGLU;KARAKAYIS;NUHIJI
Goztepe vs. Besiktas - Saturday December 15 - 2001,Besiktas,easy,4-4-2,MYHRE;RONALDO GUIARO;UZULMEZ;BESERLER;KHLESTOV;YILDIRIM;HAVUTCU;BEKTAS;METIN;BAYA;MANSIZ
Goztepe vs. Besiktas - Saturday December 15 - 2001,Goztepe,hard,4-4-2,MAJDAN;ARAYICI;CETIN;GUSAR;KOK;OZTURK;YUNGUL;BARCIK;MKHALELE;MARTIN;OZKAN
Genclerbirligi vs. Trabzonspor - Sunday December 16 - 2001,Genclerbirligi,hard,3-5-2,NYS;DOGANTEZ;GULDUREN;SUMER;DAEMS;BASTURK;AHMED HASSAN;MBAYO;AYDIN;CAKMAK;SALGIN
Genclerbirligi vs. Trabzonspor - Sunday December 16 - 2001,Trabzonspor,easy,3-5-2,AKTAS;BECEREN;GUVEN;UCUNCU;MEHMET AURELIO;KAHRAMAN;OZGUR;BIULA;KARADENIZ;DEMIRAY;MANDIRALI
Malatyaspor vs. Diyarbakirspor - Sunday December 16 - 2001,Diyarbakirspor,hard,4-4-2,KARAGOL;ZAFER;ERDOGAN;KOCAK;DUMAN;BOLUKBASI;KOLGU;BEYAZ;ALACAYIR;KONA;ULUSAL
Malatyaspor vs. Diyarbakirspor - Sunday December 16 - 2001,Malatyaspor,hard,4-4-2,POLAT;GUNDOSTU;SAHIN;MAPEZA;BENSOL;IPEK;DEMIRCI;LAZAREVSKI;YAVAS;LOBE;ULUSOY
Rizespor vs. Istanbulspor - Sunday December 16 - 2001,Istanbulspor,hard,4-4-2,ZDRAVKOV;AKBAS;HUSEYINOGLU;PETKOV;YAGCIOGLU;SAHIN;SAIDOU;YOZGATLI;UCUNCU;BUSHI;ZUBANOVIC
Rizespor vs. Istanbulspor - Sunday December 16 - 2001,Rizespor,hard,4-4-2,HAMIDOU;DUYMUS;BILGE;ASIL;ALPUGAN;AVCI;AYHAN;KAZMAZ;OZDEMIR;TETTEH;OZTURK
Diyarbakirspor vs. Fenerbahce - Friday December 21 - 2001,Diyarbakirspor,hard,3-5-2,KARAGOL;ZAFER;ERDOGAN;KOCAK;DUMAN;BOLUKBASI;KOLGU;BEYAZ;YILMAZ;KONA;ULUSAL
Diyarbakirspor vs. Fenerbahce - Friday December 21 - 2001,Fenerbahce,easy,3-5-2,RECBER;OZAT;MIRKOVIC;JOHNSON;BAYRAKTAR;GUNES;ERCAN;AKDENIZ;SIMSEK;AKIN;ANDERSSON
Ankaragucu vs. Rizespor - Saturday December 22 - 2001,Ankaragucu,hard,3-5-2,OZGULTEKIN;KUTLU;BARIS;DURSUN;OZSARAC;GUNEY;TASDEMIR;OZLEM;AHINFUL;KELES;KENNEDY
Ankaragucu vs. Rizespor - Saturday December 22 - 2001,Rizespor,hard,3-5-2,HAMIDOU;DIENG;ASIL;NAS;ALPUGAN;AVCI;ALNOUDJI;AYHAN;KAZMAZ;OZDEMIR;TETTEH
Besiktas vs. Gaziantepspor - Saturday December 22 - 2001,Besiktas,easy,4-4-2,TUNCAY;BOZKURT;RONALDO GUIARO;UZULMEZ;BESERLER;KHLESTOV;HAVUTCU;BEKTAS;BAYA;METIN;MANSIZ
Besiktas vs. Gaziantepspor - Saturday December 22 - 2001,Gaziantepspor,hard,3-5-2,CATKIC;HOSSOY;TORAMAN;TUNC;YURT;ASLAN;MARANGOZ;ROMASHCHENKO;JULIO CESAR;SAHINTURK;TEKKE
Bursaspor vs. Genclerbirligi - Saturday December 22 - 2001,Bursaspor,hard,3-5-2,KELEMEN;OZBEY;DAMLA;KILIC;BOUAZIZI;ER;ALKAN;MOSHOEU;SEN;GULLERI;YILMAZ
Bursaspor vs. Genclerbirligi - Saturday December 22 - 2001,Genclerbirligi,hard,3-5-2,NYS;DOGANTEZ;GULDUREN;SUMER;DAEMS;BALCI;BASTURK;GONDEN;MBAYO;AYDIN;SALGIN
Istanbulspor vs. Antalyaspor - Saturday December 22 - 2001,Antalyaspor,hard,3-5-2,OZTURK;SAATCIOGLU;YAVAS;KAMBUROGLU;CIMSIR;TASKIN;KARAMAN;CAKIR;KAYMAKCI;ONCAN;BIRLIK
Istanbulspor vs. Antalyaspor - Saturday December 22 - 2001,Istanbulspor,hard,4-4-2,ZDRAVKOV;AKBAS;HUSEYINOGLU;PETKOV;YAGCIOGLU;SAIDOU;SAHIN;KOCABAL;BUSHI;YANIK;ZUBANOVIC
Kocaelispor vs. Denizlispor - Saturday December 22 - 2001,Denizlispor,hard,4-4-2,BATI;SOULAMA;DOGAN;TANDOGAN;BOYRAZ;UGUR;ERTUGRUL;BAYAZIT;BILAZER;CIHAN;COULIBALY
Kocaelispor vs. Denizlispor - Saturday December 22 - 2001,Kocaelispor,hard,3-5-2,MERT;AK;TIMKO;COLAK;YIGIT;ABDELAZIZ;HASPOLATLI;SARMAN;ALEKSANDROV;TOPRAKTEPE;AYEW
Malatyaspor vs. Samsunspor - Saturday December 22 - 2001,Malatyaspor,hard,3-5-2,POLAT;GUNDOSTU;SAHIN;OZGUR;MAPEZA;IPEK;DEMIRCI;SAKIRI;YAVAS;LAZAREVSKI;ULUSOY
Malatyaspor vs. Samsunspor - Saturday December 22 - 2001,Samsunspor,hard,3-5-2,BOUKAR;KOLOGLU;HOCAOGLU;YELEK;CAN;NAS;DOKME;SAGIR;PHIRI;YILMAZ;SAGLAM
Trabzonspor vs. Goztepe - Saturday December 22 - 2001,Goztepe,hard,3-5-2,MAJDAN;ARAYICI;BOZACI;CETIN;AKINCI;KOK;ONUR;YUNGUL;BAKI;MKHALELE;OZKAN
Trabzonspor vs. Goztepe - Saturday December 22 - 2001,Trabzonspor,easy,3-5-2,AKTAS;BECEREN;GUVEN;UCUNCU;MEHMET AURELIO;KAHRAMAN;OZGUR;BIULA;KARADENIZ;DEMIRAY;MANDIRALI
Yimpas Yozgatspor vs. Galatasaray - Sunday December 23 - 2001,Galatasaray,easy,4-4-2,MONDRAGON;INCEEFE;KORKMAZ;PENBE;VICTORIA;CAPONE;AKIN;AKMAN;YALCIN;AYKUT;SOZKESEN
Yimpas Yozgatspor vs. Galatasaray - Sunday December 23 - 2001,Yimpas Yozgatspor,hard,5-4-1,DIALLO;ARSLAN;BAYER;OZER;KARACA;HINCAL;OZBAY;HAMZAOGLU;BULUT;SUMIALA;MUDERRISOGLU
Galatasaray vs. Kocaelispor - Tuesday January 15 - 2002,Galatasaray,easy,4-4-2,MONDRAGON;ASIK;KORKMAZ;PENBE;PEREZ;BATISTA;AKMAN;SAS;ERDEM;GOKTAN;KARAN
Galatasaray vs. Kocaelispor - Tuesday January 15 - 2002,Kocaelispor,hard,4-2-3-1,MERT;AK;TIMKO;COLAK;YIGIT;HASPOLATLI;ABDELAZIZ;ALEKSANDROV;LAZAROV;TOPRAKTEPE;AYEW
Samsunspor vs. Fenerbahce - Friday January 18 - 2002,Fenerbahce,easy,3-5-2,RECBER;TEMIZKANOGLU;OKECHUKWU;OZAT;MIRKOVIC;JOHNSON;GUNES;LAZETIC;ERCAN;REVIVO;ANDERSSON
Samsunspor vs. Fenerbahce - Friday January 18 - 2002,Samsunspor,hard,3-5-2,PIASARE;GENCER;BAIDOO;KOLOGLU;YELEK;CAN;SAGIR;DOKME;PHIRI;SAGLAM;YILMAZ
Ankaragucu vs. Antalyaspor - Saturday January 19 - 2002,Ankaragucu,hard,3-5-2,OZGULTEKIN;KUTLU;BARIS;DURSUN;TURKMEHMET;OZLEM;TASDEMIR;AHINFUL;KARTAL;KELES;KENNEDY
Ankaragucu vs. Antalyaspor - Saturday January 19 - 2002,Antalyaspor,hard,3-5-2,RICHARD KINGSON;SAATCIOGLU;GINCHEV;KAMBUROGLU;YAVAS;YALCINKAYA;CAKIR;YASAN;ONCAN;GURSEL;BIRLIK
Diyarbakirspor vs. Genclerbirligi - Saturday January 19 - 2002,Diyarbakirspor,hard,4-4-2,KARAGOL;ZAFER;ERDOGAN;KOCAK;DUMAN;BEYAZ;BOLUKBASI;KOLGU;ALACAYIR;KONA;ULUSAL
Diyarbakirspor vs. Genclerbirligi - Saturday January 19 - 2002,Genclerbirligi,hard,3-5-2,NYS;DOGANTEZ;SUMER;TOPRAKTEPE;DAEMS;BALCI;ZDEBEL;BASTURK;TATLI;SALGIN;YOULA
Galatasaray vs. Gaziantepspor - Saturday January 19 - 2002,Galatasaray,easy,4-2-3-1,MONDRAGON;ASIK;KORKMAZ;PENBE;CAPONE;BATISTA;AKMAN;YALCIN;SAS;GOKTAN;KARAN
Galatasaray vs. Gaziantepspor - Saturday January 19 - 2002,Gaziantepspor,hard,3-5-2,CATKIC;PEREIRA;YURT;TORAMAN;AKBULUT;ANDRE SANTOS;ASLAN;MARANGOZ;JULIO CESAR;VIOLA;TEKKE
Malatyaspor vs. Istanbulspor - Saturday January 19 - 2002,Istanbulspor,hard,4-4-2,ZDRAVKOV;AKBAS;HUSEYINOGLU;PETKOV;YAGCIOGLU;KOCABAL;ONATLI;YOZGATLI;UCUNCU;YANIK;ZUBANOVIC
Malatyaspor vs. Istanbulspor - Saturday January 19 - 2002,Malatyaspor,hard,3-5-2,MILOSEVSKI;KORKMAZ;SEYHAN;YILDIRIMKAYA;MAPEZA;AKSOY;DEMIRCI;SAKIRI;YAVAS;TURHAN;ULUSOY
Bursaspor vs. Goztepe - Sunday January 20 - 2002,Bursaspor,hard,3-5-2,KELEMEN;DAMLA;KILIC;ER;SEVEN;DEMIR;SEN;MOSHOEU;ALKAN;GULLERI;YILMAZ
Bursaspor vs. Goztepe - Sunday January 20 - 2002,Goztepe,hard,3-5-2,MAJDAN;CETIN;GUSAR;SOZERI;AKINCI;ONUR;YUNGUL;OZTURK;MKHALELE;MARTIN;OZKAN
Kocaelispor vs. Rizespor - Sunday January 20 - 2002,Kocaelispor,hard,3-5-2,MERT;BARIS;YIGIT;SARMAN;VERGUL;ABDELAZIZ;OZTONGA;ALEKSANDROV;LAZAROV;TOPRAKTEPE;AYEW
Kocaelispor vs. Rizespor - Sunday January 20 - 2002,Rizespor,hard,3-5-2,HAMIDOU;DIENG;ASIL;NAS;ALPUGAN;AVCI;AYHAN;KAZMAZ;OZDEMIR;TETTEH;OZER
Trabzonspor vs. Besiktas - Sunday January 20 - 2002,Besiktas,easy,3-5-2,ASPER;BOZKURT;RONALDO GUIARO;GURACAR;UZULMEZ;BESERLER;KHLESTOV;HAVUTCU;METIN;DURSUN;MANSIZ
Trabzonspor vs. Besiktas - Sunday January 20 - 2002,Trabzonspor,easy,3-5-2,AKTAS;BECEREN;GUVEN;UCUNCU;MEHMET AURELIO;KAHRAMAN;SOMERS;BIULA;KARADENIZ;DEMIRAY;MANDIRALI
Yimpas Yozgatspor vs. Denizlispor - Sunday January 20 - 2002,Denizlispor,hard,4-4-2,KUCUK;CIMEN;AKICI;KAFKAS;BOYRAZ;ERTUGRUL;KARTOP;BAYAZIT;BILAZER;BIRDAL;CIHAN
Yimpas Yozgatspor vs. Denizlispor - Sunday January 20 - 2002,Yimpas Yozgatspor,hard,4-4-2,DIALLO;MARJAMAA;BAYER;KARACA;DALCICEK;OZBAY;HINCAL;SAHIN;HAMZAOGLU;MUDERRISOGLU;PREKO
Fenerbahce vs. Istanbulspor - Tuesday January 22 - 2002,Fenerbahce,easy,3-5-2,RECBER;TEMIZKANOGLU;OKECHUKWU;OZAT;MIRKOVIC;LAZETIC;ERCAN;AKDENIZ;REVIVO;AKIN;ANDERSSON
Fenerbahce vs. Istanbulspor - Tuesday January 22 - 2002,Istanbulspor,hard,3-5-2,ZDRAVKOV;AKBAS;HUSEYINOGLU;PETKOV;YAGCIOGLU;SAHIN;SAIDOU;KOCABAL;YOZGATLI;UCUNCU;ISLER
Malatyaspor vs. Ankaragucu - Tuesday January 22 - 2002,Ankaragucu,hard,3-5-2,OZGULTEKIN;KUTLU;BARIS;OZSARAC;TURKMEHMET;GUNEY;TASDEMIR;NAMDAR;AHINFUL;KELES;KENNEDY
Malatyaspor vs. Ankaragucu - Tuesday January 22 - 2002,Malatyaspor,hard,3-5-2,MILOSEVSKI;KORKMAZ;SEYHAN;YILDIRIMKAYA;MAPEZA;AKSOY;DEMIRCI;SAKIRI;YAVAS;TURHAN;ULUSOY
Antalyaspor vs. Kocaelispor - Wednesday January 23 - 2002,Antalyaspor,hard,3-5-2,RICHARD KINGSON;SAATCIOGLU;GINCHEV;KAMBUROGLU;CIMSIR;CAKIR;YASAN;BULUT;GURSEL;AKYUZ;BIRLIK
Antalyaspor vs. Kocaelispor - Wednesday January 23 - 2002,Kocaelispor,hard,3-5-2,MERT;TIMKO;ARSLANER;YIGIT;HASPOLATLI;VERGUL;SARMAN;ABDELAZIZ;LAZAROV;AYEW;SAWIEH
Denizlispor vs. Galatasaray - Wednesday January 23 - 2002,Denizlispor,hard,4-4-2,KUCUK;AKICI;CIMEN;HIETANEN;TANDOGAN;ERTUGRUL;KAFKAS;BAYAZIT;BILAZER;BIRDAL;CIHAN
Denizlispor vs. Galatasaray - Wednesday January 23 - 2002,Galatasaray,easy,4-4-2,MONDRAGON;ASIK;KORKMAZ;PENBE;PEREZ;BATISTA;AKMAN;SAS;ERDEM;GOKTAN;KARAN
Gaziantepspor vs. Trabzonspor - Wednesday January 23 - 2002,Gaziantepspor,hard,3-5-2,CATKIC;PEREIRA;TORAMAN;YURT;ANDRE SANTOS;ASLAN;MARANGOZ;KOPRULU;ROMASHCHENKO;JULIO CESAR;TEKKE
Gaziantepspor vs. Trabzonspor - Wednesday January 23 - 2002,Trabzonspor,easy,3-5-2,ATAMAN;BECEREN;GUVEN;UCUNCU;MEHMET AURELIO;KAHRAMAN;SOMERS;BIULA;KARADENIZ;DEMIRAY;MANDIRALI
Goztepe vs. Diyarbakirspor - Wednesday January 23 - 2002,Diyarbakirspor,hard,4-4-2,KARAGOL;ZAFER;ERDOGAN;KOCAK;DUMAN;BEYAZ;BOLUKBASI;KOLGU;ALACAYIR;KONA;ULUSAL
Goztepe vs. Diyarbakirspor - Wednesday January 23 - 2002,Goztepe,hard,4-4-2,MAJDAN;BOZACI;CETIN;GUSAR;SOZERI;ONUR;YUNGUL;OZTURK;MKHALELE;BIRYOL;OZKAN
Rizespor vs. Yimpas Yozgatspor - Wednesday January 23 - 2002,Rizespor,hard,3-5-2,YIGITER;DIENG;BILGE;ASIL;AVCI;ALPUGAN;AYHAN;OZDEMIR;OZTURK;OZER;TETTEH
Rizespor vs. Yimpas Yozgatspor - Wednesday January 23 - 2002,Yimpas Yozgatspor,hard,4-5-1,DIALLO;MARJAMAA;OZER;BAYER;OZER;KARACA;DALCICEK;HINCAL;HAMZAOGLU;KARAKAYIS;PREKO
Samsunspor vs. Genclerbirligi - Wednesday January 23 - 2002,Genclerbirligi,hard,3-5-2,NYS;DOGANTEZ;SUMER;TOPRAKTEPE;DAEMS;BALCI;ZDEBEL;BASTURK;TATLI;SALGIN;YOULA
Samsunspor vs. Genclerbirligi - Wednesday January 23 - 2002,Samsunspor,hard,3-5-2,GENCER;BAIDOO;KOLOGLU;YELEK;CAN;NAS;SAGIR;DOKME;PHIRI;SAGLAM;YILMAZ
Besiktas vs. Bursaspor - Thursday January 24 - 2002,Besiktas,easy,3-5-2,ASPER;BOZKURT;RONALDO GUIARO;GURACAR;UZULMEZ;KHLESTOV;HAVUTCU;YILDIRIM;METIN;DURSUN;MANSIZ
Besiktas vs. Bursaspor - Thursday January 24 - 2002,Bursaspor,hard,3-5-2,KELEMEN;OZBEY;DAMLA;KILIC;ER;SEVEN;DEMIR;MOSHOEU;SEN;ALKAN;YILMAZ
Ankaragucu vs. Fenerbahce - Saturday January 26 - 2002,Ankaragucu,hard,3-5-2,OZGULTEKIN;KUTLU;BARIS;DURSUN;OZSARAC;GUNEY;OZLEM;TASDEMIR;NAMDAR;AHINFUL;KELES
Ankaragucu vs. Fenerbahce - Saturday January 26 - 2002,Fenerbahce,easy,3-5-2,RECBER;OKECHUKWU;TEMIZKANOGLU;DOGAN;MIRKOVIC;AKYEL;AKDENIZ;ERCAN;SIMSEK;AKIN;ANDERSSON
Bursaspor vs. Trabzonspor - Sunday January 27 - 2002,Bursaspor,hard,3-5-2,KELEMEN;OZBEY;DAMLA;KILIC;ER;SEVEN;DEMIR;MOSHOEU;SEN;ALKAN;YILMAZ
Bursaspor vs. Trabzonspor - Sunday January 27 - 2002,Trabzonspor,easy,4-5-1,ATAMAN;BECEREN;GUVEN;OZTURK;UCUNCU;MEHMET AURELIO;SOMERS;OZGUR;KARADENIZ;DEMIRAY;MANDIRALI
Denizlispor vs. Gaziantepspor - Sunday January 27 - 2002,Denizlispor,hard,3-5-2,KUCUK;AKICI;CIMEN;TANDOGAN;ERTUGRUL;KARTOP;KAFKAS;BAYAZIT;BILAZER;BIRDAL;CIHAN
Denizlispor vs. Gaziantepspor - Sunday January 27 - 2002,Gaziantepspor,hard,4-4-2,CATKIC;PEREIRA;TORAMAN;YURT;ANDRE SANTOS;ASLAN;MARANGOZ;KOPRULU;ROMASHCHENKO;JULIO CESAR;TEKKE
Diyarbakirspor vs. Besiktas - Sunday January 27 - 2002,Besiktas,easy,3-5-2,ASPER;RONALDO GUIARO;UZULMEZ;BESERLER;KHLESTOV;HAVUTCU;YILDIRIM;BEKTAS;METIN;DURSUN;MANSIZ
Diyarbakirspor vs. Besiktas - Sunday January 27 - 2002,Diyarbakirspor,hard,3-5-2,DIDA;KARAGOL;ZAFER;ERDOGAN;KOCAK;DUMAN;KOLGU;YUCETAS;ALACAYIR;YILMAZ;KONA
Galatasaray vs. Rizespor - Sunday January 27 - 2002,Galatasaray,easy,4-4-2,INAN;ASIK;KORKMAZ;VICTORIA;CAPONE;BATISTA;AKMAN;SAS;ERDEM;GOKTAN;KARAN
Galatasaray vs. Rizespor - Sunday January 27 - 2002,Rizespor,hard,4-4-2,YIGITER;DIENG;BILGE;ASIL;AVCI;ALPUGAN;AYHAN;KAZMAZ;OZDEMIR;TETTEH;OZER
Istanbulspor vs. Genclerbirligi - Sunday January 27 - 2002,Genclerbirligi,hard,3-5-2,NYS;DOGANTEZ;SUMER;TOPRAKTEPE;DAEMS;BALCI;ZDEBEL;BASTURK;TATLI;SALGIN;YOULA
Istanbulspor vs. Genclerbirligi - Sunday January 27 - 2002,Istanbulspor,hard,4-4-2,ZDRAVKOV;AKBAS;AYHAN;PETKOV;YAGCIOGLU;SAHIN;SAIDOU;KOCABAL;YOZGATLI;UCUNCU;ISLER
Malatyaspor vs. Kocaelispor - Sunday January 27 - 2002,Kocaelispor,hard,4-4-2,SAHIN;AK;ARSLANER;YIGIT;HASPOLATLI;VERGUL;SARMAN;ABDELAZIZ;OZTONGA;TOPRAKTEPE;AYEW
Malatyaspor vs. Kocaelispor - Sunday January 27 - 2002,Malatyaspor,hard,3-5-2,MILOSEVSKI;KORKMAZ;SEYHAN;MAPEZA;YILDIRIMKAYA;AKSOY;DEMIRCI;SAKIRI;TURHAN;YAVAS;ULUSOY
Samsunspor vs. Goztepe - Sunday January 27 - 2002,Goztepe,hard,4-4-2,MAJDAN;BOZACI;CETIN;GUSAR;SOZERI;ONUR;YUNGUL;OZTURK;MKHALELE;BIRYOL;OZKAN
Samsunspor vs. Goztepe - Sunday January 27 - 2002,Samsunspor,hard,3-5-2,GENCER;BAIDOO;KOLOGLU;ULUN;YELEK;CAN;NAS;DOKME;SAGIR;SAGLAM;YILMAZ
Yimpas Yozgatspor vs. Antalyaspor - Sunday January 27 - 2002,Antalyaspor,hard,4-4-2,RICHARD KINGSON;SAATCIOGLU;GINCHEV;KAMBUROGLU;YALCINKAYA;CIMSIR;CAKIR;YASAN;GURSEL;AKYUZ;BIRLIK
Yimpas Yozgatspor vs. Antalyaspor - Sunday January 27 - 2002,Yimpas Yozgatspor,hard,4-4-2,DIALLO;MARJAMAA;OZER;KAYA;KARACA;HINCAL;OZBAY;HAMZAOGLU;KARAKAYIS;SUMIALA;PREKO
Fenerbahce vs. Kocaelispor - Friday February 1 - 2002,Fenerbahce,easy,3-5-2,RECBER;TEMIZKANOGLU;OKECHUKWU;OZAT;AKYEL;SIMAO;LAZETIC;AKDENIZ;REVIVO;AKIN;ANDERSSON
Fenerbahce vs. Kocaelispor - Friday February 1 - 2002,Kocaelispor,hard,3-5-2,SAHIN;AK;SEDIK;COLAK;ARSLANER;SARMAN;HASPOLATLI;ABDELAZIZ;OZTONGA;TOPRAKTEPE;AYEW
Besiktas vs. Samsunspor - Saturday February 2 - 2002,Besiktas,easy,4-4-2,ASPER;RONALDO GUIARO;UZULMEZ;BESERLER;HAVUTCU;YILDIRIM;BEKTAS;TUNA;METIN;DURSUN;MANSIZ
Besiktas vs. Samsunspor - Saturday February 2 - 2002,Samsunspor,hard,3-5-2,GENCER;BAIDOO;KOLOGLU;HOCAOGLU;CAN;KORKMAZ;DOKME;SAGIR;PHIRI;DURO;YILMAZ
Gaziantepspor vs. Bursaspor - Saturday February 2 - 2002,Bursaspor,hard,3-5-2,KELEMEN;OZBEY;DAMLA;ER;VAR;SEN;YESIL;MOSHOEU;ALKAN;HACIOGLU;YILMAZ
Gaziantepspor vs. Bursaspor - Saturday February 2 - 2002,Gaziantepspor,hard,3-5-2,GULTANG;PEREIRA;TORAMAN;YURT;ANDRE SANTOS;ASLAN;KOPRULU;ROMASHCHENKO;JULIO CESAR;SAHINTURK;TEKKE
Rizespor vs. Denizlispor - Saturday February 2 - 2002,Denizlispor,hard,3-5-2,KUCUK;AKICI;CIMEN;ERTUGRUL;KARTOP;KAFKAS;BOYRAZ;BAYAZIT;BILAZER;BIRDAL;CIHAN
Rizespor vs. Denizlispor - Saturday February 2 - 2002,Rizespor,hard,3-5-2,HAMIDOU;DERELI;ASIL;ALPUGAN;AVCI;AYHAN;NAMLI;KAZMAZ;OZDEMIR;TETTEH;OZER
Trabzonspor vs. Diyarbakirspor - Saturday February 2 - 2002,Diyarbakirspor,hard,3-5-2,DIDA;KARAGOL;ZAFER;ERDOGAN;KOCAK;DUMAN;KOLGU;YUCETAS;ALACAYIR;DEBRAH;KONA
Trabzonspor vs. Diyarbakirspor - Saturday February 2 - 2002,Trabzonspor,easy,3-5-2,ATAMAN;GUVEN;MARKOV;OZTURK;UCUNCU;SOMERS;BIULA;OZGUR;KARADENIZ;DEMIRAY;MANDIRALI
Antalyaspor vs. Galatasaray - Sunday February 3 - 2002,Antalyaspor,hard,3-5-2,RICHARD KINGSON;SAATCIOGLU;GINCHEV;KAMBUROGLU;OZALP;CIMSIR;CAKIR;YASAN;GURSEL;AKYUZ;BIRLIK
Antalyaspor vs. Galatasaray - Sunday February 3 - 2002,Galatasaray,easy,4-4-2,INAN;ASIK;KORKMAZ;VICTORIA;PENBE;CAPONE;BATISTA;AKMAN;SAS;ERDEM;KARAN
Genclerbirligi vs. Ankaragucu - Sunday February 3 - 2002,Ankaragucu,hard,3-5-2,OZGULTEKIN;KUTLU;BARIS;DURSUN;TURKMEHMET;GUNEY;TASDEMIR;OZLEM;NAMDAR;AHINFUL;KELES
Genclerbirligi vs. Ankaragucu - Sunday February 3 - 2002,Genclerbirligi,hard,3-5-2,NYS;DOGANTEZ;GULDUREN;TOPRAKTEPE;DAEMS;BALCI;ZDEBEL;BASTURK;DASGUN;SALGIN;YOULA
Goztepe vs. Istanbulspor - Sunday February 3 - 2002,Goztepe,hard,4-4-2,MAJDAN;BOZACI;CETIN;GUSAR;SOZERI;AKINCI;ONUR;YUNGUL;OZTURK;BIRYOL;OZKAN
Goztepe vs. Istanbulspor - Sunday February 3 - 2002,Istanbulspor,hard,3-5-2,ZDRAVKOV;AKBAS;AYHAN;PETKOV;ANDRE BORGES;SAHIN;SAIDOU;ONATLI;YOZGATLI;UCUNCU;ISLER
Malatyaspor vs. Yimpas Yozgatspor - Sunday February 3 - 2002,Malatyaspor,hard,3-5-2,MILOSEVSKI;KORKMAZ;SEYHAN;MAPEZA;YILDIRIMKAYA;AKSOY;SAKIRI;DEMIRCI;YAVAS;TURHAN;ULUSOY
Malatyaspor vs. Yimpas Yozgatspor - Sunday February 3 - 2002,Yimpas Yozgatspor,hard,3-5-2,DIALLO;MARJAMAA;OZER;BAYER;KARACA;OZBAY;HINCAL;SAHIN;HAMZAOGLU;PREKO;SUMIALA
Galatasaray vs. Malatyaspor - Friday February 8 - 2002,Galatasaray,easy,4-2-3-1,INAN;ASIK;KORKMAZ;PENBE;PEREZ;BATISTA;AKIN;AKMAN;YALCIN;GOKTAN;SOZKESEN
Galatasaray vs. Malatyaspor - Friday February 8 - 2002,Malatyaspor,hard,3-5-2,MILOSEVSKI;KOC;KORKMAZ;SEYHAN;MAPEZA;YILDIRIMKAYA;BENSOL;SAKIRI;DEMIRCI;TURHAN;ULUSOY
Ankaragucu vs. Goztepe - Saturday February 9 - 2002,Ankaragucu,hard,3-5-2,OZGULTEKIN;KUTLU;BARIS;DURSUN;TURKMEHMET;GUNEY;TASDEMIR;OZLEM;NAMDAR;KELES;KENNEDY
Ankaragucu vs. Goztepe - Saturday February 9 - 2002,Goztepe,hard,4-4-2,MAJDAN;BOZACI;CETIN;GUSAR;SOZERI;ONUR;OZTURK;YUNGUL;MKHALELE;BIRYOL;OZKAN
Denizlispor vs. Antalyaspor - Saturday February 9 - 2002,Antalyaspor,hard,3-5-2,ISAAC;RICHARD KINGSON;GINCHEV;YAVAS;OZALP;SONMEZ;CIMSIR;CAKIR;YASAN;GURSEL;AKYUZ
Denizlispor vs. Antalyaspor - Saturday February 9 - 2002,Denizlispor,hard,3-5-2,KUCUK;AKICI;CIMEN;HIETANEN;TANDOGAN;KAFKAS;ERTUGRUL;BAYAZIT;BILAZER;BIRDAL;CIHAN
Diyarbakirspor vs. Bursaspor - Saturday February 9 - 2002,Bursaspor,hard,3-5-2,KULBILGE;OZBEY;DAMLA;KILIC;BOUAZIZI;ER;ATALAY;MOSHOEU;SEN;ALKAN;YILMAZ
Diyarbakirspor vs. Bursaspor - Saturday February 9 - 2002,Diyarbakirspor,hard,3-5-2,KARAGOL;ZAFER;ERDOGAN;KOCAK;DUMAN;BOLUKBASI;KOLGU;YUCETAS;DEBRAH;KONA;ULUSAL
Yimpas Yozgatspor vs. Fenerbahce - Saturday February 9 - 2002,Fenerbahce,easy,3-5-2,RECBER;MIRKOVIC;TEMIZKANOGLU;OZAT;MIRKOVIC;AKYEL;SIMAO;ERCAN;REVIVO;AKIN;ANDERSSON
Yimpas Yozgatspor vs. Fenerbahce - Saturday February 9 - 2002,Yimpas Yozgatspor,hard,3-5-2,DIALLO;MARJAMAA;BAYER;OZER;DALCICEK;HINCAL;SAHIN;HAMZAOGLU;PREKO;NUHIJI;SUMIALA
Istanbulspor vs. Besiktas - Sunday February 10 - 2002,Besiktas,easy,3-5-2,MYHRE;RONALDO GUIARO;GURACAR;UZULMEZ;KHLESTOV;HAVUTCU;YILDIRIM;BAYA;METIN;DURSUN;MANSIZ
Istanbulspor vs. Besiktas - Sunday February 10 - 2002,Istanbulspor,hard,4-4-2,ZDRAVKOV;AKBAS;HUSEYINOGLU;PETKOV;YAGCIOGLU;SAHIN;SAIDOU;KOCABAL;ERDOGAN;YOZGATLI;ISLER
Kocaelispor vs. Genclerbirligi - Sunday February 10 - 2002,Genclerbirligi,hard,3-5-2,NYS;TOPRAKTEPE;DOGANTEZ;EL SAKA;DAEMS;BALCI;ZDEBEL;BASTURK;AYDIN;YOULA;SALGIN
Kocaelispor vs. Genclerbirligi - Sunday February 10 - 2002,Kocaelispor,hard,4-4-2,MERT;SEDIK;COLAK;ARSLANER;YIGIT;ABDELAZIZ;HASPOLATLI;VERGUL;ALEKSANDROV;LAZAROV;TOPRAKTEPE
Rizespor vs. Gaziantepspor - Sunday February 10 - 2002,Gaziantepspor,hard,3-5-2,TUNCAY;TORAMAN;POLAT;YURT;PEREIRA;ANDRE SANTOS;MARANGOZ;ASLAN;JULIO CESAR;TEKKE;SAHINTURK
Rizespor vs. Gaziantepspor - Sunday February 10 - 2002,Rizespor,hard,3-5-2,HAMIDOU;DERELI;ASIL;AVCI;ALPUGAN;AYHAN;NAMLI;KAZMAZ;OZDEMIR;OZER;TETTEH
Samsunspor vs. Trabzonspor - Sunday February 10 - 2002,Samsunspor,hard,3-5-2,GENCER;BAIDOO;KOLOGLU;YELEK;KORKMAZ;DOKME;SAGIR;DURO;SOUZA;KOCABEY;YILMAZ
Samsunspor vs. Trabzonspor - Sunday February 10 - 2002,Trabzonspor,easy,3-5-2,AKTAS;DUYMUS;GUVEN;MARKOV;UCUNCU;MEHMET AURELIO;SOMERS;OZGUR;BIULA;KARADENIZ;MANDIRALI
Gaziantepspor vs. Diyarbakirspor - Friday February 15 - 2002,Diyarbakirspor,hard,3-5-2,DIDA;KARAGOL;ZAFER;ERDOGAN;KOCAK;DUMAN;BOLUKBASI;KOLGU;YUCETAS;DEBRAH;ULUSAL
Gaziantepspor vs. Diyarbakirspor - Friday February 15 - 2002,Gaziantepspor,hard,3-5-2,TUNCAY;PEREIRA;TORAMAN;YURT;ANDRE SANTOS;MARANGOZ;ASLAN;ROMASHCHENKO;JULIO CESAR;SAHINTURK;VIOLA
Fenerbahce vs. Galatasaray - Saturday February 16 - 2002,Fenerbahce,easy,4-4-2,RECBER;TEMIZKANOGLU;OZAT;AKYEL;MIRKOVIC;JOHNSON;ERCAN;RAPAIC;REVIVO;AKIN;ANDERSSON
Fenerbahce vs. Galatasaray - Saturday February 16 - 2002,Galatasaray,easy,4-4-2,MONDRAGON;ASIK;KORKMAZ;PENBE;VICTORIA;CAPONE;AKIN;BATISTA;SAS;ERDEM;KARAN
Genclerbirligi vs. Yimpas Yozgatspor - Saturday February 16 - 2002,Genclerbirligi,hard,3-5-2,NYS;TOPRAKTEPE;GULDUREN;EL SAKA;DOGANTEZ;GONDEN;AHMED HASSAN;MBAYO;KOC;AYDIN;YOULA
Genclerbirligi vs. Yimpas Yozgatspor - Saturday February 16 - 2002,Yimpas Yozgatspor,hard,3-5-2,YAW;TOKGOZ;MARJAMAA;BAYER;OZER;KARACA;HINCAL;SANCARBARLAS;SIMSEK;PREKO;SUMIALA
Malatyaspor vs. Denizlispor - Saturday February 16 - 2002,Denizlispor,hard,3-5-2,KUCUK;AKICI;CIMEN;HIETANEN;TANDOGAN;ZAJAC;KARTOP;ERTUGRUL;BILAZER;BIRDAL;CIHAN
Malatyaspor vs. Denizlispor - Saturday February 16 - 2002,Malatyaspor,hard,3-5-2,ABAZI;MILOSEVSKI;SEYHAN;MAPEZA;YILDIRIMKAYA;BENSOL;DEMIRCI;SAKIRI;TURHAN;YAVAS;ULUSOY
Samsunspor vs. Bursaspor - Saturday February 16 - 2002,Bursaspor,hard,4-4-2,KELEMEN;OZBEY;KILIC;BOUAZIZI;ER;ATALAY;ALKAN;MOSHOEU;HACIOGLU;APATAKI;YILMAZ
Samsunspor vs. Bursaspor - Saturday February 16 - 2002,Samsunspor,hard,3-5-2,GENCER;HOCAOGLU;YELEK;CAN;GUNGOR;NAS;DOKME;SAGIR;DURO;SOUZA;SAGLAM
Antalyaspor vs. Rizespor - Sunday February 17 - 2002,Antalyaspor,hard,3-5-2,RICHARD KINGSON;SAATCIOGLU;YAVAS;GINCHEV;OZALP;CAKIR;YASAN;GURSEL;OZDEMIR;AKYUZ;BIRLIK
Antalyaspor vs. Rizespor - Sunday February 17 - 2002,Rizespor,hard,3-5-2,HAMIDOU;DERELI;ASIL;NAS;ALPUGAN;AVCI;AYHAN;KAZMAZ;NAMLI;OZDEMIR;OZER
Besiktas vs. Ankaragucu - Sunday February 17 - 2002,Ankaragucu,hard,3-5-2,OZGULTEKIN;KUTLU;BARIS;OZSARAC;DURSUN;GUNEY;TASDEMIR;OZLEM;NAMDAR;AHINFUL;KELES
Besiktas vs. Ankaragucu - Sunday February 17 - 2002,Besiktas,easy,3-5-2,MYHRE;BOZKURT;RONALDO GUIARO;UZULMEZ;BESERLER;KHLESTOV;HAVUTCU;YILDIRIM;METIN;DURSUN;MANSIZ
Goztepe vs. Kocaelispor - Sunday February 17 - 2002,Goztepe,hard,3-5-2,MAJDAN;CETIN;GUSAR;BOZACI;KOCABICAK;SOZERI;AKINCI;OZTURK;MKHALELE;BIRYOL;OZKAN
Goztepe vs. Kocaelispor - Sunday February 17 - 2002,Kocaelispor,hard,3-5-2,MERT;SEDIK;ARSLANER;YIGIT;ABDELAZIZ;HASPOLATLI;SARMAN;OZTONGA;ALEKSANDROV;LAZAROV;SAWIEH
Trabzonspor vs. Istanbulspor - Sunday February 17 - 2002,Istanbulspor,hard,4-4-2,ZDRAVKOV;AKBAS;HUSEYINOGLU;PETKOV;YAGCIOGLU;ERDOGAN;ONATLI;KOCABAL;YOZGATLI;UCUNCU;ISLER
Trabzonspor vs. Istanbulspor - Sunday February 17 - 2002,Trabzonspor,easy,3-5-2,AKTAS;DUYMUS;GUVEN;MARKOV;JARRO;UCUNCU;MEHMET AURELIO;SOMERS;OZGUR;DEMIRAY;MANDIRALI
Kocaelispor vs. Besiktas - Friday February 22 - 2002,Besiktas,easy,4-2-3-1,MYHRE;RONALDO GUIARO;UZULMEZ;BESERLER;YILDIRIM;HAVUTCU;BEKTAS;TUNA;METIN;BAYA;MANSIZ
Kocaelispor vs. Besiktas - Friday February 22 - 2002,Kocaelispor,hard,4-4-2,MERT;AK;COLAK;ARSLANER;ABDELAZIZ;HASPOLATLI;SARMAN;DABROWSKI;ALEKSANDROV;TOPRAKTEPE;AYEW
Antalyaspor vs. Gaziantepspor - Saturday February 23 - 2002,Antalyaspor,hard,3-5-2,RICHARD KINGSON;SAATCIOGLU;GINCHEV;KAMBUROGLU;OZALP;CAKIR;YASAN;BULUT;GURSEL;AKYUZ;BIRLIK
Antalyaspor vs. Gaziantepspor - Saturday February 23 - 2002,Gaziantepspor,hard,3-5-2,TUNCAY;PEREIRA;POLAT;TORAMAN;ANDRE SANTOS;ASLAN;MARANGOZ;KOPRULU;ROMASHCHENKO;SAHINTURK;TEKKE
Galatasaray vs. Genclerbirligi - Saturday February 23 - 2002,Galatasaray,easy,4-4-2,MONDRAGON;INCEEFE;VICTORIA;PENBE;PEREZ;KAYA;FLEURQUIN;AKIN;AYKUT;ERDEM;GOKTAN
Galatasaray vs. Genclerbirligi - Saturday February 23 - 2002,Genclerbirligi,hard,4-4-2,NYS;DOGANTEZ;EL SAKA;GULDUREN;SUMER;TOPRAKTEPE;ZDEBEL;AHMED HASSAN;KOC;AYDIN;YOULA
Istanbulspor vs. Bursaspor - Saturday February 23 - 2002,Bursaspor,hard,3-5-2,KELEMEN;OZBEY;DAMLA;KILIC;BOUAZIZI;ER;MOSHOEU;ALKAN;YESIL;HACIOGLU;YILMAZ
Istanbulspor vs. Bursaspor - Saturday February 23 - 2002,Istanbulspor,hard,3-5-2,ZDRAVKOV;AKBAS;AYHAN;HUSEYINOGLU;PETKOV;SAHIN;SAIDOU;ERDOGAN;YOZGATLI;ISLER;YANIK
Samsunspor vs. Diyarbakirspor - Saturday February 23 - 2002,Diyarbakirspor,hard,3-5-2,KARAGOL;ZAFER;ERDOGAN;KOCAK;DUMAN;BEYAZ;BOLUKBASI;YUCETAS;ALACAYIR;DEBRAH;KONA
Samsunspor vs. Diyarbakirspor - Saturday February 23 - 2002,Samsunspor,hard,3-5-2,BOUKAR;HOCAOGLU;YELEK;CAN;GUNGOR;DOKME;SAGIR;PHIRI;SOUZA;SAGLAM;YILMAZ
Ankaragucu vs. Trabzonspor - Sunday February 24 - 2002,Ankaragucu,hard,3-5-2,OZGULTEKIN;KUTLU;BARIS;DURSUN;OZSARAC;GUNEY;TASDEMIR;YILDIRIM;NAMDAR;AHINFUL;KELES
Ankaragucu vs. Trabzonspor - Sunday February 24 - 2002,Trabzonspor,easy,3-5-2,AKTAS;DUYMUS;GUVEN;MARKOV;UCUNCU;JARRO;MEHMET AURELIO;SOMERS;KARADENIZ;DEMIRAY;MANDIRALI
Denizlispor vs. Fenerbahce - Sunday February 24 - 2002,Denizlispor,hard,3-5-2,KUCUK;CIMEN;ZAJAC;KAFKAS;KARTOP;ERTUGRUL;BAYAZIT;BILAZER;KAHRAMAN;COULIBALY;CIHAN
Denizlispor vs. Fenerbahce - Sunday February 24 - 2002,Fenerbahce,easy,4-3-3,RECBER;TEMIZKANOGLU;OZAT;MIRKOVIC;AKYEL;SIMAO;RAPAIC;ERCAN;REVIVO;AKIN;DERELIOGLU
Rizespor vs. Malatyaspor - Sunday February 24 - 2002,Malatyaspor,hard,3-5-2,ABAZI;MILOSEVSKI;KORKMAZ;SAHIN;YILDIRIMKAYA;AKSOY;DEMIRCI;SAKIRI;TURHAN;YAVAS;ULUSOY
Rizespor vs. Malatyaspor - Sunday February 24 - 2002,Rizespor,hard,3-5-2,HAMIDOU;DERELI;ASIL;ALPUGAN;AVCI;AYHAN;NAMLI;KAZMAZ;OZDEMIR;TETTEH;OZER
Yimpas Yozgatspor vs. Goztepe - Sunday February 24 - 2002,Goztepe,hard,3-5-2,MAJDAN;BOZACI;CETIN;GUSAR;AKINCI;SOZERI;ONUR;OZTURK;MKHALELE;BIRYOL;OZKAN
Yimpas Yozgatspor vs. Goztepe - Sunday February 24 - 2002,Yimpas Yozgatspor,hard,3-5-2,TOKGOZ;MARJAMAA;ARSLAN;BAYER;OZER;KARACA;HINCAL;SIMSEK;KARAKAYIS;PREKO;SUMIALA
Fenerbahce vs. Rizespor - Friday March 1 - 2002,Fenerbahce,easy,3-5-2,RECBER;TEMIZKANOGLU;OZAT;AKYEL;MIRKOVIC;SIMAO;ERCAN;RAPAIC;REVIVO;AKIN;ANDERSSON
Fenerbahce vs. Rizespor - Friday March 1 - 2002,Rizespor,hard,3-5-2,HAMIDOU;DIENG;ASIL;AVCI;ALPUGAN;ALNOUDJI;AYHAN;NAMLI;KAZMAZ;OZDEMIR;TETTEH
Besiktas vs. Yimpas Yozgatspor - Saturday March 2 - 2002,Besiktas,easy,3-5-2,MYHRE;GURACAR;UZULMEZ;BESERLER;HAVUTCU;YILDIRIM;TUNA;BAYA;METIN;DURSUN;MANSIZ
Besiktas vs. Yimpas Yozgatspor - Saturday March 2 - 2002,Yimpas Yozgatspor,hard,5-3-2,TOKGOZ;MARJAMAA;ARSLAN;BAYER;OZER;KARACA;DALCICEK;HINCAL;KARAKAYIS;PREKO;SUMIALA
Genclerbirligi vs. Denizlispor - Saturday March 2 - 2002,Denizlispor,hard,3-5-2,KUCUK;AKICI;CIMEN;HIETANEN;TANDOGAN;ZAJAC;KARTOP;KAFKAS;ERTUGRUL;BILAZER;CIHAN
Genclerbirligi vs. Denizlispor - Saturday March 2 - 2002,Genclerbirligi,hard,3-5-2,NYS;TOPRAKTEPE;GULDUREN;EL SAKA;DOGANTEZ;ZDEBEL;BASTURK;AHMED HASSAN;MBAYO;KOC;AYDIN
Samsunspor vs. Gaziantepspor - Saturday March 2 - 2002,Gaziantepspor,hard,3-5-2,TUNCAY;PEREIRA;TORAMAN;AKBULUT;ANDRE SANTOS;ASLAN;KOPRULU;ROMASHCHENKO;JULIO CESAR;SAHINTURK;TEKKE
Samsunspor vs. Gaziantepspor - Saturday March 2 - 2002,Samsunspor,hard,3-5-2,BOUKAR;HOCAOGLU;YELEK;CAN;GUNGOR;KORKMAZ;DOKME;SAGIR;SOUZA;SAGLAM;YILMAZ
Trabzonspor vs. Kocaelispor - Saturday March 2 - 2002,Kocaelispor,hard,3-5-2,MERT;AK;COLAK;ARSLANER;ABDELAZIZ;VERGUL;SARMAN;HASPOLATLI;DABROWSKI;LAZAROV;AYEW
Trabzonspor vs. Kocaelispor - Saturday March 2 - 2002,Trabzonspor,easy,3-5-2,AKTAS;BECEREN;DUYMUS;MARKOV;MEHMET AURELIO;UCUNCU;SOMERS;OZGUR;KARADENIZ;DEMIRAY;MANDIRALI
Bursaspor vs. Ankaragucu - Sunday March 3 - 2002,Ankaragucu,hard,3-5-2,OZGULTEKIN;KUTLU;BARIS;DURSUN;OZSARAC;GUNEY;TASDEMIR;OZLEM;NAMDAR;AHINFUL;KELES
Bursaspor vs. Ankaragucu - Sunday March 3 - 2002,Bursaspor,hard,3-5-2,KELEMEN;KILIC;BOUAZIZI;ER;DEMIR;MOSHOEU;SEN;ATALAY;ALKAN;HACIOGLU;KUCUKVARDAR
Diyarbakirspor vs. Istanbulspor - Sunday March 3 - 2002,Diyarbakirspor,hard,3-5-2,KARAGOL;ZAFER;MOURA;KOCAK;DUMAN;BEYAZ;BOLUKBASI;KOLGU;YUCETAS;KONA;ULUSAL
Diyarbakirspor vs. Istanbulspor - Sunday March 3 - 2002,Istanbulspor,hard,4-4-2,ZDRAVKOV;AYHAN;GUR;HUSEYINOGLU;PETKOV;SAHIN;SAIDOU;ONATLI;YOZGATLI;UCUNCU;ISLER
Goztepe vs. Galatasaray - Sunday March 3 - 2002,Galatasaray,easy,4-4-2,MONDRAGON;ASIK;KORKMAZ;PENBE;CAPONE;FLEURQUIN;AKMAN;SAS;ERDEM;GOKTAN;NICULESCU
Goztepe vs. Galatasaray - Sunday March 3 - 2002,Goztepe,hard,3-5-2,KORK;BOZACI;CETIN;GUSAR;SOZERI;AKINCI;ONUR;YUNGUL;OZTURK;BIRYOL;OZKAN
Malatyaspor vs. Antalyaspor - Sunday March 3 - 2002,Antalyaspor,hard,4-5-1,RICHARD KINGSON;SAATCIOGLU;GINCHEV;KAMBUROGLU;YAVAS;OZALP;YALCINKAYA;CIMSIR;KARAMAN;GURSEL;BIRLIK
Malatyaspor vs. Antalyaspor - Sunday March 3 - 2002,Malatyaspor,hard,3-5-2,MILOSEVSKI;KORKMAZ;SEYHAN;SAHIN;YILDIRIMKAYA;AKSOY;SAKIRI;DEMIRCI;TURHAN;YAVAS;ULUSOY
Ankaragucu vs. Diyarbakirspor - Friday March 8 - 2002,Ankaragucu,hard,3-5-2,OZGULTEKIN;KUTLU;BARIS;DURSUN;OZSARAC;GUNEY;TASDEMIR;OZLEM;NAMDAR;AHINFUL;KELES
Ankaragucu vs. Diyarbakirspor - Friday March 8 - 2002,Diyarbakirspor,hard,3-5-2,DIDA;KARAGOL;ZAFER;MOURA;KOCAK;DUMAN;KOLGU;YUCETAS;ALACAYIR;DEBRAH;ULUSAL
Galatasaray vs. Besiktas - Saturday March 9 - 2002,Besiktas,easy,4-3-3,MYHRE;RONALDO GUIARO;GURACAR;UZULMEZ;BESERLER;HAVUTCU;YILDIRIM;BEKTAS;BAYA;METIN;MANSIZ
Galatasaray vs. Besiktas - Saturday March 9 - 2002,Galatasaray,easy,4-4-2,MONDRAGON;ASIK;KORKMAZ;PENBE;PEREZ;FLEURQUIN;BATISTA;AKMAN;SAS;ERDEM;KARAN
Rizespor vs. Genclerbirligi - Saturday March 9 - 2002,Genclerbirligi,hard,3-5-2,SONMEZ;DOGANTEZ;EL SAKA;GULDUREN;TOPRAKTEPE;DAEMS;ZDEBEL;BASTURK;AHMED HASSAN;MBAYO;AYDIN
Rizespor vs. Genclerbirligi - Saturday March 9 - 2002,Rizespor,hard,3-5-2,HAMIDOU;DIENG;ASIL;AVCI;ALPUGAN;AYHAN;NAMLI;KAZMAZ;OZDEMIR;TETTEH;OZER
Samsunspor vs. Istanbulspor - Saturday March 9 - 2002,Istanbulspor,hard,3-5-2,ZDRAVKOV;AKBAS;AYHAN;PETKOV;ANDRE BORGES;SAHIN;SAIDOU;ONATLI;ERDOGAN;ISLER;ZUBANOVIC
Samsunspor vs. Istanbulspor - Saturday March 9 - 2002,Samsunspor,hard,3-5-2,BOUKAR;KOLOGLU;HOCAOGLU;YELEK;CAN;KORKMAZ;DOKME;SAGIR;SOUZA;SAGLAM;YILMAZ
Yimpas Yozgatspor vs. Trabzonspor - Saturday March 9 - 2002,Trabzonspor,easy,3-5-2,ATAMAN;BECEREN;DUYMUS;MARKOV;OZKOYLU;MEHMET AURELIO;KAHRAMAN;OZGUR;KARADENIZ;DEMIRAY;MANDIRALI
Yimpas Yozgatspor vs. Trabzonspor - Saturday March 9 - 2002,Yimpas Yozgatspor,hard,3-5-2,YAW;TOKGOZ;MARJAMAA;ARSLAN;BAYER;KARACA;DALCICEK;HINCAL;HAMZAOGLU;KARAKAYIS;SUMIALA
Antalyaspor vs. Fenerbahce - Sunday March 10 - 2002,Antalyaspor,hard,3-5-2,RICHARD KINGSON;SAATCIOGLU;GINCHEV;KAMBUROGLU;YAVAS;YALCINKAYA;CIMSIR;KARAMAN;YASAN;GURSEL;BIRLIK
Antalyaspor vs. Fenerbahce - Sunday March 10 - 2002,Fenerbahce,easy,3-5-2,RECBER;TEMIZKANOGLU;AKYEL;MIRKOVIC;SIMAO;JOHNSON;RAPAIC;ERCAN;AKIN;ANDERSSON;DERELIOGLU
Denizlispor vs. Goztepe - Sunday March 10 - 2002,Denizlispor,hard,3-5-2,KUCUK;AKICI;CIMEN;TANDOGAN;BOYRAZ;KARTOP;ERTUGRUL;BAYAZIT;KAHRAMAN;CIHAN;COULIBALY
Denizlispor vs. Goztepe - Sunday March 10 - 2002,Goztepe,hard,3-5-2,KORK;BOZACI;CETIN;GUSAR;AKINCI;SOZERI;ONUR;OZTURK;YUNGUL;BIRYOL;OZKAN
Kocaelispor vs. Bursaspor - Sunday March 10 - 2002,Bursaspor,hard,3-5-2,KELEMEN;KILIC;BOUAZIZI;ER;DEMIR;MOSHOEU;SEN;ATALAY;HACIOGLU;KUCUKVARDAR;YILMAZ
Kocaelispor vs. Bursaspor - Sunday March 10 - 2002,Kocaelispor,hard,3-5-2,MERT;AK;COLAK;YIGIT;HASPOLATLI;VERGUL;SARMAN;DABROWSKI;ALEKSANDROV;LAZAROV;AYEW
Malatyaspor vs. Gaziantepspor - Sunday March 10 - 2002,Gaziantepspor,hard,3-5-2,TUNCAY;PEREIRA;TORAMAN;YURT;ANDRE SANTOS;MARANGOZ;ASLAN;KOPRULU;ROMASHCHENKO;JULIO CESAR;VIOLA
Malatyaspor vs. Gaziantepspor - Sunday March 10 - 2002,Malatyaspor,hard,3-5-2,MILOSEVSKI;KORKMAZ;SEYHAN;SAHIN;YILDIRIMKAYA;AKSOY;DEMIRCI;SAKIRI;YAVAS;TURHAN;ULUSOY
Besiktas vs. Denizlispor - Friday March 15 - 2002,Besiktas,easy,3-5-2,ASPER;RONALDO GUIARO;GURACAR;UZULMEZ;BESERLER;HAVUTCU;TUNA;BAYA;METIN;DURSUN;MANSIZ
Besiktas vs. Denizlispor - Friday March 15 - 2002,Denizlispor,hard,4-5-1,KUCUK;AKICI;CIMEN;SERT;HIETANEN;TANDOGAN;BOYRAZ;KARTOP;KAFKAS;BAYAZIT;CIHAN
Bursaspor vs. Yimpas Yozgatspor - Saturday March 16 - 2002,Bursaspor,hard,3-5-2,KULBILGE;KILIC;BOUAZIZI;ER;DEMIR;SEN;MOSHOEU;ATALAY;HACIOGLU;YILMAZ;KUCUKVARDAR
Bursaspor vs. Yimpas Yozgatspor - Saturday March 16 - 2002,Yimpas Yozgatspor,hard,3-5-2,TOKGOZ;ARSLAN;OZER;OZER;KARACA;DALCICEK;HINCAL;OZBAY;KARAKAYIS;SUMIALA;PREKO
Gaziantepspor vs. Istanbulspor - Saturday March 16 - 2002,Gaziantepspor,hard,3-5-2,TUNCAY;PEREIRA;TORAMAN;YURT;ANDRE SANTOS;MARANGOZ;ASLAN;KOPRULU;ROMASHCHENKO;SAHINTURK;VIOLA
Gaziantepspor vs. Istanbulspor - Saturday March 16 - 2002,Istanbulspor,hard,3-5-2,ZDRAVKOV;AKBAS;HUSEYINOGLU;PETKOV;SAIDOU;SAHIN;KOCABAL;ERDOGAN;ONATLI;ISLER;YANIK
Goztepe vs. Rizespor - Saturday March 16 - 2002,Goztepe,hard,3-5-2,MAJDAN;BOZACI;CETIN;GUSAR;SOZERI;AKINCI;ONUR;YUNGUL;MKHALELE;BIRYOL;OZKAN
Goztepe vs. Rizespor - Saturday March 16 - 2002,Rizespor,hard,3-5-2,HAMIDOU;DERELI;DIENG;BILGE;ASIL;AVCI;ALPUGAN;AYHAN;KAZMAZ;OZDEMIR;OZER
Diyarbakirspor vs. Kocaelispor - Sunday March 17 - 2002,Diyarbakirspor,hard,3-5-2,DIDA;KARAGOL;ERDOGAN;MOURA;DEMIRHAN;KOCAK;BOLUKBASI;KOLGU;YUCETAS;KONA;ULUSAL
Diyarbakirspor vs. Kocaelispor - Sunday March 17 - 2002,Kocaelispor,hard,3-5-2,SAHIN;COLAK;ARSLANER;HASPOLATLI;VERGUL;SARMAN;ABDELAZIZ;OZTONGA;DABROWSKI;ALEKSANDROV;LAZAROV
Fenerbahce vs. Malatyaspor - Sunday March 17 - 2002,Fenerbahce,easy,3-5-2,RECBER;TEMIZKANOGLU;OZAT;AKYEL;MIRKOVIC;JOHNSON;ERCAN;RAPAIC;AKIN;ANDERSSON;DERELIOGLU
Fenerbahce vs. Malatyaspor - Sunday March 17 - 2002,Malatyaspor,hard,5-4-1,MILOSEVSKI;KOC;KORKMAZ;SEYHAN;SAHIN;YILDIRIMKAYA;IPEK;DEMIRCI;SAKIRI;TURHAN;ULUSOY
Genclerbirligi vs. Antalyaspor - Sunday March 17 - 2002,Antalyaspor,hard,3-5-2,RICHARD KINGSON;SAATCIOGLU;GINCHEV;KAMBUROGLU;YAVAS;YALCINKAYA;CIMSIR;KARAMAN;YASAN;GURSEL;BIRLIK
Genclerbirligi vs. Antalyaspor - Sunday March 17 - 2002,Genclerbirligi,hard,3-5-2,SONMEZ;DOGANTEZ;EL SAKA;GULDUREN;TOPRAKTEPE;DAEMS;ZDEBEL;BASTURK;AHMED HASSAN;MBAYO;AYDIN
Samsunspor vs. Ankaragucu - Sunday March 17 - 2002,Ankaragucu,hard,3-5-2,OZGULTEKIN;KUTLU;BARIS;DURSUN;OZSARAC;GUNEY;TASDEMIR;NAMDAR;AHINFUL;KELES;KENNEDY
Samsunspor vs. Ankaragucu - Sunday March 17 - 2002,Samsunspor,hard,3-5-2,BOUKAR;KOLOGLU;HOCAOGLU;YELEK;CAN;DOKME;SAGIR;SOUZA;DURO;SAGLAM;YILMAZ
Fenerbahce vs. Gaziantepspor - Friday March 22 - 2002,Fenerbahce,easy,3-5-2,RECBER;TEMIZKANOGLU;OZAT;AKYEL;MIRKOVIC;BAYRAKTAR;JOHNSON;ERCAN;REVIVO;AKIN;ANDERSSON
Fenerbahce vs. Gaziantepspor - Friday March 22 - 2002,Gaziantepspor,hard,3-5-2,TUNCAY;PEREIRA;POLAT;TORAMAN;ANDRE SANTOS;ASLAN;MARANGOZ;KOPRULU;ROMASHCHENKO;JULIO CESAR;SAHINTURK
Denizlispor vs. Trabzonspor - Saturday March 23 - 2002,Denizlispor,hard,3-5-2,KUCUK;AKICI;CIMEN;SERT;TANDOGAN;BOYRAZ;KARTOP;BAYAZIT;KAHRAMAN;BIRDAL;CIHAN
Denizlispor vs. Trabzonspor - Saturday March 23 - 2002,Trabzonspor,easy,3-5-2,ATAMAN;BECEREN;DUYMUS;MARKOV;OZKOYLU;UCUNCU;MEHMET AURELIO;SOMERS;KARADENIZ;DEMIRAY;MANDIRALI
Galatasaray vs. Bursaspor - Saturday March 23 - 2002,Bursaspor,hard,4-2-3-1,KULBILGE;OZBEY;KILIC;BOUAZIZI;ER;ALKAN;ATALAY;SEN;YESIL;HACIOGLU;YILMAZ
Galatasaray vs. Bursaspor - Saturday March 23 - 2002,Galatasaray,easy,4-4-2,MONDRAGON;ASIK;KORKMAZ;VICTORIA;PENBE;CAPONE;BATISTA;SAS;AYKUT;ERDEM;GOKTAN
Samsunspor vs. Kocaelispor - Saturday March 23 - 2002,Kocaelispor,hard,3-5-2,SAHIN;AK;COLAK;ARSLANER;ABDELAZIZ;VERGUL;HASPOLATLI;OZTONGA;DABROWSKI;ALEKSANDROV;LAZAROV
Samsunspor vs. Kocaelispor - Saturday March 23 - 2002,Samsunspor,hard,3-5-2,BOUKAR;KOLOGLU;ULUN;YELEK;CAN;GUNGOR;DOKME;SAGIR;DURO;SOUZA;YILMAZ
Yimpas Yozgatspor vs. Diyarbakirspor - Saturday March 23 - 2002,Diyarbakirspor,hard,3-5-2,DIDA;KARAGOL;ERDOGAN;MOURA;DEMIRHAN;KOCAK;DUMAN;KOLGU;ALACAYIR;KONA;DEBRAH
Yimpas Yozgatspor vs. Diyarbakirspor - Saturday March 23 - 2002,Yimpas Yozgatspor,hard,3-5-2,DIALLO;ARSLAN;OZER;OZER;KARACA;SANCARBARLAS;SIMSEK;HAMZAOGLU;KARAKAYIS;PREKO;NUHIJI
Ankaragucu vs. Istanbulspor - Sunday March 24 - 2002,Ankaragucu,hard,3-5-2,OZGULTEKIN;KUTLU;OZSARAC;DURSUN;BARIS;GUNEY;TASDEMIR;OZLEM;NAMDAR;AHINFUL;KELES
Ankaragucu vs. Istanbulspor - Sunday March 24 - 2002,Istanbulspor,hard,3-5-2,ZDRAVKOV;AKBAS;AYHAN;HUSEYINOGLU;PETKOV;SAHIN;SAIDOU;ERDOGAN;ONATLI;ISLER;YANIK
Antalyaspor vs. Goztepe - Sunday March 24 - 2002,Antalyaspor,hard,3-5-2,UCAN;SAATCIOGLU;GINCHEV;KAMBUROGLU;YAVAS;YALCINKAYA;CAKIR;YASAN;GURSEL;AKYUZ;BIRLIK
Antalyaspor vs. Goztepe - Sunday March 24 - 2002,Goztepe,hard,3-5-2,MAJDAN;BOZACI;GUSAR;SOZERI;KOK;AKINCI;ONUR;OZTURK;MKHALELE;BIRYOL;OZKAN
Malatyaspor vs. Genclerbirligi - Sunday March 24 - 2002,Genclerbirligi,hard,3-5-2,NYS;DOGANTEZ;EL SAKA;GULDUREN;SUMER;TOPRAKTEPE;ZDEBEL;BASTURK;AHMED HASSAN;MBAYO;SALGIN
Malatyaspor vs. Genclerbirligi - Sunday March 24 - 2002,Malatyaspor,hard,3-5-2,ABAZI;MILOSEVSKI;KORKMAZ;SEYHAN;SAHIN;YILDIRIMKAYA;DEMIRCI;SAKIRI;TURHAN;YAVAS;ULUSOY
Rizespor vs. Besiktas - Sunday March 24 - 2002,Besiktas,easy,4-4-2,MYHRE;RONALDO GUIARO;UZULMEZ;BESERLER;YILDIRIM;HAVUTCU;BEKTAS;TUNA;BAYA;DURSUN;MANSIZ
Rizespor vs. Besiktas - Sunday March 24 - 2002,Rizespor,hard,3-5-2,HAMIDOU;DIENG;ASIL;NAS;ALPUGAN;AVCI;KAZMAZ;NAMLI;OZDEMIR;TETTEH;OZER
Besiktas vs. Antalyaspor - Friday March 29 - 2002,Antalyaspor,hard,3-5-2,RICHARD KINGSON;SAATCIOGLU;GINCHEV;OZALP;YALCINKAYA;CIMSIR;KARAMAN;YASAN;GURSEL;AKYUZ;BIRLIK
Besiktas vs. Antalyaspor - Friday March 29 - 2002,Besiktas,easy,3-5-2,MYHRE;BOZKURT;RONALDO GUIARO;UZULMEZ;BESERLER;YILDIRIM;HAVUTCU;TUNA;BAYA;DURSUN;MANSIZ
Diyarbakirspor vs. Galatasaray - Saturday March 30 - 2002,Diyarbakirspor,hard,3-5-2,DIDA;KARAGOL;DEMIRHAN;ERDOGAN;KOCAK;DUMAN;YUCETAS;KOLGU;BOLUKBASI;ULUSAL;KONA
Diyarbakirspor vs. Galatasaray - Saturday March 30 - 2002,Galatasaray,easy,4-4-2,MONDRAGON;ASIK;KORKMAZ;VICTORIA;CAPONE;BATISTA;FLEURQUIN;KAYA;SAS;ERDEM;KARAN
Gaziantepspor vs. Ankaragucu - Saturday March 30 - 2002,Ankaragucu,hard,3-5-2,OZGULTEKIN;BARIS;DURSUN;OZSARAC;TURKMEHMET;GUNEY;OZLEM;YILDIRIM;AHINFUL;KELES;KENNEDY
Gaziantepspor vs. Ankaragucu - Saturday March 30 - 2002,Gaziantepspor,hard,3-5-2,CATKIC;YURT;TORAMAN;PEREIRA;ANDRE SANTOS;GUNES;MARANGOZ;KOPRULU;ROMASHCHENKO;JULIO CESAR;TEKKE
Istanbulspor vs. Kocaelispor - Saturday March 30 - 2002,Istanbulspor,hard,3-5-2,ZDRAVKOV;GUR;HUSEYINOGLU;PETKOV;ANDRE BORGES;SAHIN;KOCABAL;ERDOGAN;YOZGATLI;YANIK;ZUBANOVIC
Istanbulspor vs. Kocaelispor - Saturday March 30 - 2002,Kocaelispor,hard,3-5-2,SAHIN;AK;COLAK;HASPOLATLI;VERGUL;SARMAN;ABDELAZIZ;OZTONGA;DABROWSKI;ALEKSANDROV;LAZAROV
Trabzonspor vs. Rizespor - Saturday March 30 - 2002,Rizespor,hard,3-5-2,YIGITER;DIENG;ASIL;NAS;ALPUGAN;AVCI;NAMLI;KAZMAZ;OZDEMIR;TETTEH;OZER
Trabzonspor vs. Rizespor - Saturday March 30 - 2002,Trabzonspor,easy,3-5-2,AKTAS;BECEREN;DUYMUS;OZKOYLU;MEHMET AURELIO;UCUNCU;KAHRAMAN;SOMERS;BIULA;KARADENIZ;MANDIRALI
Bursaspor vs. Denizlispor - Sunday March 31 - 2002,Bursaspor,hard,4-4-2,KELEMEN;KILIC;BOUAZIZI;ER;DEMIR;ATALAY;SEN;ALKAN;YESIL;HACIOGLU;YILMAZ
Bursaspor vs. Denizlispor - Sunday March 31 - 2002,Denizlispor,hard,3-5-2,KUCUK;AKICI;CIMEN;SERT;TANDOGAN;BOYRAZ;KARTOP;BAYAZIT;KAHRAMAN;BIRDAL;CIHAN
Genclerbirligi vs. Fenerbahce - Sunday March 31 - 2002,Fenerbahce,easy,4-4-2,RECBER;DOGAN;TEMIZKANOGLU;OZAT;AKYEL;BAYRAKTAR;JOHNSON;ERCAN;REVIVO;AKIN;ANDERSSON
Genclerbirligi vs. Fenerbahce - Sunday March 31 - 2002,Genclerbirligi,hard,4-4-2,NYS;DOGANTEZ;EL SAKA;GULDUREN;TOPRAKTEPE;BASTURK;AHMED HASSAN;MBAYO;KOC;AYDIN;YOULA
Goztepe vs. Malatyaspor - Sunday March 31 - 2002,Goztepe,hard,3-5-2,MAJDAN;ARAYICI;BOZACI;CETIN;AKINCI;ONUR;OZTURK;YUNGUL;MKHALELE;MARTIN;OZKAN
Goztepe vs. Malatyaspor - Sunday March 31 - 2002,Malatyaspor,hard,3-5-2,ABAZI;MILOSEVSKI;KOC;KORKMAZ;SEYHAN;YILDIRIMKAYA;AKSOY;DEMIRCI;SAKIRI;TURHAN;ULUSOY
Samsunspor vs. Yimpas Yozgatspor - Sunday March 31 - 2002,Samsunspor,hard,3-5-2,BOUKAR;KOLOGLU;ULUN;HOCAOGLU;YELEK;GUNGOR;SAGIR;DOKME;SOUZA;YILMAZ;SAGLAM
Samsunspor vs. Yimpas Yozgatspor - Sunday March 31 - 2002,Yimpas Yozgatspor,hard,3-5-2,DIALLO;OZER;ARSLAN;OZER;KARACA;HINCAL;SANCARBARLAS;HAMZAOGLU;SIMSEK;SUMIALA;PREKO
Trabzonspor vs. Galatasaray - Wednesday April 3 - 2002,Galatasaray,easy,4-4-2,MONDRAGON;ASIK;KORKMAZ;VICTORIA;PENBE;CAPONE;KAYA;BATISTA;SAS;ERDEM;KARAN
Trabzonspor vs. Galatasaray - Wednesday April 3 - 2002,Trabzonspor,easy,4-2-3-1,AKTAS;OZKOYLU;DUYMUS;BECEREN;MEHMET AURELIO;UCUNCU;KAHRAMAN;SOMERS;BIULA;KARADENIZ;MANDIRALI
Fenerbahce vs. Goztepe - Friday April 5 - 2002,Fenerbahce,easy,3-4-3,DAGLAROGLU;TEMIZKANOGLU;OZAT;AKYEL;MIRKOVIC;BAYRAKTAR;JOHNSON;ERCAN;REVIVO;AKIN;ANDERSSON
Fenerbahce vs. Goztepe - Friday April 5 - 2002,Goztepe,hard,3-5-2,MAJDAN;BOZACI;CETIN;GUSAR;AKINCI;SOZERI;ONUR;YUNGUL;MKHALELE;MARTIN;OZKAN
Denizlispor vs. Diyarbakirspor - Saturday April 6 - 2002,Denizlispor,hard,3-5-2,KUCUK;AKICI;CIMEN;TANDOGAN;BOYRAZ;KARTOP;ERTUGRUL;BAYAZIT;KAHRAMAN;BIRDAL;CIHAN
Denizlispor vs. Diyarbakirspor - Saturday April 6 - 2002,Diyarbakirspor,hard,4-4-2,DIDA;KARAGOL;DEMIRHAN;ERDOGAN;KOCAK;DUMAN;BOLUKBASI;KOLGU;YUCETAS;KONA;ULUSAL
Genclerbirligi vs. Gaziantepspor - Saturday April 6 - 2002,Gaziantepspor,hard,3-5-2,CATKIC;POLAT;TORAMAN;YURT;ANDRE SANTOS;GUNES;ASLAN;MARANGOZ;KOPRULU;ROMASHCHENKO;TEKKE
Genclerbirligi vs. Gaziantepspor - Saturday April 6 - 2002,Genclerbirligi,hard,4-4-2,NYS;TOPRAKTEPE;GULDUREN;EL SAKA;DOGANTEZ;BASTURK;TATLI;AHMED HASSAN;MBAYO;KOC;YOULA
Rizespor vs. Bursaspor - Saturday April 6 - 2002,Bursaspor,hard,4-4-2,KELEMEN;OZBEY;DAMLA;KILIC;BOUAZIZI;ER;SEVEN;SEN;ATALAY;TELLE;YILMAZ
Rizespor vs. Bursaspor - Saturday April 6 - 2002,Rizespor,hard,3-5-2,YIGITER;DIENG;ASIL;NAS;ALPUGAN;AVCI;ALNOUDJI;NAMLI;OZDEMIR;TETTEH;OZER
Antalyaspor vs. Trabzonspor - Sunday April 7 - 2002,Antalyaspor,hard,4-4-2,RICHARD KINGSON;SAATCIOGLU;GINCHEV;KAMBUROGLU;YAVAS;YALCINKAYA;CIMSIR;BULUT;GURSEL;AKYUZ;BIRLIK
Antalyaspor vs. Trabzonspor - Sunday April 7 - 2002,Trabzonspor,easy,3-5-2,AKTAS;GUVEN;OZTURK;UCUNCU;MEHMET AURELIO;KAHRAMAN;SOMERS;BIULA;KARADENIZ;DEMIRAY;MANDIRALI
Kocaelispor vs. Ankaragucu - Sunday April 7 - 2002,Ankaragucu,hard,3-5-2,DA SILVA;KUTLU;BARIS;DURSUN;OZSARAC;GUNEY;TASDEMIR;OZLEM;NAMDAR;AHINFUL;KELES
Kocaelispor vs. Ankaragucu - Sunday April 7 - 2002,Kocaelispor,hard,3-5-2,SAHIN;COLAK;ARSLANER;BARIS;ABDELAZIZ;VERGUL;SARMAN;OZTONGA;DABROWSKI;ALEKSANDROV;LAZAROV
Malatyaspor vs. Besiktas - Sunday April 7 - 2002,Besiktas,easy,3-5-2,MYHRE;RONALDO GUIARO;GURACAR;BESERLER;KHLESTOV;HAVUTCU;YILDIRIM;METIN;BAYA;DURSUN;STAVRUM
Malatyaspor vs. Besiktas - Sunday April 7 - 2002,Malatyaspor,hard,4-4-2,ABAZI;MILOSEVSKI;KORKMAZ;SEYHAN;SAHIN;YILDIRIMKAYA;DEMIRCI;SAKIRI;YAVAS;TURHAN;ULUSOY
Samsunspor vs. Galatasaray - Sunday April 7 - 2002,Galatasaray,easy,4-4-2,MONDRAGON;ASIK;KORKMAZ;VICTORIA;PENBE;CAPONE;KAYA;BATISTA;SAS;ERDEM;KARAN
Samsunspor vs. Galatasaray - Sunday April 7 - 2002,Samsunspor,hard,3-5-2,BOUKAR;KOLOGLU;KARABABA;ULUN;GUNGOR;NAS;BASTAN;DOKME;SAGIR;SOUZA;YILMAZ
Yimpas Yozgatspor vs. Istanbulspor - Sunday April 7 - 2002,Istanbulspor,hard,4-4-2,ZDRAVKOV;AKBAS;HUSEYINOGLU;PETKOV;SAIDOU;SAHIN;ERDOGAN;ONATLI;YOZGATLI;YANIK;ZUBANOVIC
Yimpas Yozgatspor vs. Istanbulspor - Sunday April 7 - 2002,Yimpas Yozgatspor,hard,3-5-2,DIALLO;ARSLAN;OZER;OZER;KARACA;SANCARBARLAS;HINCAL;HAMZAOGLU;SIMSEK;PREKO;SUMIALA
Trabzonspor vs. Malatyaspor - Friday April 12 - 2002,Malatyaspor,hard,4-4-2,MILOSEVSKI;KOC;KORKMAZ;SEYHAN;SAHIN;AKSOY;BENSOL;SAKIRI;TURHAN;YAVAS;ULUSOY
Trabzonspor vs. Malatyaspor - Friday April 12 - 2002,Trabzonspor,easy,3-5-2,ATAMAN;DUYMUS;MARKOV;OZTURK;VILLARS;MEHMET AURELIO;SOMERS;BIULA;OZGUR;KARADENIZ;MANDIRALI
Ankaragucu vs. Yimpas Yozgatspor - Saturday April 13 - 2002,Ankaragucu,hard,3-5-2,DA SILVA;KUTLU;BARIS;DURSUN;OZSARAC;GUNEY;TASDEMIR;OZLEM;NAMDAR;AHINFUL;KELES
Ankaragucu vs. Yimpas Yozgatspor - Saturday April 13 - 2002,Yimpas Yozgatspor,hard,3-5-2,DIALLO;ARSLAN;OZER;OZER;SANCARBARLAS;HINCAL;HAMZAOGLU;SIMSEK;KARAKAYIS;PREKO;SUMIALA
Goztepe vs. Genclerbirligi - Saturday April 13 - 2002,Genclerbirligi,hard,3-5-2,NYS;DOGANTEZ;EL SAKA;GULDUREN;TOPRAKTEPE;DAEMS;BASTURK;AHMED HASSAN;KOC;AYDIN;YOULA
Goztepe vs. Genclerbirligi - Saturday April 13 - 2002,Goztepe,hard,3-5-2,MAJDAN;ARAYICI;CETIN;AKINCI;ONUR;OZTURK;YUNGUL;UYSAL;MKHALELE;BIRYOL;OZKAN
Istanbulspor vs. Galatasaray - Saturday April 13 - 2002,Galatasaray,easy,4-4-2,MONDRAGON;INCEEFE;KORKMAZ;PENBE;VICTORIA;PEREZ;BATISTA;FLEURQUIN;SAS;ERDEM;KARAN
Istanbulspor vs. Galatasaray - Saturday April 13 - 2002,Istanbulspor,hard,4-4-2,ZDRAVKOV;AKBAS;PETKOV;ANDRE BORGES;SAHIN;SAIDOU;KOCABAL;ONATLI;ERDOGAN;ISLER;YANIK
Samsunspor vs. Denizlispor - Saturday April 13 - 2002,Denizlispor,hard,3-5-2,KUCUK;AKICI;TANDOGAN;BOYRAZ;ZAJAC;KARTOP;ERTUGRUL;BAYAZIT;KAHRAMAN;BIRDAL;CIHAN
Samsunspor vs. Denizlispor - Saturday April 13 - 2002,Samsunspor,hard,3-5-2,BOUKAR;KOLOGLU;YELEK;CAN;GUNGOR;NAS;KORKMAZ;DOKME;SAGIR;SAGLAM;YILMAZ
Besiktas vs. Fenerbahce - Sunday April 14 - 2002,Besiktas,easy,4-4-2,MYHRE;RONALDO GUIARO;UZULMEZ;KHLESTOV;BESERLER;HAVUTCU;YILDIRIM;BAYA;METIN;DURSUN;MANSIZ
Besiktas vs. Fenerbahce - Sunday April 14 - 2002,Fenerbahce,easy,4-2-3-1,DAGLAROGLU;DOGAN;TEMIZKANOGLU;OZAT;MIRKOVIC;BAYRAKTAR;JOHNSON;GUNES;ERIS;REVIVO;AKIN
Bursaspor vs. Antalyaspor - Sunday April 14 - 2002,Antalyaspor,hard,3-5-2,RICHARD KINGSON;SAATCIOGLU;YAVAS;GINCHEV;YALCINKAYA;CIMSIR;KARAMAN;GURSEL;BULUT;BIRLIK;AKYUZ
Bursaspor vs. Antalyaspor - Sunday April 14 - 2002,Bursaspor,hard,4-4-2,KELEMEN;KILIC;BOUAZIZI;ER;SEVEN;SEN;MOSHOEU;YESIL;HACIOGLU;YILMAZ;KUCUKVARDAR
Diyarbakirspor vs. Rizespor - Sunday April 14 - 2002,Diyarbakirspor,hard,4-4-2,DIDA;KARAGOL;ZAFER;ERDOGAN;KOCAK;DUMAN;KOLGU;YUCETAS;ALACAYIR;KONA;ULUSAL
Diyarbakirspor vs. Rizespor - Sunday April 14 - 2002,Rizespor,hard,4-4-2,YIGITER;DERELI;DIENG;BILGE;ASIL;ALPUGAN;ASKAROGLU;KAZMAZ;NAMLI;OZDEMIR;TETTEH
Gaziantepspor vs. Kocaelispor - Sunday April 14 - 2002,Gaziantepspor,hard,3-5-2,CATKIC;POLAT;TORAMAN;YURT;ANDRE SANTOS;ASLAN;MARANGOZ;KOPRULU;ROMASHCHENKO;JULIO CESAR;TEKKE
Gaziantepspor vs. Kocaelispor - Sunday April 14 - 2002,Kocaelispor,hard,3-5-2,SAHIN;COLAK;ARSLANER;ABDELAZIZ;HASPOLATLI;SARMAN;VERGUL;OZTONGA;DABROWSKI;ALEKSANDROV;LAZAROV
Genclerbirligi vs. Besiktas - Saturday April 20 - 2002,Besiktas,easy,3-5-2,ASPER;BOZKURT;RONALDO GUIARO;GURACAR;UZULMEZ;YILDIRIM;HAVUTCU;TUNA;METIN;BAYA;ESER
Genclerbirligi vs. Besiktas - Saturday April 20 - 2002,Genclerbirligi,hard,3-5-2,SONMEZ;EL SAKA;GULDUREN;SUMER;DAEMS;ZDEBEL;BASTURK;AHMED HASSAN;KOC;AYDIN;YOULA
Antalyaspor vs. Diyarbakirspor - Sunday April 21 - 2002,Antalyaspor,hard,3-5-2,RICHARD KINGSON;SAATCIOGLU;GINCHEV;YAVAS;YALCINKAYA;CIMSIR;KARAMAN;BULUT;GURSEL;AKYUZ;BIRLIK
Antalyaspor vs. Diyarbakirspor - Sunday April 21 - 2002,Diyarbakirspor,hard,3-5-2,DIDA;KARAGOL;ZAFER;MOURA;KOCAK;DUMAN;BOLUKBASI;YUCETAS;KOLGU;BEYAZ;ULUSAL
Denizlispor vs. Istanbulspor - Sunday April 21 - 2002,Denizlispor,hard,3-5-2,SOULAMA;AKICI;CIMEN;HELIN;TANDOGAN;ZAJAC;KARTOP;BAYAZIT;KAHRAMAN;BIRDAL;CIHAN
Denizlispor vs. Istanbulspor - Sunday April 21 - 2002,Istanbulspor,hard,3-5-2,GUNGOR;AKBAS;HUSEYINOGLU;ANDRE BORGES;BURUK;SAIDOU;SAHIN;ERDOGAN;UCUNCU;ISLER;ZUBANOVIC
Fenerbahce vs. Trabzonspor - Sunday April 21 - 2002,Fenerbahce,easy,3-5-2,DAGLAROGLU;TEMIZKANOGLU;AKYEL;MIRKOVIC;BAYRAKTAR;JOHNSON;GUNES;REVIVO;SIMSEK;AKIN;ANDERSSON
Fenerbahce vs. Trabzonspor - Sunday April 21 - 2002,Trabzonspor,easy,3-5-2,ATAMAN;DUYMUS;KOLOMOC;GUVEN;OZTURK;MEHMET AURELIO;UCUNCU;SOMERS;OZGUR;BIULA;KARADENIZ
Galatasaray vs. Ankaragucu - Sunday April 21 - 2002,Ankaragucu,hard,4-2-3-1,OZGULTEKIN;KUTLU;OZSARAC;DURSUN;BARIS;GUNEY;TASDEMIR;OZLEM;NAMDAR;AHINFUL;KELES
Galatasaray vs. Ankaragucu - Sunday April 21 - 2002,Galatasaray,easy,4-4-2,MONDRAGON;ASIK;KORKMAZ;VICTORIA;PENBE;PEREZ;BATISTA;AKMAN;SAS;ERDEM;KARAN
Gaziantepspor vs. Goztepe - Sunday April 21 - 2002,Gaziantepspor,hard,3-5-2,CATKIC;TORAMAN;ANDRE SANTOS;EREN;GUNES;MARANGOZ;ASLAN;KOPRULU;ROMASHCHENKO;JULIO CESAR;VIOLA
Gaziantepspor vs. Goztepe - Sunday April 21 - 2002,Goztepe,hard,3-5-2,MAJDAN;CETIN;AKINCI;KOK;SOZERI;ONUR;OZTURK;YUNGUL;MKHALELE;MARTIN;OZKAN
Kocaelispor vs. Yimpas Yozgatspor - Sunday April 21 - 2002,Kocaelispor,hard,4-4-2,SAHIN;COLAK;ARSLANER;HASPOLATLI;VERGUL;SARMAN;OZTONGA;ALEKSANDROV;LAZAROV;TOPRAKTEPE;AYEW
Kocaelispor vs. Yimpas Yozgatspor - Sunday April 21 - 2002,Yimpas Yozgatspor,hard,3-5-2,DIALLO;ARSLAN;OZER;OZER;SANCARBARLAS;HINCAL;HAMZAOGLU;SIMSEK;KARAKAYIS;SUMIALA;PREKO
Malatyaspor vs. Bursaspor - Sunday April 21 - 2002,Bursaspor,hard,3-5-2,KELEMEN;OZBEY;DAMLA;KILIC;ER;VAR;MOSHOEU;YESIL;SEN;ATALAY;YILMAZ
Malatyaspor vs. Bursaspor - Sunday April 21 - 2002,Malatyaspor,hard,3-5-2,MILOSEVSKI;KOC;KORKMAZ;SEYHAN;SAHIN;AKSOY;DEMIRCI;TURHAN;YAVAS;ULUSOY;ZE CARLOS
Samsunspor vs. Rizespor - Sunday April 21 - 2002,Rizespor,hard,3-5-2,YIGITER;DERELI;BILGE;ASIL;ALPUGAN;AVCI;NAMLI;KAZMAZ;OZDEMIR;TETTEH;OZER
Samsunspor vs. Rizespor - Sunday April 21 - 2002,Samsunspor,hard,3-5-2,GENCER;HOCAOGLU;KARABABA;ULUN;YELEK;GUNGOR;NAS;DOKME;DURO;SAGLAM;YILMAZ
Ankaragucu vs. Denizlispor - Saturday April 27 - 2002,Ankaragucu,hard,3-5-2,OZGULTEKIN;KUTLU;BARIS;OZSARAC;TURKMEHMET;GUNEY;TASDEMIR;OZLEM;AHINFUL;KELES;KENNEDY
Ankaragucu vs. Denizlispor - Saturday April 27 - 2002,Denizlispor,hard,3-5-2,SOULAMA;AKICI;CIMEN;HIETANEN;HELIN;TANDOGAN;ERTUGRUL;KARTOP;ZAJAC;BAYAZIT;CIHAN
Besiktas vs. Goztepe - Saturday April 27 - 2002,Besiktas,easy,3-5-2,ASPER;BOZKURT;GURACAR;UZULMEZ;BESERLER;YILDIRIM;HAVUTCU;TUNA;METIN;DURSUN;STAVRUM
Besiktas vs. Goztepe - Saturday April 27 - 2002,Goztepe,hard,4-5-1,MAJDAN;ARAYICI;CETIN;GUSAR;AKINCI;ONUR;YUNGUL;BAKI;UYSAL;MKHALELE;OZKAN
Diyarbakirspor vs. Malatyaspor - Saturday April 27 - 2002,Diyarbakirspor,hard,3-5-2,DIDA;KARAGOL;ZAFER;ERDOGAN;MOURA;KOCAK;DUMAN;BOLUKBASI;KOLGU;KONA;ULUSAL
Diyarbakirspor vs. Malatyaspor - Saturday April 27 - 2002,Malatyaspor,hard,3-5-2,ABAZI;MILOSEVSKI;KOC;KORKMAZ;SEYHAN;SAHIN;BENSOL;DEMIRCI;SAKIRI;TURHAN;ULUSOY
Istanbulspor vs. Rizespor - Saturday April 27 - 2002,Istanbulspor,hard,3-5-2,GUNGOR;AKBAS;HUSEYINOGLU;PETKOV;ANDRE BORGES;BURUK;SAIDOU;SAHIN;ERDOGAN;UCUNCU;ISLER
Istanbulspor vs. Rizespor - Saturday April 27 - 2002,Rizespor,hard,3-5-2,YIGITER;DERELI;KURKCU;ASIL;NAS;ALPUGAN;NAMLI;KAZMAZ;OZDEMIR;TETTEH;OZTURK
Samsunspor vs. Antalyaspor - Saturday April 27 - 2002,Antalyaspor,hard,3-5-2,RICHARD KINGSON;SAATCIOGLU;YAVAS;GINCHEV;OZALP;YALCINKAYA;CIMSIR;KARAMAN;GURSEL;AKYUZ;BIRLIK
Samsunspor vs. Antalyaspor - Saturday April 27 - 2002,Samsunspor,hard,3-5-2,GENCER;KOLOGLU;KARABABA;ULUN;YELEK;GUNGOR;NAS;DOKME;SAGIR;SAGLAM;YILMAZ
Trabzonspor vs. Genclerbirligi - Saturday April 27 - 2002,Genclerbirligi,hard,3-5-2,SONMEZ;DOGANTEZ;EL SAKA;TOPRAKTEPE;DAEMS;ZDEBEL;BASTURK;AHMED HASSAN;KOC;AYDIN;YOULA
Trabzonspor vs. Genclerbirligi - Saturday April 27 - 2002,Trabzonspor,easy,4-4-2,ATAMAN;DUYMUS;MARKOV;OZKOYLU;OZTURK;MEHMET AURELIO;UCUNCU;OZGUR;BIULA;KARADENIZ;MANDIRALI
Yimpas Yozgatspor vs. Gaziantepspor - Saturday April 27 - 2002,Gaziantepspor,hard,3-5-2,CATKIC;TORAMAN;ANDRE SANTOS;EREN;GUNES;MARANGOZ;ASLAN;KOPRULU;ROMASHCHENKO;JULIO CESAR;VIOLA
Yimpas Yozgatspor vs. Gaziantepspor - Saturday April 27 - 2002,Yimpas Yozgatspor,hard,3-5-2,DIALLO;BAYER;OZER;OZER;KARACA;KOC;OZBAY;HINCAL;KARAKAYIS;PREKO;SAKYI
Bursaspor vs. Fenerbahce - Sunday April 28 - 2002,Bursaspor,hard,4-4-2,KELEMEN;OZBEY;DAMLA;KILIC;BOUAZIZI;ER;MOSHOEU;YESIL;SEN;ATALAY;YILMAZ
Bursaspor vs. Fenerbahce - Sunday April 28 - 2002,Fenerbahce,easy,3-5-2,RECBER;TEMIZKANOGLU;OZAT;AKYEL;MIRKOVIC;BAYRAKTAR;JOHNSON;GUNES;ERIS;REVIVO;AKIN
Kocaelispor vs. Galatasaray - Sunday April 28 - 2002,Galatasaray,easy,4-4-2,MONDRAGON;ASIK;INCEEFE;VICTORIA;PENBE;PEREZ;BATISTA;AKMAN;SAS;ERDEM;KARAN
Kocaelispor vs. Galatasaray - Sunday April 28 - 2002,Kocaelispor,hard,4-2-3-1,SAHIN;COLAK;ARSLANER;SARMAN;ABDELAZIZ;HASPOLATLI;VERGUL;OZTONGA;ALEKSANDROV;LAZAROV;TOPRAKTEPE
Goztepe vs. Trabzonspor - Friday May 3 - 2002,Goztepe,hard,3-5-2,KORK;ARAYICI;BOZACI;CETIN;COLGECEN;AKINCI;YUNGUL;BAKI;UYSAL;MKHALELE;OZKAN
Goztepe vs. Trabzonspor - Friday May 3 - 2002,Trabzonspor,easy,3-5-2,ATAMAN;KOLOMOC;MARKOV;OZKOYLU;OZTURK;MEHMET AURELIO;UCUNCU;BIULA;OZGUR;KARADENIZ;BUSHI
Antalyaspor vs. Istanbulspor - Saturday May 4 - 2002,Antalyaspor,hard,3-5-2,ISAAC;UCAN;SAATCIOGLU;KAMBUROGLU;OZALP;YALCINKAYA;CIMSIR;KARAMAN;ONCAN;GURSEL;OZDEMIR
Antalyaspor vs. Istanbulspor - Saturday May 4 - 2002,Istanbulspor,hard,3-5-2,GUNGOR;AYHAN;HUSEYINOGLU;PETKOV;ANDRE BORGES;BURUK;SAHIN;ERDOGAN;ONATLI;YANIK;ISLER
Denizlispor vs. Kocaelispor - Saturday May 4 - 2002,Denizlispor,hard,4-4-2,SOULAMA;CIMEN;HELIN;TANDOGAN;ZAJAC;KARTOP;ERTUGRUL;BAYAZIT;KAHRAMAN;BIRDAL;CIHAN
Denizlispor vs. Kocaelispor - Saturday May 4 - 2002,Kocaelispor,hard,3-5-2,SAHIN;COLAK;YIGIT;BARIS;ARSLANER;ABDELAZIZ;HASPOLATLI;SARMAN;VERGUL;OZTONGA;TOPRAKTEPE
Fenerbahce vs. Diyarbakirspor - Saturday May 4 - 2002,Diyarbakirspor,hard,4-4-2,KARAGOL;ZAFER;ERDOGAN;MOURA;KOCAK;DUMAN;BOLUKBASI;YUCETAS;KOLGU;KONA;ULUSAL
Fenerbahce vs. Diyarbakirspor - Saturday May 4 - 2002,Fenerbahce,easy,3-5-2,RECBER;TEMIZKANOGLU;OZAT;AKYEL;MIRKOVIC;BAYRAKTAR;JOHNSON;GUNES;ERIS;REVIVO;AKIN
Galatasaray vs. Yimpas Yozgatspor - Saturday May 4 - 2002,Galatasaray,easy,4-4-2,MONDRAGON;ASIK;KORKMAZ;VICTORIA;PENBE;PEREZ;KAYA;AKMAN;ERDEM;GOKTAN;NICULESCU
Galatasaray vs. Yimpas Yozgatspor - Saturday May 4 - 2002,Yimpas Yozgatspor,hard,4-4-2,TOKGOZ;OZER;ARSLAN;OZER;SANCARBARLAS;OZBAY;HAMZAOGLU;SIMSEK;KARAKAYIS;PREKO;SUMIALA
Gaziantepspor vs. Besiktas - Saturday May 4 - 2002,Besiktas,easy,3-5-2,ASPER;BOZKURT;GURACAR;UZULMEZ;BESERLER;YILDIRIM;HAVUTCU;BEKTAS;TUNA;METIN;MANSIZ
Gaziantepspor vs. Besiktas - Saturday May 4 - 2002,Gaziantepspor,hard,4-4-2,CATKIC;TORAMAN;EREN;ANDRE SANTOS;GUNES;ASLAN;MARANGOZ;KOPRULU;ROMASHCHENKO;JULIO CESAR;VIOLA
Genclerbirligi vs. Bursaspor - Saturday May 4 - 2002,Bursaspor,hard,3-5-2,KELEMEN;OZBEY;DAMLA;BOUAZIZI;ER;VAR;MOSHOEU;ATALAY;HACIOGLU;TELLE;YILMAZ
Genclerbirligi vs. Bursaspor - Saturday May 4 - 2002,Genclerbirligi,hard,3-5-2,NYS;DOGANTEZ;EL SAKA;SUMER;TOPRAKTEPE;ZDEBEL;TATLI;AHMED HASSAN;MBAYO;KOC;AYDIN
Rizespor vs. Ankaragucu - Saturday May 4 - 2002,Ankaragucu,hard,3-5-2,OZGULTEKIN;KUTLU;OZSARAC;DURSUN;BARIS;TURKMEHMET;GUNEY;TASDEMIR;OZLEM;KARTAL;KELES
Rizespor vs. Ankaragucu - Saturday May 4 - 2002,Rizespor,hard,3-5-2,YIGITER;DIENG;KURKCU;ASIL;AZER;ALPUGAN;NAMLI;KAZMAZ;OZDEMIR;TETTEH;OZER
Samsunspor vs. Malatyaspor - Saturday May 4 - 2002,Malatyaspor,hard,3-3-3-1,ABAZI;MILOSEVSKI;KOC;KORKMAZ;SEYHAN;SAHIN;BENSOL;DEMIRCI;SAKIRI;TURHAN;ULUSOY
Samsunspor vs. Malatyaspor - Saturday May 4 - 2002,Samsunspor,hard,3-5-2,GENCER;KOLOGLU;HOCAOGLU;KARABABA;ULUN;GUNGOR;NAS;DOKME;SAGIR;SAGLAM;YILMAZ
