game,team,difficulty,formation,lineup
Trabzonspor vs. Fenerbahce - Friday August 9 - 2002,Fenerbahce,easy,3-5-2,RECBER;AKYEL;OZAT;MIRKOVIC;ERCAN;JOHNSON;ORTEGA;TEMIZKANOGLU;AKIN;WASHINGTON;REVIVO
Trabzonspor vs. Fenerbahce - Friday August 9 - 2002,Trabzonspor,easy,4-4-2,PETKOVIC;KAHRAMAN;GURACAR;OZSOY;YALCINKAYA;KARADENIZ;MEHMET AURELIO;DAS;UCUNCU;YILMAZ;BUSHI
Ankaragucu vs. Malatyaspor - Saturday August 10 - 2002,Ankaragucu,hard,3-5-2,OZGULTEKIN;BARIS;KUTLU;OZSARAC;TURKMEHMET;OZLEM;NAMDAR;TASDEMIR;CARABAS;KELES;KARTAL
Ankaragucu vs. Malatyaspor - Saturday August 10 - 2002,Malatyaspor,hard,4-4-2,MILOSEVSKI;BENSOL;KORKMAZ;ONUR;MACABA;BAYAZIT;OZER;ABDELAZIZ;SEYHAN;YAVAS;ESER
Bursaspor vs. Besiktas - Saturday August 10 - 2002,Besiktas,easy,4-4-2,CORDOBA;UZULMEZ;DOGANTEZ;RONALDO GUIARO;BESERLER;BEKTAS;SULUN;HAVUTCU;GUNEY;PANCU;METIN
Bursaspor vs. Besiktas - Saturday August 10 - 2002,Bursaspor,hard,4-4-2,KELEMEN;UYSAL;BULAT;KILIC;OZBEY;SEN;JUNIOR;FRANJA;VARESANOVIC;SOZKESEN;YILMAZ
Diyarbakirspor vs. Altay Sk - Saturday August 10 - 2002,Altay Sk,hard,3-5-2,DAGDELEN;ATAN;ZENGIN;CAGIRAN;KARAKOC;VURUR;VIDUSLU;KOC;GULTEKIN;OZTURK;KALOGLU
Diyarbakirspor vs. Altay Sk - Saturday August 10 - 2002,Diyarbakirspor,hard,4-4-2,KARAGOL;CAKIR;SAATCIOGLU;ERDOGAN;HINCAL;KOCAK;KOLGU;SAMATYALI;DUMAN;AKYUZ;HACIOGLU
Istanbulspor vs. Adanaspor - Saturday August 10 - 2002,Adanaspor,hard,4-4-2,SAHIN;EMILOV;HONCA;TIMKO;OZATAK;OZTURK;PACHOLA;DALCICEK;YAVUZ;BALKAYA;ATES
Istanbulspor vs. Adanaspor - Saturday August 10 - 2002,Istanbulspor,hard,3-5-2,BOUKAR;AKBAS;OKECHUKWU;ANDRE BORGES;PETKOV;SAIDOU;BAYAR;SAHIN;KUS;YOZGATLI;ISLER
Galatasaray vs. Samsunspor - Sunday August 11 - 2002,Galatasaray,easy,4-4-2,MONDRAGON;PENBE;INCEEFE;SARR;DAVALA;SAS;BATISTA;LOUREIRO;GOKTAN;KARAN;ERDEM
Galatasaray vs. Samsunspor - Sunday August 11 - 2002,Samsunspor,hard,5-3-2,SHORUNMU;ULUN;YELEK;JOVANOSKI;KOLOGLU;GUNGOR;KORKMAZ;AYDIN;SAGIR;SAGLAM;ERTAN
Gaziantepspor vs. Denizlispor - Sunday August 11 - 2002,Denizlispor,hard,3-5-2,KUCUK;CIMEN;CETIN;KRATOCHVIL;HIETANEN;ERTUGRUL;KAHRAMAN;BOYRAZ;TANDOGAN;MARTIN;OZKAN
Gaziantepspor vs. Denizlispor - Sunday August 11 - 2002,Gaziantepspor,hard,3-5-2,CATKIC;TORAMAN;BOUAZIZI;BOLUKBASI;BEKIROGLU;MARANGOZ;PREKO;ASLAN;OZKAN;VIOLA;TEKKE
Goztepe vs. Elazigspor - Sunday August 11 - 2002,Elazigspor,hard,3-5-2,RICHARD KINGSON;BECEREN;MIRKOVIC;TURGUT;SARI;JARRO;NAMLI;KURNAZ;CAKMAK;MESZAROS;YANIK
Goztepe vs. Elazigspor - Sunday August 11 - 2002,Goztepe,hard,3-5-2,ATAMAN;BEDIR;BOZACI;YAVAS;KOCABICAK;DEMIRCIOGLU;BAKI;YUNGUL;AKINCI;OUEJDIDE;AGACE
Kocaelispor vs. Genclerbirligi - Sunday August 11 - 2002,Genclerbirligi,hard,3-5-2,TOKGOZ;BARIS;BOZKURT;EL SAKA;GURSEL;AHMED HASSAN;ZDEBEL;MBAYO;KOC;CIHAN;DAEMS
Kocaelispor vs. Genclerbirligi - Sunday August 11 - 2002,Kocaelispor,hard,3-5-2,SAHIN;COLAK;BLATSIS;SARMAN;BILGEN;VERGUL;ARSLAN;OZTONGA;EREN;ALEKSANDROV;BORAL
Denizlispor vs. Galatasaray - Friday August 16 - 2002,Denizlispor,hard,5-3-2,KUCUK;HIETANEN;CIMEN;CETIN;KRATOCHVIL;TANDOGAN;ERTUGRUL;KAHRAMAN;BOYRAZ;MARTIN;OZKAN
Denizlispor vs. Galatasaray - Friday August 16 - 2002,Galatasaray,easy,4-2-3-1,MONDRAGON;PENBE;INCEEFE;SARR;DAVALA;BATISTA;GOKTAN;SAS;LOUREIRO;HASPOLATLI;KARAN
Besiktas vs. Kocaelispor - Saturday August 17 - 2002,Besiktas,easy,4-5-1,CORDOBA;UZULMEZ;RONALDO GUIARO;ZAGO;DOGANTEZ;METIN;AMARAL;YALCIN;HAVUTCU;TUNA;PANCU
Besiktas vs. Kocaelispor - Saturday August 17 - 2002,Kocaelispor,hard,4-5-1,SAHIN;COLAK;SARMAN;KARAKAYIS;EREN;BORAL;VERGUL;YASAN;ARSLAN;ARSLANER;ALEKSANDROV
Elazigspor vs. Trabzonspor - Saturday August 17 - 2002,Elazigspor,hard,3-5-2,USAK;BECEREN;TURGUT;MIRKOVIC;GENC;KURNAZ;NAMLI;HATIPOGLU;YESILMESE;MESZAROS;YANIK
Elazigspor vs. Trabzonspor - Saturday August 17 - 2002,Trabzonspor,easy,4-5-1,PETKOVIC;SUNGUR;GURACAR;OZSOY;YALCINKAYA;LEE;UCUNCU;KARADENIZ;MEHMET AURELIO;DAS;YILMAZ
Genclerbirligi vs. Istanbulspor - Saturday August 17 - 2002,Genclerbirligi,hard,4-4-2,TOKGOZ;DAEMS;EL SAKA;TOPRAKTEPE;BARIS;GURSEL;AHMED HASSAN;ZDEBEL;KOC;CIHAN;MBAYO
Genclerbirligi vs. Istanbulspor - Saturday August 17 - 2002,Istanbulspor,hard,4-4-2,BOUKAR;PETKOV;AKBAS;OKECHUKWU;HUSEYINOGLU;BAYAR;KOCABAL;SAHIN;SAIDOU;YOZGATLI;ISLER
Malatyaspor vs. Gaziantepspor - Saturday August 17 - 2002,Gaziantepspor,hard,3-5-2,CATKIC;AKICI;BOUAZIZI;TORAMAN;ROMASHCHENKO;KOPRULU;ASLAN;TEMEL;OZBAY;PREKO;TEKKE
Malatyaspor vs. Gaziantepspor - Saturday August 17 - 2002,Malatyaspor,hard,3-5-2,MILOSEVSKI;KORKMAZ;OZER;SEYHAN;BAYAZIT;ABDELAZIZ;YAVAS;ONUR;BENSOL;ULUSOY;ESER
Samsunspor vs. Bursaspor - Saturday August 17 - 2002,Bursaspor,hard,3-5-2,KELEMEN;BULAT;OZBEY;KILIC;DAMLA;JUNIOR;VARESANOVIC;SEVEN;SEN;SOZKESEN;YILMAZ
Samsunspor vs. Bursaspor - Saturday August 17 - 2002,Samsunspor,hard,3-5-2,SHORUNMU;YELEK;JOVANOSKI;OZKOYLU;ULUN;GUNGOR;AYDIN;NAS;KORKMAZ;ERTAN;ISMAILOGLU
Adanaspor vs. Diyarbakirspor - Sunday August 18 - 2002,Adanaspor,hard,3-5-2,SAHIN;TIMKO;HONCA;OZTURK;EMILOV;DALCICEK;PACHOLA;OZATAK;YAVUZ;BALKAYA;ATES
Adanaspor vs. Diyarbakirspor - Sunday August 18 - 2002,Diyarbakirspor,hard,3-5-2,KARAGOL;MOURA;SAATCIOGLU;DUMAN;KOCAK;BAHADIR;KOLGU;DIDA;YIGIT;RRAKLLI;AKYUZ
Altay Sk vs. Goztepe - Sunday August 18 - 2002,Altay Sk,hard,3-5-2,DAGDELEN;ATAN;ZENGIN;CAGIRAN;KARAKOC;OZTURK;VIDUSLU;KALOGLU;GULTEKIN;KUDAY;AKIN
Altay Sk vs. Goztepe - Sunday August 18 - 2002,Goztepe,hard,3-5-2,ATAMAN;BEDIR;BOZACI;YAVAS;DEMIRCIOGLU;BAKI;AGACE;YUNGUL;AKINCI;KALENGA;BIRYOL
Fenerbahce vs. Ankaragucu - Sunday August 18 - 2002,Ankaragucu,hard,3-5-2,OZGULTEKIN;BARIS;KUTLU;OZSARAC;DURSUN;TASDEMIR;OZLEM;BAIDOO;CARABAS;KELES;AHINFUL
Fenerbahce vs. Ankaragucu - Sunday August 18 - 2002,Fenerbahce,easy,3-4-3,RECBER;DOGAN;TEMIZKANOGLU;AKYEL;ERCAN;STEVIC;ORTEGA;JOHNSON;REVIVO;WASHINGTON;AKIN
Goztepe vs. Adanaspor - Saturday August 24 - 2002,Adanaspor,hard,4-4-2,SAHIN;UNAL;HONCA;OZTURK;TIMKO;YAVUZ;PACHOLA;DALCICEK;OZATAK;BALKAYA;ATES
Goztepe vs. Adanaspor - Saturday August 24 - 2002,Goztepe,hard,3-5-2,KORK;YAVAS;COLGECEN;KOK;KOCABICAK;BOZACI;AGACE;YUNGUL;AKINCI;DJEBAILI;BIRYOL
Istanbulspor vs. Besiktas - Saturday August 24 - 2002,Besiktas,easy,4-4-2,CORDOBA;UZULMEZ;RONALDO GUIARO;ZAGO;DOGANTEZ;YILDIRIM;AMARAL;YALCIN;GUNEY;DURSUN;PANCU
Istanbulspor vs. Besiktas - Saturday August 24 - 2002,Istanbulspor,hard,4-5-1,GUNGOR;PETKOV;AKBAS;OKECHUKWU;HUSEYINOGLU;BAYAR;SAIDOU;SAHIN;ONATLI;KOCABAL;ISLER
Kocaelispor vs. Samsunspor - Saturday August 24 - 2002,Kocaelispor,hard,4-4-2,SAHIN;COLAK;SARMAN;KARAKAYIS;ARSLANER;BORAL;ARSLAN;YASAN;EREN;ALEKSANDROV;LAZAROV
Kocaelispor vs. Samsunspor - Saturday August 24 - 2002,Samsunspor,hard,3-5-2,SHORUNMU;YELEK;JOVANOSKI;OZKOYLU;ULUN;NAS;SAGIR;GUNGOR;KORKMAZ;SAGLAM;AYDIN
Trabzonspor vs. Altay Sk - Saturday August 24 - 2002,Altay Sk,hard,5-3-2,DAGDELEN;KIRTOGLU;CAGIRAN;ATAN;ZENGIN;GULTEKIN;AKIN;VIDUSLU;KARAKOC;OZTURK;KUDAY
Trabzonspor vs. Altay Sk - Saturday August 24 - 2002,Trabzonspor,easy,3-5-2,PETKOVIC;OZSOY;GURACAR;CIMSIR;LEE;UCUNCU;KAHRAMAN;MEHMET AURELIO;KARADENIZ;YILMAZ;DAS
Ankaragucu vs. Elazigspor - Sunday August 25 - 2002,Ankaragucu,hard,3-5-2,OZGULTEKIN;BARIS;KUTLU;OZSARAC;DURSUN;OZLEM;TASDEMIR;BAIDOO;KELES;NICULESCU;AHINFUL
Ankaragucu vs. Elazigspor - Sunday August 25 - 2002,Elazigspor,hard,4-4-2,USAK;TURGUT;BECEREN;MIRKOVIC;YESILMESE;GENC;KURNAZ;NAMLI;HATIPOGLU;MESZAROS;YANIK
Denizlispor vs. Malatyaspor - Sunday August 25 - 2002,Denizlispor,hard,3-5-2,HEINEN;CIMEN;CETIN;KRATOCHVIL;KECELI;GULPINAR;KAHRAMAN;KARTOP;TANDOGAN;MARTIN;OZKAN
Denizlispor vs. Malatyaspor - Sunday August 25 - 2002,Malatyaspor,hard,3-5-2,MILOSEVSKI;SEYHAN;KORKMAZ;SAHIN;BAYAZIT;OZER;YAVAS;ABDELAZIZ;STANKOV;ULUSOY;ESER
Diyarbakirspor vs. Genclerbirligi - Sunday August 25 - 2002,Diyarbakirspor,hard,3-5-2,KARAGOL;KAMBUROGLU;ERDOGAN;DUMAN;KOCAK;YUCETAS;KOLGU;DIDA;OZTURK;COULIBALY;AKYUZ
Diyarbakirspor vs. Genclerbirligi - Sunday August 25 - 2002,Genclerbirligi,hard,3-5-2,TOKGOZ;BARIS;BOZKURT;EL SAKA;DAEMS;AHMED HASSAN;BALCI;ZDEBEL;GURSEL;CIHAN;MBAYO
Galatasaray vs. Bursaspor - Sunday August 25 - 2002,Bursaspor,hard,3-5-2,KELEMEN;OZBEY;BULAT;KILIC;SEVEN;ER;SEN;JUNIOR;UYSAL;SOZKESEN;YILMAZ
Galatasaray vs. Bursaspor - Sunday August 25 - 2002,Galatasaray,easy,4-4-2,MONDRAGON;PENBE;INCEEFE;KORKMAZ;DAVALA;AKMAN;BATISTA;LOUREIRO;SAS;KARAN;ERDEM
Besiktas vs. Diyarbakirspor - Friday August 30 - 2002,Besiktas,easy,4-4-2,CORDOBA;YILDIRIM;RONALDO GUIARO;ZAGO;DOGANTEZ;TOPRAKTEPE;AMARAL;METIN;TUNA;DURSUN;PANCU
Besiktas vs. Diyarbakirspor - Friday August 30 - 2002,Diyarbakirspor,hard,3-5-2,DIALLO;ERDOGAN;SAATCIOGLU;KAMBUROGLU;KOCAK;KOLGU;HACIOGLU;YUCETAS;OZTURK;RRAKLLI;COULIBALY
Adanaspor vs. Trabzonspor - Saturday August 31 - 2002,Adanaspor,hard,4-4-2,SAHIN;EMILOV;HONCA;TIMKO;OZATAK;YAVUZ;DALCICEK;PACHOLA;OZTURK;BALKAYA;ATES
Adanaspor vs. Trabzonspor - Saturday August 31 - 2002,Trabzonspor,easy,3-5-2,PETKOVIC;GURACAR;DIENG;OZSOY;LEE;UCUNCU;OZGUR;MEHMET AURELIO;KARADENIZ;YILMAZ;BUSHI
Altay Sk vs. Ankaragucu - Saturday August 31 - 2002,Altay Sk,hard,4-4-2,DAGDELEN;CHAMENI;ATAN;CAGIRAN;GULTEKIN;KARAKOC;VIDUSLU;ZENGIN;AKIN;OZTURK;INAL
Altay Sk vs. Ankaragucu - Saturday August 31 - 2002,Ankaragucu,hard,3-5-2,OZGULTEKIN;BARIS;KUTLU;OZSARAC;CARABAS;OZLEM;TASDEMIR;BAIDOO;KELES;NICULESCU;AHINFUL
Bursaspor vs. Kocaelispor - Saturday August 31 - 2002,Bursaspor,hard,3-5-2,KELEMEN;BULAT;OZBEY;KILIC;UYSAL;JUNIOR;SEVEN;SERTKAYA;SEN;SOZKESEN;YILMAZ
Bursaspor vs. Kocaelispor - Saturday August 31 - 2002,Kocaelispor,hard,4-3-1-2,KORAC;COLAK;BLATSIS;SARMAN;EREN;ARSLAN;VERGUL;YASAN;KARAKAYIS;LAZAROV;BORAL
Malatyaspor vs. Galatasaray - Saturday August 31 - 2002,Galatasaray,easy,3-5-2,MONDRAGON;ASIK;KORKMAZ;SARR;UNSAL;AKMAN;BATISTA;LOUREIRO;HASPOLATLI;KARAN;ERDEM
Malatyaspor vs. Galatasaray - Saturday August 31 - 2002,Malatyaspor,hard,3-5-2,MILOSEVSKI;SEYHAN;KORKMAZ;RAVCI;BAYAZIT;ABDELAZIZ;ABAZI;BENSOL;YAVAS;ULUSOY;ESER
Elazigspor vs. Gaziantepspor - Sunday September 1 - 2002,Elazigspor,hard,3-5-2,USAK;BECEREN;MIRKOVIC;KURNAZ;TURGUT;HATIPOGLU;NAMLI;GENC;YESILMESE;MESZAROS;YANIK
Elazigspor vs. Gaziantepspor - Sunday September 1 - 2002,Gaziantepspor,hard,3-5-2,CATKIC;YURT;TORAMAN;OZBAY;BEKIROGLU;BOUAZIZI;ASLAN;ERDOGAN;SAHINTURK;PREKO;VIOLA
Fenerbahce vs. Denizlispor - Sunday September 1 - 2002,Denizlispor,hard,3-5-2,KUCUK;CETIN;BAYER;CIMEN;KRATOCHVIL;GULPINAR;ERTUGRUL;KAHRAMAN;TANDOGAN;KABAT;OZKAN
Fenerbahce vs. Denizlispor - Sunday September 1 - 2002,Fenerbahce,easy,3-5-2,RECBER;AKYEL;TEMIZKANOGLU;MIRKOVIC;KARACA;STEVIC;ORTEGA;JOHNSON;GUNES;WASHINGTON;AKIN
Genclerbirligi vs. Goztepe - Sunday September 1 - 2002,Genclerbirligi,hard,3-5-2,TOKGOZ;EL SAKA;BOZKURT;BALCI;GURSEL;AHMED HASSAN;ZDEBEL;MBAYO;KOC;CIHAN;YOULA
Genclerbirligi vs. Goztepe - Sunday September 1 - 2002,Goztepe,hard,3-5-2,KORK;YAVAS;BOZACI;AMOAH;BEDIR;YUNGUL;MKHALELE;ERDOGAN;AKINCI;KALENGA;AGACE
Samsunspor vs. Istanbulspor - Sunday September 1 - 2002,Istanbulspor,hard,3-5-2,GUNGOR;GUR;OKECHUKWU;ANDRE BORGES;BAYAR;SAIDOU;SAHIN;PETKOV;KUS;KOCABAL;ISLER
Samsunspor vs. Istanbulspor - Sunday September 1 - 2002,Samsunspor,hard,3-5-2,SHORUNMU;YELEK;JOVANOSKI;OZKOYLU;ULUN;GUNGOR;AYDIN;NAS;KORKMAZ;ERTAN;SAGIR
Gaziantepspor vs. Fenerbahce - Wednesday September 11 - 2002,Fenerbahce,easy,3-5-2,RECBER;DOGAN;TEMIZKANOGLU;AKYEL;KARACA;STEVIC;REVIVO;JOHNSON;GUNES;WASHINGTON;AKIN
Gaziantepspor vs. Fenerbahce - Wednesday September 11 - 2002,Gaziantepspor,hard,3-5-2,CATKIC;AKICI;BOUAZIZI;TORAMAN;BEKIROGLU;YURT;SAHINTURK;ASLAN;OZBAY;PREKO;JULIO CESAR
Galatasaray vs. Kocaelispor - Friday September 13 - 2002,Galatasaray,easy,4-4-2,MONDRAGON;UNSAL;ALMAGUER;KORKMAZ;DAVALA;AKMAN;BATISTA;LOUREIRO;SAS;ERDEM;CHRISTIAN
Galatasaray vs. Kocaelispor - Friday September 13 - 2002,Kocaelispor,hard,4-2-3-1,KORAC;EREN;BEKIROGLU;SARMAN;ARSLANER;KARAKAYIS;ARSLAN;ALEKSANDROV;YASAN;VERGUL;LAZAROV
Ankaragucu vs. Adanaspor - Saturday September 14 - 2002,Adanaspor,hard,3-5-2,SAHIN;TIMKO;HONCA;OZTURK;EMILOV;DALCICEK;PACHOLA;OZATAK;YAVUZ;BALKAYA;ATES
Ankaragucu vs. Adanaspor - Saturday September 14 - 2002,Ankaragucu,hard,3-5-2,OZGULTEKIN;BARIS;KUTLU;DURSUN;CARABAS;TASDEMIR;MANDIRALI;OZLEM;KELES;NICULESCU;AHINFUL
Denizlispor vs. Elazigspor - Saturday September 14 - 2002,Denizlispor,hard,3-5-2,HEINEN;CIMEN;CETIN;KRATOCHVIL;UCUNCU;KARTOP;KABAT;KAHRAMAN;TANDOGAN;MARTIN;OZKAN
Denizlispor vs. Elazigspor - Saturday September 14 - 2002,Elazigspor,hard,3-5-2,RICHARD KINGSON;BECEREN;TURGUT;MIRKOVIC;SARI;NAMLI;CAKMAK;TATLI;HATIPOGLU;MESZAROS;YANIK
Malatyaspor vs. Fenerbahce - Saturday September 14 - 2002,Fenerbahce,easy,3-5-2,RECBER;DOGAN;TEMIZKANOGLU;OZAT;ERCAN;BAYRAKTAR;ORTEGA;STEVIC;GUNES;WASHINGTON;AKIN
Malatyaspor vs. Fenerbahce - Saturday September 14 - 2002,Malatyaspor,hard,3-5-2,MILOSEVSKI;KORKMAZ;ABAZI;SEYHAN;BAYAZIT;DURO;ABDELAZIZ;ESER;BENSOL;ULUSOY;YAVAS
Trabzonspor vs. Genclerbirligi - Saturday September 14 - 2002,Genclerbirligi,hard,4-4-2,TOKGOZ;DAEMS;BOZKURT;EL SAKA;BARIS;GURSEL;ZDEBEL;AHMED HASSAN;KOC;CIHAN;MBAYO
Trabzonspor vs. Genclerbirligi - Saturday September 14 - 2002,Trabzonspor,easy,3-5-2,PETKOVIC;GURACAR;DIENG;YAVUZ;BILAZER;MEHMET AURELIO;OZGUR;UCUNCU;YALCINKAYA;KARADENIZ;TEKKE
Diyarbakirspor vs. Samsunspor - Sunday September 15 - 2002,Diyarbakirspor,hard,4-4-2,KARAGOL;KOCAK;SAATCIOGLU;ERDOGAN;OZTURK;HACIOGLU;KOLGU;YUCETAS;DUMAN;RRAKLLI;COULIBALY
Diyarbakirspor vs. Samsunspor - Sunday September 15 - 2002,Samsunspor,hard,5-4-1,SHORUNMU;CAN;OZKOYLU;YELEK;JOVANOSKI;GUNGOR;AYDIN;NAS;IGNATOV;KORKMAZ;ERTAN
Gaziantepspor vs. Altay Sk - Sunday September 15 - 2002,Altay Sk,hard,3-5-2,DAGDELEN;CAGIRAN;ATAN;KIRTOGLU;KARAKOC;VIDUSLU;ZENGIN;CHAMENI;AKIN;KUDAY;EFFA-OWONA
Gaziantepspor vs. Altay Sk - Sunday September 15 - 2002,Gaziantepspor,hard,4-4-2,CATKIC;ASLAN;AKICI;TORAMAN;ERDOGAN;ROMASHCHENKO;BOUAZIZI;JULIO CESAR;OZBAY;VIOLA;SAHINTURK
Goztepe vs. Besiktas - Sunday September 15 - 2002,Besiktas,easy,4-4-2,CORDOBA;UZULMEZ;RONALDO GUIARO;ZAGO;DOGANTEZ;YILDIRIM;HAVUTCU;YALCIN;TUNA;DURSUN;PANCU
Goztepe vs. Besiktas - Sunday September 15 - 2002,Goztepe,hard,3-5-2,ATAMAN;DEMIRCIOGLU;YAVAS;YUNGUL;KOCABICAK;BOZACI;MKHALELE;DJEBAILI;AKINCI;AGACE;BIRYOL
Istanbulspor vs. Bursaspor - Sunday September 15 - 2002,Bursaspor,hard,3-5-2,KELEMEN;BULAT;OZBEY;KILIC;UYSAL;SERTKAYA;ER;JUNIOR;FRANJA;SOZKESEN;YILMAZ
Istanbulspor vs. Bursaspor - Sunday September 15 - 2002,Istanbulspor,hard,3-5-2,GUNGOR;OKECHUKWU;GUR;PETKOV;BAYAR;SAIDOU;SAHIN;ANDRE BORGES;KUS;YOZGATLI;ISLER
Adanaspor vs. Gaziantepspor - Saturday September 21 - 2002,Adanaspor,hard,4-4-2,SAHIN;OZTURK;HONCA;TIMKO;YAVUZ;OZATAK;PACHOLA;DALCICEK;YILMAZ;BALKAYA;ATES
Adanaspor vs. Gaziantepspor - Saturday September 21 - 2002,Gaziantepspor,hard,4-4-2,CATKIC;BEKIROGLU;AKICI;BOUAZIZI;TORAMAN;ROMASHCHENKO;ASLAN;ERDOGAN;OZBAY;VIOLA;SAHINTURK
Bursaspor vs. Diyarbakirspor - Saturday September 21 - 2002,Bursaspor,hard,4-4-2,KELEMEN;UYSAL;OZBEY;JUNIOR;KILIC;FRANJA;SERTKAYA;ER;BULAT;SOZKESEN;YILMAZ
Bursaspor vs. Diyarbakirspor - Saturday September 21 - 2002,Diyarbakirspor,hard,3-5-2,DIALLO;ERDOGAN;SAATCIOGLU;TUNC;KOCAK;HINCAL;TURHAN;KOLGU;YIGIT;COULIBALY;AKYUZ
Elazigspor vs. Malatyaspor - Saturday September 21 - 2002,Elazigspor,hard,4-4-2,RICHARD KINGSON;TURGUT;BECEREN;MIRKOVIC;YESILMESE;GENC;NAMLI;HATIPOGLU;TATLI;YANIK;YENIKAN
Elazigspor vs. Malatyaspor - Saturday September 21 - 2002,Malatyaspor,hard,3-5-2,MILOSEVSKI;KORKMAZ;ABAZI;SEYHAN;BAYAZIT;YAVAS;ABDELAZIZ;DURO;BENSOL;ULUSOY;ESER
Samsunspor vs. Goztepe - Saturday September 21 - 2002,Goztepe,hard,4-4-2,ATAMAN;DEMIRCIOGLU;YAVAS;BOZACI;AKINCI;KOCABICAK;MKHALELE;SAHIN;YUNGUL;DJEBAILI;BIRYOL
Samsunspor vs. Goztepe - Saturday September 21 - 2002,Samsunspor,hard,4-4-2,SHORUNMU;JOVANOSKI;YELEK;OZKOYLU;CAN;AYDIN;GUNGOR;IGNATOV;KORKMAZ;ERTAN;AYKUT
Altay Sk vs. Denizlispor - Sunday September 22 - 2002,Altay Sk,hard,4-4-2,DAGDELEN;KARAKOC;ATAN;GULTEKIN;CAGIRAN;AKIN;VIDUSLU;CHAMENI;ZENGIN;KUDAY;KALOGLU
Altay Sk vs. Denizlispor - Sunday September 22 - 2002,Denizlispor,hard,3-5-2,HEINEN;CIMEN;CETIN;KRATOCHVIL;HIETANEN;KARTOP;KABAT;KAHRAMAN;TANDOGAN;BENCIK;OZKAN
Besiktas vs. Trabzonspor - Sunday September 22 - 2002,Besiktas,easy,3-5-2,GENCER;ZAGO;RONALDO GUIARO;BESERLER;UZULMEZ;SULUN;YALCIN;AMARAL;DABROWSKI;DURSUN;PANCU
Besiktas vs. Trabzonspor - Sunday September 22 - 2002,Trabzonspor,easy,3-5-2,PETKOVIC;GURACAR;DIENG;YAVUZ;KILIC;UCUNCU;KARADENIZ;MEHMET AURELIO;KANDIL;YILMAZ;TEKKE
Genclerbirligi vs. Ankaragucu - Sunday September 22 - 2002,Ankaragucu,hard,3-5-2,OZGULTEKIN;BARIS;KUTLU;DURSUN;BAIDOO;TASDEMIR;SIMAO;OZLEM;KELES;KARTAL;AHINFUL
Genclerbirligi vs. Ankaragucu - Sunday September 22 - 2002,Genclerbirligi,hard,3-5-2,TOKGOZ;EL SAKA;BOZKURT;TOPRAKTEPE;GURSEL;ZDEBEL;BARIS;AHMED HASSAN;KOC;CIHAN;MBAYO
Kocaelispor vs. Istanbulspor - Sunday September 22 - 2002,Istanbulspor,hard,4-4-2,GUNGOR;PETKOV;AKBAS;OKECHUKWU;ANDRE BORGES;ONATLI;SAIDOU;SAHIN;YOZGATLI;KONA;ISLER
Kocaelispor vs. Istanbulspor - Sunday September 22 - 2002,Kocaelispor,hard,4-4-2,SAHIN;COLAK;CAPONE;SARMAN;ARSLANER;ALEKSANDROV;VERGUL;ARSLAN;EREN;DIRLIK;LAZAROV
Galatasaray vs. Istanbulspor - Friday September 27 - 2002,Galatasaray,easy,4-4-2,MONDRAGON;UNSAL;ASIK;KORKMAZ;DAVALA;BALJIC;BATISTA;PENBE;SAS;KARAN;CHRISTIAN
Galatasaray vs. Istanbulspor - Friday September 27 - 2002,Istanbulspor,hard,5-4-1,GUNGOR;PETKOV;HUSEYINOGLU;AKBAS;OKECHUKWU;ANDRE BORGES;YOZGATLI;SAHIN;ONATLI;KUS;ISLER
Ankaragucu vs. Besiktas - Saturday September 28 - 2002,Ankaragucu,hard,3-5-2,OZGULTEKIN;KUTLU;BAIDOO;BARIS;DURSUN;TASDEMIR;SIMAO;OZLEM;KELES;KARTAL;AHINFUL
Ankaragucu vs. Besiktas - Saturday September 28 - 2002,Besiktas,easy,3-5-2,CORDOBA;ZAGO;RONALDO GUIARO;BESERLER;UZULMEZ;SULUN;YALCIN;HAVUTCU;DABROWSKI;DURSUN;PANCU
Denizlispor vs. Adanaspor - Saturday September 28 - 2002,Adanaspor,hard,3-5-2,SAHIN;TIMKO;HONCA;OZTURK;OZTURK;DALCICEK;EMILOV;KORKUT;YAVUZ;DERVISOGLU;BALKAYA
Denizlispor vs. Adanaspor - Saturday September 28 - 2002,Denizlispor,hard,3-5-2,HEINEN;CETIN;BAYER;ERTUGRUL;CIMEN;KARTOP;KABAT;KAHRAMAN;TANDOGAN;MARTIN;OZKAN
Diyarbakirspor vs. Kocaelispor - Saturday September 28 - 2002,Diyarbakirspor,hard,4-4-2,DIALLO;KOCAK;SAATCIOGLU;TUNC;DUMAN;DIDA;HINCAL;KOLGU;CAKIR;COULIBALY;AKYUZ
Diyarbakirspor vs. Kocaelispor - Saturday September 28 - 2002,Kocaelispor,hard,4-5-1,SAHIN;COLAK;CAPONE;SARMAN;ARSLANER;BILGEN;VERGUL;YASAN;ARSLAN;EREN;LAZAROV
Trabzonspor vs. Samsunspor - Saturday September 28 - 2002,Samsunspor,hard,5-4-1,SHORUNMU;SEKER;OZKOYLU;JOVANOSKI;KOLOGLU;CAN;AYDIN;GUNGOR;IGNATOV;KORKMAZ;ERTAN
Trabzonspor vs. Samsunspor - Saturday September 28 - 2002,Trabzonspor,easy,4-4-2,PETKOVIC;KILIC;YAVUZ;KAHRAMAN;GURACAR;KANDIL;MEHMET AURELIO;UCUNCU;KARADENIZ;YILMAZ;TEKKE
Fenerbahce vs. Elazigspor - Sunday September 29 - 2002,Elazigspor,hard,4-5-1,RICHARD KINGSON;YESILMESE;BECEREN;MIRKOVIC;TURGUT;YANIK;HATIPOGLU;NAMLI;DELIORMAN;YENIKAN;CAKMAK
Fenerbahce vs. Elazigspor - Sunday September 29 - 2002,Fenerbahce,easy,4-5-1,DAGLAROGLU;KARACA;OZAT;MIRKOVIC;GUNES;REVIVO;STEVIC;ORTEGA;JOHNSON;ERIS;AKIN
Gaziantepspor vs. Genclerbirligi - Sunday September 29 - 2002,Gaziantepspor,hard,4-5-1,CATKIC;BEKIROGLU;AKICI;BOUAZIZI;TORAMAN;ROMASHCHENKO;ASLAN;JULIO CESAR;ERDOGAN;OZBAY;SAHINTURK
Gaziantepspor vs. Genclerbirligi - Sunday September 29 - 2002,Genclerbirligi,hard,4-4-2,TOKGOZ;DAEMS;EL SAKA;TOPRAKTEPE;BOZKURT;GURSEL;ZDEBEL;MBAYO;KOC;CIHAN;YOULA
Goztepe vs. Bursaspor - Sunday September 29 - 2002,Bursaspor,hard,4-4-2,KELEMEN;UYSAL;OZBEY;JUNIOR;KILIC;FRANJA;SERTKAYA;ER;BULAT;SOZKESEN;YILMAZ
Goztepe vs. Bursaspor - Sunday September 29 - 2002,Goztepe,hard,4-4-2,ATAMAN;DEMIRCIOGLU;YAVAS;BOZACI;AKINCI;GURELER;MKHALELE;YUNGUL;AGACE;DJEBAILI;BIRYOL
Malatyaspor vs. Altay Sk - Sunday September 29 - 2002,Altay Sk,hard,4-4-2,DAGDELEN;CHAMENI;CAGIRAN;VURUR;GULTEKIN;KARAKOC;VIDUSLU;ZENGIN;KIRTOGLU;KUDAY;EFFA-OWONA
Malatyaspor vs. Altay Sk - Sunday September 29 - 2002,Malatyaspor,hard,4-4-2,MILOSEVSKI;ABAZI;SEYHAN;OZER;KORKMAZ;BAYAZIT;ABDELAZIZ;DURO;YAVAS;OZER;ULUSOY
Adanaspor vs. Malatyaspor - Saturday October 5 - 2002,Adanaspor,hard,4-4-2,SAHIN;UNAL;HALILAGIC;TIMKO;YAVUZ;OZATAK;PACHOLA;DALCICEK;EMILOV;BALKAYA;ATES
Adanaspor vs. Malatyaspor - Saturday October 5 - 2002,Malatyaspor,hard,4-4-2,MILOSEVSKI;ABAZI;SEYHAN;OZER;KORKMAZ;BAYAZIT;ABDELAZIZ;DURO;YAVAS;OZER;ULUSOY
Bursaspor vs. Trabzonspor - Saturday October 5 - 2002,Bursaspor,hard,4-4-2,KELEMEN;UYSAL;OZBEY;JUNIOR;BULAT;FRANJA;SERTKAYA;ER;VARESANOVIC;SOZKESEN;YILMAZ
Bursaspor vs. Trabzonspor - Saturday October 5 - 2002,Trabzonspor,easy,4-4-2,PETKOVIC;KILIC;YAVUZ;KAHRAMAN;GURACAR;KANDIL;MEHMET AURELIO;CIMSIR;UCUNCU;YILMAZ;TEKKE
Elazigspor vs. Galatasaray - Saturday October 5 - 2002,Elazigspor,hard,5-3-2,RICHARD KINGSON;TURGUT;KURNAZ;MIRKOVIC;BECEREN;YESILMESE;NAMLI;CAKMAK;HATIPOGLU;MESZAROS;YANIK
Elazigspor vs. Galatasaray - Saturday October 5 - 2002,Galatasaray,easy,4-4-2,MONDRAGON;PENBE;ASIK;SARR;INCEEFE;BALJIC;BATISTA;AKMAN;HASPOLATLI;CHRISTIAN;FABIO PINTO
Istanbulspor vs. Diyarbakirspor - Saturday October 5 - 2002,Diyarbakirspor,hard,4-4-2,KARAGOL;TUNC;SAATCIOGLU;ERDOGAN;DUMAN;KOCAK;KOLGU;YUCETAS;CAKIR;AKYUZ;HACIOGLU
Istanbulspor vs. Diyarbakirspor - Saturday October 5 - 2002,Istanbulspor,hard,4-4-2,BOUKAR;PETKOV;AKBAS;OKECHUKWU;ANDRE BORGES;KOCABAL;SAIDOU;SAHIN;KUS;ULUSAL;ISLER
Altay Sk vs. Fenerbahce - Sunday October 6 - 2002,Altay Sk,hard,4-5-1,KURSUNLU;ATAN;CAGIRAN;KIRTOGLU;GULTEKIN;KUDAY;ZENGIN;INAL;CHAMENI;KARAKOC;KALOGLU
Altay Sk vs. Fenerbahce - Sunday October 6 - 2002,Fenerbahce,easy,4-5-1,RECBER;OZAT;TEMIZKANOGLU;JOHNSON;AKYEL;GUNES;STEVIC;ORTEGA;ERIS;BAYRAKTAR;AKIN
Besiktas vs. Gaziantepspor - Sunday October 6 - 2002,Besiktas,easy,3-5-2,CORDOBA;ZAGO;RONALDO GUIARO;BESERLER;UZULMEZ;SULUN;YALCIN;HAVUTCU;DABROWSKI;DURSUN;PANCU
Besiktas vs. Gaziantepspor - Sunday October 6 - 2002,Gaziantepspor,hard,3-5-2,CATKIC;AKICI;BOUAZIZI;TORAMAN;BEKIROGLU;ASLAN;JULIO CESAR;ERDOGAN;OZBAY;VIOLA;ROMASHCHENKO
Genclerbirligi vs. Denizlispor - Sunday October 6 - 2002,Denizlispor,hard,3-5-2,HEINEN;CETIN;BAYER;SERT;HIETANEN;ERTUGRUL;KABAT;KAHRAMAN;TANDOGAN;BENCIK;OZKAN
Genclerbirligi vs. Denizlispor - Sunday October 6 - 2002,Genclerbirligi,hard,3-5-2,BOTONJIC;BARIS;BOZKURT;EL SAKA;DAEMS;SALAR;ZDEBEL;MBAYO;BALCI;CIHAN;AYDIN
Kocaelispor vs. Goztepe - Sunday October 6 - 2002,Goztepe,hard,4-4-2,ATAMAN;DEMIRCIOGLU;YAVAS;AMOAH;AKINCI;KOCABICAK;KIP;YUNGUL;MKHALELE;DJEBAILI;BIRYOL
Kocaelispor vs. Goztepe - Sunday October 6 - 2002,Kocaelispor,hard,4-4-2,SAHIN;COLAK;BLATSIS;CAPONE;ARSLANER;BILGEN;VERGUL;OZTONGA;EREN;ALEKSANDROV;LAZAROV
Samsunspor vs. Ankaragucu - Sunday October 6 - 2002,Ankaragucu,hard,3-5-2,OZGULTEKIN;KUTLU;BAIDOO;BARIS;CARABAS;SIMAO;NAMDAR;OZLEM;KELES;NICULESCU;AHINFUL
Samsunspor vs. Ankaragucu - Sunday October 6 - 2002,Samsunspor,hard,3-5-2,SHORUNMU;YELEK;KOLOGLU;OZKOYLU;SAGIR;GUNGOR;AYDIN;IGNATOV;CAN;ERTAN;AYKUT
Fenerbahce vs. Adanaspor - Friday October 18 - 2002,Adanaspor,hard,4-4-2,SAHIN;UNAL;HALILAGIC;HONCA;YAVUZ;PACHOLA;DALCICEK;TIMKO;OZATAK;BALKAYA;ATES
Fenerbahce vs. Adanaspor - Friday October 18 - 2002,Fenerbahce,easy,4-5-1,RECBER;OZAT;TEMIZKANOGLU;JOHNSON;AKYEL;REVIVO;GUNES;ORTEGA;STEVIC;BAYRAKTAR;AKIN
Galatasaray vs. Diyarbakirspor - Saturday October 19 - 2002,Diyarbakirspor,hard,5-4-1,KARAGOL;KOCAK;TUNC;KAMBUROGLU;ERDOGAN;YIGIT;SAMATYALI;KOLGU;TURHAN;CAKIR;AKYUZ
Galatasaray vs. Diyarbakirspor - Saturday October 19 - 2002,Galatasaray,easy,4-4-2,MONDRAGON;PENBE;ASIK;KORKMAZ;DAVALA;SAS;KAYA;LOUREIRO;BATISTA;ERDEM;CHRISTIAN
Gaziantepspor vs. Samsunspor - Saturday October 19 - 2002,Gaziantepspor,hard,4-4-2,CATKIC;ERDOGAN;AKICI;BOUAZIZI;TORAMAN;ROMASHCHENKO;JULIO CESAR;ASLAN;OZBAY;VIOLA;SAHINTURK
Gaziantepspor vs. Samsunspor - Saturday October 19 - 2002,Samsunspor,hard,3-5-2,SHORUNMU;YELEK;KOLOGLU;OZKOYLU;SAGIR;GUNGOR;AYDIN;NAS;KORKMAZ;ERTAN;AYKUT
Goztepe vs. Istanbulspor - Saturday October 19 - 2002,Goztepe,hard,4-4-2,ATAMAN;DEMIRCIOGLU;ERDOGAN;YAVAS;AKINCI;KOCABICAK;KIP;YUNGUL;MKHALELE;DJEBAILI;BIRYOL
Goztepe vs. Istanbulspor - Saturday October 19 - 2002,Istanbulspor,hard,4-4-2,BOUKAR;PETKOV;AKBAS;HUSEYINOGLU;ANDRE BORGES;YOZGATLI;SAHIN;KOCABAL;KUS;ULUSAL;ISLER
Malatyaspor vs. Genclerbirligi - Saturday October 19 - 2002,Genclerbirligi,hard,4-5-1,BOTONJIC;DAEMS;TOPRAKTEPE;EL SAKA;BALCI;KOC;ZDEBEL;BARIS;BOZKURT;MBAYO;AYDIN
Malatyaspor vs. Genclerbirligi - Saturday October 19 - 2002,Malatyaspor,hard,4-4-2,MILOSEVSKI;BAYAZIT;KORKMAZ;SEYHAN;SAHIN;YAVAS;ABDELAZIZ;DURO;BENSOL;ULUSOY;ESER
Ankaragucu vs. Bursaspor - Sunday October 20 - 2002,Ankaragucu,hard,3-5-2,OZGULTEKIN;KUTLU;BAIDOO;BARIS;TURKMEHMET;TASDEMIR;OZLEM;CARABAS;KELES;AHINFUL;NAMDAR
Ankaragucu vs. Bursaspor - Sunday October 20 - 2002,Bursaspor,hard,4-4-2,KULBILGE;DAMLA;OZBEY;JUNIOR;KILIC;FRANJA;ER;SERTKAYA;BULAT;SOZKESEN;YILMAZ
Denizlispor vs. Besiktas - Sunday October 20 - 2002,Besiktas,easy,3-5-2,CORDOBA;BESERLER;RONALDO GUIARO;YILDIRIM;UZULMEZ;SULUN;YALCIN;HAVUTCU;TUNA;MANSIZ;PANCU
Denizlispor vs. Besiktas - Sunday October 20 - 2002,Denizlispor,hard,3-5-2,HEINEN;CETIN;BAYER;CIMEN;KAHRAMAN;ERTUGRUL;UCUNCU;KARTOP;OZKAN;KABAT;BENCIK
Elazigspor vs. Altay Sk - Sunday October 20 - 2002,Altay Sk,hard,4-4-2,DAGDELEN;CAGIRAN;CHAMENI;ATAN;GULTEKIN;KARAKOC;VURUR;VIDUSLU;ZENGIN;EFFA-OWONA;KALOGLU
Elazigspor vs. Altay Sk - Sunday October 20 - 2002,Elazigspor,hard,4-4-2,RICHARD KINGSON;KURNAZ;BECEREN;MIRKOVIC;TURGUT;CAKMAK;NAMLI;HATIPOGLU;YESILMESE;MESZAROS;YANIK
Trabzonspor vs. Kocaelispor - Sunday October 20 - 2002,Kocaelispor,hard,4-5-1,KORAC;BILGEN;AK;SARMAN;ARSLANER;ALEKSANDROV;VERGUL;KARAKAYIS;OZTONGA;EREN;LAZAROV
Trabzonspor vs. Kocaelispor - Sunday October 20 - 2002,Trabzonspor,easy,4-4-2,PETKOVIC;KILIC;YAVUZ;KAHRAMAN;GURACAR;KANDIL;MEHMET AURELIO;CIMSIR;UCUNCU;YILMAZ;TEKKE
Besiktas vs. Malatyaspor - Friday October 25 - 2002,Besiktas,easy,3-5-2,CORDOBA;ZAGO;RONALDO GUIARO;BESERLER;UZULMEZ;HAVUTCU;YALCIN;YILDIRIM;DABROWSKI;MANSIZ;PANCU
Besiktas vs. Malatyaspor - Friday October 25 - 2002,Malatyaspor,hard,3-5-2,MILOSEVSKI;KORKMAZ;ABAZI;SEYHAN;BAYAZIT;YAVAS;DURO;ABDELAZIZ;BENSOL;ULUSOY;ESER
Altay Sk vs. Galatasaray - Saturday October 26 - 2002,Altay Sk,hard,3-5-2,DAGDELEN;CAGIRAN;ATAN;KARAPINAR;KIRTOGLU;VIDUSLU;AKIN;EGEDIK;GULTEKIN;KALOGLU;INAL
Altay Sk vs. Galatasaray - Saturday October 26 - 2002,Galatasaray,easy,4-4-2,MONDRAGON;UNSAL;KORKMAZ;POLAT;ALMAGUER;DAVALA;PENBE;BALJIC;HASPOLATLI;CHRISTIAN;FABIO PINTO
Istanbulspor vs. Trabzonspor - Saturday October 26 - 2002,Istanbulspor,hard,4-4-2,GUNGOR;PETKOV;AKBAS;HUSEYINOGLU;ANDRE BORGES;YOZGATLI;SAIDOU;SAHIN;KOCABAL;ULUSAL;ISLER
Istanbulspor vs. Trabzonspor - Saturday October 26 - 2002,Trabzonspor,easy,4-4-2,PETKOVIC;KILIC;YAVUZ;KAHRAMAN;GURACAR;KANDIL;CIMSIR;MEHMET AURELIO;UCUNCU;YILMAZ;TEKKE
Kocaelispor vs. Ankaragucu - Saturday October 26 - 2002,Ankaragucu,hard,3-5-2,OZGULTEKIN;KUTLU;BAIDOO;BARIS;TURKMEHMET;TASDEMIR;OZLEM;CARABAS;KELES;AHINFUL;NAMDAR
Kocaelispor vs. Ankaragucu - Saturday October 26 - 2002,Kocaelispor,hard,4-4-2,KORAC;COLAK;AK;ARSLANER;EREN;BILGEN;VERGUL;ARSLAN;OZTONGA;ALEKSANDROV;LAZAROV
Samsunspor vs. Denizlispor - Saturday October 26 - 2002,Denizlispor,hard,3-5-2,HEINEN;CIMEN;CETIN;KRATOCHVIL;UCUNCU;ERTUGRUL;KARTOP;KAHRAMAN;TANDOGAN;BENCIK;OZKAN
Samsunspor vs. Denizlispor - Saturday October 26 - 2002,Samsunspor,hard,3-5-2,TUNCAY;YELEK;KOLOGLU;OZKOYLU;ULUN;GUNGOR;AYDIN;NAS;AKTEPE;SAGLAM;ERTAN
Adanaspor vs. Elazigspor - Sunday October 27 - 2002,Adanaspor,hard,4-4-2,SAHIN;TIMKO;HALILAGIC;HONCA;YAVUZ;ATES;PACHOLA;DALCICEK;OZATAK;YILDIRAN;BALKAYA
Adanaspor vs. Elazigspor - Sunday October 27 - 2002,Elazigspor,hard,4-4-2,RICHARD KINGSON;KURNAZ;MIRKOVIC;BECEREN;TURGUT;CAKMAK;NAMLI;HATIPOGLU;YESILMESE;MESZAROS;YANIK
Bursaspor vs. Gaziantepspor - Sunday October 27 - 2002,Bursaspor,hard,4-4-2,KULBILGE;DAMLA;KILIC;JUNIOR;BULAT;SEN;SERTKAYA;ER;ALKAN;SOZKESEN;YILMAZ
Bursaspor vs. Gaziantepspor - Sunday October 27 - 2002,Gaziantepspor,hard,4-5-1,CATKIC;ERDOGAN;AKICI;BOUAZIZI;TORAMAN;ROMASHCHENKO;ASLAN;JULIO CESAR;TALAY;OZBAY;VIOLA
Diyarbakirspor vs. Goztepe - Sunday October 27 - 2002,Diyarbakirspor,hard,4-5-1,KARAGOL;KOCAK;ERDOGAN;TUNC;YIGIT;SAMATYALI;SAATCIOGLU;TURHAN;KOLGU;CAKIR;AKYUZ
Diyarbakirspor vs. Goztepe - Sunday October 27 - 2002,Goztepe,hard,4-4-2,ATAMAN;DEMIRCIOGLU;BOZACI;YAVAS;AKINCI;KOCABICAK;KIP;YUNGUL;MKHALELE;AGACE;BIRYOL
Genclerbirligi vs. Fenerbahce - Sunday October 27 - 2002,Fenerbahce,easy,4-5-1,RECBER;OZAT;TEMIZKANOGLU;JOHNSON;AKYEL;SANLI;STEVIC;ORTEGA;ERIS;GUNES;WASHINGTON
Genclerbirligi vs. Fenerbahce - Sunday October 27 - 2002,Genclerbirligi,hard,4-4-2,TOKGOZ;BARIS;BOZKURT;EL SAKA;BALCI;AHMED HASSAN;ZDEBEL;MBAYO;KOC;AYDIN;YOULA
Trabzonspor vs. Diyarbakirspor - Friday November 1 - 2002,Diyarbakirspor,hard,4-5-1,KARAGOL;KOCAK;ERDOGAN;TUNC;YIGIT;HACIOGLU;SAATCIOGLU;TURHAN;KOLGU;CAKIR;AKYUZ
Trabzonspor vs. Diyarbakirspor - Friday November 1 - 2002,Trabzonspor,easy,4-4-2,PETKOVIC;KILIC;GURACAR;YAVUZ;YALCINKAYA;KANDIL;CIMSIR;MEHMET AURELIO;UCUNCU;YILMAZ;TEKKE
Altay Sk vs. Adanaspor - Saturday November 2 - 2002,Adanaspor,hard,4-5-1,SAHIN;UNAL;HALILAGIC;TIMKO;YAVUZ;ATES;HONCA;PACHOLA;DALCICEK;OZATAK;BALKAYA
Altay Sk vs. Adanaspor - Saturday November 2 - 2002,Altay Sk,hard,4-4-2,DAGDELEN;KARAKOC;DEMIR;ATAN;GULTEKIN;AKIN;VIDUSLU;CHAMENI;ZENGIN;KALOGLU;INAL
Ankaragucu vs. Istanbulspor - Saturday November 2 - 2002,Ankaragucu,hard,3-5-2,OZGULTEKIN;DURSUN;BAIDOO;OZLEM;TURKMEHMET;TASDEMIR;NAMDAR;SIMAO;KELES;KARTAL;AHINFUL
Ankaragucu vs. Istanbulspor - Saturday November 2 - 2002,Istanbulspor,hard,4-5-1,BOUKAR;PETKOV;GUR;HUSEYINOGLU;ANDRE BORGES;YOZGATLI;SAHIN;ONATLI;SAIDOU;KOCABAL;ULUSAL
Elazigspor vs. Genclerbirligi - Saturday November 2 - 2002,Elazigspor,hard,4-4-2,RICHARD KINGSON;YESILMESE;BECEREN;MIRKOVIC;TURGUT;SARI;NAMLI;DELIORMAN;CAKMAK;MESZAROS;YANIK
Elazigspor vs. Genclerbirligi - Saturday November 2 - 2002,Genclerbirligi,hard,4-4-2,TOKGOZ;BARIS;BOZKURT;EL SAKA;BALCI;GURSEL;ZDEBEL;AHMED HASSAN;MBAYO;AYDIN;YOULA
Galatasaray vs. Goztepe - Saturday November 2 - 2002,Galatasaray,easy,4-4-2,MONDRAGON;UNSAL;ASIK;KORKMAZ;BATISTA;PENBE;AKMAN;GOKTAN;SAS;KARAN;CHRISTIAN
Galatasaray vs. Goztepe - Saturday November 2 - 2002,Goztepe,hard,4-4-2,ATAMAN;DEMIRCIOGLU;BOZACI;KIP;KOK;KOCABICAK;MKHALELE;YUNGUL;AKINCI;AGACE;BIRYOL
Gaziantepspor vs. Kocaelispor - Saturday November 2 - 2002,Gaziantepspor,hard,4-4-2,CATKIC;BEKIROGLU;YURT;BOUAZIZI;TORAMAN;ERDOGAN;JULIO CESAR;ASLAN;OZBAY;VIOLA;SAHINTURK
Gaziantepspor vs. Kocaelispor - Saturday November 2 - 2002,Kocaelispor,hard,4-5-1,KORAC;COLAK;AK;ARSLANER;EREN;BILGEN;VERGUL;ALEKSANDROV;ARSLAN;OZTONGA;LAZAROV
Malatyaspor vs. Samsunspor - Saturday November 2 - 2002,Malatyaspor,hard,4-4-2,MILOSEVSKI;BAYAZIT;SEYHAN;OZER;KORKMAZ;VAR;YAVAS;DURO;SAHIN;ULUSOY;ESER
Malatyaspor vs. Samsunspor - Saturday November 2 - 2002,Samsunspor,hard,3-5-2,TUNCAY;JOVANOSKI;AKTEPE;YELEK;DOKME;KOLOGLU;AYDIN;NAS;KORKMAZ;ERTAN;AYKUT
Denizlispor vs. Bursaspor - Wednesday November 6 - 2002,Bursaspor,hard,4-4-2,KULBILGE;DAMLA;OZBEY;JUNIOR;KILIC;SEN;SERTKAYA;ER;ALKAN;SOZKESEN;YILMAZ
Denizlispor vs. Bursaspor - Wednesday November 6 - 2002,Denizlispor,hard,3-5-2,HEINEN;CIMEN;BAYER;KRATOCHVIL;OZKAN;ERTUGRUL;UCUNCU;KARTOP;TANDOGAN;MARTIN;KABAT
Fenerbahce vs. Galatasaray - Wednesday November 6 - 2002,Fenerbahce,easy,4-3-3,RECBER;OZAT;TEMIZKANOGLU;JOHNSON;AKYEL;ORTEGA;STEVIC;SIMSEK;SANLI;WASHINGTON;AKIN
Fenerbahce vs. Galatasaray - Wednesday November 6 - 2002,Galatasaray,easy,4-4-2,MONDRAGON;UNSAL;ASIK;KORKMAZ;DAVALA;PENBE;BATISTA;AKMAN;SAS;CHRISTIAN;FABIO PINTO
Besiktas vs. Elazigspor - Friday November 8 - 2002,Besiktas,easy,3-5-2,CORDOBA;RONALDO GUIARO;DOGANTEZ;ZAGO;TOPRAKTEPE;SULUN;YALCIN;HAVUTCU;DABROWSKI;MANSIZ;PANCU
Besiktas vs. Elazigspor - Friday November 8 - 2002,Elazigspor,hard,3-5-2,RICHARD KINGSON;BECEREN;MIRKOVIC;KURNAZ;GENC;HATIPOGLU;NAMLI;TURGUT;YESILMESE;MESZAROS;YANIK
Adanaspor vs. Galatasaray - Saturday November 9 - 2002,Adanaspor,hard,5-4-1,SAHIN;UNAL;OZTURK;HALILAGIC;HONCA;YAVUZ;ATES;AYDIN;PACHOLA;OZATAK;BALKAYA
Adanaspor vs. Galatasaray - Saturday November 9 - 2002,Galatasaray,easy,4-4-2,MONDRAGON;PENBE;KORKMAZ;SARR;ALMAGUER;SAS;AKMAN;LOUREIRO;HASPOLATLI;ERDEM;FABIO PINTO
Diyarbakirspor vs. Ankaragucu - Saturday November 9 - 2002,Ankaragucu,hard,4-5-1,OZGULTEKIN;BAIDOO;DURSUN;BARIS;OZSARAC;OZLEM;TASDEMIR;CARABAS;SIMAO;KELES;AHINFUL
Diyarbakirspor vs. Ankaragucu - Saturday November 9 - 2002,Diyarbakirspor,hard,4-4-2,KARAGOL;KOCAK;ERDOGAN;TUNC;YIGIT;KAMBUROGLU;TURHAN;KOLGU;CAKIR;AKYUZ;HACIOGLU
Goztepe vs. Trabzonspor - Saturday November 9 - 2002,Goztepe,hard,4-4-2,ATAMAN;DEMIRCIOGLU;BOZACI;KOK;AKINCI;KOCABICAK;KIP;YUNGUL;MKHALELE;AGACE;BIRYOL
Goztepe vs. Trabzonspor - Saturday November 9 - 2002,Trabzonspor,easy,4-4-2,PETKOVIC;KILIC;GURACAR;YAVUZ;YALCINKAYA;KANDIL;CIMSIR;MEHMET AURELIO;KARADENIZ;YILMAZ;TEKKE
Istanbulspor vs. Gaziantepspor - Saturday November 9 - 2002,Gaziantepspor,hard,4-5-1,CATKIC;BEKIROGLU;AKICI;YURT;TORAMAN;ERDOGAN;ASLAN;JULIO CESAR;TALAY;OZBAY;VIOLA
Istanbulspor vs. Gaziantepspor - Saturday November 9 - 2002,Istanbulspor,hard,3-5-2,BOUKAR;HUSEYINOGLU;GUR;OKECHUKWU;PETKOV;SAIDOU;SAHIN;ANDRE BORGES;YOZGATLI;ULUSAL;DEMIRCI
Bursaspor vs. Malatyaspor - Sunday November 10 - 2002,Bursaspor,hard,4-4-2,KELEMEN;DAMLA;OZBEY;ER;KILIC;FRANJA;JUNIOR;SEN;ALKAN;SOZKESEN;YILMAZ
Bursaspor vs. Malatyaspor - Sunday November 10 - 2002,Malatyaspor,hard,4-4-2,MILOSEVSKI;ONUR;SEYHAN;OZER;KORKMAZ;BAYAZIT;ABDELAZIZ;DURO;SAHIN;YAVAS;ESER
Genclerbirligi vs. Altay Sk - Sunday November 10 - 2002,Altay Sk,hard,4-4-2,KURSUNLU;CHAMENI;BUBA;CAGIRAN;KOC;KARAKOC;VURUR;EGEDIK;GULTEKIN;OZTURK;EFFA-OWONA
Genclerbirligi vs. Altay Sk - Sunday November 10 - 2002,Genclerbirligi,hard,4-4-2,TOKGOZ;BARIS;BOZKURT;EL SAKA;BALCI;GURSEL;ZDEBEL;AHMED HASSAN;MBAYO;CIHAN;YOULA
Kocaelispor vs. Denizlispor - Sunday November 10 - 2002,Denizlispor,hard,5-4-1,HEINEN;HIETANEN;KRATOCHVIL;CIMEN;CETIN;TANDOGAN;KAHRAMAN;BOYRAZ;KARTOP;OZKAN;BENCIK
Kocaelispor vs. Denizlispor - Sunday November 10 - 2002,Kocaelispor,hard,4-5-1,KORAC;BILGEN;AK;SARMAN;ARSLANER;ALEKSANDROV;VERGUL;ARSLAN;OZTONGA;EREN;LAZAROV
Samsunspor vs. Fenerbahce - Sunday November 10 - 2002,Fenerbahce,easy,4-5-1,RECBER;OZAT;TEMIZKANOGLU;JOHNSON;GUNES;SANLI;STEVIC;SIMSEK;ERIS;BAYRAKTAR;AKIN
Samsunspor vs. Fenerbahce - Sunday November 10 - 2002,Samsunspor,hard,3-4-2-1,SHORUNMU;AKTEPE;KOLOGLU;YELEK;DOKME;GUNGOR;NAS;KORKMAZ;AYDIN;IGNATOV;ERTAN
Adanaspor vs. Genclerbirligi - Saturday November 16 - 2002,Adanaspor,hard,3-5-2,SAHIN;HALILAGIC;HONCA;OZTURK;UNAL;AYDIN;PACHOLA;DALCICEK;OZATAK;BALKAYA;ATES
Adanaspor vs. Genclerbirligi - Saturday November 16 - 2002,Genclerbirligi,hard,3-5-2,TOKGOZ;BARIS;BOZKURT;EL SAKA;DAEMS;AHMED HASSAN;ZDEBEL;SALAR;KOC;CIHAN;YOULA
Ankaragucu vs. Goztepe - Saturday November 16 - 2002,Ankaragucu,hard,4-4-2,OZGULTEKIN;TURKMEHMET;BAIDOO;BARIS;OZSARAC;OZLEM;SIMAO;HALLACELI;CARABAS;KARTAL;AHINFUL
Ankaragucu vs. Goztepe - Saturday November 16 - 2002,Goztepe,hard,4-4-2,KORK;KOCABICAK;BOZACI;KOK;AKINCI;MKHALELE;KIP;YUNGUL;ERDOGAN;DJEBAILI;BIRYOL
Galatasaray vs. Trabzonspor - Saturday November 16 - 2002,Galatasaray,easy,4-4-2,MONDRAGON;PENBE;KORKMAZ;POLAT;ALMAGUER;FABIO PINTO;KAYA;AKMAN;SAS;ERDEM;CHRISTIAN
Galatasaray vs. Trabzonspor - Saturday November 16 - 2002,Trabzonspor,easy,4-4-2,PETKOVIC;KILIC;YAVUZ;GURACAR;YALCINKAYA;KANDIL;CIMSIR;MEHMET AURELIO;KARADENIZ;YILMAZ;TEKKE
Gaziantepspor vs. Diyarbakirspor - Saturday November 16 - 2002,Diyarbakirspor,hard,4-5-1,KARAGOL;KOCAK;ERDOGAN;TUNC;YIGIT;HACIOGLU;SAATCIOGLU;TURHAN;KOLGU;CAKIR;AKYUZ
Gaziantepspor vs. Diyarbakirspor - Saturday November 16 - 2002,Gaziantepspor,hard,4-5-1,CATKIC;BEKIROGLU;AKICI;TORAMAN;ASLAN;BOLUKBASI;TALAY;JULIO CESAR;ERDOGAN;OZBAY;VIOLA
Altay Sk vs. Besiktas - Sunday November 17 - 2002,Altay Sk,hard,4-4-2,KURSUNLU;KARAKOC;ATAN;CAGIRAN;KOC;AKIN;EGEDIK;CHAMENI;GULTEKIN;OZTURK;KALOGLU
Altay Sk vs. Besiktas - Sunday November 17 - 2002,Besiktas,easy,3-5-2,CORDOBA;DOGANTEZ;RONALDO GUIARO;ZAGO;TOPRAKTEPE;AMARAL;METIN;YILDIRIM;DABROWSKI;NOUMA;MANSIZ
Denizlispor vs. Istanbulspor - Sunday November 17 - 2002,Denizlispor,hard,3-5-2,HEINEN;CIMEN;CETIN;KRATOCHVIL;KECELI;KARTOP;BOYRAZ;KAHRAMAN;TANDOGAN;MARTIN;OZKAN
Denizlispor vs. Istanbulspor - Sunday November 17 - 2002,Istanbulspor,hard,3-5-2,BOUKAR;GUR;AKBAS;HUSEYINOGLU;PETKOV;SAHIN;KOCABAL;SAIDOU;KUS;ULUSAL;DEMIRCI
Elazigspor vs. Samsunspor - Sunday November 17 - 2002,Elazigspor,hard,4-4-2,RICHARD KINGSON;BAL;MIRKOVIC;BECEREN;KURNAZ;YANIK;NAMLI;HATIPOGLU;GENC;MESZAROS;CAKMAK
Elazigspor vs. Samsunspor - Sunday November 17 - 2002,Samsunspor,hard,4-5-1,SHORUNMU;SEKER;JOVANOSKI;YELEK;KORKMAZ;DOKME;GUNGOR;NAS;IGNATOV;AYDIN;AYKUT
Fenerbahce vs. Bursaspor - Sunday November 17 - 2002,Bursaspor,hard,4-4-2,KELEMEN;DAMLA;OZBEY;JUNIOR;KILIC;UYSAL;ER;KUCUKVARDAR;FRANJA;SOZKESEN;YILMAZ
Fenerbahce vs. Bursaspor - Sunday November 17 - 2002,Fenerbahce,easy,4-5-1,RECBER;KARACA;OZAT;TEMIZKANOGLU;AKYEL;SANLI;BAYRAKTAR;ERIS;STEVIC;AKIN;WASHINGTON
Malatyaspor vs. Kocaelispor - Sunday November 17 - 2002,Kocaelispor,hard,4-4-2,KORAC;COLAK;AK;ARSLANER;EREN;BILGEN;KARAKAYIS;OZTONGA;VERGUL;ALEKSANDROV;LAZAROV
Malatyaspor vs. Kocaelispor - Sunday November 17 - 2002,Malatyaspor,hard,4-4-2,MILOSEVSKI;BAYAZIT;SEYHAN;OZER;ABAZI;VAR;ABDELAZIZ;DURO;KORKMAZ;OZER;ULUSOY
Besiktas vs. Adanaspor - Saturday November 23 - 2002,Adanaspor,hard,3-5-2,SAHIN;HALILAGIC;HONCA;TIMKO;UNAL;DALCICEK;PACHOLA;OZATAK;YAVUZ;BALKAYA;ATES
Besiktas vs. Adanaspor - Saturday November 23 - 2002,Besiktas,easy,3-5-2,CORDOBA;DOGANTEZ;RONALDO GUIARO;ZAGO;UZULMEZ;HAVUTCU;PANCU;YILDIRIM;DABROWSKI;NOUMA;MANSIZ
Diyarbakirspor vs. Denizlispor - Saturday November 23 - 2002,Denizlispor,hard,5-3-2,HEINEN;HIETANEN;KRATOCHVIL;CIMEN;CETIN;TANDOGAN;ERTUGRUL;KAHRAMAN;BOYRAZ;MARTIN;BENCIK
Diyarbakirspor vs. Denizlispor - Saturday November 23 - 2002,Diyarbakirspor,hard,4-4-2,KARAGOL;TUNC;ERDOGAN;MOURA;YIGIT;KOCAK;TURHAN;KOLGU;CAKIR;AKYUZ;HACIOGLU
Istanbulspor vs. Malatyaspor - Saturday November 23 - 2002,Istanbulspor,hard,3-5-2,BOUKAR;GUR;AKBAS;HUSEYINOGLU;PETKOV;SAIDOU;KOCABAL;SAHIN;KUS;ULUSAL;DEMIRCI
Istanbulspor vs. Malatyaspor - Saturday November 23 - 2002,Malatyaspor,hard,4-4-2,MILOSEVSKI;ABAZI;SEYHAN;OZER;KORKMAZ;VAR;ABDELAZIZ;DURO;ONUR;OZER;YAVAS
Kocaelispor vs. Fenerbahce - Saturday November 23 - 2002,Fenerbahce,easy,4-3-3,DAGLAROGLU;KARACA;OZAT;TEMIZKANOGLU;AKYEL;STEVIC;BAYRAKTAR;ERIS;SANLI;WASHINGTON;AKIN
Kocaelispor vs. Fenerbahce - Saturday November 23 - 2002,Kocaelispor,hard,4-5-1,KORAC;COLAK;AK;SARMAN;EREN;OZTONGA;VERGUL;KARAKAYIS;ARSLAN;ARSLANER;LAZAROV
Trabzonspor vs. Ankaragucu - Saturday November 23 - 2002,Ankaragucu,hard,4-4-2,OZGULTEKIN;DURSUN;BAIDOO;BARIS;OZSARAC;TURKMEHMET;CARABAS;YILDIRIM;KELES;KARTAL;AHINFUL
Trabzonspor vs. Ankaragucu - Saturday November 23 - 2002,Trabzonspor,easy,4-4-2,PETKOVIC;KILIC;GURACAR;YAVUZ;YALCINKAYA;OZGUR;CIMSIR;MEHMET AURELIO;KARADENIZ;YILMAZ;TEKKE
Bursaspor vs. Elazigspor - Sunday November 24 - 2002,Bursaspor,hard,4-5-1,KELEMEN;UYSAL;KORKMAZ;VARESANOVIC;KILIC;FRANJA;JUNIOR;SERTKAYA;ER;ALKAN;YILMAZ
Bursaspor vs. Elazigspor - Sunday November 24 - 2002,Elazigspor,hard,5-4-1,RICHARD KINGSON;KURNAZ;BAL;BECEREN;MIRKOVIC;YESILMESE;CAKMAK;HATIPOGLU;NAMLI;MESZAROS;YANIK
Genclerbirligi vs. Galatasaray - Sunday November 24 - 2002,Galatasaray,easy,4-4-2,MONDRAGON;PENBE;KORKMAZ;POLAT;INCEEFE;DAVALA;KAYA;BALJIC;HASPOLATLI;ERDEM;CHRISTIAN
Genclerbirligi vs. Galatasaray - Sunday November 24 - 2002,Genclerbirligi,hard,4-4-2,TOKGOZ;DAEMS;BARIS;EL SAKA;BALCI;KOC;BOZKURT;SALAR;AHMED HASSAN;CIHAN;YOULA
Goztepe vs. Gaziantepspor - Sunday November 24 - 2002,Gaziantepspor,hard,4-5-1,CATKIC;BEKIROGLU;AKICI;BOUAZIZI;TORAMAN;ERDOGAN;BOLUKBASI;JULIO CESAR;TALAY;ASLAN;VIOLA
Goztepe vs. Gaziantepspor - Sunday November 24 - 2002,Goztepe,hard,4-4-2,KORK;KOCABICAK;BOZACI;KOK;AKINCI;DEMIRCIOGLU;YUNGUL;SAHIN;MKHALELE;AGACE;BIRYOL
Samsunspor vs. Altay Sk - Sunday November 24 - 2002,Altay Sk,hard,4-4-2,KURSUNLU;CAGIRAN;ATAN;BUBA;KOC;KARAKOC;EGEDIK;CHAMENI;GULTEKIN;OZTURK;KALOGLU
Samsunspor vs. Altay Sk - Sunday November 24 - 2002,Samsunspor,hard,4-4-2,SHORUNMU;DOKME;KOLOGLU;JOVANOSKI;KORKMAZ;SAGIR;GUNGOR;NAS;AYDIN;ERTAN;AYKUT
Fenerbahce vs. Istanbulspor - Friday November 29 - 2002,Fenerbahce,easy,4-3-3,DAGLAROGLU;ERCAN;DOGAN;TEMIZKANOGLU;AKYEL;STEVIC;OZAT;ERIS;REVIVO;AKIN;SANLI
Fenerbahce vs. Istanbulspor - Friday November 29 - 2002,Istanbulspor,hard,4-5-1,BOUKAR;PETKOV;AKBAS;HUSEYINOGLU;GUR;DEMIRCI;SAIDOU;KOCABAL;SAHIN;KUS;ULUSAL
Altay Sk vs. Bursaspor - Saturday November 30 - 2002,Altay Sk,hard,4-4-2,KURSUNLU;KOC;ATAN;CAGIRAN;GULTEKIN;AKIN;EGEDIK;CHAMENI;KARAKOC;KALOGLU;INAL
Altay Sk vs. Bursaspor - Saturday November 30 - 2002,Bursaspor,hard,4-5-1,KELEMEN;VARESANOVIC;KORKMAZ;JUNIOR;KILIC;BULBUL;ER;SEN;SERTKAYA;ALKAN;YILMAZ
Ankaragucu vs. Galatasaray - Saturday November 30 - 2002,Ankaragucu,hard,4-4-2,OZGULTEKIN;BAIDOO;KUTLU;OZLEM;SIMAO;TURKMEHMET;TASDEMIR;CARABAS;KELES;KARTAL;AHINFUL
Ankaragucu vs. Galatasaray - Saturday November 30 - 2002,Galatasaray,easy,4-2-3-1,MONDRAGON;LOUREIRO;KORKMAZ;POLAT;INCEEFE;KAYA;DAVALA;SAS;GOKTAN;HASPOLATLI;ERDEM
Elazigspor vs. Kocaelispor - Saturday November 30 - 2002,Elazigspor,hard,4-4-2,RICHARD KINGSON;KURNAZ;MIRKOVIC;BECEREN;TURGUT;CAKMAK;NAMLI;HATIPOGLU;GENC;MESZAROS;YANIK
Elazigspor vs. Kocaelispor - Saturday November 30 - 2002,Kocaelispor,hard,4-5-1,KORAC;BILGEN;AK;KARAKAYIS;ARSLANER;COLAK;VERGUL;ARSLAN;OZTONGA;EREN;LAZAROV
Gaziantepspor vs. Trabzonspor - Saturday November 30 - 2002,Gaziantepspor,hard,4-5-1,CATKIC;BEKIROGLU;AKICI;BOUAZIZI;TORAMAN;KOZEN;ASLAN;JULIO CESAR;ERDOGAN;OZBAY;VIOLA
Gaziantepspor vs. Trabzonspor - Saturday November 30 - 2002,Trabzonspor,easy,4-4-2,PETKOVIC;KILIC;GURACAR;YAVUZ;YALCINKAYA;OZGUR;MEHMET AURELIO;UCUNCU;KARADENIZ;YILMAZ;TEKKE
Adanaspor vs. Samsunspor - Sunday December 1 - 2002,Adanaspor,hard,5-4-1,SAHIN;UNAL;TIMKO;HALILAGIC;HONCA;OZATAK;ATES;DALCICEK;KORKUT;YILMAZ;YILDIRAN
Adanaspor vs. Samsunspor - Sunday December 1 - 2002,Samsunspor,hard,5-3-2,SHORUNMU;ULUN;YELEK;JOVANOSKI;KOLOGLU;KORKMAZ;AYDIN;IGNATOV;SAGIR;ERTAN;AYKUT
Besiktas vs. Genclerbirligi - Sunday December 1 - 2002,Besiktas,easy,3-5-2,CORDOBA;DOGANTEZ;RONALDO GUIARO;ZAGO;UZULMEZ;SULUN;PANCU;HAVUTCU;TUNA;NOUMA;MANSIZ
Besiktas vs. Genclerbirligi - Sunday December 1 - 2002,Genclerbirligi,hard,4-2-3-1,TOKGOZ;BARIS;BOZKURT;EL SAKA;BALCI;ZDEBEL;SALAR;DAEMS;AHMED HASSAN;KOC;YOULA
Denizlispor vs. Goztepe - Sunday December 1 - 2002,Denizlispor,hard,3-5-2,HEINEN;CIMEN;CETIN;KRATOCHVIL;KAHRAMAN;KABAT;GULPINAR;UCUNCU;TANDOGAN;MARTIN;BENCIK
Denizlispor vs. Goztepe - Sunday December 1 - 2002,Goztepe,hard,4-4-2,KORK;KOCABICAK;DEMIRCIOGLU;BOZACI;KOK;MKHALELE;YUNGUL;SAHIN;BAKI;AGACE;BIRYOL
Malatyaspor vs. Diyarbakirspor - Sunday December 1 - 2002,Diyarbakirspor,hard,4-5-1,KARAGOL;KOCAK;ERDOGAN;MOURA;YIGIT;CAKIR;SAATCIOGLU;YUCETAS;KOLGU;HINCAL;HACIOGLU
Malatyaspor vs. Diyarbakirspor - Sunday December 1 - 2002,Malatyaspor,hard,4-4-2,MILOSEVSKI;BAYAZIT;SEYHAN;OZER;ABAZI;VAR;ABDELAZIZ;DURO;KORKMAZ;OZER;ULUSOY
Diyarbakirspor vs. Fenerbahce - Saturday December 7 - 2002,Diyarbakirspor,hard,5-4-1,KARAGOL;KOCAK;TUNC;ERDOGAN;SAATCIOGLU;YIGIT;KOLGU;CAKIR;TURHAN;HINCAL;HACIOGLU
Diyarbakirspor vs. Fenerbahce - Saturday December 7 - 2002,Fenerbahce,easy,4-5-1,DAGLAROGLU;ERCAN;OZAT;TEMIZKANOGLU;AKYEL;SANLI;BAYRAKTAR;ORTEGA;STEVIC;ERIS;AKIN
Istanbulspor vs. Elazigspor - Saturday December 7 - 2002,Elazigspor,hard,4-4-2,RICHARD KINGSON;YESILMESE;BECEREN;BAL;MIRKOVIC;SARI;YILDIRIMKAYA;NAMLI;KURNAZ;MESZAROS;YANIK
Istanbulspor vs. Elazigspor - Saturday December 7 - 2002,Istanbulspor,hard,4-4-2,GUNGOR;PETKOV;AKBAS;GUR;YAGCIOGLU;KOCABAL;SAHIN;SAIDOU;KUS;ULUSAL;ISLER
Kocaelispor vs. Altay Sk - Saturday December 7 - 2002,Altay Sk,hard,4-4-2,KURSUNLU;KARAKOC;ATAN;CAGIRAN;KIRTOGLU;AKIN;EGEDIK;CHAMENI;KOC;KALOGLU;INAL
Kocaelispor vs. Altay Sk - Saturday December 7 - 2002,Kocaelispor,hard,4-5-1,KORAC;COLAK;AK;SARMAN;ARSLANER;OZTONGA;ARSLAN;KARAKAYIS;YASAN;EREN;LAZAROV
Trabzonspor vs. Denizlispor - Saturday December 7 - 2002,Denizlispor,hard,3-5-2,HEINEN;CIMEN;CETIN;KRATOCHVIL;HIETANEN;ERTUGRUL;KAHRAMAN;BOYRAZ;BAYER;KABAT;BENCIK
Trabzonspor vs. Denizlispor - Saturday December 7 - 2002,Trabzonspor,easy,4-4-2,PETKOVIC;KILIC;GURACAR;YAVUZ;YALCINKAYA;KANDIL;MEHMET AURELIO;CIMSIR;OZGUR;YILMAZ;TEKKE
Ankaragucu vs. Gaziantepspor - Sunday December 8 - 2002,Ankaragucu,hard,4-4-2,OZGULTEKIN;BAIDOO;KUTLU;BARIS;OZLEM;CARABAS;TASDEMIR;SIMAO;KELES;KARTAL;AHINFUL
Ankaragucu vs. Gaziantepspor - Sunday December 8 - 2002,Gaziantepspor,hard,4-5-1,CATKIC;BEKIROGLU;YURT;BOUAZIZI;TORAMAN;ERDOGAN;MARANGOZ;JULIO CESAR;ASLAN;OZBAY;VIOLA
Bursaspor vs. Adanaspor - Sunday December 8 - 2002,Adanaspor,hard,5-4-1,SAHIN;YAVUZ;OZTURK;TIMKO;HALILAGIC;OZATAK;KORKUT;DALCICEK;PACHOLA;EMILOV;ATES
Bursaspor vs. Adanaspor - Sunday December 8 - 2002,Bursaspor,hard,4-4-2,KELEMEN;KORKMAZ;OZBEY;JUNIOR;VARESANOVIC;UYSAL;SERTKAYA;ER;ALKAN;SOZKESEN;YILMAZ
Galatasaray vs. Besiktas - Sunday December 8 - 2002,Besiktas,easy,4-4-2,CORDOBA;UZULMEZ;RONALDO GUIARO;ZAGO;BESERLER;YILDIRIM;SULUN;AMARAL;DABROWSKI;MANSIZ;PANCU
Galatasaray vs. Besiktas - Sunday December 8 - 2002,Galatasaray,easy,4-4-2,MONDRAGON;UNSAL;ASIK;KORKMAZ;INCEEFE;SAS;PENBE;LOUREIRO;DAVALA;KARAN;ERDEM
Goztepe vs. Malatyaspor - Sunday December 8 - 2002,Goztepe,hard,4-4-2,KORK;GURELER;DEMIRCIOGLU;BOZACI;KOK;MKHALELE;YUNGUL;SAHIN;BAKI;OUEJDIDE;AGACE
Goztepe vs. Malatyaspor - Sunday December 8 - 2002,Malatyaspor,hard,4-4-2,MILOSEVSKI;ABAZI;KORKMAZ;SEYHAN;STANKOV;BAYAZIT;ABDELAZIZ;YAVAS;BENSOL;OZER;ULUSOY
Samsunspor vs. Genclerbirligi - Sunday December 8 - 2002,Genclerbirligi,hard,4-4-2,TOKGOZ;BARIS;BOZKURT;EL SAKA;BALCI;DAEMS;AHMED HASSAN;ZDEBEL;KOC;CIHAN;YOULA
Samsunspor vs. Genclerbirligi - Sunday December 8 - 2002,Samsunspor,hard,4-4-2,SHORUNMU;ULUN;KOLOGLU;JOVANOSKI;GUNGOR;AYDIN;SAGLAM;IGNATOV;NAS;ERTAN;AYKUT
Gaziantepspor vs. Galatasaray - Friday December 13 - 2002,Galatasaray,easy,4-4-2,MONDRAGON;UNSAL;ASIK;KORKMAZ;INCEEFE;SAS;HASPOLATLI;FABIO PINTO;GOKTAN;KARAN;ERDEM
Gaziantepspor vs. Galatasaray - Friday December 13 - 2002,Gaziantepspor,hard,4-4-2,CATKIC;BEKIROGLU;AKICI;BOUAZIZI;TORAMAN;ERDOGAN;MARANGOZ;TALAY;OZBAY;JULIO CESAR;VIOLA
Adanaspor vs. Kocaelispor - Saturday December 14 - 2002,Adanaspor,hard,3-5-2,SAHIN;TIMKO;HALILAGIC;OZTURK;UNAL;KORKUT;PACHOLA;DALCICEK;YAVUZ;BALKAYA;ATES
Adanaspor vs. Kocaelispor - Saturday December 14 - 2002,Kocaelispor,hard,4-5-1,KORAC;BILGEN;AK;ARSLANER;EREN;COLAK;YASAN;KARAKAYIS;ARSLAN;OZTONGA;LAZAROV
Altay Sk vs. Istanbulspor - Saturday December 14 - 2002,Altay Sk,hard,4-4-2,KURSUNLU;KARAPINAR;ATAN;CAGIRAN;KOC;KARAKOC;EGEDIK;CHAMENI;GULTEKIN;KALOGLU;INAL
Altay Sk vs. Istanbulspor - Saturday December 14 - 2002,Istanbulspor,hard,4-4-2,GUNGOR;PETKOV;AKBAS;OKECHUKWU;YAGCIOGLU;KOCABAL;SAHIN;SAIDOU;KUS;ULUSAL;ISLER
Fenerbahce vs. Goztepe - Saturday December 14 - 2002,Fenerbahce,easy,4-5-1,DAGLAROGLU;ERCAN;OZAT;DOGAN;AKYEL;RAPAIC;JOHNSON;ERIS;BAYRAKTAR;SANLI;AKIN
Fenerbahce vs. Goztepe - Saturday December 14 - 2002,Goztepe,hard,4-4-2,KORK;KOCABICAK;DEMIRCIOGLU;BOZACI;KOK;MKHALELE;YUNGUL;SAHIN;BAKI;AGACE;BIRYOL
Malatyaspor vs. Trabzonspor - Saturday December 14 - 2002,Malatyaspor,hard,4-4-2,MILOSEVSKI;ABAZI;KORKMAZ;SEYHAN;STANKOV;BAYAZIT;ABDELAZIZ;DURO;YAVAS;OZER;ULUSOY
Malatyaspor vs. Trabzonspor - Saturday December 14 - 2002,Trabzonspor,easy,4-4-2,PETKOVIC;KILIC;GURACAR;GUVEN;YALCINKAYA;OZGUR;CIMSIR;MEHMET AURELIO;KARADENIZ;YILMAZ;TEKKE
Besiktas vs. Samsunspor - Sunday December 15 - 2002,Besiktas,easy,3-5-2,CORDOBA;ZAGO;RONALDO GUIARO;BESERLER;UZULMEZ;YALCIN;HAVUTCU;METIN;TUNA;DURSUN;PANCU
Besiktas vs. Samsunspor - Sunday December 15 - 2002,Samsunspor,hard,3-5-2,SHORUNMU;HOCAOGLU;KOLOGLU;JOVANOSKI;ULUN;GUNGOR;SAGIR;NAS;AYDIN;ERTAN;AYKUT
Elazigspor vs. Diyarbakirspor - Sunday December 15 - 2002,Diyarbakirspor,hard,4-5-1,KARAGOL;KOCAK;ERDOGAN;KAMBUROGLU;YIGIT;CAKIR;SAATCIOGLU;TURHAN;KOLGU;HINCAL;HACIOGLU
Elazigspor vs. Diyarbakirspor - Sunday December 15 - 2002,Elazigspor,hard,4-5-1,RICHARD KINGSON;SARI;BECEREN;BAL;TURGUT;YANIK;YILDIRIMKAYA;NAMLI;HATIPOGLU;YESILMESE;MESZAROS
Genclerbirligi vs. Bursaspor - Sunday December 15 - 2002,Bursaspor,hard,4-4-2,KELEMEN;KORKMAZ;VARESANOVIC;JUNIOR;KILIC;UYSAL;SERTKAYA;ER;ALKAN;SOZKESEN;YILMAZ
Genclerbirligi vs. Bursaspor - Sunday December 15 - 2002,Genclerbirligi,hard,4-4-2,TOKGOZ;DAEMS;BOZKURT;EL SAKA;BALCI;KOC;ZDEBEL;BARIS;AHMED HASSAN;CIHAN;YOULA
Adanaspor vs. Istanbulspor - Saturday December 21 - 2002,Adanaspor,hard,4-4-2,SAHIN;YANYALI;HALILAGIC;TIMKO;OZATAK;UNAL;AYDIN;KORKUT;YAVUZ;BOLUKBAS;BALKAYA
Adanaspor vs. Istanbulspor - Saturday December 21 - 2002,Istanbulspor,hard,4-4-2,BOUKAR;PETKOV;AKBAS;HUSEYINOGLU;YAGCIOGLU;YOZGATLI;SAIDOU;SAHIN;KUS;KONA;ISLER
Besiktas vs. Bursaspor - Saturday December 21 - 2002,Besiktas,easy,4-4-2,CORDOBA;YILDIRIM;RONALDO GUIARO;HAVUTCU;BESERLER;TOPRAKTEPE;YALCIN;METIN;TUNA;DURSUN;PANCU
Besiktas vs. Bursaspor - Saturday December 21 - 2002,Bursaspor,hard,4-4-2,KELEMEN;KORKMAZ;OZBEY;JUNIOR;VARESANOVIC;DAMLA;ER;SERTKAYA;ALKAN;SOZKESEN;YILMAZ
Altay Sk vs. Diyarbakirspor - Sunday December 22 - 2002,Altay Sk,hard,4-4-2,KURSUNLU;KARAPINAR;CAGIRAN;KIRTOGLU;KOC;KARAKOC;EGEDIK;CHAMENI;GULTEKIN;KALOGLU;INAL
Altay Sk vs. Diyarbakirspor - Sunday December 22 - 2002,Diyarbakirspor,hard,4-5-1,KARAGOL;KOCAK;ERDOGAN;TUNC;YIGIT;HACIOGLU;SAATCIOGLU;TURHAN;KOLGU;HINCAL;SALGIN
Fenerbahce vs. Trabzonspor - Sunday December 22 - 2002,Fenerbahce,easy,4-5-1,DAGLAROGLU;OZAT;DOGAN;TEMIZKANOGLU;AKYEL;ERCAN;JOHNSON;ERIS;BAYRAKTAR;SANLI;AKIN
Fenerbahce vs. Trabzonspor - Sunday December 22 - 2002,Trabzonspor,easy,4-4-2,PETKOVIC;KILIC;GURACAR;GUVEN;YALCINKAYA;KARADENIZ;MEHMET AURELIO;CIMSIR;OZGUR;YILMAZ;TEKKE
Genclerbirligi vs. Kocaelispor - Sunday December 22 - 2002,Genclerbirligi,hard,4-4-2,TOKGOZ;DAEMS;BOZKURT;EL SAKA;BALCI;KOC;BARIS;ZDEBEL;AHMED HASSAN;CIHAN;YOULA
Genclerbirligi vs. Kocaelispor - Sunday December 22 - 2002,Kocaelispor,hard,4-5-1,KORAC;COLAK;ARSLANER;SARMAN;EREN;ALEKSANDROV;YASAN;KARAKAYIS;ARSLAN;OZTONGA;LAZAROV
Samsunspor vs. Galatasaray - Sunday December 22 - 2002,Galatasaray,easy,4-4-2,MONDRAGON;UNSAL;INCEEFE;KORKMAZ;DAVALA;SAS;AKMAN;GOKTAN;HASPOLATLI;KARAN;ERDEM
Samsunspor vs. Galatasaray - Sunday December 22 - 2002,Samsunspor,hard,5-3-2,TUNCAY;ULUN;JOVANOSKI;HOCAOGLU;KOLOGLU;GUNGOR;NAS;AYDIN;SAGIR;SAGLAM;ERTAN
Denizlispor vs. Ankaragucu - Tuesday January 28 - 2003,Ankaragucu,hard,4-5-1,OZGULTEKIN;DURSUN;KUTLU;BARIS;OZSARAC;OZLEM;TASDEMIR;SIMAO;CARABAS;KELES;AHINFUL
Denizlispor vs. Ankaragucu - Tuesday January 28 - 2003,Denizlispor,hard,4-4-2,HEINEN;HIETANEN;CETIN;KRATOCHVIL;TANDOGAN;KAHRAMAN;ERTUGRUL;KABAT;BAYER;MARTIN;BENCIK
Denizlispor vs. Gaziantepspor - Sunday February 2 - 2003,Denizlispor,hard,3-5-2,HEINEN;CIMEN;CETIN;KRATOCHVIL;KAHRAMAN;ERTUGRUL;KABAT;BOYRAZ;BAYER;MARTIN;OZKAN
Denizlispor vs. Gaziantepspor - Sunday February 2 - 2003,Gaziantepspor,hard,4-5-1,CATKIC;ERDOGAN;AKICI;YURT;TORAMAN;KOZEN;BOUAZIZI;GUNES;MARANGOZ;BOLUKBASI;VIOLA
Elazigspor vs. Goztepe - Sunday February 2 - 2003,Elazigspor,hard,3-5-2,RICHARD KINGSON;BAL;BECEREN;KURNAZ;SARI;HATIPOGLU;NAMLI;DELIORMAN;YESILMESE;MESZAROS;YENIKAN
Elazigspor vs. Goztepe - Sunday February 2 - 2003,Goztepe,hard,4-4-2,KORK;KOCABICAK;YAVAS;BOZACI;DEMIRCIOGLU;MKHALELE;YUNGUL;SAHIN;BAKI;AGACE;BIRYOL
Fenerbahce vs. Besiktas - Sunday February 2 - 2003,Besiktas,easy,4-4-2,CORDOBA;UZULMEZ;DOGANTEZ;ZAGO;HAVUTCU;YILDIRIM;SULUN;METIN;DABROWSKI;MANSIZ;PANCU
Fenerbahce vs. Besiktas - Sunday February 2 - 2003,Fenerbahce,easy,4-5-1,DAGLAROGLU;ERCAN;OZAT;TEMIZKANOGLU;AKYEL;SANLI;BAYRAKTAR;ERIS;JOHNSON;GUNES;AKIN
Malatyaspor vs. Ankaragucu - Sunday February 2 - 2003,Ankaragucu,hard,4-4-2,OZGULTEKIN;DURSUN;BARIS;OZLEM;OZSARAC;TURKMEHMET;SIMAO;CARABAS;KELES;KARTAL;AHINFUL
Malatyaspor vs. Ankaragucu - Sunday February 2 - 2003,Malatyaspor,hard,4-4-2,MILOSEVSKI;ABAZI;KORKMAZ;SEYHAN;STANKOV;BAYAZIT;ABDELAZIZ;VAR;BENSOL;OZER;ULUSOY
Bursaspor vs. Samsunspor - Saturday February 8 - 2003,Bursaspor,hard,4-4-2,MAJDAN;KORKMAZ;OZBEY;GLAUBER;BULAT;VARESANOVIC;JUNIOR;SERTKAYA;KILIC;YILMAZ;SAHINTURK
Bursaspor vs. Samsunspor - Saturday February 8 - 2003,Samsunspor,hard,3-5-2,TUNCAY;YELEK;MILTON DO O;OZKOYLU;ULUN;ADEPOJU;JUNINHO CEARENSE;HOCAOGLU;KORKMAZ;DERELIOGLU;AYKUT
Gaziantepspor vs. Malatyaspor - Saturday February 8 - 2003,Gaziantepspor,hard,4-5-1,CATKIC;VICTORIA;AKICI;YURT;TORAMAN;ERDOGAN;GUNES;JULIO CESAR;BOUAZIZI;AYHAN;VIOLA
Gaziantepspor vs. Malatyaspor - Saturday February 8 - 2003,Malatyaspor,hard,4-4-2,MILOSEVSKI;DUMAN;KORKMAZ;SEYHAN;STANKOV;BAYAZIT;ABAZI;ESER;BENSOL;OZER;ULUSOY
Goztepe vs. Altay Sk - Saturday February 8 - 2003,Altay Sk,hard,4-4-2,KURSUNLU;KARAPINAR;ATAN;CAGIRAN;GULTEKIN;AKIN;VIDUSLU;NALBANTOGLU;KOC;KALOGLU;INAL
Goztepe vs. Altay Sk - Saturday February 8 - 2003,Goztepe,hard,4-4-2,KORK;DEMIRCIOGLU;BOZACI;YAVAS;ONUR;MKHALELE;YUNGUL;SAHIN;BAKI;KUCUKVARDAR;BIRYOL
Kocaelispor vs. Besiktas - Saturday February 8 - 2003,Besiktas,easy,3-5-2,CORDOBA;ZAGO;RONALDO GUIARO;YILDIRIM;UZULMEZ;PANCU;HAVUTCU;METIN;DABROWSKI;MANSIZ;DURSUN
Kocaelispor vs. Besiktas - Saturday February 8 - 2003,Kocaelispor,hard,4-4-2,SAHIN;ARSLANER;AK;SARMAN;EREN;COLAK;VERGUL;DIDAVA;OZTONGA;IMEDADZE;GEORGIEV
Ankaragucu vs. Fenerbahce - Sunday February 9 - 2003,Ankaragucu,hard,3-5-2,OZGULTEKIN;KUTLU;BAIDOO;BARIS;DURSUN;SIMAO;KAZMAZ;OZLEM;KELES;KARTAL;AHINFUL
Ankaragucu vs. Fenerbahce - Sunday February 9 - 2003,Fenerbahce,easy,4-5-1,RECBER;ERCAN;OZAT;MIRKOVIC;GUNES;SANLI;BAYRAKTAR;ORTEGA;ASLAN;AKIN;BESCHASTNYKH
Diyarbakirspor vs. Adanaspor - Sunday February 9 - 2003,Adanaspor,hard,5-3-2,SAHIN;BEKIROGLU;TIMKO;OZTURK;HONCA;YAVUZ;ATES;LALIK;SIMEONOV;BALKAYA;AYDIN
Diyarbakirspor vs. Adanaspor - Sunday February 9 - 2003,Diyarbakirspor,hard,4-5-1,KARAGOL;KOCAK;ERDOGAN;TUNC;CAKIR;HACIOGLU;DIDA;TURHAN;HINCAL;SAATCIOGLU;AKYUZ
Istanbulspor vs. Genclerbirligi - Sunday February 9 - 2003,Genclerbirligi,hard,4-4-2,TOKGOZ;DAEMS;BOZKURT;EL SAKA;BARIS;KOC;ZDEBEL;SALAR;BALCI;CIHAN;YOULA
Istanbulspor vs. Genclerbirligi - Sunday February 9 - 2003,Istanbulspor,hard,4-4-2,ZDRAVKOV;PETKOV;AKBAS;OKECHUKWU;YAGCIOGLU;ALEKSANDROV;SAHIN;SAIDOU;KUS;KONA;ISLER
Trabzonspor vs. Elazigspor - Sunday February 9 - 2003,Elazigspor,hard,4-5-1,USAK;GENC;BAL;KURNAZ;TURGUT;CAKMAK;HATIPOGLU;ZE ROBERTO;NAMLI;CZINEGE;MESZAROS
Trabzonspor vs. Elazigspor - Sunday February 9 - 2003,Trabzonspor,easy,4-4-2,PETKOVIC;KILIC;GURACAR;KAHRAMAN;YALCINKAYA;OZGUR;MEHMET AURELIO;CIMSIR;KARADENIZ;YILMAZ;TEKKE
Fenerbahce vs. Gaziantepspor - Saturday February 15 - 2003,Fenerbahce,easy,4-5-1,RECBER;ERCAN;OZAT;JOHNSON;MIRKOVIC;SANLI;BAYRAKTAR;REBROV;ASLAN;ERIS;BESCHASTNYKH
Fenerbahce vs. Gaziantepspor - Saturday February 15 - 2003,Gaziantepspor,hard,3-5-2,CATKIC;TORAMAN;AKICI;YURT;VICTORIA;GUNES;BOUAZIZI;ERDOGAN;AYHAN;JULIO CESAR;VIOLA
Genclerbirligi vs. Diyarbakirspor - Saturday February 15 - 2003,Diyarbakirspor,hard,4-4-2,KARAGOL;KOCAK;ERDOGAN;TUNC;YIGIT;KAMBUROGLU;TURHAN;KOLGU;CAKIR;AKYUZ;HACIOGLU
Genclerbirligi vs. Diyarbakirspor - Saturday February 15 - 2003,Genclerbirligi,hard,4-5-1,TOKGOZ;DAEMS;EL SAKA;TOPRAKTEPE;BALCI;KOC;BARIS;AHMED HASSAN;ZDEBEL;MBAYO;CIHAN
Malatyaspor vs. Denizlispor - Saturday February 15 - 2003,Denizlispor,hard,4-4-2,HEINEN;KRATOCHVIL;CETIN;CIMEN;TANDOGAN;KAHRAMAN;BOYRAZ;KABAT;ERTUGRUL;MARTIN;OZKAN
Malatyaspor vs. Denizlispor - Saturday February 15 - 2003,Malatyaspor,hard,4-4-2,MILOSEVSKI;SAHIN;ABAZI;KORKMAZ;STANKOV;BAYAZIT;DURO;ABDELAZIZ;BENSOL;OZER;ULUSOY
Samsunspor vs. Kocaelispor - Saturday February 15 - 2003,Kocaelispor,hard,4-4-2,SAHIN;AK;DIDAVA;KEMOKLIDZE;ARSLANER;COLAK;VERGUL;OZTONGA;EREN;IMEDADZE;GEORGIEV
Samsunspor vs. Kocaelispor - Saturday February 15 - 2003,Samsunspor,hard,3-5-2,TUNCAY;YELEK;MILTON DO O;OZKOYLU;SAGIR;DOKME;JUNINHO CEARENSE;IGNATOV;AYDIN;DERELIOGLU;AYKUT
Adanaspor vs. Goztepe - Sunday February 16 - 2003,Adanaspor,hard,5-3-2,SAHIN;YAVUZ;HALILAGIC;TIMKO;OZTURK;OZATAK;SIMEONOV;LALIK;BEKIROGLU;AYDIN;ATES
Adanaspor vs. Goztepe - Sunday February 16 - 2003,Goztepe,hard,4-4-2,KORK;DEMIRCIOGLU;YAVAS;KIP;ONUR;MKHALELE;YUNGUL;SAHIN;BAKI;KUCUKVARDAR;BIRYOL
Altay Sk vs. Trabzonspor - Sunday February 16 - 2003,Altay Sk,hard,4-4-2,KURSUNLU;KARAPINAR;ATAN;NASUHOGULLARI;GULTEKIN;AKIN;ZENGIN;EGEDIK;NALBANTOGLU;EFFA-OWONA;KALOGLU
Altay Sk vs. Trabzonspor - Sunday February 16 - 2003,Trabzonspor,easy,4-5-1,PETKOVIC;KILIC;CORA;YAVUZ;YALCINKAYA;LEE;MEHMET AURELIO;KANDIL;CIMSIR;KARADENIZ;YILMAZ
Besiktas vs. Istanbulspor - Sunday February 16 - 2003,Besiktas,easy,3-5-2,GENCER;ZAGO;RONALDO GUIARO;BESERLER;UZULMEZ;SULUN;MALDARASANU;HAVUTCU;PANCU;MANSIZ;DURSUN
Besiktas vs. Istanbulspor - Sunday February 16 - 2003,Istanbulspor,hard,3-5-2,ZDRAVKOV;AKBAS;OKECHUKWU;HUSEYINOGLU;ALEKSANDROV;SAIDOU;SAHIN;ANDRE BORGES;KUS;BUSHI;ISLER
Bursaspor vs. Galatasaray - Sunday February 16 - 2003,Bursaspor,hard,5-3-2,KELEMEN;KORKMAZ;KILIC;OZBEY;VARESANOVIC;BULAT;JUNIOR;SERTKAYA;GLAUBER;YILMAZ;SAHINTURK
Bursaspor vs. Galatasaray - Sunday February 16 - 2003,Galatasaray,easy,4-2-3-1,MONDRAGON;UNSAL;KORKMAZ;USTA;XAVIER;BATISTA;PENBE;BALJIC;REVIVO;DAVALA;LUKUNKU
Elazigspor vs. Ankaragucu - Sunday February 16 - 2003,Ankaragucu,hard,4-4-2,OZGULTEKIN;DURSUN;KUTLU;BARIS;OZSARAC;KAZMAZ;SIMAO;OZLEM;KELES;KARTAL;AHINFUL
Elazigspor vs. Ankaragucu - Sunday February 16 - 2003,Elazigspor,hard,4-5-1,USAK;YESILMESE;BECEREN;KURNAZ;TURGUT;GENC;HATIPOGLU;ZE ROBERTO;NAMLI;CZINEGE;MESZAROS
Goztepe vs. Genclerbirligi - Saturday February 22 - 2003,Genclerbirligi,hard,4-4-2,TOKGOZ;DAEMS;BOZKURT;EL SAKA;BALCI;KOC;ZDEBEL;BARIS;AHMED HASSAN;CIHAN;YOULA
Goztepe vs. Genclerbirligi - Saturday February 22 - 2003,Goztepe,hard,4-4-2,KORK;DEMIRCIOGLU;YAVAS;KIP;ONUR;MKHALELE;YUNGUL;SAHIN;BAKI;KUCUKVARDAR;BIRYOL
Trabzonspor vs. Adanaspor - Saturday February 22 - 2003,Adanaspor,hard,5-3-2,SAHIN;BEKIROGLU;TIMKO;HALILAGIC;HONCA;OZATAK;LALIK;DALCICEK;SIMEONOV;AYDIN;ATES
Trabzonspor vs. Adanaspor - Saturday February 22 - 2003,Trabzonspor,easy,4-5-1,PETKOVIC;KILIC;GURACAR;YAVUZ;YALCINKAYA;LEE;MEHMET AURELIO;KANDIL;CIMSIR;KARADENIZ;TEKKE
Ankaragucu vs. Altay Sk - Sunday February 23 - 2003,Altay Sk,hard,4-4-2,KURSUNLU;CAGIRAN;ATAN;NASUHOGULLARI;KOC;KARAKOC;ZENGIN;VIDUSLU;GULTEKIN;OZTURK;KALOGLU
Ankaragucu vs. Altay Sk - Sunday February 23 - 2003,Ankaragucu,hard,4-4-2,OZGULTEKIN;TURKMEHMET;KUTLU;BARIS;OZSARAC;KAZMAZ;SIMAO;OZLEM;KELES;KARTAL;AHINFUL
Galatasaray vs. Malatyaspor - Sunday February 23 - 2003,Galatasaray,easy,4-4-2,MONDRAGON;UNSAL;USTA;KORKMAZ;XAVIER;PENBE;BATISTA;REVIVO;DAVALA;LUKUNKU;ERDEM
Galatasaray vs. Malatyaspor - Sunday February 23 - 2003,Malatyaspor,hard,4-4-2,MILOSEVSKI;STANKOV;KORKMAZ;SEYHAN;SAHIN;UZ;BENSOL;ABDELAZIZ;DURO;ULUSOY;ESER
Istanbulspor vs. Samsunspor - Sunday February 23 - 2003,Istanbulspor,hard,4-4-2,GUNGOR;PETKOV;GUR;OKECHUKWU;HUSEYINOGLU;YOZGATLI;SAIDOU;SAHIN;ALEKSANDROV;KONA;BUSHI
Istanbulspor vs. Samsunspor - Sunday February 23 - 2003,Samsunspor,hard,5-3-2,TUNCAY;DOKME;OZKOYLU;YELEK;MILTON DO O;CAN;AYDIN;JUNINHO CEARENSE;SAGIR;DERELIOGLU;AYKUT
Fenerbahce vs. Malatyaspor - Friday February 28 - 2003,Fenerbahce,easy,4-4-2,RECBER;ALBAYRAK;OZAT;MIRKOVIC;BAYRAKTAR;SANLI;JOHNSON;TEMIZKANOGLU;ERIS;BESCHASTNYKH;REBROV
Fenerbahce vs. Malatyaspor - Friday February 28 - 2003,Malatyaspor,hard,4-4-2,MILOSEVSKI;SAHIN;KORKMAZ;SEYHAN;STANKOV;BENSOL;DURO;ABDELAZIZ;UZ;ULUSOY;ESER
Altay Sk vs. Gaziantepspor - Saturday March 1 - 2003,Altay Sk,hard,4-4-2,KURSUNLU;KARAKOC;ATAN;CAGIRAN;KOC;AKIN;VURUR;VIDUSLU;GULTEKIN;KALOGLU;INAL
Altay Sk vs. Gaziantepspor - Saturday March 1 - 2003,Gaziantepspor,hard,4-4-2,CATKIC;BOLUKBASI;AKICI;BOUAZIZI;TORAMAN;ROMASHCHENKO;JULIO CESAR;ERDOGAN;AYHAN;GUNES;VIOLA
Bursaspor vs. Istanbulspor - Saturday March 1 - 2003,Bursaspor,hard,3-5-2,MAJDAN;OZBEY;GUSAR;KILIC;ALKAN;JUNIOR;SERTKAYA;ER;BULAT;YILMAZ;SAHINTURK
Bursaspor vs. Istanbulspor - Saturday March 1 - 2003,Istanbulspor,hard,3-5-2,ZDRAVKOV;HUSEYINOGLU;AKBAS;OKECHUKWU;PETKOV;KUS;SAHIN;SAIDOU;ALEKSANDROV;KONA;ISLER
Genclerbirligi vs. Trabzonspor - Saturday March 1 - 2003,Genclerbirligi,hard,4-4-2,TOKGOZ;DAEMS;BOZKURT;EL SAKA;BARIS;KOC;ZDEBEL;AHMED HASSAN;BALCI;CIHAN;YOULA
Genclerbirligi vs. Trabzonspor - Saturday March 1 - 2003,Trabzonspor,easy,4-5-1,PETKOVIC;LEE;GURACAR;YAVUZ;CORA;SOMERS;MEHMET AURELIO;CIMSIR;UCUNCU;KARADENIZ;TEKKE
Kocaelispor vs. Galatasaray - Saturday March 1 - 2003,Galatasaray,easy,4-4-2,MONDRAGON;UNSAL;KORKMAZ;XAVIER;DAVALA;AKMAN;BATISTA;REVIVO;GOKTAN;LUKUNKU;KARAN
Kocaelispor vs. Galatasaray - Saturday March 1 - 2003,Kocaelispor,hard,4-5-1,SAHIN;AK;DIDAVA;KEMOKLIDZE;ARSLANER;COLAK;VERGUL;KARAKAYIS;OZTONGA;EREN;LAZAROV
Adanaspor vs. Ankaragucu - Sunday March 2 - 2003,Adanaspor,hard,4-5-1,SAHIN;YAVUZ;HALILAGIC;TIMKO;YANYALI;ATES;AYDIN;PACHOLA;DALCICEK;OZATAK;AYDIN
Adanaspor vs. Ankaragucu - Sunday March 2 - 2003,Ankaragucu,hard,4-5-1,OZGULTEKIN;DURSUN;KUTLU;BARIS;OZSARAC;KAZMAZ;SIMAO;OZLEM;CARABAS;KELES;AHINFUL
Besiktas vs. Goztepe - Sunday March 2 - 2003,Besiktas,easy,4-4-2,CORDOBA;YILDIRIM;RONALDO GUIARO;GIUNTI;DOGANTEZ;TOPRAKTEPE;SULUN;PANCU;DABROWSKI;NOUMA;MANSIZ
Besiktas vs. Goztepe - Sunday March 2 - 2003,Goztepe,hard,4-4-2,KORK;DEMIRCIOGLU;BOZACI;YAVAS;ONUR;MKHALELE;AGACE;YUNGUL;BAKI;KUCUKVARDAR;BIRYOL
Elazigspor vs. Denizlispor - Sunday March 2 - 2003,Denizlispor,hard,4-4-2,HEINEN;CIMEN;CETIN;KRATOCHVIL;BAYER;KAHRAMAN;TASDEMIR;BOYRAZ;TANDOGAN;MARTIN;BENCIK
Elazigspor vs. Denizlispor - Sunday March 2 - 2003,Elazigspor,hard,4-5-1,USAK;GENC;BAL;KURNAZ;CAKMAK;YANIK;YILDIRIMKAYA;NAMLI;HATIPOGLU;CZINEGE;MESZAROS
Samsunspor vs. Diyarbakirspor - Sunday March 2 - 2003,Diyarbakirspor,hard,4-5-1,KARAGOL;KOCAK;ERDOGAN;TUNC;YIGIT;HACIOGLU;HINCAL;TURHAN;KOLGU;SAATCIOGLU;AKYUZ
Samsunspor vs. Diyarbakirspor - Sunday March 2 - 2003,Samsunspor,hard,4-4-2,AKARSU;DOKME;MILTON DO O;YELEK;CAN;SAGIR;JUNINHO CEARENSE;ADEPOJU;AYDIN;DERELIOGLU;AYKUT
Gaziantepspor vs. Adanaspor - Friday March 7 - 2003,Adanaspor,hard,4-4-2,SAHIN;BEKIROGLU;TIMKO;OZTURK;YANYALI;YAVUZ;PACHOLA;LALIK;EMILOV;AYDIN;ATES
Gaziantepspor vs. Adanaspor - Friday March 7 - 2003,Gaziantepspor,hard,4-4-2,CATKIC;VICTORIA;AKICI;BOUAZIZI;TORAMAN;BOLUKBASI;GUNES;TEMEL;AYHAN;JULIO CESAR;VIOLA
Denizlispor vs. Altay Sk - Saturday March 8 - 2003,Altay Sk,hard,4-4-2,KURSUNLU;KARAPINAR;ATAN;NASUHOGULLARI;KOC;VURUR;VIDUSLU;EGEDIK;GULTEKIN;EFFA-OWONA;KALOGLU
Denizlispor vs. Altay Sk - Saturday March 8 - 2003,Denizlispor,hard,4-4-2,HEINEN;KRATOCHVIL;CETIN;CIMEN;BAYER;OZKAN;TASDEMIR;BOYRAZ;TANDOGAN;MARTIN;BENCIK
Galatasaray vs. Fenerbahce - Saturday March 8 - 2003,Fenerbahce,easy,4-5-1,RECBER;ERCAN;OZAT;MIRKOVIC;AKYEL;REBROV;JOHNSON;ERIS;ASLAN;SANLI;BESCHASTNYKH
Galatasaray vs. Fenerbahce - Saturday March 8 - 2003,Galatasaray,easy,4-4-2,MONDRAGON;UNSAL;KORKMAZ;XAVIER;DAVALA;PENBE;ARSLAN;REVIVO;HASPOLATLI;LUKUNKU;KARAN
Goztepe vs. Samsunspor - Saturday March 8 - 2003,Goztepe,hard,4-4-2,ATAMAN;DEMIRCIOGLU;YAVAS;KIP;KOK;MKHALELE;ONUR;SAHIN;BAKI;KUCUKVARDAR;BIRYOL
Goztepe vs. Samsunspor - Saturday March 8 - 2003,Samsunspor,hard,5-3-2,TUNCAY;DOKME;OZKOYLU;YELEK;MILTON DO O;CAN;AYDIN;JUNINHO CEARENSE;SAGIR;DERELIOGLU;AYKUT
Malatyaspor vs. Elazigspor - Saturday March 8 - 2003,Elazigspor,hard,4-5-1,USAK;GENC;BECEREN;KURNAZ;TURGUT;CAKMAK;HATIPOGLU;ZE ROBERTO;NAMLI;CZINEGE;MESZAROS
Malatyaspor vs. Elazigspor - Saturday March 8 - 2003,Malatyaspor,hard,4-4-2,MILOSEVSKI;STANKOV;KORKMAZ;SEYHAN;DUMAN;UZ;ABDELAZIZ;YAVAS;BENSOL;ULUSOY;ESER
Ankaragucu vs. Genclerbirligi - Sunday March 9 - 2003,Ankaragucu,hard,4-5-1,OZGULTEKIN;DURSUN;KUTLU;BARIS;OZSARAC;KAZMAZ;OZLEM;SIMAO;CARABAS;AHINFUL;KARTAL
Ankaragucu vs. Genclerbirligi - Sunday March 9 - 2003,Genclerbirligi,hard,4-4-2,TOKGOZ;DAEMS;EL SAKA;TOPRAKTEPE;BALCI;KOC;BOZKURT;AHMED HASSAN;MBAYO;CIHAN;YOULA
Diyarbakirspor vs. Bursaspor - Sunday March 9 - 2003,Bursaspor,hard,3-5-2,KELEMEN;OZBEY;VARESANOVIC;KILIC;SEN;JUNIOR;SERTKAYA;ER;BULAT;YILMAZ;SAHINTURK
Diyarbakirspor vs. Bursaspor - Sunday March 9 - 2003,Diyarbakirspor,hard,4-5-1,KARAGOL;DIDA;ERDOGAN;TUNC;YIGIT;HACIOGLU;HINCAL;TURHAN;KOLGU;SAATCIOGLU;AKYUZ
Istanbulspor vs. Kocaelispor - Sunday March 9 - 2003,Istanbulspor,hard,4-4-2,ZDRAVKOV;PETKOV;AKBAS;OKECHUKWU;ANDRE BORGES;YOZGATLI;SAHIN;KOCABAL;KUS;ALEKSANDROV;ISLER
Istanbulspor vs. Kocaelispor - Sunday March 9 - 2003,Kocaelispor,hard,4-5-1,SAHIN;AK;DIDAVA;KEMOKLIDZE;EREN;COLAK;VERGUL;KARAKAYIS;OZTONGA;ARSLANER;JANASHIA
Trabzonspor vs. Besiktas - Sunday March 9 - 2003,Besiktas,easy,4-4-2,CORDOBA;DABROWSKI;RONALDO GUIARO;ZAGO;DOGANTEZ;TOPRAKTEPE;HAVUTCU;GIUNTI;TUNA;MANSIZ;PANCU
Trabzonspor vs. Besiktas - Sunday March 9 - 2003,Trabzonspor,easy,4-4-2,PETKOVIC;SOMERS;GURACAR;YAVUZ;CORA;LEE;CIMSIR;MEHMET AURELIO;KARADENIZ;YILMAZ;TEKKE
Genclerbirligi vs. Gaziantepspor - Friday March 14 - 2003,Gaziantepspor,hard,4-4-2,CATKIC;VICTORIA;AKICI;BOUAZIZI;TORAMAN;ROMASHCHENKO;MARANGOZ;ERDOGAN;BOLUKBASI;GUNES;JULIO CESAR
Genclerbirligi vs. Gaziantepspor - Friday March 14 - 2003,Genclerbirligi,hard,4-4-2,SONMEZ;DAEMS;BOZKURT;TOPRAKTEPE;BALCI;GURSEL;ZDEBEL;BARIS;KOC;CIHAN;YOULA
Adanaspor vs. Denizlispor - Saturday March 15 - 2003,Adanaspor,hard,4-4-2,SAHIN;UNAL;TIMKO;OZTURK;YANYALI;BEKIROGLU;AYDIN;PACHOLA;ATES;BALKAYA;AYDIN
Adanaspor vs. Denizlispor - Saturday March 15 - 2003,Denizlispor,hard,4-4-2,HEINEN;ERTUGRUL;BAYER;KRATOCHVIL;TANDOGAN;KAHRAMAN;TASDEMIR;BOYRAZ;OZKAN;KABAT;BENCIK
Elazigspor vs. Fenerbahce - Saturday March 15 - 2003,Elazigspor,hard,4-5-1,RICHARD KINGSON;GENC;BECEREN;KURNAZ;TURGUT;CAKMAK;HATIPOGLU;ZE ROBERTO;NAMLI;CZINEGE;MESZAROS
Elazigspor vs. Fenerbahce - Saturday March 15 - 2003,Fenerbahce,easy,4-5-1,RECBER;ERCAN;OZAT;MIRKOVIC;AKYEL;SANLI;BAYRAKTAR;TEMIZKANOGLU;ASLAN;AKIN;BESCHASTNYKH
Istanbulspor vs. Galatasaray - Saturday March 15 - 2003,Galatasaray,easy,4-4-2,MONDRAGON;UNSAL;KORKMAZ;XAVIER;DAVALA;PENBE;ARSLAN;REVIVO;HASPOLATLI;LUKUNKU;KARAN
Istanbulspor vs. Galatasaray - Saturday March 15 - 2003,Istanbulspor,hard,4-4-2,ZDRAVKOV;PETKOV;AKBAS;OKECHUKWU;KOCABAL;ALEKSANDROV;SAHIN;SAIDOU;KUS;BUSHI;ISLER
Samsunspor vs. Trabzonspor - Saturday March 15 - 2003,Samsunspor,hard,3-5-2,TUNCAY;MILTON DO O;JOVANOSKI;OZKOYLU;DOKME;JUNINHO CEARENSE;ADEPOJU;SAGIR;CAN;DERELIOGLU;AYKUT
Samsunspor vs. Trabzonspor - Saturday March 15 - 2003,Trabzonspor,easy,4-4-2,PETKOVIC;LEE;GURACAR;YAVUZ;CORA;SOMERS;MEHMET AURELIO;OZGUR;KARADENIZ;YILMAZ;TEKKE
Altay Sk vs. Malatyaspor - Sunday March 16 - 2003,Altay Sk,hard,4-4-2,KURSUNLU;KARAKOC;ATAN;CAGIRAN;GULTEKIN;AKIN;VIDUSLU;VURUR;KOC;KALOGLU;INAL
Altay Sk vs. Malatyaspor - Sunday March 16 - 2003,Malatyaspor,hard,4-4-2,MILOSEVSKI;STANKOV;KORKMAZ;SEYHAN;DUMAN;YAVAS;DURO;ERBAY;UZ;ULUSOY;ESER
Besiktas vs. Ankaragucu - Sunday March 16 - 2003,Ankaragucu,hard,4-5-1,OZGULTEKIN;BAIDOO;KUTLU;BARIS;OZSARAC;OZALP;KARTOP;SIMAO;YILDIRIM;KELES;AHINFUL
Besiktas vs. Ankaragucu - Sunday March 16 - 2003,Besiktas,easy,4-4-2,CORDOBA;TOPRAKTEPE;RONALDO GUIARO;ZAGO;DOGANTEZ;YALCIN;SULUN;GIUNTI;DABROWSKI;MANSIZ;DURSUN
Bursaspor vs. Goztepe - Sunday March 16 - 2003,Bursaspor,hard,4-4-2,KELEMEN;DAMLA;OZBEY;ER;VARESANOVIC;SEN;JUNIOR;GLAUBER;KILIC;YILMAZ;SAHINTURK
Bursaspor vs. Goztepe - Sunday March 16 - 2003,Goztepe,hard,4-4-2,KORK;KOCABICAK;YAVAS;BOZACI;DEMIRCIOGLU;MKHALELE;KIP;YUNGUL;BAKI;KUCUKVARDAR;BIRYOL
Kocaelispor vs. Diyarbakirspor - Sunday March 16 - 2003,Diyarbakirspor,hard,4-5-1,KARAGOL;KOCAK;ERDOGAN;MOURA;YIGIT;HACIOGLU;KOLGU;TURHAN;HINCAL;SAATCIOGLU;AKYUZ
Kocaelispor vs. Diyarbakirspor - Sunday March 16 - 2003,Kocaelispor,hard,4-5-1,SAHIN;AK;DIDAVA;KEMOKLIDZE;ARSLANER;LAZAROV;VERGUL;KARAKAYIS;OZTONGA;EREN;JANASHIA
Galatasaray vs. Denizlispor - Wednesday March 19 - 2003,Denizlispor,hard,4-4-2,HEINEN;BAYER;CETIN;KRATOCHVIL;TANDOGAN;BENCIK;TASDEMIR;KAHRAMAN;KABAT;MARTIN;OZKAN
Galatasaray vs. Denizlispor - Wednesday March 19 - 2003,Galatasaray,easy,4-4-2,MONDRAGON;UNSAL;KORKMAZ;XAVIER;DAVALA;PENBE;ARSLAN;REVIVO;HASPOLATLI;KARAN;ERDEM
Gaziantepspor vs. Elazigspor - Wednesday March 19 - 2003,Elazigspor,hard,4-5-1,RICHARD KINGSON;GENC;BECEREN;KURNAZ;TURGUT;CAKMAK;HATIPOGLU;ZE ROBERTO;NAMLI;CZINEGE;MESZAROS
Gaziantepspor vs. Elazigspor - Wednesday March 19 - 2003,Gaziantepspor,hard,4-5-1,CATKIC;VICTORIA;AKICI;YURT;AYHAN;ROMASHCHENKO;BOUAZIZI;GUNES;ERDOGAN;BOLUKBASI;VIOLA
Kocaelispor vs. Bursaspor - Wednesday March 19 - 2003,Bursaspor,hard,4-4-2,KELEMEN;DAMLA;KORKMAZ;JUNIOR;OZBEY;VARESANOVIC;GLAUBER;ER;KILIC;YILMAZ;SAHINTURK
Kocaelispor vs. Bursaspor - Wednesday March 19 - 2003,Kocaelispor,hard,4-5-1,SAHIN;AK;DIDAVA;VERGUL;ARSLANER;COLAK;OZTONGA;AKSOY;KARAKAYIS;EREN;GEORGIEV
Ankaragucu vs. Samsunspor - Saturday March 22 - 2003,Ankaragucu,hard,4-5-1,OZGULTEKIN;OZALP;KUTLU;BARIS;OZSARAC;BAIDOO;OZLEM;KARTOP;YILDIRIM;KELES;AHINFUL
Ankaragucu vs. Samsunspor - Saturday March 22 - 2003,Samsunspor,hard,5-3-2,TUNCAY;DOKME;OZKOYLU;YELEK;MILTON DO O;CAN;AYDIN;JUNINHO CEARENSE;SAGIR;SAGLAM;AYKUT
Diyarbakirspor vs. Istanbulspor - Saturday March 22 - 2003,Diyarbakirspor,hard,4-5-1,DIALLO;KOCAK;ERDOGAN;TUNC;YIGIT;HACIOGLU;KOLGU;TURHAN;HINCAL;SAATCIOGLU;AKYUZ
Diyarbakirspor vs. Istanbulspor - Saturday March 22 - 2003,Istanbulspor,hard,3-5-2,ZDRAVKOV;GUR;AKBAS;HUSEYINOGLU;PETKOV;KUS;SAIDOU;KOCABAL;ALEKSANDROV;KONA;YOZGATLI
Fenerbahce vs. Altay Sk - Saturday March 22 - 2003,Altay Sk,hard,4-4-2,KURSUNLU;CAGIRAN;ATAN;VURUR;GULTEKIN;KARAKOC;VIDUSLU;EGEDIK;ZENGIN;EFFA-OWONA;KALOGLU
Fenerbahce vs. Altay Sk - Saturday March 22 - 2003,Fenerbahce,easy,4-4-2,RECBER;ALBAYRAK;DOGAN;MIRKOVIC;GUNES;SANLI;BAYRAKTAR;ERIS;AKIN;BESCHASTNYKH;REBROV
Malatyaspor vs. Adanaspor - Saturday March 22 - 2003,Adanaspor,hard,4-4-2,SAHIN;BEKIROGLU;TIMKO;OZTURK;YANYALI;ATES;AYDIN;PACHOLA;UNAL;YILDIRAN;AYDIN
Malatyaspor vs. Adanaspor - Saturday March 22 - 2003,Malatyaspor,hard,4-4-2,MILOSEVSKI;STANKOV;KORKMAZ;SEYHAN;DUMAN;YAVAS;DURO;UZ;BENSOL;ULUSOY;ESER
Denizlispor vs. Genclerbirligi - Sunday March 23 - 2003,Denizlispor,hard,4-4-2,KUCUK;CIMEN;CETIN;KRATOCHVIL;BAYER;KABAT;TASDEMIR;KAHRAMAN;OZKAN;MARTIN;BENCIK
Denizlispor vs. Genclerbirligi - Sunday March 23 - 2003,Genclerbirligi,hard,4-4-2,TOKGOZ;DAEMS;BOZKURT;EL SAKA;BARIS;GURSEL;MBAYO;AHMED HASSAN;KOC;CIHAN;YOULA
Galatasaray vs. Elazigspor - Sunday March 23 - 2003,Elazigspor,hard,4-5-1,USAK;CAKMAK;BECEREN;KURNAZ;TURGUT;GENC;HATIPOGLU;ZE ROBERTO;DELIORMAN;CZINEGE;MESZAROS
Galatasaray vs. Elazigspor - Sunday March 23 - 2003,Galatasaray,easy,4-4-2,MONDRAGON;UNSAL;KORKMAZ;XAVIER;DAVALA;PENBE;ARSLAN;REVIVO;SAS;LUKUNKU;KARAN
Gaziantepspor vs. Besiktas - Sunday March 23 - 2003,Besiktas,easy,4-4-2,CORDOBA;YILDIRIM;RONALDO GUIARO;ZAGO;DABROWSKI;UZULMEZ;HAVUTCU;SULUN;PANCU;MANSIZ;DURSUN
Gaziantepspor vs. Besiktas - Sunday March 23 - 2003,Gaziantepspor,hard,4-4-2,CATKIC;VICTORIA;AKICI;AYHAN;TORAMAN;ROMASHCHENKO;BOLUKBASI;ERDOGAN;OZBAY;GUNES;JULIO CESAR
Goztepe vs. Kocaelispor - Sunday March 23 - 2003,Goztepe,hard,4-4-2,ATAMAN;DEMIRCIOGLU;YAVAS;KIP;BAKI;MKHALELE;ONUR;YUNGUL;AGACE;KUCUKVARDAR;BIRYOL
Goztepe vs. Kocaelispor - Sunday March 23 - 2003,Kocaelispor,hard,4-5-1,SAHIN;COLAK;DIDAVA;SARMAN;BARIS;OZTONGA;VERGUL;KARAKAYIS;AKSOY;EREN;JANASHIA
Trabzonspor vs. Bursaspor - Sunday March 23 - 2003,Bursaspor,hard,4-5-1,KELEMEN;DAMLA;KORKMAZ;OZBEY;BULAT;SAHINTURK;JUNIOR;GLAUBER;ER;KILIC;YILMAZ
Trabzonspor vs. Bursaspor - Sunday March 23 - 2003,Trabzonspor,easy,4-4-2,PETKOVIC;LEE;GURACAR;YAVUZ;CORA;SOMERS;MEHMET AURELIO;CIMSIR;KARADENIZ;YILMAZ;TEKKE
Besiktas vs. Denizlispor - Saturday April 5 - 2003,Besiktas,easy,4-4-2,CORDOBA;YILDIRIM;RONALDO GUIARO;ZAGO;HAVUTCU;UZULMEZ;GIUNTI;YALCIN;DABROWSKI;NOUMA;MANSIZ
Besiktas vs. Denizlispor - Saturday April 5 - 2003,Denizlispor,hard,4-4-2,HEINEN;BAYER;CETIN;KRATOCHVIL;TANDOGAN;KABAT;TASDEMIR;KAHRAMAN;OZKAN;MARTIN;BENCIK
Genclerbirligi vs. Malatyaspor - Saturday April 5 - 2003,Genclerbirligi,hard,4-4-2,TOKGOZ;DAEMS;BOZKURT;EL SAKA;BALCI;GURSEL;ZDEBEL;AHMED HASSAN;KOC;CIHAN;YOULA
Genclerbirligi vs. Malatyaspor - Saturday April 5 - 2003,Malatyaspor,hard,4-4-2,ARSLAN;STANKOV;SEYHAN;SAHIN;DUMAN;BAYAZIT;ABDELAZIZ;YAVAS;BENSOL;ULUSOY;ESER
Kocaelispor vs. Trabzonspor - Saturday April 5 - 2003,Kocaelispor,hard,4-5-1,SAHIN;COLAK;DIDAVA;KEMOKLIDZE;BARIS;ARSLANER;VERGUL;KARAKAYIS;OZTONGA;EREN;AKSOY
Kocaelispor vs. Trabzonspor - Saturday April 5 - 2003,Trabzonspor,easy,4-4-2,PETKOVIC;LEE;GURACAR;YAVUZ;CORA;SOMERS;CIMSIR;OZGUR;KARADENIZ;YILMAZ;TEKKE
Samsunspor vs. Gaziantepspor - Saturday April 5 - 2003,Gaziantepspor,hard,4-4-2,KASA;BOLUKBASI;AKICI;BOUAZIZI;TORAMAN;ROMASHCHENKO;AYHAN;ERDOGAN;OZBAY;JULIO CESAR;VIOLA
Samsunspor vs. Gaziantepspor - Saturday April 5 - 2003,Samsunspor,hard,3-5-2,SHORUNMU;MILTON DO O;JOVANOSKI;OZKOYLU;AYDIN;JUNINHO CEARENSE;GUNGOR;SAGIR;CAN;DERELIOGLU;AYKUT
Adanaspor vs. Fenerbahce - Sunday April 6 - 2003,Adanaspor,hard,5-3-2,SAHIN;BEKIROGLU;BEKIROGLU;OZTURK;UNAL;YANYALI;ATES;AYDIN;YAVUZ;YILDIRAN;AYDIN
Adanaspor vs. Fenerbahce - Sunday April 6 - 2003,Fenerbahce,easy,4-5-1,RECBER;KARACA;OZAT;MIRKOVIC;AKYEL;SANLI;BAYRAKTAR;ERIS;ASLAN;REBROV;BESCHASTNYKH
Altay Sk vs. Elazigspor - Sunday April 6 - 2003,Altay Sk,hard,4-4-2,DAGDELEN;CAGIRAN;ATAN;VIDUSLU;VURUR;KARAKOC;EGEDIK;ZENGIN;GULTEKIN;EFFA-OWONA;KALOGLU
Altay Sk vs. Elazigspor - Sunday April 6 - 2003,Elazigspor,hard,4-5-1,USAK;CAKMAK;BECEREN;KURNAZ;TURGUT;GENC;HATIPOGLU;ZE ROBERTO;NAMLI;CZINEGE;MESZAROS
Bursaspor vs. Ankaragucu - Sunday April 6 - 2003,Ankaragucu,hard,4-5-1,OZGULTEKIN;DURSUN;KUTLU;BARIS;OZSARAC;BAIDOO;SIMAO;YILDIRIM;OZLEM;KELES;AHINFUL
Bursaspor vs. Ankaragucu - Sunday April 6 - 2003,Bursaspor,hard,4-5-1,KELEMEN;VARESANOVIC;KORKMAZ;OZBEY;KILIC;SEN;GLAUBER;SERTKAYA;ER;ALKAN;YILMAZ
Diyarbakirspor vs. Galatasaray - Sunday April 6 - 2003,Diyarbakirspor,hard,4-2-3-1,KARAGOL;KOCAK;ERDOGAN;TUNC;SAATCIOGLU;YIGIT;KOLGU;HACIOGLU;TURHAN;HINCAL;AKYUZ
Diyarbakirspor vs. Galatasaray - Sunday April 6 - 2003,Galatasaray,easy,4-4-2,MONDRAGON;UNSAL;KORKMAZ;XAVIER;DAVALA;SAS;BATISTA;ARSLAN;HASPOLATLI;LUKUNKU;KARAN
Istanbulspor vs. Goztepe - Sunday April 6 - 2003,Goztepe,hard,4-4-2,ATAMAN;DEMIRCIOGLU;YAVAS;BOZACI;KOK;MKHALELE;ONUR;YUNGUL;BAKI;KUCUKVARDAR;BIRYOL
Istanbulspor vs. Goztepe - Sunday April 6 - 2003,Istanbulspor,hard,4-4-2,ZDRAVKOV;PETKOV;GUR;OKECHUKWU;SAHIN;YOZGATLI;SAIDOU;KOCABAL;ALEKSANDROV;BUSHI;ISLER
Galatasaray vs. Altay Sk - Friday April 11 - 2003,Altay Sk,hard,4-4-2,KURSUNLU;ATAN;VIDUSLU;VURUR;CAGIRAN;KARAKOC;EGEDIK;EFFA-OWONA;GULTEKIN;KUDAY;KALOGLU
Galatasaray vs. Altay Sk - Friday April 11 - 2003,Galatasaray,easy,4-4-2,MONDRAGON;UNSAL;KORKMAZ;XAVIER;DAVALA;BALJIC;ARSLAN;REVIVO;HASPOLATLI;LUKUNKU;KARAN
Denizlispor vs. Samsunspor - Saturday April 12 - 2003,Denizlispor,hard,3-5-2,HEINEN;CIMEN;CETIN;KRATOCHVIL;KABAT;TASDEMIR;KAHRAMAN;GULPINAR;OZKAN;MARTIN;BENCIK
Denizlispor vs. Samsunspor - Saturday April 12 - 2003,Samsunspor,hard,3-5-2,SHORUNMU;MILTON DO O;JOVANOSKI;YELEK;AYDIN;GUNGOR;SAGIR;HOCAOGLU;CAN;JUNINHO CEARENSE;AYKUT
Goztepe vs. Diyarbakirspor - Saturday April 12 - 2003,Diyarbakirspor,hard,4-5-1,KARAGOL;BOZ;MOURA;TUNC;YIGIT;CAKIR;SAATCIOGLU;YUCETAS;KOLGU;DIDA;HACIOGLU
Goztepe vs. Diyarbakirspor - Saturday April 12 - 2003,Goztepe,hard,4-4-2,ATAMAN;GURELER;DEMIRCIOGLU;YAVAS;COLGECEN;MKHALELE;BOZACI;YUNGUL;BAKI;YAMAN;KUCUKVARDAR
Malatyaspor vs. Besiktas - Saturday April 12 - 2003,Besiktas,easy,3-5-2,CORDOBA;ZAGO;RONALDO GUIARO;BESERLER;TOPRAKTEPE;HAVUTCU;YALCIN;GIUNTI;DABROWSKI;NOUMA;DURSUN
Malatyaspor vs. Besiktas - Saturday April 12 - 2003,Malatyaspor,hard,4-4-2,MILOSEVSKI;STANKOV;KORKMAZ;SEYHAN;DUMAN;BAYAZIT;ABDELAZIZ;YAVAS;UZ;OZER;ESER
Ankaragucu vs. Kocaelispor - Sunday April 13 - 2003,Ankaragucu,hard,4-5-1,OZGULTEKIN;DURSUN;KUTLU;BARIS;OZSARAC;BAIDOO;SIMAO;YILDIRIM;OZLEM;KELES;AHINFUL
Ankaragucu vs. Kocaelispor - Sunday April 13 - 2003,Kocaelispor,hard,4-5-1,SAHIN;AK;DIDAVA;ARSLANER;BARIS;COLAK;VERGUL;KARAKAYIS;OZTONGA;EREN;AKSOY
Elazigspor vs. Adanaspor - Sunday April 13 - 2003,Adanaspor,hard,4-4-2,SAHIN;UNAL;OZTURK;BEKIROGLU;YANYALI;BEKIROGLU;AYDIN;ATES;YAVUZ;YILDIRAN;AYDIN
Elazigspor vs. Adanaspor - Sunday April 13 - 2003,Elazigspor,hard,4-4-2,USAK;GENC;BAL;KURNAZ;TURGUT;CAKMAK;HATIPOGLU;NAMLI;CZINEGE;MESZAROS;YANIK
Fenerbahce vs. Genclerbirligi - Sunday April 13 - 2003,Fenerbahce,easy,4-5-1,RECBER;ALBAYRAK;OZAT;MIRKOVIC;DOGAN;SANLI;JOHNSON;ASLAN;BAYRAKTAR;GUNES;SENTURK
Fenerbahce vs. Genclerbirligi - Sunday April 13 - 2003,Genclerbirligi,hard,4-5-1,TOKGOZ;BORAL;BARIS;EL SAKA;BALCI;GURSEL;BOZKURT;AHMED HASSAN;ZDEBEL;KOC;CIHAN
Gaziantepspor vs. Bursaspor - Sunday April 13 - 2003,Bursaspor,hard,4-4-2,KELEMEN;DAMLA;OZBEY;JUNIOR;VARESANOVIC;SEN;GLAUBER;SERTKAYA;KILIC;YILMAZ;SAHINTURK
Gaziantepspor vs. Bursaspor - Sunday April 13 - 2003,Gaziantepspor,hard,4-4-2,CATKIC;VICTORIA;TORAMAN;BOUAZIZI;AYHAN;ROMASHCHENKO;BOLUKBASI;ERDOGAN;OZBAY;GUNES;JULIO CESAR
Trabzonspor vs. Istanbulspor - Sunday April 13 - 2003,Istanbulspor,hard,3-5-2,ZDRAVKOV;HUSEYINOGLU;GUR;OKECHUKWU;PETKOV;SAHIN;KOCABAL;SAIDOU;KUS;BUSHI;YOZGATLI
Trabzonspor vs. Istanbulspor - Sunday April 13 - 2003,Trabzonspor,easy,4-4-2,PETKOVIC;LEE;CORA;DIENG;GURACAR;SOMERS;MEHMET AURELIO;CIMSIR;KARADENIZ;YILMAZ;TEKKE
Denizlispor vs. Fenerbahce - Wednesday April 16 - 2003,Denizlispor,hard,3-5-2,HEINEN;CIMEN;BAYER;KRATOCHVIL;BOYRAZ;TASDEMIR;KABAT;KAHRAMAN;ERTUGRUL;BENCIK;OZKAN
Denizlispor vs. Fenerbahce - Wednesday April 16 - 2003,Fenerbahce,easy,3-5-2,RECBER;OZAT;DOGAN;JOHNSON;ALBAYRAK;BAYRAKTAR;ERIS;ASLAN;GUNES;SENTURK;SANLI
Diyarbakirspor vs. Besiktas - Wednesday April 16 - 2003,Besiktas,easy,3-5-2,CORDOBA;ZAGO;RONALDO GUIARO;BESERLER;YILDIRIM;HAVUTCU;DABROWSKI;GIUNTI;PANCU;MANSIZ;DURSUN
Diyarbakirspor vs. Besiktas - Wednesday April 16 - 2003,Diyarbakirspor,hard,4-5-1,KARAGOL;KOCAK;ERDOGAN;TUNC;YIGIT;HACIOGLU;KOLGU;TURHAN;YUCETAS;SAATCIOGLU;AKYUZ
Goztepe vs. Galatasaray - Friday April 18 - 2003,Galatasaray,easy,4-4-2,MONDRAGON;PENBE;POLAT;XAVIER;INCEEFE;SAS;AKMAN;BALJIC;HASPOLATLI;LUKUNKU;KARAN
Goztepe vs. Galatasaray - Friday April 18 - 2003,Goztepe,hard,4-4-2,ATAMAN;GURELER;BOZACI;YAVAS;DEMIRCIOGLU;BAKI;KIP;YUNGUL;MKHALELE;YAMAN;KUCUKVARDAR
Diyarbakirspor vs. Trabzonspor - Saturday April 19 - 2003,Diyarbakirspor,hard,4-5-1,KARAGOL;KOCAK;ERDOGAN;TUNC;YIGIT;HACIOGLU;KOLGU;TURHAN;YUCETAS;SAATCIOGLU;AKYUZ
Diyarbakirspor vs. Trabzonspor - Saturday April 19 - 2003,Trabzonspor,easy,4-4-2,PETKOVIC;LEE;GURACAR;YAVUZ;CORA;KANDIL;MEHMET AURELIO;CIMSIR;KARADENIZ;YILMAZ;TEKKE
Genclerbirligi vs. Elazigspor - Saturday April 19 - 2003,Elazigspor,hard,4-5-1,USAK;GENC;BAL;TURGUT;KURNAZ;CAKMAK;HATIPOGLU;ZE ROBERTO;NAMLI;CZINEGE;MESZAROS
Genclerbirligi vs. Elazigspor - Saturday April 19 - 2003,Genclerbirligi,hard,4-4-2,TOKGOZ;DAEMS;BOZKURT;EL SAKA;BALCI;GURSEL;BARIS;AHMED HASSAN;KOC;CIHAN;KARAMAN
Istanbulspor vs. Ankaragucu - Saturday April 19 - 2003,Ankaragucu,hard,4-5-1,OZGULTEKIN;DURSUN;KUTLU;BARIS;OZSARAC;BAIDOO;SIMAO;YILDIRIM;OZLEM;KELES;AHINFUL
Istanbulspor vs. Ankaragucu - Saturday April 19 - 2003,Istanbulspor,hard,4-4-2,ZDRAVKOV;PETKOV;GUR;OKECHUKWU;KOCABAL;ALEKSANDROV;SAHIN;SAIDOU;YOZGATLI;BUSHI;ISLER
Samsunspor vs. Malatyaspor - Saturday April 19 - 2003,Malatyaspor,hard,4-5-1,MILOSEVSKI;KAPLAN;KORKMAZ;SEYHAN;DUMAN;BAYAZIT;ABDELAZIZ;YAVAS;ERBAY;BENSOL;ULUSOY
Samsunspor vs. Malatyaspor - Saturday April 19 - 2003,Samsunspor,hard,3-5-2,SHORUNMU;JOVANOSKI;HOCAOGLU;MILTON DO O;AYDIN;JUNINHO CEARENSE;GUNGOR;SAGIR;CAN;DERELIOGLU;BIRDAL
Adanaspor vs. Altay Sk - Sunday April 20 - 2003,Adanaspor,hard,4-4-2,SAHIN;UNAL;BEKIROGLU;OZTURK;YANYALI;BEKIROGLU;AYDIN;ATES;YAVUZ;BALKAYA;AYDIN
Adanaspor vs. Altay Sk - Sunday April 20 - 2003,Altay Sk,hard,4-4-2,KURSUNLU;KARAPINAR;ATAN;CAGIRAN;GULTEKIN;ZENGIN;VIDUSLU;EGEDIK;VURUR;EFFA-OWONA;KALOGLU
Besiktas vs. Fenerbahce - Sunday April 20 - 2003,Besiktas,easy,4-1-3-2,CORDOBA;UZULMEZ;RONALDO GUIARO;ZAGO;HAVUTCU;YILDIRIM;PANCU;YALCIN;DABROWSKI;NOUMA;MANSIZ
Besiktas vs. Fenerbahce - Sunday April 20 - 2003,Fenerbahce,easy,4-2-3-1,RECBER;ALBAYRAK;OZAT;AKYEL;DOGAN;STEVIC;JOHNSON;SANLI;ASLAN;GUNES;SENTURK
Bursaspor vs. Denizlispor - Sunday April 20 - 2003,Bursaspor,hard,4-4-2,KELEMEN;DAMLA;OZBEY;JUNIOR;GUSAR;SEN;GLAUBER;SERTKAYA;KILIC;AKAN;YILMAZ
Bursaspor vs. Denizlispor - Sunday April 20 - 2003,Denizlispor,hard,4-4-2,HEINEN;KRATOCHVIL;CETIN;CIMEN;BAYER;KABAT;TASDEMIR;BOYRAZ;ERTUGRUL;BENCIK;OZKAN
Kocaelispor vs. Gaziantepspor - Sunday April 20 - 2003,Gaziantepspor,hard,4-4-2,CATKIC;BOLUKBASI;AKICI;BOUAZIZI;TORAMAN;ROMASHCHENKO;AYHAN;ERDOGAN;OZBAY;GUNES;JULIO CESAR
Kocaelispor vs. Gaziantepspor - Sunday April 20 - 2003,Kocaelispor,hard,4-5-1,SAHIN;COLAK;DIDAVA;KEMOKLIDZE;EREN;OZTONGA;VERGUL;KARAKAYIS;YASAN;ARSLANER;AKSOY
Ankaragucu vs. Diyarbakirspor - Saturday April 26 - 2003,Ankaragucu,hard,4-5-1,OZGULTEKIN;DURSUN;KUTLU;BARIS;OZSARAC;AHINFUL;SIMAO;YILDIRIM;OZLEM;KELES;KARTAL
Ankaragucu vs. Diyarbakirspor - Saturday April 26 - 2003,Diyarbakirspor,hard,4-5-1,KARAGOL;KOCAK;ERDOGAN;TUNC;YIGIT;HACIOGLU;KOLGU;TURHAN;YUCETAS;SAATCIOGLU;SALGIN
Denizlispor vs. Kocaelispor - Saturday April 26 - 2003,Denizlispor,hard,4-4-2,HEINEN;KECELI;CETIN;CIMEN;BAYER;KAHRAMAN;TASDEMIR;ERTUGRUL;KABAT;MARTIN;BENCIK
Denizlispor vs. Kocaelispor - Saturday April 26 - 2003,Kocaelispor,hard,4-5-1,SAHIN;COLAK;BLATSIS;SARMAN;BARIS;ARSLANER;OZTONGA;KARAKAYIS;VERGUL;EREN;LAZAROV
Elazigspor vs. Besiktas - Saturday April 26 - 2003,Besiktas,easy,3-5-2,CORDOBA;ZAGO;RONALDO GUIARO;YILDIRIM;UZULMEZ;HAVUTCU;YALCIN;GIUNTI;DABROWSKI;DURSUN;PANCU
Elazigspor vs. Besiktas - Saturday April 26 - 2003,Elazigspor,hard,3-5-2,RICHARD KINGSON;TURGUT;BECEREN;KURNAZ;GENC;HATIPOGLU;ZE ROBERTO;NAMLI;CZINEGE;MESZAROS;CAKMAK
Fenerbahce vs. Samsunspor - Saturday April 26 - 2003,Fenerbahce,easy,4-5-1,DEMIREL;ALBAYRAK;OZAT;DOGAN;AKYEL;SANLI;JOHNSON;ERIS;BAYRAKTAR;ASLAN;SENTURK
Fenerbahce vs. Samsunspor - Saturday April 26 - 2003,Samsunspor,hard,3-5-2,SHORUNMU;JOVANOSKI;HOCAOGLU;OZKOYLU;AYDIN;JUNINHO CEARENSE;GUNGOR;SAGIR;CAN;DERELIOGLU;AYKUT
Altay Sk vs. Genclerbirligi - Sunday April 27 - 2003,Altay Sk,hard,4-4-2,KURSUNLU;CAGIRAN;ATAN;VURUR;KOC;KARAKOC;VIDUSLU;EGEDIK;GULTEKIN;KUDAY;KALOGLU
Altay Sk vs. Genclerbirligi - Sunday April 27 - 2003,Genclerbirligi,hard,4-5-1,TOKGOZ;DAEMS;BOZKURT;EL SAKA;BARIS;GURSEL;ZDEBEL;SALAR;BASTURK;BALCI;AHMED HASSAN
Galatasaray vs. Adanaspor - Sunday April 27 - 2003,Adanaspor,hard,5-3-2,SAHIN;BEKIROGLU;OZTURK;YANYALI;BEKIROGLU;YAVUZ;ATES;AYDIN;LALIK;BALKAYA;AYDIN
Galatasaray vs. Adanaspor - Sunday April 27 - 2003,Galatasaray,easy,4-4-2,INAN;UNSAL;KORKMAZ;XAVIER;HASPOLATLI;PENBE;ARSLAN;BALJIC;SAS;LUKUNKU;KARAN
Gaziantepspor vs. Istanbulspor - Sunday April 27 - 2003,Gaziantepspor,hard,4-4-2,CATKIC;BOLUKBASI;AKICI;BOUAZIZI;TORAMAN;ROMASHCHENKO;AYHAN;ERDOGAN;OZBAY;GUNES;JULIO CESAR
Gaziantepspor vs. Istanbulspor - Sunday April 27 - 2003,Istanbulspor,hard,4-4-2,GUNGOR;PETKOV;GUR;OKECHUKWU;KOCABAL;YOZGATLI;SAHIN;SAIDOU;ALEKSANDROV;BUSHI;ISLER
Malatyaspor vs. Bursaspor - Sunday April 27 - 2003,Bursaspor,hard,3-5-2,KELEMEN;OZBEY;GUSAR;JUNIOR;DAMLA;GLAUBER;SERTKAYA;ER;KILIC;AKAN;YILMAZ
Malatyaspor vs. Bursaspor - Sunday April 27 - 2003,Malatyaspor,hard,4-4-2,MILOSEVSKI;KAPLAN;KORKMAZ;SEYHAN;STANKOV;BAYAZIT;ABDELAZIZ;YAVAS;BENSOL;ULUSOY;ESER
Trabzonspor vs. Goztepe - Sunday April 27 - 2003,Goztepe,hard,4-4-2,ATAMAN;DEMIRCIOGLU;BOZACI;YAVAS;GURELER;MKHALELE;KIP;YUNGUL;BAKI;YAMAN;KUCUKVARDAR
Trabzonspor vs. Goztepe - Sunday April 27 - 2003,Trabzonspor,easy,4-4-2,PETKOVIC;KILIC;DIENG;YAVUZ;CORA;KANDIL;CIMSIR;OZGUR;KARADENIZ;YILMAZ;TEKKE
Besiktas vs. Altay Sk - Saturday May 3 - 2003,Altay Sk,hard,4-4-2,DAGDELEN;CAGIRAN;ATAN;VURUR;KOC;KARAKOC;VIDUSLU;EGEDIK;GULTEKIN;KUDAY;KALOGLU
Besiktas vs. Altay Sk - Saturday May 3 - 2003,Besiktas,easy,4-5-1,CORDOBA;YILDIRIM;RONALDO GUIARO;ZAGO;HAVUTCU;UZULMEZ;GIUNTI;YALCIN;METIN;DABROWSKI;DURSUN
Bursaspor vs. Fenerbahce - Saturday May 3 - 2003,Bursaspor,hard,3-5-2,MAJDAN;KORKMAZ;GUSAR;OZBEY;DAMLA;JUNIOR;SEN;SERTKAYA;KILIC;AKAN;YILMAZ
Bursaspor vs. Fenerbahce - Saturday May 3 - 2003,Fenerbahce,easy,4-5-1,BILER;ALBAYRAK;YILDIRIM;OZAT;AKYEL;REBROV;STEVIC;JOHNSON;TATAN;SANLI;SENTURK
Genclerbirligi vs. Adanaspor - Saturday May 3 - 2003,Adanaspor,hard,4-4-2,SAHIN;UNAL;OZTURK;BEKIROGLU;YANYALI;BEKIROGLU;AYDIN;LALIK;YAVUZ;AYDIN;ATES
Genclerbirligi vs. Adanaspor - Saturday May 3 - 2003,Genclerbirligi,hard,4-5-1,TOKGOZ;DAEMS;BOZKURT;BARIS;BALCI;GURSEL;ZDEBEL;SALAR;BASTURK;AHMED HASSAN;CIHAN
Istanbulspor vs. Denizlispor - Saturday May 3 - 2003,Denizlispor,hard,4-4-2,HEINEN;HIETANEN;CETIN;CIMEN;TANDOGAN;UCUNCU;ERTUGRUL;KAHRAMAN;BAYER;BENCIK;OZKAN
Istanbulspor vs. Denizlispor - Saturday May 3 - 2003,Istanbulspor,hard,4-4-2,BOUKAR;PETKOV;GUR;OKECHUKWU;AKBAS;KOCABAL;SAIDOU;SAHIN;ALEKSANDROV;BUSHI;ISLER
Samsunspor vs. Elazigspor - Saturday May 3 - 2003,Elazigspor,hard,4-5-1,RICHARD KINGSON;GENC;BECEREN;KURNAZ;TURGUT;CAKMAK;NAMLI;ZE ROBERTO;HATIPOGLU;CZINEGE;YANIK
Samsunspor vs. Elazigspor - Saturday May 3 - 2003,Samsunspor,hard,3-5-2,SHORUNMU;MILTON DO O;HOCAOGLU;OZKOYLU;AYDIN;JUNINHO CEARENSE;GUNGOR;SAGIR;CAN;DERELIOGLU;AYKUT
Diyarbakirspor vs. Gaziantepspor - Sunday May 4 - 2003,Diyarbakirspor,hard,4-5-1,KARAGOL;KOCAK;ERDOGAN;TUNC;YIGIT;HACIOGLU;KOLGU;TURHAN;YUCETAS;SAATCIOGLU;SALGIN
Diyarbakirspor vs. Gaziantepspor - Sunday May 4 - 2003,Gaziantepspor,hard,4-4-2,CATKIC;BOLUKBASI;TORAMAN;BOUAZIZI;AYHAN;ROMASHCHENKO;KOPRULU;ERDOGAN;OZBAY;GUNES;VIOLA
Goztepe vs. Ankaragucu - Sunday May 4 - 2003,Ankaragucu,hard,4-5-1,OZGULTEKIN;OZALP;DURSUN;BARIS;OZSARAC;KAZMAZ;SIMAO;YILDIRIM;OZLEM;KELES;AHINFUL
Goztepe vs. Ankaragucu - Sunday May 4 - 2003,Goztepe,hard,4-4-2,ATAMAN;DEMIRCIOGLU;BOZACI;YAVAS;GURELER;MKHALELE;KIP;YUNGUL;BAKI;YAMAN;KUCUKVARDAR
Kocaelispor vs. Malatyaspor - Sunday May 4 - 2003,Kocaelispor,hard,4-5-1,SAHIN;COLAK;BLATSIS;SARMAN;BARIS;ARSLANER;VERGUL;KARAKAYIS;OZTONGA;EREN;LAZAROV
Kocaelispor vs. Malatyaspor - Sunday May 4 - 2003,Malatyaspor,hard,4-4-2,MILOSEVSKI;KAPLAN;KORKMAZ;SEYHAN;STANKOV;BAYAZIT;ABDELAZIZ;YAVAS;BENSOL;ULUSOY;ESER
Trabzonspor vs. Galatasaray - Sunday May 4 - 2003,Galatasaray,easy,4-4-2,MONDRAGON;UNSAL;KORKMAZ;POLAT;INCEEFE;PENBE;ARSLAN;BALJIC;REVIVO;KARAN;ERDEM
Trabzonspor vs. Galatasaray - Sunday May 4 - 2003,Trabzonspor,easy,4-4-2,PETKOVIC;SOMERS;CORA;YAVUZ;DIENG;LEE;CIMSIR;MEHMET AURELIO;KARADENIZ;YILMAZ;TEKKE
Fenerbahce vs. Kocaelispor - Friday May 9 - 2003,Fenerbahce,easy,4-5-1,RECBER;KARACA;OZAT;MIRKOVIC;AKYEL;REBROV;JOHNSON;ALBAYRAK;ASLAN;SANLI;BESCHASTNYKH
Fenerbahce vs. Kocaelispor - Friday May 9 - 2003,Kocaelispor,hard,4-5-1,SAHIN;COLAK;DIDAVA;SARMAN;EREN;KARAKAYIS;VERGUL;YASAN;OZTONGA;ARSLANER;LAZAROV
Adanaspor vs. Besiktas - Saturday May 10 - 2003,Adanaspor,hard,4-4-2,SAHIN;UNAL;BEKIROGLU;OZTURK;YANYALI;BEKIROGLU;LALIK;AYDIN;YAVUZ;AYDIN;ATES
Adanaspor vs. Besiktas - Saturday May 10 - 2003,Besiktas,easy,4-4-2,CORDOBA;YILDIRIM;RONALDO GUIARO;ZAGO;GIUNTI;UZULMEZ;SULUN;YALCIN;DABROWSKI;MANSIZ;PANCU
Altay Sk vs. Samsunspor - Sunday May 11 - 2003,Altay Sk,hard,4-4-2,DAGDELEN;KARAPINAR;ATAN;CAGIRAN;KOC;KALOGLU;VURUR;VIDUSLU;GULTEKIN;KUDAY;EFFA-OWONA
Altay Sk vs. Samsunspor - Sunday May 11 - 2003,Samsunspor,hard,3-5-2,SHORUNMU;YELEK;JOVANOSKI;OZKOYLU;SAGIR;SAGLAM;HOCAOGLU;ADEPOJU;NAS;DERELIOGLU;BIRDAL
Ankaragucu vs. Trabzonspor - Sunday May 11 - 2003,Ankaragucu,hard,4-5-1,OZGULTEKIN;DURSUN;KUTLU;BARIS;OZSARAC;NAMDAR;OZLEM;YILDIRIM;SIMAO;KELES;AHINFUL
Ankaragucu vs. Trabzonspor - Sunday May 11 - 2003,Trabzonspor,easy,4-5-1,PETKOVIC;LEE;DIENG;YAVUZ;CORA;KILIC;MEHMET AURELIO;KANDIL;CIMSIR;KARADENIZ;YILMAZ
Denizlispor vs. Diyarbakirspor - Sunday May 11 - 2003,Denizlispor,hard,3-5-2,HEINEN;CETIN;BAYER;KRATOCHVIL;KABAT;ERTUGRUL;TASDEMIR;CIMEN;TANDOGAN;MARTIN;OZKAN
Denizlispor vs. Diyarbakirspor - Sunday May 11 - 2003,Diyarbakirspor,hard,4-4-2,KARAGOL;BOZ;MOURA;TUNC;YIGIT;HACIOGLU;SAATCIOGLU;KOLGU;CAKIR;SALGIN;AKYUZ
Elazigspor vs. Bursaspor - Sunday May 11 - 2003,Bursaspor,hard,4-5-1,MAJDAN;DAMLA;GUSAR;KORKMAZ;KILIC;SEN;JUNIOR;OZBEY;SERTKAYA;ALKAN;YILMAZ
Elazigspor vs. Bursaspor - Sunday May 11 - 2003,Elazigspor,hard,4-5-1,RICHARD KINGSON;YESILMESE;BECEREN;KURNAZ;TURGUT;CAKMAK;HATIPOGLU;BIULA;CZINEGE;YANIK;MESZAROS
Galatasaray vs. Genclerbirligi - Sunday May 11 - 2003,Galatasaray,easy,4-4-2,MONDRAGON;UNSAL;KORKMAZ;POLAT;INCEEFE;PENBE;ARSLAN;BALJIC;AKMAN;KARAN;ERDEM
Galatasaray vs. Genclerbirligi - Sunday May 11 - 2003,Genclerbirligi,hard,4-4-2,TOKGOZ;DAEMS;BARIS;EL SAKA;BALCI;KOC;BOZKURT;ZDEBEL;AHMED HASSAN;CIHAN;YOULA
Gaziantepspor vs. Goztepe - Sunday May 11 - 2003,Gaziantepspor,hard,4-4-2,CATKIC;BOLUKBASI;TORAMAN;BOUAZIZI;KOPRULU;ROMASHCHENKO;AYHAN;ERDOGAN;OZBAY;GUNES;VIOLA
Gaziantepspor vs. Goztepe - Sunday May 11 - 2003,Goztepe,hard,4-4-2,ATAMAN;GURELER;DEMIRCIOGLU;YAVAS;AKINCI;ONUR;KIP;YUNGUL;BAKI;YAMAN;BIRYOL
Malatyaspor vs. Istanbulspor - Sunday May 11 - 2003,Istanbulspor,hard,4-4-2,BOUKAR;PETKOV;AKBAS;GUR;KOCABAL;YOZGATLI;SAHIN;SAIDOU;ALEKSANDROV;BUSHI;ISLER
Malatyaspor vs. Istanbulspor - Sunday May 11 - 2003,Malatyaspor,hard,4-4-2,MILOSEVSKI;KAPLAN;KORKMAZ;SEYHAN;STANKOV;BAYAZIT;ABDELAZIZ;YAVAS;BENSOL;ULUSOY;ESER
Trabzonspor vs. Gaziantepspor - Friday May 16 - 2003,Gaziantepspor,hard,4-4-2,CATKIC;BOLUKBASI;AKICI;TORAMAN;KOPRULU;ROMASHCHENKO;BOUAZIZI;ERDOGAN;OZBAY;GUNES;JULIO CESAR
Trabzonspor vs. Gaziantepspor - Friday May 16 - 2003,Trabzonspor,easy,4-4-2,PETKOVIC;LEE;YAVUZ;KAHRAMAN;DIENG;KANDIL;CIMSIR;MEHMET AURELIO;KARADENIZ;YILMAZ;TEKKE
Bursaspor vs. Altay Sk - Saturday May 17 - 2003,Altay Sk,hard,4-4-2,KURSUNLU;CAGIRAN;ATAN;VURUR;KOC;KARAKOC;VIDUSLU;EGEDIK;GULTEKIN;OZTURK;KALOGLU
Bursaspor vs. Altay Sk - Saturday May 17 - 2003,Bursaspor,hard,4-5-1,MAJDAN;DAMLA;GUSAR;KORKMAZ;KILIC;SEN;JUNIOR;OZBEY;SERTKAYA;ALKAN;YILMAZ
Diyarbakirspor vs. Malatyaspor - Saturday May 17 - 2003,Diyarbakirspor,hard,4-5-1,KARAGOL;KOCAK;ERDOGAN;TUNC;YIGIT;HACIOGLU;KOLGU;TURHAN;YUCETAS;SAATCIOGLU;AKYUZ
Diyarbakirspor vs. Malatyaspor - Saturday May 17 - 2003,Malatyaspor,hard,4-4-2,MILOSEVSKI;KAPLAN;KORKMAZ;SEYHAN;DUMAN;BAYAZIT;ABDELAZIZ;YAVAS;BENSOL;ULUSOY;ESER
Galatasaray vs. Ankaragucu - Saturday May 17 - 2003,Ankaragucu,hard,4-2-3-1,OZGULTEKIN;DURSUN;KUTLU;BARIS;OZSARAC;OZLEM;YILDIRIM;KELES;NAMDAR;SIMAO;AHINFUL
Galatasaray vs. Ankaragucu - Saturday May 17 - 2003,Galatasaray,easy,4-4-2,MONDRAGON;UNSAL;KORKMAZ;POLAT;INCEEFE;PENBE;AKMAN;REVIVO;HASPOLATLI;LUKUNKU;KARAN
Genclerbirligi vs. Besiktas - Saturday May 17 - 2003,Besiktas,easy,4-4-2,CORDOBA;YILDIRIM;RONALDO GUIARO;ZAGO;HAVUTCU;UZULMEZ;GIUNTI;YALCIN;DABROWSKI;MANSIZ;PANCU
Genclerbirligi vs. Besiktas - Saturday May 17 - 2003,Genclerbirligi,hard,4-4-2,TOKGOZ;DAEMS;BARIS;EL SAKA;BALCI;KOC;ZDEBEL;BASTURK;AHMED HASSAN;CIHAN;YOULA
Goztepe vs. Denizlispor - Saturday May 17 - 2003,Denizlispor,hard,4-4-2,HEINEN;ERTUGRUL;CETIN;KRATOCHVIL;BAYER;OZKAN;TASDEMIR;BOYRAZ;TANDOGAN;MARTIN;UCUNCU
Goztepe vs. Denizlispor - Saturday May 17 - 2003,Goztepe,hard,4-4-2,KORK;ONUR;DEMIRCIOGLU;KOK;AKINCI;GURELER;KIP;YUNGUL;BAKI;YAMAN;BIRYOL
Istanbulspor vs. Fenerbahce - Saturday May 17 - 2003,Fenerbahce,easy,4-5-1,RECBER;ALBAYRAK;OZAT;MIRKOVIC;AKYEL;REBROV;JOHNSON;BAYRAKTAR;ASLAN;SANLI;SENTURK
Istanbulspor vs. Fenerbahce - Saturday May 17 - 2003,Istanbulspor,hard,4-4-2,BOUKAR;PETKOV;AKBAS;GUR;KOCABAL;YOZGATLI;SAHIN;SAIDOU;ALEKSANDROV;BUSHI;ISLER
Kocaelispor vs. Elazigspor - Saturday May 17 - 2003,Elazigspor,hard,4-5-1,RICHARD KINGSON;GENC;BECEREN;BAL;KURNAZ;YANIK;HATIPOGLU;BIULA;CZINEGE;YESILMESE;MESZAROS
Kocaelispor vs. Elazigspor - Saturday May 17 - 2003,Kocaelispor,hard,4-5-1,SAHIN;DIDAVA;KEMOKLIDZE;SARMAN;EREN;KARAKAYIS;VERGUL;YASAN;OZTONGA;ARSLANER;DIRLIK
Samsunspor vs. Adanaspor - Saturday May 17 - 2003,Adanaspor,hard,4-4-2,SAHIN;UNAL;BEKIROGLU;OZTURK;YANYALI;BEKIROGLU;AYDIN;LALIK;YAVUZ;YILDIRAN;ATES
Samsunspor vs. Adanaspor - Saturday May 17 - 2003,Samsunspor,hard,3-5-2,SHORUNMU;JOVANOSKI;HOCAOGLU;YELEK;SAGIR;AYDIN;GUNGOR;JUNINHO CEARENSE;CAN;DERELIOGLU;AYKUT
Adanaspor vs. Bursaspor - Sunday May 25 - 2003,Adanaspor,hard,4-4-2,SAHIN;UNAL;OZTURK;BEKIROGLU;YANYALI;BEKIROGLU;AYDIN;LALIK;YAVUZ;YILDIRAN;ATES
Adanaspor vs. Bursaspor - Sunday May 25 - 2003,Bursaspor,hard,5-4-1,KULBILGE;DAMLA;KORKMAZ;GUSAR;VARESANOVIC;KILIC;SEN;JUNIOR;SERTKAYA;ALKAN;YILMAZ
Altay Sk vs. Kocaelispor - Sunday May 25 - 2003,Altay Sk,hard,4-4-2,KURSUNLU;KARAKOC;KARAPINAR;CAGIRAN;KOC;AKIN;VURUR;EGEDIK;NALBANTOGLU;KUDAY;EFFA-OWONA
Altay Sk vs. Kocaelispor - Sunday May 25 - 2003,Kocaelispor,hard,4-4-2,ARIKAN;CEPNI;DIDAVA;SARMAN;BARIS;COLAK;YASAN;OZTONGA;KESKIN;SAGAT;DIRLIK
Besiktas vs. Galatasaray - Sunday May 25 - 2003,Besiktas,easy,4-4-2,CORDOBA;UZULMEZ;RONALDO GUIARO;ZAGO;HAVUTCU;YILDIRIM;GIUNTI;YALCIN;DABROWSKI;MANSIZ;PANCU
Besiktas vs. Galatasaray - Sunday May 25 - 2003,Galatasaray,easy,4-2-3-1,MONDRAGON;UNSAL;KORKMAZ;POLAT;INCEEFE;AKMAN;ARSLAN;PENBE;REVIVO;HASPOLATLI;KARAN
Denizlispor vs. Trabzonspor - Sunday May 25 - 2003,Denizlispor,hard,3-5-2,KUCUK;CETIN;BAYER;KRATOCHVIL;KECELI;TASDEMIR;ERTUGRUL;SERT;TANDOGAN;MARTIN;BENCIK
Denizlispor vs. Trabzonspor - Sunday May 25 - 2003,Trabzonspor,easy,4-4-2,KURTULDU;LEE;DIENG;YAVUZ;YALCINKAYA;KANDIL;CIMSIR;BILAZER;KARADENIZ;YILMAZ;TEKKE
Elazigspor vs. Istanbulspor - Sunday May 25 - 2003,Elazigspor,hard,4-5-1,USAK;GENC;BECEREN;KURNAZ;TURGUT;YANIK;HATIPOGLU;BIULA;CZINEGE;YESILMESE;MESZAROS
Elazigspor vs. Istanbulspor - Sunday May 25 - 2003,Istanbulspor,hard,4-4-2,BOUKAR;PETKOV;GUR;OKECHUKWU;KOCABAL;YOZGATLI;SAHIN;SAIDOU;ALEKSANDROV;BUSHI;ISLER
Fenerbahce vs. Diyarbakirspor - Sunday May 25 - 2003,Diyarbakirspor,hard,4-5-1,KARAGOL;KOCAK;ERDOGAN;TUNC;YIGIT;HACIOGLU;KOLGU;TURHAN;YUCETAS;SAATCIOGLU;AKYUZ
Fenerbahce vs. Diyarbakirspor - Sunday May 25 - 2003,Fenerbahce,easy,4-5-1,BILER;KARACA;OZAT;MIRKOVIC;AKYEL;REBROV;JOHNSON;ALBAYRAK;ASLAN;GUNES;SANLI
Gaziantepspor vs. Ankaragucu - Sunday May 25 - 2003,Ankaragucu,hard,4-5-1,OZGULTEKIN;DURSUN;KUTLU;BARIS;OZSARAC;BAIDOO;OZLEM;NAMDAR;SIMAO;KELES;AHINFUL
Gaziantepspor vs. Ankaragucu - Sunday May 25 - 2003,Gaziantepspor,hard,4-4-2,CATKIC;ERDOGAN;AKICI;BOUAZIZI;KOPRULU;ROMASHCHENKO;TORAMAN;AYHAN;OZBAY;JULIO CESAR;VIOLA
Genclerbirligi vs. Samsunspor - Sunday May 25 - 2003,Genclerbirligi,hard,3-5-2,BOTONJIC;SUMER;BOZKURT;TOPRAKTEPE;DAEMS;BASTURK;SALAR;OZTURK;GURSEL;YOULA;KARAMAN
Genclerbirligi vs. Samsunspor - Sunday May 25 - 2003,Samsunspor,hard,3-5-2,SHORUNMU;YELEK;MILTON DO O;OZKOYLU;SAGIR;GUNGOR;HOCAOGLU;NAS;AYDIN;ERTAN;DERELIOGLU
Malatyaspor vs. Goztepe - Sunday May 25 - 2003,Goztepe,hard,4-4-2,ATAMAN;GURELER;DEMIRCIOGLU;YAVAS;AKINCI;BEDIR;YUNGUL;SAHIN;BAKI;YAMAN;AGACE
Malatyaspor vs. Goztepe - Sunday May 25 - 2003,Malatyaspor,hard,4-4-2,MILOSEVSKI;KAPLAN;KORKMAZ;SEYHAN;DUMAN;BAYAZIT;ABDELAZIZ;YAVAS;BENSOL;ULUSOY;ESER
Galatasaray vs. Gaziantepspor - Friday May 30 - 2003,Galatasaray,easy,4-5-1,BOLUKBASI;ERBAY;ASIK;KORKMAZ;INCEEFE;UNSAL;POLAT;KAYA;PENBE;SARIOGLU;DEBRELI
Galatasaray vs. Gaziantepspor - Friday May 30 - 2003,Gaziantepspor,hard,4-5-1,TARAKCI;KIZILSIMSEK;TORAMAN;BOUAZIZI;SARIHAN;BOLUKBASI;AYHAN;GUNES;TALAY;KOPRULU;VIOLA
Ankaragucu vs. Denizlispor - Saturday May 31 - 2003,Ankaragucu,hard,3-5-2,OZGULTEKIN;BARIS;KUTLU;OZSARAC;DURSUN;SIMAO;YILDIRIM;KARTOP;KELES;KARTAL;AHINFUL
Ankaragucu vs. Denizlispor - Saturday May 31 - 2003,Denizlispor,hard,4-5-1,KUCUK;KECELI;CETIN;KRATOCHVIL;CELIK;HIETANEN;GULPINAR;TASDEMIR;SERT;ERTUGRUL;MARTIN
Bursaspor vs. Genclerbirligi - Saturday May 31 - 2003,Bursaspor,hard,4-5-1,KULBILGE;DAMLA;GUSAR;KORKMAZ;OZBEY;ALKAN;JUNIOR;SERTKAYA;ER;VARESANOVIC;YILMAZ
Bursaspor vs. Genclerbirligi - Saturday May 31 - 2003,Genclerbirligi,hard,4-4-2,BOTONJIC;SAM;SUMER;TOPRAKTEPE;BALCI;GURSEL;SALAR;BASTURK;KOC;CIHAN;KARAMAN
Diyarbakirspor vs. Elazigspor - Saturday May 31 - 2003,Diyarbakirspor,hard,4-5-1,KARAGOL;KOCAK;ERDOGAN;TUNC;YIGIT;HACIOGLU;KOLGU;TURHAN;YUCETAS;SAATCIOGLU;AKYUZ
Diyarbakirspor vs. Elazigspor - Saturday May 31 - 2003,Elazigspor,hard,4-4-2,USAK;CAKMAK;BAL;BECEREN;YESILMESE;YANIK;KURNAZ;CZINEGE;TURGUT;MESZAROS;BIULA
Goztepe vs. Fenerbahce - Saturday May 31 - 2003,Fenerbahce,easy,4-4-2,BILER;KARACA;YILDIRIM;OZAT;GUNES;ALBAYRAK;JOHNSON;ASLAN;REBROV;BESCHASTNYKH;SENTURK
Goztepe vs. Fenerbahce - Saturday May 31 - 2003,Goztepe,hard,4-4-2,ATAMAN;GURELER;DEMIRCIOGLU;YAVAS;AKINCI;MKHALELE;ONUR;YUNGUL;BAKI;YAMAN;KUCUKVARDAR
Istanbulspor vs. Altay Sk - Saturday May 31 - 2003,Altay Sk,hard,4-4-2,KURSUNLU;KARAKOC;ATAN;CAGIRAN;GULTEKIN;AKIN;VURUR;EGEDIK;NALBANTOGLU;KUDAY;EFFA-OWONA
Istanbulspor vs. Altay Sk - Saturday May 31 - 2003,Istanbulspor,hard,3-5-2,ZDRAVKOV;AKBAS;OKECHUKWU;GUR;PETKOV;SAHIN;ALEKSANDROV;SAIDOU;KUS;BUSHI;ISLER
Kocaelispor vs. Adanaspor - Saturday May 31 - 2003,Adanaspor,hard,4-4-2,KUCUKTAKA;UNAL;YANYALI;BEKIROGLU;YAVUZ;BEKIROGLU;AYDIN;GURSOY;LALIK;YILDIRAN;ATES
Kocaelispor vs. Adanaspor - Saturday May 31 - 2003,Kocaelispor,hard,4-4-2,ARIKAN;CEPNI;DIDAVA;KEMOKLIDZE;BARIS;OZTURK;YASAN;SAGLAM;OZTONGA;SAGAT;KESKIN
Samsunspor vs. Besiktas - Saturday May 31 - 2003,Besiktas,easy,3-5-2,GENCER;ZAGO;RONALDO GUIARO;BESERLER;TOPRAKTEPE;GIUNTI;HAVUTCU;SULUN;TUNA;BEGECARSLAN;DEMIRAY
Samsunspor vs. Besiktas - Saturday May 31 - 2003,Samsunspor,hard,3-5-2,SHORUNMU;JOVANOSKI;HOCAOGLU;OZKOYLU;AYDIN;GUNGOR;NAS;KARALI;CAN;SAGLAM;ERTAN
Trabzonspor vs. Malatyaspor - Saturday May 31 - 2003,Malatyaspor,hard,4-4-2,MILOSEVSKI;BAYAZIT;SEYHAN;KORKMAZ;DUMAN;VAR;ABDELAZIZ;YAVAS;BENSOL;ULUSOY;ESER
Trabzonspor vs. Malatyaspor - Saturday May 31 - 2003,Trabzonspor,easy,4-4-2,KURTULDU;KILIC;YAVUZ;KAHRAMAN;CORA;KANDIL;UCUNCU;CIMSIR;KARADENIZ;YILMAZ;OZGUR
