game,team,difficulty,formation,lineup
Ankaraspor vs. Galatasaray - Friday August 4 - 2006,Ankaraspor,hard,4-2-3-1,ARIKAN;WEDERSON;PETROUS;TUNC;YOLDAS;AYHAN;GUCER;KISA;KOCAK;HURMACI;JABA
Ankaraspor vs. Galatasaray - Friday August 4 - 2006,Galatasaray,easy,4-4-2,MONDRAGON;OZTORUN;SONG;TOMAS;HASPOLATLI;CARRUSCA;GUVEN;ILIC;SAS;SUKUR;ATES
Fenerbahce vs. Kayseri Erciyesspor - Saturday August 5 - 2006,Fenerbahce,easy,4-2-3-1,RECBER;OZAT;ARAT;TURACI;BALCI;MEHMET AURELIO;APPIAH;METIN;ALEX;SANLI;SENTURK
Fenerbahce vs. Kayseri Erciyesspor - Saturday August 5 - 2006,Kayseri Erciyesspor,hard,4-4-2,FADHEL;OZKAYNAK;KOK;BOUAZIZI;OZBAY;BAYAZIT;TORAMAN;KOCABAL;LAZAROV;DJALOVIC;ISLER
Kayserispor vs. Trabzonspor - Saturday August 5 - 2006,Kayserispor,hard,4-4-2,IVANKOV;TOLEDO;TOSCALI;JOHNSON;SADYQOV;CEYLAN;BASDAG;BOLUKBASI;TOPUZ;UNAL;IGLESIAS
Kayserispor vs. Trabzonspor - Saturday August 5 - 2006,Trabzonspor,easy,4-2-3-1,JEFFERSON;OCAK;ATAN;STEPANOV;BAYRAKTAR;CIMSIR;SZYMKOWIAK;KARADENIZ;MARCELINHO;BUYUK;DEMIR
Antalyaspor vs. Rizespor - Sunday August 6 - 2006,Antalyaspor,hard,4-4-2,CORDOBA;YAMAN;BIENIUK;DZIEWICKI;KAVUK;KAHRAMAN;SUAZO;KARTOP;GURSEL;STRAKA;BIRDAL
Antalyaspor vs. Rizespor - Sunday August 6 - 2006,Rizespor,hard,4-4-2,ZDRAVKOV;VICTORIA;CAKMAK;EL TABEI;EREN;ELMAS;UGUR;YUCETAS;BAKI;DIA;AKSOY
Bursaspor vs. Ankaragucu - Sunday August 6 - 2006,Ankaragucu,hard,4-2-3-1,USAK;DERELI;GUNGOR;BAYRAK;EVREN;ACAR;VIDUSLU;OLMEZ;ERIS;TITA;BEBBE
Bursaspor vs. Ankaragucu - Sunday August 6 - 2006,Bursaspor,hard,4-4-2,ERAYDIN;BEKIROGLU;ERDOGAN;GULDUREN;YIGIT;FRASINEANU;SUMULIKOSKI;BOZACI;ACAR;AKDIS;KALOGLU
Gaziantepspor vs. Denizlispor - Sunday August 6 - 2006,Denizlispor,hard,4-2-3-1,KUCUK;KECELI;CAGIRAN;GURACAR;GORGUN;GULPINAR;EGE;ABRAHAM;SIMSEK;ERTUGRUL;KINALI
Gaziantepspor vs. Denizlispor - Sunday August 6 - 2006,Gaziantepspor,hard,4-2-3-1,HASAGIC;DEMIRCIOGLU;COGUM;IRTEGUN;AKINCI;DRINCIC;ZURITA;DIAWARA;YILDIRIM;KIRITA;CENGEL
Konyaspor vs. Sakaryaspor - Sunday August 6 - 2006,Konyaspor,hard,4-4-2,ONGUN;KAUE;EL SAKA;GUNDOSTU;CELIK;ALBAYRAK;BATISTA;AGCAY;ALEKSANDROV;TURKMEN;BELAL
Konyaspor vs. Sakaryaspor - Sunday August 6 - 2006,Sakaryaspor,hard,4-2-3-1,TEKELIOGLU;TEBER;BAHADIR;USTA;DUMAN;OZMERT;CAPURRO;ERDOGAN;KURT;MBAYO;CANGELE
Manisaspor vs. Besiktas - Sunday August 6 - 2006,Besiktas,easy,4-2-3-1,RUNJE;UZULMEZ;MERCIMEK;ZAN;TATAN;AVCI;KLEBERSON;GULEC;DELGADO;YILMAZ;NOBRE
Manisaspor vs. Besiktas - Sunday August 6 - 2006,Manisaspor,hard,4-2-3-1,ATAMAN;BALTA;BORBICONI;JOHANA;OZSARAC;INCEMAN;INAN;ASKAROGLU;ZELENKA;HOLOSKO;MEDUNA
Sivasspor vs. Genclerbirligi - Sunday August 6 - 2006,Genclerbirligi,hard,4-4-2,TOKGOZ;AYDIN;RISP;UZUMCU;OZBEY;HAMINU;SERAS;ABDELAZIZ;GUVEN;OZTURK;CAKIR
Sivasspor vs. Genclerbirligi - Sunday August 6 - 2006,Sivasspor,hard,4-4-2,PETKOVIC;YERLIKAYA;HOCAOGLU;FABRICIO;DOGANTEZ;TOPRAKTEPE;BAYRAKTAR;FRANSERGIO;KUS;BOZKAYA;BALILI
Besiktas vs. Gaziantepspor - Friday August 11 - 2006,Besiktas,easy,4-4-2,RUNJE;UZULMEZ;MERCIMEK;ZAN;TORAMAN;YILMAZ;AVCI;KLEBERSON;DELGADO;NOBRE;BOBO
Besiktas vs. Gaziantepspor - Friday August 11 - 2006,Gaziantepspor,hard,4-4-2,HASAGIC;DEMIRCIOGLU;ASIKOGLU;IRTEGUN;COGUM;BAYAR;DRINCIC;ZURITA;KIRITA;CIHAN;DIAWARA
Genclerbirligi vs. Fenerbahce - Saturday August 12 - 2006,Fenerbahce,easy,4-1-4-1,RECBER;OZAT;ARAT;TURACI;ZENGIN;MEHMET AURELIO;SANLI;METIN;ALEX;YOZGATLI;SENTURK
Genclerbirligi vs. Fenerbahce - Saturday August 12 - 2006,Genclerbirligi,hard,4-4-2,TOKGOZ;AYDIN;RISP;TRAORE;OZBEY;HAMINU;NAS;ABDELAZIZ;PROMISE;OZTURK;CAKIR
Ankaragucu vs. Ankaraspor - Sunday August 13 - 2006,Ankaragucu,hard,4-2-3-1,USAK;YAVUZ;GUNGOR;BAYRAK;DERELI;ACAR;VIDUSLU;OLMEZ;ERIS;EVREN;BEBBE
Ankaragucu vs. Ankaraspor - Sunday August 13 - 2006,Ankaraspor,hard,4-4-2,RICHARD KINGSON;WEDERSON;PETROUS;DUYMUS;YOLDAS;KISA;GUCER;KOCAK;AYHAN;YILMAZ;JABA
Denizlispor vs. Konyaspor - Sunday August 13 - 2006,Denizlispor,hard,4-2-3-1,KUCUK;CELIK;GURACAR;ERTUGRUL;CAGIRAN;GULPINAR;EGE;ABRAHAM;SIMSEK;KINALI;ADRIANO
Denizlispor vs. Konyaspor - Sunday August 13 - 2006,Konyaspor,hard,4-4-2,ONGUN;ALBAYRAK;EL SAKA;GUNDOSTU;CELIK;ALEKSANDROV;BATISTA;ER;AGCAY;TURKMEN;BELAL
Galatasaray vs. Kayserispor - Sunday August 13 - 2006,Galatasaray,easy,4-2-3-1,MONDRAGON;AK;SONG;TOMAS;HASPOLATLI;GUVEN;AKMAN;TURAN;ILIC;SARIOGLU;SUKUR
Galatasaray vs. Kayserispor - Sunday August 13 - 2006,Kayserispor,hard,4-4-2,IVANKOV;TOLEDO;ARSLAN;TOSCALI;CORA;BOLUKBASI;JOHNSON;BASDAG;TOPUZ;UNAL;AKAGUNDUZ
Kayseri Erciyesspor vs. Bursaspor - Sunday August 13 - 2006,Bursaspor,hard,4-4-2,ERAYDIN;BEKIROGLU;ERDOGAN;GULDUREN;YIGIT;FRASINEANU;SUMULIKOSKI;BOZACI;ACAR;AKDIS;KALOGLU
Kayseri Erciyesspor vs. Bursaspor - Sunday August 13 - 2006,Kayseri Erciyesspor,hard,4-4-2,FADHEL;OZKAYNAK;BAYER;BOUAZIZI;KOK;BAYAZIT;TORAMAN;KOCABAL;OZBAY;DJALOVIC;LAZAROV
Rizespor vs. Sivasspor - Sunday August 13 - 2006,Rizespor,hard,4-4-2,ZDRAVKOV;VICTORIA;CAKMAK;EL TABEI;EREN;ELMAS;UGUR;YUCETAS;TJIKUZU;DIA;AKSOY
Rizespor vs. Sivasspor - Sunday August 13 - 2006,Sivasspor,hard,4-4-2,PETKOVIC;YERLIKAYA;YURT;ELMACI;BAYRAKTAR;UMMAK;FRANSERGIO;TOPRAKTEPE;KUS;BOZKAYA;BALILI
Sakaryaspor vs. Antalyaspor - Sunday August 13 - 2006,Antalyaspor,hard,4-4-2,CORDOBA;YAMAN;BIENIUK;DZIEWICKI;KAVUK;KAHRAMAN;SUAZO;KARTOP;GURSEL;STRAKA;BIRDAL
Sakaryaspor vs. Antalyaspor - Sunday August 13 - 2006,Sakaryaspor,hard,4-4-2,MARTINEZ;TEBER;BAHADIR;USTA;DUMAN;VARDAR;MBAYO;CAPURRO;AYDIN;CETIN;CANGELE
Trabzonspor vs. Manisaspor - Sunday August 13 - 2006,Manisaspor,hard,4-2-3-1,ATAMAN;BALTA;BORBICONI;JOHANA;OZSARAC;INAN;INCEMAN;HOLOSKO;ZELENKA;ASKAROGLU;MEDUNA
Trabzonspor vs. Manisaspor - Sunday August 13 - 2006,Trabzonspor,easy,4-2-3-1,ZENGIN;OCAK;ATAN;STEPANOV;AKYEL;UCUNCU;CIMSIR;KARADENIZ;MARCELINHO;YATTARA;BULUT
Ankaraspor vs. Kayseri Erciyesspor - Saturday August 19 - 2006,Ankaraspor,hard,4-4-2,RICHARD KINGSON;WEDERSON;PETROUS;DUYMUS;YOLDAS;KISA;GUCER;KOCAK;AYHAN;YILMAZ;JABA
Ankaraspor vs. Kayseri Erciyesspor - Saturday August 19 - 2006,Kayseri Erciyesspor,hard,4-4-2,FADHEL;OZKAYNAK;BAYER;KOK;OZBAY;BAYAZIT;TORAMAN;KOCABAL;DEMIRAY;DJALOVIC;LAZAROV
Fenerbahce vs. Rizespor - Saturday August 19 - 2006,Fenerbahce,easy,4-1-4-1,RECBER;OZAT;ARAT;TURACI;ZENGIN;MEHMET AURELIO;SANLI;ALEX;METIN;YOZGATLI;SENTURK
Fenerbahce vs. Rizespor - Saturday August 19 - 2006,Rizespor,hard,4-2-3-1,ZDRAVKOV;VICTORIA;CAKMAK;EL TABEI;EREN;UGUR;TJIKUZU;ELMAS;AKSOY;BAKI;JELIC
Manisaspor vs. Galatasaray - Saturday August 19 - 2006,Galatasaray,easy,4-2-3-1,MONDRAGON;AK;SONG;TOMAS;HASPOLATLI;AKMAN;GUVEN;TURAN;ILIC;SARIOGLU;SUKUR
Manisaspor vs. Galatasaray - Saturday August 19 - 2006,Manisaspor,hard,4-2-3-1,ATAMAN;OZSARAC;BOZKURT;BORBICONI;JOHANA;INCEMAN;INAN;BALTA;ZELENKA;HOLOSKO;MEDUNA
Bursaspor vs. Genclerbirligi - Sunday August 20 - 2006,Bursaspor,hard,4-4-2,CATKIC;BEKIROGLU;BOZACI;ERDOGAN;GULDUREN;FRASINEANU;SUMULIKOSKI;ACAR;YIGIT;KALOGLU;BIRYOL
Bursaspor vs. Genclerbirligi - Sunday August 20 - 2006,Genclerbirligi,hard,4-4-2,TOKGOZ;GUVEN;RISP;TRAORE;OZBEY;AYDIN;NAS;ABDELAZIZ;PROMISE;CAKIR;OZTURK
Denizlispor vs. Besiktas - Sunday August 20 - 2006,Besiktas,easy,4-2-3-1,RUNJE;UZULMEZ;MERCIMEK;ZAN;TORAMAN;AVCI;KLEBERSON;GULEC;DELGADO;YILMAZ;BOBO
Denizlispor vs. Besiktas - Sunday August 20 - 2006,Denizlispor,hard,4-4-2,KUCUK;KECELI;GURACAR;KRATOCHVIL;CAGIRAN;ABRAHAM;EGE;SIMSEK;ERTUGRUL;KINALI;ADRIANO
Gaziantepspor vs. Trabzonspor - Sunday August 20 - 2006,Gaziantepspor,hard,4-2-3-1,HASAGIC;DAG;COGUM;IRTEGUN;AKINCI;KIRITA;DRINCIC;BAYAR;YILDIRIM;BAYRAKTAR;CIHAN
Gaziantepspor vs. Trabzonspor - Sunday August 20 - 2006,Trabzonspor,easy,4-2-3-1,ZENGIN;OCAK;STEPANOV;CIMSIR;COKMUS;UCUNCU;SZYMKOWIAK;KARADENIZ;MARCELINHO;AKYEL;BULUT
Kayserispor vs. Ankaragucu - Sunday August 20 - 2006,Ankaragucu,hard,4-2-3-1,USAK;PETKOV;KUTLU;BAYRAK;GUNGOR;ACAR;VIDUSLU;TITA;ERIS;DERELI;BEBBE
Kayserispor vs. Ankaragucu - Sunday August 20 - 2006,Kayserispor,hard,4-4-2,IVANKOV;TOLEDO;TOSCALI;JOHNSON;CORA;CEYLAN;BASDAG;BOLUKBASI;TOPUZ;UNAL;IGLESIAS
Konyaspor vs. Antalyaspor - Sunday August 20 - 2006,Antalyaspor,hard,4-4-2,CORDOBA;YAMAN;BIENIUK;DZIEWICKI;KAVUK;KAHRAMAN;SUAZO;KARTOP;GURSEL;STRAKA;BIRDAL
Konyaspor vs. Antalyaspor - Sunday August 20 - 2006,Konyaspor,hard,4-4-2,ONGUN;ALBAYRAK;EL SAKA;GUNDOSTU;CELIK;ALEKSANDROV;BATISTA;ER;YANIKDEMIR;TURKMEN;BELAL
Sivasspor vs. Sakaryaspor - Sunday August 20 - 2006,Sakaryaspor,hard,4-2-3-1,MARTINEZ;CLAYTON;BAHADIR;USTA;DUMAN;CAPURRO;ERDOGAN;AYDIN;OZMERT;MBAYO;CANGELE
Sivasspor vs. Sakaryaspor - Sunday August 20 - 2006,Sivasspor,hard,4-4-2,PETKOVIC;YERLIKAYA;YURT;ELMACI;KUS;TOPRAKTEPE;BAYRAKTAR;FRANSERGIO;UMMAK;BOZKAYA;BALILI
Besiktas vs. Konyaspor - Friday August 25 - 2006,Besiktas,easy,4-2-3-1,RUNJE;MERCIMEK;ZAN;AVCI;TORAMAN;TATAN;KLEBERSON;UZULMEZ;DELGADO;YILMAZ;BOBO
Besiktas vs. Konyaspor - Friday August 25 - 2006,Konyaspor,hard,4-2-3-1,ONGUN;KAUE;EL SAKA;GUNDOSTU;CELIK;BATISTA;AGCAY;ALEKSANDROV;YANIKDEMIR;ERGIN;BELAL
Galatasaray vs. Gaziantepspor - Saturday August 26 - 2006,Galatasaray,easy,4-2-3-1,MONDRAGON;AK;SEYHAN;SONG;HASPOLATLI;AKMAN;BURUK;TURAN;ILIC;SAS;SUKUR
Galatasaray vs. Gaziantepspor - Saturday August 26 - 2006,Gaziantepspor,hard,4-2-3-1,HASAGIC;DAG;COGUM;IRTEGUN;AKINCI;DRINCIC;YILDIRIM;BAYAR;KIRITA;ZURITA;DIAWARA
Genclerbirligi vs. Ankaraspor - Saturday August 26 - 2006,Ankaraspor,hard,4-4-2,RICHARD KINGSON;WEDERSON;PETROUS;DUYMUS;AKYUZ;KISA;GUCER;KOCAK;HURMACI;YILMAZ;JABA
Genclerbirligi vs. Ankaraspor - Saturday August 26 - 2006,Genclerbirligi,hard,4-2-3-1,TOKGOZ;GUVEN;RISP;TRAORE;OZBEY;NAS;ABDELAZIZ;PROMISE;CAKIR;ASLANTAS;OZTURK
Ankaragucu vs. Manisaspor - Sunday August 27 - 2006,Ankaragucu,hard,4-2-3-1,USAK;PETKOV;BAYRAK;VIDUSLU;DERELI;ACAR;ANDRE SILVA;TITA;ERIS;OZKAN;BEBBE
Ankaragucu vs. Manisaspor - Sunday August 27 - 2006,Manisaspor,hard,4-2-3-1,ATAMAN;OZSARAC;BOZKURT;BORBICONI;JOHANA;INCEMAN;INAN;BALTA;ZELENKA;HOLOSKO;AKAN
Antalyaspor vs. Sivasspor - Sunday August 27 - 2006,Antalyaspor,hard,4-4-2,CORDOBA;YAMAN;BIENIUK;DZIEWICKI;KAVUK;KAHRAMAN;SUAZO;KARTOP;GURSEL;STRAKA;BIRDAL
Antalyaspor vs. Sivasspor - Sunday August 27 - 2006,Sivasspor,hard,4-4-2,PETKOVIC;YERLIKAYA;HOCAOGLU;AZER;SOZGELMEZ;UMMAK;ELMACI;BAYRAKTAR;CAN;BALILI;ANDERSON
Kayseri Erciyesspor vs. Kayserispor - Sunday August 27 - 2006,Kayseri Erciyesspor,hard,4-4-2,FADHEL;OZKAYNAK;KOK;BOUAZIZI;BAYER;BAYAZIT;TORAMAN;LAZAROV;OZBAY;AGALI;ISLER
Kayseri Erciyesspor vs. Kayserispor - Sunday August 27 - 2006,Kayserispor,hard,4-4-2,IVANKOV;TOLEDO;TOSCALI;BASDAG;CORA;CEYLAN;BOLUKBASI;KAVIANPOUR;TOPUZ;UNAL;IGLESIAS
Rizespor vs. Bursaspor - Sunday August 27 - 2006,Bursaspor,hard,4-4-2,CATKIC;BEKIROGLU;BOZACI;ERDOGAN;GULDUREN;FRASINEANU;SUMULIKOSKI;ACAR;YIGIT;KALOGLU;BIRYOL
Rizespor vs. Bursaspor - Sunday August 27 - 2006,Rizespor,hard,4-4-2,ZDRAVKOV;VICTORIA;CAKMAK;EL TABEI;AKYUZ;BAKI;TJIKUZU;ELMAS;EREN;JELIC;AKSOY
Sakaryaspor vs. Fenerbahce - Sunday August 27 - 2006,Fenerbahce,easy,4-1-4-1,RECBER;OZAT;ARAT;LUGANO;ZENGIN;MEHMET AURELIO;SANLI;ALEX;METIN;YOZGATLI;SENTURK
Sakaryaspor vs. Fenerbahce - Sunday August 27 - 2006,Sakaryaspor,hard,4-2-3-1,MARTINEZ;TEBER;BAHADIR;CALISAL;DUMAN;OZMERT;CAPURRO;AYDIN;ERDOGAN;CANGELE;YILMAZ
Trabzonspor vs. Denizlispor - Sunday August 27 - 2006,Denizlispor,hard,4-5-1,KUCUK;KECELI;GURACAR;KRATOCHVIL;CAGIRAN;SIMSEK;YESILKAYA;GULPINAR;EGE;ERTUGRUL;KINALI
Trabzonspor vs. Denizlispor - Sunday August 27 - 2006,Trabzonspor,easy,4-2-3-1,JEFFERSON;OCAK;STEPANOV;AKYEL;COKMUS;UCUNCU;CIMSIR;KARADENIZ;SZYMKOWIAK;YATTARA;MARCELINHO
Denizlispor vs. Galatasaray - Saturday September 9 - 2006,Denizlispor,hard,4-2-3-1,KUCUK;JULIO CESAR;GURACAR;KRATOCHVIL;CAGIRAN;ABRAHAM;ERTUGRUL;SIMSEK;EGE;CAMBALHOTA;KINALI
Denizlispor vs. Galatasaray - Saturday September 9 - 2006,Galatasaray,easy,4-2-3-1,MONDRAGON;PENBE;SONG;TOMAS;HASPOLATLI;INAMOTO;TOPAL;TURAN;ILIC;SAS;SUKUR
Fenerbahce vs. Antalyaspor - Saturday September 9 - 2006,Antalyaspor,hard,4-4-2,CORDOBA;YAMAN;BIENIUK;DZIEWICKI;KAVUK;IDRIS HACIFAZLIOGLU;SUAZO;KAHRAMAN;BILGIN;STRAKA;GULLERI
Fenerbahce vs. Antalyaspor - Saturday September 9 - 2006,Fenerbahce,easy,4-2-3-1,RECBER;OZAT;EDU DRACENA;LUGANO;ZENGIN;MEHMET AURELIO;APPIAH;METIN;ALEX;DEIVID;KEZMAN
Kayserispor vs. Genclerbirligi - Saturday September 9 - 2006,Genclerbirligi,hard,4-2-3-1,TOKGOZ;GUVEN;RISP;TRAORE;ASLANTAS;SERAS;NAS;HAMINU;BAYTAR;CAKIR;OZTURK
Kayserispor vs. Genclerbirligi - Saturday September 9 - 2006,Kayserispor,hard,4-4-2,IVANKOV;TOLEDO;TOSCALI;BASDAG;CORA;CEYLAN;BOLUKBASI;KAVIANPOUR;TOPUZ;UNAL;IGLESIAS
Ankaraspor vs. Rizespor - Sunday September 10 - 2006,Ankaraspor,hard,4-2-3-1,ARIKAN;WEDERSON;PETROUS;DUYMUS;AKYUZ;KOCAK;ARSLAN;HACIOGLU;KISA;AYHAN;JABA
Ankaraspor vs. Rizespor - Sunday September 10 - 2006,Rizespor,hard,4-2-3-1,BOLUKBASI;VICTORIA;CAKMAK;EL TABEI;EREN;UGUR;YUCETAS;ALBAYRAK;ELMAS;TJIKUZU;AKSOY
Besiktas vs. Trabzonspor - Sunday September 10 - 2006,Besiktas,easy,4-4-2,RUNJE;MERCIMEK;ZAN;AVCI;KURTULUS;RICARDINHO;DELGADO;KLEBERSON;GUNES;BOBO;YILMAZ
Besiktas vs. Trabzonspor - Sunday September 10 - 2006,Trabzonspor,easy,4-2-3-1,JEFFERSON;OCAK;STEPANOV;AKYEL;COKMUS;UCUNCU;CIMSIR;MARCELINHO;SZYMKOWIAK;KARADENIZ;MARTIN
Bursaspor vs. Sakaryaspor - Sunday September 10 - 2006,Bursaspor,hard,4-4-2,CATKIC;BEKIROGLU;BOZACI;ERDOGAN;GULDUREN;FRASINEANU;SUMULIKOSKI;ACAR;YIGIT;BIRYOL;PANCU
Bursaspor vs. Sakaryaspor - Sunday September 10 - 2006,Sakaryaspor,hard,4-4-2,MARTINEZ;CLAYTON;BAHADIR;CALISAL;DUMAN;AYDIN;OZMERT;CAPURRO;MBAYO;YILMAZ;CANGELE
Gaziantepspor vs. Ankaragucu - Sunday September 10 - 2006,Ankaragucu,hard,4-5-1,USAK;PETKOV;KUTLU;BAYRAK;DERELI;TITA;VIDUSLU;ACAR;ANDRE SILVA;ERIS;OZKAN
Gaziantepspor vs. Ankaragucu - Sunday September 10 - 2006,Gaziantepspor,hard,4-4-2,DAGLAROGLU;DAG;COGUM;IRTEGUN;AKINCI;ERDOGDU;KIRITA;ZURITA;OZTONGA;DIAWARA;DE NIGRIS
Konyaspor vs. Sivasspor - Sunday September 10 - 2006,Konyaspor,hard,4-4-2,ONGUN;KAUE;EL SAKA;SEKMAN;CELIK;OZGUR;BATISTA;AGCAY;ALEKSANDROV;BELAL;CECCON
Konyaspor vs. Sivasspor - Sunday September 10 - 2006,Sivasspor,hard,4-4-2,PETKOVIC;YERLIKAYA;HOCAOGLU;CETIN;AZER;UMMAK;ELMACI;BAYRAKTAR;CAN;ANDERSON;BALILI
Manisaspor vs. Kayseri Erciyesspor - Sunday September 10 - 2006,Kayseri Erciyesspor,hard,4-4-2,OZGULTEKIN;ATES;AYHAN;BOUAZIZI;BAYER;BAYAZIT;TORAMAN;SARP;OZBAY;DJALOVIC;LAZAROV
Manisaspor vs. Kayseri Erciyesspor - Sunday September 10 - 2006,Manisaspor,hard,4-2-3-1,ATAMAN;OZSARAC;BOZKURT;BORBICONI;JOHANA;INCEMAN;INAN;BALTA;ZELENKA;HOLOSKO;MARQUES
Genclerbirligi vs. Manisaspor - Friday September 15 - 2006,Genclerbirligi,hard,4-2-3-1,TOKGOZ;GUVEN;RISP;UZUMCU;ASLANTAS;SERAS;NAS;HAMINU;BAYTAR;PROMISE;CAKIR
Genclerbirligi vs. Manisaspor - Friday September 15 - 2006,Manisaspor,hard,4-2-3-1,ATAMAN;OZSARAC;BOZKURT;BORBICONI;JOHANA;INCEMAN;INAN;BALTA;ZELENKA;AKAN;MARQUES
Ankaragucu vs. Denizlispor - Saturday September 16 - 2006,Ankaragucu,hard,4-2-3-1,USAK;PETKOV;GUNGOR;BAYRAK;DERELI;VIDUSLU;ANDRE SILVA;TITA;POSAVEC;ERIS;AGALI
Ankaragucu vs. Denizlispor - Saturday September 16 - 2006,Denizlispor,hard,4-2-3-1,KUCUK;JULIO CESAR;GURACAR;KRATOCHVIL;CAGIRAN;ERTUGRUL;EGE;ABRAHAM;SIMSEK;CAMBALHOTA;ADRIANO
Antalyaspor vs. Bursaspor - Saturday September 16 - 2006,Antalyaspor,hard,4-4-2,CORDOBA;YAMAN;BIENIUK;DZIEWICKI;KAVUK;IDRIS HACIFAZLIOGLU;SUAZO;KAHRAMAN;BILGIN;STRAKA;GULLERI
Antalyaspor vs. Bursaspor - Saturday September 16 - 2006,Bursaspor,hard,4-4-2,CATKIC;BEKIROGLU;BOZACI;ERDOGAN;GULDUREN;FRASINEANU;SUMULIKOSKI;ALEMDAR;YIGIT;BIRYOL;PANCU
Sakaryaspor vs. Ankaraspor - Saturday September 16 - 2006,Ankaraspor,hard,3-5-2,ARIKAN;PETROUS;BATAK;DUYMUS;WEDERSON;ARSLAN;KISA;KOCAK;AYHAN;JABA;HACIOGLU
Sakaryaspor vs. Ankaraspor - Saturday September 16 - 2006,Sakaryaspor,hard,4-2-3-1,MARTINEZ;TEBER;USTA;CALISAL;DUMAN;DEMIR;CAPURRO;AYDIN;ERDOGAN;MBAYO;CANGELE
Galatasaray vs. Besiktas - Sunday September 17 - 2006,Besiktas,easy,4-4-2,RUNJE;UZULMEZ;MERCIMEK;SEDEF;TANDOGAN;RICARDINHO;AVCI;KLEBERSON;YILMAZ;NOBRE;BOBO
Galatasaray vs. Besiktas - Sunday September 17 - 2006,Galatasaray,easy,4-4-2,MONDRAGON;OZTORUN;SONG;TOMAS;SARIOGLU;ILIC;INAMOTO;AKMAN;TURAN;KARAN;SUKUR
Kayseri Erciyesspor vs. Gaziantepspor - Sunday September 17 - 2006,Gaziantepspor,hard,4-4-2,DAGLAROGLU;ERDOGDU;COGUM;KIRITA;AKINCI;BAYAR;DRINCIC;ZURITA;DAG;DIAWARA;DE NIGRIS
Kayseri Erciyesspor vs. Gaziantepspor - Sunday September 17 - 2006,Kayseri Erciyesspor,hard,4-4-2,OZGULTEKIN;OZKAYNAK;AYHAN;TOTH;KOK;BAYAZIT;TORAMAN;SARP;OZBAY;ISLER;LAZAROV
Rizespor vs. Kayserispor - Sunday September 17 - 2006,Kayserispor,hard,4-4-2,IVANKOV;OKYAY;MENDEZ;JOHNSON;UCAR;CEYLAN;ARSLAN;BOLUKBASI;TOPUZ;PARLAK;IGLESIAS
Rizespor vs. Kayserispor - Sunday September 17 - 2006,Rizespor,hard,4-4-2,ZDRAVKOV;VICTORIA;CAKMAK;EL TABEI;EREN;ELMAS;UGUR;YUCETAS;TJIKUZU;DIA;AKSOY
Sivasspor vs. Fenerbahce - Sunday September 17 - 2006,Fenerbahce,easy,4-4-2,RECBER;OZAT;EDU DRACENA;LUGANO;ZENGIN;SANLI;MEHMET AURELIO;ALEX;APPIAH;DEIVID;KEZMAN
Sivasspor vs. Fenerbahce - Sunday September 17 - 2006,Sivasspor,hard,4-4-2,VARDAR;YERLIKAYA;CETIN;SOZGELMEZ;CAN;UMMAK;ELMACI;FRANSERGIO;KUS;BOZKAYA;BALILI
Trabzonspor vs. Konyaspor - Sunday September 17 - 2006,Konyaspor,hard,4-4-2,ONGUN;KAUE;EL SAKA;GUNDOSTU;SEKMAN;ALEKSANDROV;BATISTA;OZGUR;CELIK;BELAL;CECCON
Trabzonspor vs. Konyaspor - Sunday September 17 - 2006,Trabzonspor,easy,4-4-2,JEFFERSON;KECELI;STEPANOV;AKYEL;COKMUS;KARADENIZ;UCUNCU;CIMSIR;BUYUK;MARTIN;RIZA
Konyaspor vs. Fenerbahce - Friday September 22 - 2006,Fenerbahce,easy,4-2-3-1,RECBER;OZAT;EDU DRACENA;TURACI;ZENGIN;MEHMET AURELIO;APPIAH;SANLI;ALEX;DEIVID;KEZMAN
Konyaspor vs. Fenerbahce - Friday September 22 - 2006,Konyaspor,hard,4-4-2,ONGUN;KAUE;EL SAKA;GUNDOSTU;SEKMAN;OZGUR;BATISTA;AGCAY;CELIK;BELAL;CECCON
Trabzonspor vs. Galatasaray - Saturday September 23 - 2006,Galatasaray,easy,4-4-2,MONDRAGON;OZTORUN;SONG;TOMAS;SARIOGLU;TURAN;INAMOTO;AKMAN;SAS;SUKUR;KARAN
Trabzonspor vs. Galatasaray - Saturday September 23 - 2006,Trabzonspor,easy,4-2-3-1,JEFFERSON;OCAK;KECELI;STEPANOV;AKYEL;UCUNCU;COKMUS;KARADENIZ;MARCELINHO;BUYUK;MARTIN
Ankaraspor vs. Antalyaspor - Sunday September 24 - 2006,Ankaraspor,hard,3-5-2,ARIKAN;PETROUS;BATAK;DUYMUS;WEDERSON;ARSLAN;HURMACI;KOCAK;AYHAN;JABA;HACIOGLU
Ankaraspor vs. Antalyaspor - Sunday September 24 - 2006,Antalyaspor,hard,4-4-2,CORDOBA;CAN;BIENIUK;DZIEWICKI;KAVUK;YAMAN;SUAZO;BILGIN;IDRIS HACIFAZLIOGLU;BIRDAL;GULLERI
Besiktas vs. Ankaragucu - Sunday September 24 - 2006,Ankaragucu,hard,4-4-2,KIRINTILI;PETKOV;BAYRAK;GUNGOR;DERELI;TITA;VIDUSLU;ANDRE SILVA;ERIS;AGALI;OZKAN
Besiktas vs. Ankaragucu - Sunday September 24 - 2006,Besiktas,easy,4-2-3-1,RUNJE;UZULMEZ;MERCIMEK;SEDEF;TORAMAN;AVCI;KLEBERSON;GULEC;DELGADO;YILMAZ;NOBRE
Bursaspor vs. Sivasspor - Sunday September 24 - 2006,Bursaspor,hard,4-4-2,CATKIC;KORKMAZ;BOZACI;ERDOGAN;YIGIT;BEKIROGLU;SUMULIKOSKI;FRASINEANU;ACAR;PANCU;BIRYOL
Bursaspor vs. Sivasspor - Sunday September 24 - 2006,Sivasspor,hard,4-4-2,AVGIN;YERLIKAYA;HOCAOGLU;CETIN;CAN;UMMAK;ELMACI;FRANSERGIO;KUS;WOOTER;BALILI
Denizlispor vs. Kayseri Erciyesspor - Sunday September 24 - 2006,Denizlispor,hard,4-2-3-1,KUCUK;CAGIRAN;GURACAR;KRATOCHVIL;ERTUGRUL;GULPINAR;EGE;JULIO CESAR;SIMSEK;CAMBALHOTA;KINALI
Denizlispor vs. Kayseri Erciyesspor - Sunday September 24 - 2006,Kayseri Erciyesspor,hard,4-5-1,OZGULTEKIN;OZKAYNAK;KARGIN;TORAMAN;KOK;BAYAZIT;SARP;DIE;TOTH;OZBAY;ISLER
Gaziantepspor vs. Genclerbirligi - Sunday September 24 - 2006,Gaziantepspor,hard,4-4-2,HASAGIC;ERDOGDU;IRTEGUN;KIRITA;AKINCI;BAYAR;DRINCIC;ZURITA;DAG;DIAWARA;DE NIGRIS
Gaziantepspor vs. Genclerbirligi - Sunday September 24 - 2006,Genclerbirligi,hard,4-5-1,TOKGOZ;AYDIN;RISP;TRAORE;GUVEN;HAMINU;ABDELAZIZ;OZBEY;NAS;PROMISE;CAKIR
Kayserispor vs. Sakaryaspor - Sunday September 24 - 2006,Kayserispor,hard,4-4-2,IVANKOV;CEYLAN;MENDEZ;TOSCALI;UCAR;BOLUKBASI;BASDAG;ARSLAN;TOPUZ;AKAGUNDUZ;UNAL
Kayserispor vs. Sakaryaspor - Sunday September 24 - 2006,Sakaryaspor,hard,4-2-3-1,MARTINEZ;TEBER;BAHADIR;YAVUZ;DUMAN;CAPURRO;ERDOGAN;AYDIN;OZMERT;MBAYO;CANGELE
Manisaspor vs. Rizespor - Sunday September 24 - 2006,Manisaspor,hard,3-5-2,ATAMAN;BORBICONI;BOZKURT;INCEMAN;BALTA;INAN;ZELENKA;CALISKAN;OZSARAC;MARQUES;AKAN
Manisaspor vs. Rizespor - Sunday September 24 - 2006,Rizespor,hard,4-4-2,ZDRAVKOV;AKYUZ;CAKMAK;EL TABEI;EREN;VICTORIA;UGUR;YUCETAS;TJIKUZU;DIA;AKSOY
Galatasaray vs. Konyaspor - Saturday September 30 - 2006,Galatasaray,easy,4-4-2,MONDRAGON;AK;SONG;TOMAS;SARIOGLU;TURAN;AKMAN;ILIC;SAS;SUKUR;KARAN
Galatasaray vs. Konyaspor - Saturday September 30 - 2006,Konyaspor,hard,4-4-2,ONGUN;KAUE;EL SAKA;GUNDOSTU;CELIK;OZGUR;BATISTA;AGCAY;ALEKSANDROV;BELAL;CECCON
Genclerbirligi vs. Denizlispor - Saturday September 30 - 2006,Denizlispor,hard,4-2-3-1,KUCUK;CELIK;GURACAR;KRATOCHVIL;CAGIRAN;GULPINAR;EGE;SIMSEK;YESILKAYA;CAMBALHOTA;KINALI
Genclerbirligi vs. Denizlispor - Saturday September 30 - 2006,Genclerbirligi,hard,4-4-2,TOKGOZ;AYDIN;RISP;TRAORE;ASLANTAS;HAMINU;NAS;ABDELAZIZ;PROMISE;CAKIR;OZTURK
Rizespor vs. Gaziantepspor - Saturday September 30 - 2006,Gaziantepspor,hard,4-4-2,HASAGIC;ERDOGDU;COGUM;IRTEGUN;DAG;ZURITA;DRINCIC;SEN;OZTONGA;DIAWARA;DE NIGRIS
Rizespor vs. Gaziantepspor - Saturday September 30 - 2006,Rizespor,hard,4-2-3-1,ZDRAVKOV;VICTORIA;CAKMAK;EL TABEI;AKYUZ;UGUR;TJIKUZU;ALBAYRAK;AKSOY;EREN;DIA
Sivasspor vs. Ankaraspor - Saturday September 30 - 2006,Ankaraspor,hard,4-2-3-1,ARIKAN;WEDERSON;BATAK;BAHTIYAROGLU;YOLDAS;GUCER;ARSLAN;KISA;KOCAK;HACIOGLU;JABA
Sivasspor vs. Ankaraspor - Saturday September 30 - 2006,Sivasspor,hard,4-4-2,AVGIN;YERLIKAYA;HOCAOGLU;CETIN;CAN;UMMAK;ELMACI;FRANSERGIO;KUS;BOZKAYA;WOOTER
Antalyaspor vs. Kayserispor - Sunday October 1 - 2006,Antalyaspor,hard,4-4-2,CORDOBA;CAN;BIENIUK;DZIEWICKI;KAVUK;YAMAN;SUAZO;BILGIN;IDRIS HACIFAZLIOGLU;BIRDAL;GULLERI
Antalyaspor vs. Kayserispor - Sunday October 1 - 2006,Kayserispor,hard,4-4-2,IVANKOV;TOLEDO;CORA;MENDEZ;UCAR;CEYLAN;BASDAG;ARSLAN;TOPUZ;AKAGUNDUZ;UNAL
Fenerbahce vs. Bursaspor - Sunday October 1 - 2006,Bursaspor,hard,4-2-3-1,CATKIC;BEKIROGLU;KORKMAZ;GULDUREN;YIGIT;SUMULIKOSKI;BOZACI;KALOGLU;FRASINEANU;PANCU;BIRYOL
Fenerbahce vs. Bursaspor - Sunday October 1 - 2006,Fenerbahce,easy,4-2-3-1,DEMIREL;OZAT;LUGANO;EDU DRACENA;ZENGIN;MEHMET AURELIO;APPIAH;SANLI;ALEX;DEIVID;KEZMAN
Kayseri Erciyesspor vs. Besiktas - Sunday October 1 - 2006,Besiktas,easy,4-4-2,RUNJE;MERCIMEK;TORAMAN;ZAN;KURTULUS;UZULMEZ;TATAN;RICARDINHO;YILMAZ;NOBRE;BOBO
Kayseri Erciyesspor vs. Besiktas - Sunday October 1 - 2006,Kayseri Erciyesspor,hard,4-2-3-1,FADHEL;OZKAYNAK;KARGIN;BOUAZIZI;KOK;TOTH;TORAMAN;BAYAZIT;KOCABAL;OZBAY;DJALOVIC
Sakaryaspor vs. Manisaspor - Sunday October 1 - 2006,Manisaspor,hard,4-2-3-1,ATAMAN;OZSARAC;BOZKURT;BORBICONI;JOHANA;INAN;CALISKAN;BALTA;ZELENKA;AKAN;MARQUES
Sakaryaspor vs. Manisaspor - Sunday October 1 - 2006,Sakaryaspor,hard,4-4-2,MARTINEZ;TEBER;BAHADIR;USTA;DUMAN;ERDOGAN;OZMERT;CAPURRO;MBAYO;KELES;CANGELE
Ankaragucu vs. Trabzonspor - Monday October 2 - 2006,Ankaragucu,hard,4-2-3-1,KIRINTILI;PETKOV;BAYRAK;GUNGOR;DERELI;VIDUSLU;ANDRE SILVA;TITA;ERIS;KARADUMAN;OZKAN
Ankaragucu vs. Trabzonspor - Monday October 2 - 2006,Trabzonspor,easy,4-2-3-1,JEFFERSON;KECELI;STEPANOV;AKYEL;COKMUS;CIMSIR;UCUNCU;KARADENIZ;MARCELINHO;BUYUK;MARTIN
Galatasaray vs. Ankaragucu - Saturday October 14 - 2006,Ankaragucu,hard,4-4-2,KIRINTILI;DURUER;GUNGOR;DERELI;KARADUMAN;PETKOV;VIDUSLU;ANDRE SILVA;ERIS;TITA;OZKAN
Galatasaray vs. Ankaragucu - Saturday October 14 - 2006,Galatasaray,easy,4-4-2,MONDRAGON;AK;SONG;TOMAS;SARIOGLU;TURAN;AKMAN;ILIC;SAS;KARAN;SUKUR
Gaziantepspor vs. Sakaryaspor - Saturday October 14 - 2006,Gaziantepspor,hard,4-4-2,DAGLAROGLU;ERDOGDU;COGUM;IRTEGUN;AKINCI;BAYAR;KIRITA;GUNES;ZURITA;CIHAN;DE NIGRIS
Gaziantepspor vs. Sakaryaspor - Saturday October 14 - 2006,Sakaryaspor,hard,4-4-2,MARTINEZ;TEBER;USTA;YAVUZ;DUMAN;AYDIN;DEMIR;ERDOGAN;MBAYO;YILMAZ;CANGELE
Konyaspor vs. Bursaspor - Saturday October 14 - 2006,Bursaspor,hard,4-4-2,CATKIC;BEKIROGLU;KORKMAZ;BOZACI;GULDUREN;PANCU;SUMULIKOSKI;FRASINEANU;YIGIT;BIRYOL;KALOGLU
Konyaspor vs. Bursaspor - Saturday October 14 - 2006,Konyaspor,hard,4-4-2,ONGUN;KAUE;EL SAKA;GUNDOSTU;CELIK;OZGUR;BATISTA;AGCAY;ALEKSANDROV;BELAL;CECCON
Trabzonspor vs. Kayseri Erciyesspor - Saturday October 14 - 2006,Kayseri Erciyesspor,hard,4-5-1,FADHEL;TEBER;KARGIN;BOUAZIZI;OZKAYNAK;BAYAZIT;TORAMAN;SARP;DIE;LAZAROV;ISLER
Trabzonspor vs. Kayseri Erciyesspor - Saturday October 14 - 2006,Trabzonspor,easy,4-2-3-1,JEFFERSON;KECELI;ATAN;AKYEL;BUYUK;CIMSIR;UCUNCU;MARCELINHO;SZYMKOWIAK;KARADENIZ;MARTIN
Ankaraspor vs. Fenerbahce - Sunday October 15 - 2006,Ankaraspor,hard,4-2-3-1,ARIKAN;WEDERSON;PETROUS;DUYMUS;YOLDAS;GUCER;ARSLAN;KISA;KOCAK;HACIOGLU;JABA
Ankaraspor vs. Fenerbahce - Sunday October 15 - 2006,Fenerbahce,easy,4-2-3-1,RECBER;OZAT;EDU DRACENA;LUGANO;ZENGIN;MEHMET AURELIO;APPIAH;SANLI;ALEX;DEIVID;KEZMAN
Besiktas vs. Genclerbirligi - Sunday October 15 - 2006,Besiktas,easy,3-3-3-1,RUNJE;ZAN;TORAMAN;SEDEF;UZULMEZ;MERCIMEK;KURTULUS;GULEC;DELGADO;YILMAZ;NOBRE
Besiktas vs. Genclerbirligi - Sunday October 15 - 2006,Genclerbirligi,hard,4-4-2,TOKGOZ;AYDIN;TRAORE;RISP;OZBEY;HAMINU;NAS;ABDELAZIZ;NICOISE;CAKIR;PROMISE
Denizlispor vs. Rizespor - Sunday October 15 - 2006,Denizlispor,hard,4-2-3-1,KUCUK;JULIO CESAR;GURACAR;KRATOCHVIL;CAGIRAN;GULPINAR;ERTUGRUL;ABRAHAM;SIMSEK;CAMBALHOTA;KARTAL
Denizlispor vs. Rizespor - Sunday October 15 - 2006,Rizespor,hard,4-4-2,ZDRAVKOV;VICTORIA;CAKMAK;EL TABEI;AKYUZ;ALBAYRAK;UGUR;TJIKUZU;EREN;DIA;AKSOY
Kayserispor vs. Sivasspor - Sunday October 15 - 2006,Kayserispor,hard,4-4-2,IVANKOV;TOLEDO;MENDEZ;TOSCALI;CORA;CEYLAN;BASDAG;BOLUKBASI;TOPUZ;AKAGUNDUZ;UNAL
Kayserispor vs. Sivasspor - Sunday October 15 - 2006,Sivasspor,hard,4-4-2,PETKOVIC;SOZGELMEZ;HOCAOGLU;CETIN;CAN;UMMAK;ELMACI;FRANSERGIO;KUS;WOOTER;BALILI
Manisaspor vs. Antalyaspor - Sunday October 15 - 2006,Antalyaspor,hard,4-4-2,AVCIBAY;CAN;BIENIUK;DZIEWICKI;KAVUK;YAMAN;SUAZO;BILGIN;IDRIS HACIFAZLIOGLU;BIRDAL;GULLERI
Manisaspor vs. Antalyaspor - Sunday October 15 - 2006,Manisaspor,hard,4-2-3-1,ATAMAN;ERKIN;BOZKURT;BORBICONI;OZSARAC;INCEMAN;INAN;OZTURK;ZELENKA;AKAN;MARQUES
Genclerbirligi vs. Trabzonspor - Friday October 20 - 2006,Genclerbirligi,hard,4-4-2,OZTURK;AYDIN;RISP;TRAORE;OZBEY;HAMINU;NAS;ABDELAZIZ;PROMISE;CAKIR;OZTURK
Genclerbirligi vs. Trabzonspor - Friday October 20 - 2006,Trabzonspor,easy,4-4-2,JEFFERSON;KOCAK;STEPANOV;AKYEL;COKMUS;KARADENIZ;CIMSIR;MARCELINHO;BUYUK;MARTIN;RIZA
Sivasspor vs. Manisaspor - Friday October 20 - 2006,Manisaspor,hard,4-2-3-1,ATAMAN;OZSARAC;BOZKURT;BORBICONI;JOHANA;INCEMAN;INAN;ERKIN;ZELENKA;HOLOSKO;MARQUES
Sivasspor vs. Manisaspor - Friday October 20 - 2006,Sivasspor,hard,4-4-2,PETKOVIC;SOZGELMEZ;HOCAOGLU;CETIN;CAN;UMMAK;ELMACI;FRANSERGIO;KUS;WOOTER;BALILI
Bursaspor vs. Ankaraspor - Saturday October 21 - 2006,Ankaraspor,hard,4-4-2,ARIKAN;WEDERSON;PETROUS;DUYMUS;YOLDAS;TOSUN;ARSLAN;KISA;AYHAN;YILMAZ;JABA
Bursaspor vs. Ankaraspor - Saturday October 21 - 2006,Bursaspor,hard,4-4-2,CATKIC;BEKIROGLU;KORKMAZ;GULDUREN;YIGIT;PANCU;SUMULIKOSKI;FRASINEANU;ACAR;AKDIS;BIRYOL
Kayseri Erciyesspor vs. Galatasaray - Saturday October 21 - 2006,Galatasaray,easy,4-2-3-1,MONDRAGON;AK;SONG;TOMAS;SARIOGLU;INAMOTO;AKMAN;TURAN;ILIC;YILMAZ;KARAN
Kayseri Erciyesspor vs. Galatasaray - Saturday October 21 - 2006,Kayseri Erciyesspor,hard,4-5-1,FADHEL;OZKAYNAK;AYHAN;BOUAZIZI;KOK;BAYAZIT;DIE;TORAMAN;SARP;LAZAROV;ISLER
Sakaryaspor vs. Denizlispor - Saturday October 21 - 2006,Denizlispor,hard,4-2-3-1,KUCUK;JULIO CESAR;GURACAR;KRATOCHVIL;CAGIRAN;ERTUGRUL;GULPINAR;ABRAHAM;SIMSEK;CAMBALHOTA;KARTAL
Sakaryaspor vs. Denizlispor - Saturday October 21 - 2006,Sakaryaspor,hard,4-4-2,MARTINEZ;TEBER;BAHADIR;YAVUZ;DUMAN;AYDIN;CAPURRO;ERDOGAN;MBAYO;KELES;CANGELE
Ankaragucu vs. Konyaspor - Sunday October 22 - 2006,Ankaragucu,hard,4-4-2,KIRINTILI;PETKOV;BAYRAK;GUNGOR;DERELI;DURUER;ANDRE SILVA;VIDUSLU;ERIS;OZKAN;BEBBE
Ankaragucu vs. Konyaspor - Sunday October 22 - 2006,Konyaspor,hard,4-4-2,ONGUN;KAUE;EL SAKA;GUNDOSTU;CELIK;OZGUR;BATISTA;AGCAY;ALEKSANDROV;BELAL;CECCON
Antalyaspor vs. Gaziantepspor - Sunday October 22 - 2006,Antalyaspor,hard,4-4-2,CORDOBA;YAMAN;BIENIUK;DZIEWICKI;KAVUK;IDRIS HACIFAZLIOGLU;SUAZO;KAHRAMAN;BILGIN;BIRDAL;GULLERI
Antalyaspor vs. Gaziantepspor - Sunday October 22 - 2006,Gaziantepspor,hard,4-4-2,HASAGIC;BAYAR;COGUM;IRTEGUN;AKINCI;ZURITA;GUNES;DRINCIC;KIRITA;CIHAN;DE NIGRIS
Fenerbahce vs. Kayserispor - Sunday October 22 - 2006,Fenerbahce,easy,4-2-3-1,DEMIREL;BORAL;LUGANO;EDU DRACENA;TURACI;BARIS;APPIAH;SANLI;ALEX;YOZGATLI;KEZMAN
Fenerbahce vs. Kayserispor - Sunday October 22 - 2006,Kayserispor,hard,4-2-3-1,IVANKOV;TOLEDO;MENDEZ;JOHNSON;CORA;BASDAG;ARSLAN;CEYLAN;BOLUKBASI;TOPUZ;PARLAK
Rizespor vs. Besiktas - Sunday October 22 - 2006,Besiktas,easy,4-4-2,RUNJE;SEDEF;TORAMAN;ZAN;KURTULUS;UZULMEZ;MERCIMEK;RICARDINHO;YILMAZ;GULEC;NOBRE
Rizespor vs. Besiktas - Sunday October 22 - 2006,Rizespor,hard,4-2-3-1,ZDRAVKOV;VICTORIA;CAKMAK;EL TABEI;AKYUZ;UGUR;TJIKUZU;ALBAYRAK;AKSOY;EREN;DIA
Galatasaray vs. Genclerbirligi - Saturday October 28 - 2006,Galatasaray,easy,4-5-1,MONDRAGON;OZTORUN;SONG;TOMAS;SARIOGLU;CARRUSCA;INAMOTO;ILIC;AKMAN;TURAN;KARAN
Galatasaray vs. Genclerbirligi - Saturday October 28 - 2006,Genclerbirligi,hard,4-4-2,TOKGOZ;AYDIN;TRAORE;RISP;OZBEY;HAMINU;NAS;ABDELAZIZ;CAKIR;OZTURK;PROMISE
Ankaragucu vs. Kayseri Erciyesspor - Sunday October 29 - 2006,Ankaragucu,hard,4-2-3-1,KIRINTILI;PETKOV;BAYRAK;GUNGOR;DERELI;ANDRE SILVA;VIDUSLU;DURUER;ERIS;OZKAN;BEBBE
Ankaragucu vs. Kayseri Erciyesspor - Sunday October 29 - 2006,Kayseri Erciyesspor,hard,4-4-2,OZGULTEKIN;OZKAYNAK;BOUAZIZI;TORAMAN;KOK;BAYAZIT;TOTH;SARP;OZBAY;ISLER;LAZAROV
Besiktas vs. Sakaryaspor - Sunday October 29 - 2006,Besiktas,easy,4-4-2,RUNJE;SEDEF;TORAMAN;ZAN;KURTULUS;UZULMEZ;TANDOGAN;DELGADO;TATAN;NOBRE;BOBO
Besiktas vs. Sakaryaspor - Sunday October 29 - 2006,Sakaryaspor,hard,4-2-3-1,MARTINEZ;CALISAL;USTA;YAVUZ;DUMAN;DEMIR;CAPURRO;AYDIN;ERDOGAN;CANGELE;KELES
Denizlispor vs. Antalyaspor - Sunday October 29 - 2006,Antalyaspor,hard,4-4-2,CORDOBA;YAMAN;BIENIUK;DZIEWICKI;KAVUK;GURSEL;SUAZO;KARTOP;BILGIN;BIRDAL;GULLERI
Denizlispor vs. Antalyaspor - Sunday October 29 - 2006,Denizlispor,hard,4-4-2,KUCUK;JULIO CESAR;GURACAR;KRATOCHVIL;CAGIRAN;ABRAHAM;GULPINAR;SIMSEK;GORGUN;KARTAL;CAMBALHOTA
Gaziantepspor vs. Sivasspor - Sunday October 29 - 2006,Gaziantepspor,hard,4-2-3-1,DAGLAROGLU;BAYAR;COGUM;KIRITA;IRTEGUN;DRINCIC;ZURITA;GUNES;YILDIRIM;AKINCI;DE NIGRIS
Gaziantepspor vs. Sivasspor - Sunday October 29 - 2006,Sivasspor,hard,4-4-2,PETKOVIC;SOZGELMEZ;HOCAOGLU;CETIN;CAN;GURSOY;ELMACI;FABRICIO;WOOTER;ANDERSON;BALILI
Kayserispor vs. Bursaspor - Sunday October 29 - 2006,Bursaspor,hard,4-4-2,CATKIC;TUNCER;KORKMAZ;GULDUREN;YIGIT;BEKIROGLU;BOZACI;ACAR;SUMULIKOSKI;BIRYOL;KALOGLU
Kayserispor vs. Bursaspor - Sunday October 29 - 2006,Kayserispor,hard,4-4-2,IVANKOV;TOLEDO;CORA;MENDEZ;UCAR;CEYLAN;BASDAG;BOLUKBASI;TOPUZ;UNAL;PARLAK
Konyaspor vs. Ankaraspor - Sunday October 29 - 2006,Ankaraspor,hard,4-2-3-1,ARIKAN;WEDERSON;PETROUS;DUYMUS;YOLDAS;ARSLAN;AYHAN;HACIOGLU;KISA;TOSUN;JABA
Konyaspor vs. Ankaraspor - Sunday October 29 - 2006,Konyaspor,hard,4-4-2,ONGUN;KAUE;GUNDOSTU;TURKMEN;AGCAY;OZGUR;BATISTA;ER;ALEKSANDROV;ATES;CECCON
Manisaspor vs. Fenerbahce - Sunday October 29 - 2006,Fenerbahce,easy,4-2-3-1,DEMIREL;BORAL;LUGANO;EDU DRACENA;TURACI;BARIS;APPIAH;METIN;ALEX;SANLI;DEIVID
Manisaspor vs. Fenerbahce - Sunday October 29 - 2006,Manisaspor,hard,4-2-3-1,ATAMAN;BALTA;JOHANA;INCEMAN;OZSARAC;INAN;OZTURK;HOLOSKO;ZELENKA;ASKAROGLU;AKAN
Trabzonspor vs. Rizespor - Monday October 30 - 2006,Rizespor,hard,4-2-3-1,ZDRAVKOV;AKYUZ;CAKMAK;EL TABEI;DOGANTEZ;UGUR;TJIKUZU;VICTORIA;AKSOY;EREN;DIA
Trabzonspor vs. Rizespor - Monday October 30 - 2006,Trabzonspor,easy,4-4-2,JEFFERSON;KECELI;STEPANOV;AKYEL;COKMUS;OCAK;CIMSIR;KARADENIZ;BUYUK;MARTIN;MARCELINHO
Fenerbahce vs. Gaziantepspor - Friday November 3 - 2006,Fenerbahce,easy,4-2-3-1,DEMIREL;BORAL;LUGANO;EDU DRACENA;TURACI;BARIS;APPIAH;METIN;ALEX;SANLI;DEIVID
Fenerbahce vs. Gaziantepspor - Friday November 3 - 2006,Gaziantepspor,hard,4-2-3-1,DAGLAROGLU;BAYAR;COGUM;IRTEGUN;AKINCI;DRINCIC;KIRITA;KILICASLAN;YILDIRIM;ZURITA;DE NIGRIS
Ankaraspor vs. Kayserispor - Saturday November 4 - 2006,Ankaraspor,hard,3-5-2,ARIKAN;PETROUS;BATAK;DUYMUS;WEDERSON;ARSLAN;HURMACI;AYHAN;AKYUZ;YILMAZ;JABA
Ankaraspor vs. Kayserispor - Saturday November 4 - 2006,Kayserispor,hard,4-4-2,IVANKOV;OKYAY;CORA;MENDEZ;UCAR;TOLEDO;BASDAG;ARSLAN;TOPUZ;PARLAK;AKAGUNDUZ
Kayseri Erciyesspor vs. Konyaspor - Saturday November 4 - 2006,Kayseri Erciyesspor,hard,4-4-2,FADHEL;OZKAYNAK;KARGIN;BOUAZIZI;KOK;BAYAZIT;TORAMAN;DIE;BAYER;ISLER;LAZAROV
Kayseri Erciyesspor vs. Konyaspor - Saturday November 4 - 2006,Konyaspor,hard,4-4-2,ONGUN;KAUE;EL SAKA;GUNDOSTU;AGCAY;OZGUR;BATISTA;ER;ALEKSANDROV;ATES;CECCON
Sakaryaspor vs. Trabzonspor - Saturday November 4 - 2006,Sakaryaspor,hard,4-4-2,MARTINEZ;CALISAL;USTA;YAVUZ;DUMAN;VARDAR;DEMIR;MBAYO;AYDIN;KELES;YILMAZ
Sakaryaspor vs. Trabzonspor - Saturday November 4 - 2006,Trabzonspor,easy,4-4-2,JEFFERSON;KECELI;ATAN;STEPANOV;AKYEL;KARADENIZ;UCUNCU;CIMSIR;BUYUK;BULUT;MARTIN
Sivasspor vs. Denizlispor - Saturday November 4 - 2006,Denizlispor,hard,4-2-3-1,KUCUK;CELIK;KRATOCHVIL;GURACAR;CAGIRAN;YIGEN;GULPINAR;KARAKOC;SIMSEK;ABRAHAM;KARTAL
Sivasspor vs. Denizlispor - Saturday November 4 - 2006,Sivasspor,hard,4-4-2,PETKOVIC;SOZGELMEZ;HOCAOGLU;CETIN;CAN;UMMAK;ELMACI;FRANSERGIO;KUS;ANDERSON;BALILI
Antalyaspor vs. Besiktas - Sunday November 5 - 2006,Antalyaspor,hard,3-5-2,CORDOBA;BIENIUK;ASLAN;DZIEWICKI;YAMAN;KARTOP;KAHRAMAN;BILGIN;GURSEL;BIRDAL;GULLERI
Antalyaspor vs. Besiktas - Sunday November 5 - 2006,Besiktas,easy,4-4-2,RUNJE;UZULMEZ;TORAMAN;ZAN;KURTULUS;RICARDINHO;AVCI;KLEBERSON;TANDOGAN;BOBO;GULEC
Bursaspor vs. Manisaspor - Sunday November 5 - 2006,Bursaspor,hard,4-4-2,CATKIC;GULDUREN;KORKMAZ;SUMULIKOSKI;BARIS;BEKIROGLU;ACAR;FRASINEANU;YIGIT;AKDIS;BIRYOL
Bursaspor vs. Manisaspor - Sunday November 5 - 2006,Manisaspor,hard,4-2-3-1,ATAMAN;BALTA;BOZKURT;JOHANA;OZSARAC;INCEMAN;OZTURK;HOLOSKO;ZELENKA;ASKAROGLU;MARQUES
Genclerbirligi vs. Ankaragucu - Sunday November 5 - 2006,Ankaragucu,hard,4-2-3-1,KIRINTILI;PETKOV;BAYRAK;GUNGOR;DERELI;VIDUSLU;ANDRE SILVA;DURUER;ERIS;OZKAN;BEBBE
Genclerbirligi vs. Ankaragucu - Sunday November 5 - 2006,Genclerbirligi,hard,4-4-2,TOKGOZ;AYDIN;DURSUN;RISP;OZBEY;HAMINU;NAS;ABDELAZIZ;PROMISE;CAKIR;OZTURK
Rizespor vs. Galatasaray - Sunday November 5 - 2006,Galatasaray,easy,4-2-3-1,MONDRAGON;AK;SONG;TOMAS;HASPOLATLI;INAMOTO;AKMAN;TURAN;ILIC;SAS;SUKUR
Rizespor vs. Galatasaray - Sunday November 5 - 2006,Rizespor,hard,4-2-3-1,ZDRAVKOV;AKYUZ;CAKMAK;EL TABEI;DOGANTEZ;TJIKUZU;VICTORIA;UGUR;AKSOY;EREN;DIA
Denizlispor vs. Fenerbahce - Friday November 10 - 2006,Denizlispor,hard,4-2-3-1,KUCUK;CELIK;GURACAR;KRATOCHVIL;CAGIRAN;GULPINAR;YIGEN;ABRAHAM;SIMSEK;ERTUGRUL;KARTAL
Denizlispor vs. Fenerbahce - Friday November 10 - 2006,Fenerbahce,easy,4-2-3-1,DEMIREL;BORAL;LUGANO;EDU DRACENA;TURACI;BARIS;APPIAH;METIN;ALEX;SANLI;DEIVID
Besiktas vs. Sivasspor - Saturday November 11 - 2006,Besiktas,easy,4-4-2,RUNJE;UZULMEZ;TORAMAN;ZAN;KURTULUS;RICARDINHO;AVCI;KLEBERSON;TANDOGAN;BOBO;AKIN
Besiktas vs. Sivasspor - Saturday November 11 - 2006,Sivasspor,hard,4-4-2,PETKOVIC;UMMAK;HOCAOGLU;CETIN;SOZGELMEZ;TOPRAKTEPE;ELMACI;FRANSERGIO;KUS;YILDIZ;BALILI
Ankaragucu vs. Rizespor - Sunday November 12 - 2006,Ankaragucu,hard,4-2-3-1,KIRINTILI;PETKOV;BAYRAK;VIDUSLU;GUNGOR;ANDRE SILVA;DURUER;TITA;ERIS;OZKAN;BEBBE
Ankaragucu vs. Rizespor - Sunday November 12 - 2006,Rizespor,hard,4-4-2,ZDRAVKOV;VICTORIA;CAKMAK;EL TABEI;DOGANTEZ;UGUR;TJIKUZU;AKSOY;EREN;DIA;JELIC
Galatasaray vs. Sakaryaspor - Sunday November 12 - 2006,Galatasaray,easy,4-4-2,MONDRAGON;AK;TOMAS;SONG;HASPOLATLI;TURAN;INAMOTO;ILIC;BURUK;KARAN;KABZE
Galatasaray vs. Sakaryaspor - Sunday November 12 - 2006,Sakaryaspor,hard,4-4-2,MARTINEZ;CALISAL;USTA;YAVUZ;DUMAN;ERDOGAN;DEMIR;MBAYO;AYDIN;VARDAR;YILMAZ
Gaziantepspor vs. Bursaspor - Sunday November 12 - 2006,Bursaspor,hard,4-4-2,CATKIC;BEKIROGLU;KORKMAZ;GULDUREN;BARIS;FRASINEANU;SUMULIKOSKI;ACAR;YIGIT;AKDIS;KALOGLU
Gaziantepspor vs. Bursaspor - Sunday November 12 - 2006,Gaziantepspor,hard,4-4-2,HASAGIC;ERDOGDU;COGUM;KIRITA;AKINCI;BAYAR;GUNES;DRINCIC;ZURITA;DE NIGRIS;DIAWARA
Kayseri Erciyesspor vs. Genclerbirligi - Sunday November 12 - 2006,Genclerbirligi,hard,4-4-2,TOKGOZ;AYDIN;RISP;TRAORE;OZBEY;HAMINU;SERAS;BAYTAR;PROMISE;CAKIR;OZTURK
Kayseri Erciyesspor vs. Genclerbirligi - Sunday November 12 - 2006,Kayseri Erciyesspor,hard,4-4-2,FADHEL;ATES;KARGIN;KARACA;BAYER;BAYAZIT;SARP;TORAMAN;OZBAY;DJALOVIC;ISLER
Konyaspor vs. Kayserispor - Sunday November 12 - 2006,Kayserispor,hard,4-4-2,IVANKOV;TOLEDO;CORA;MENDEZ;UCAR;OKYAY;BOLUKBASI;ARSLAN;TOPUZ;PARLAK;AKAGUNDUZ
Konyaspor vs. Kayserispor - Sunday November 12 - 2006,Konyaspor,hard,4-2-3-1,ONGUN;KAUE;EL SAKA;GUNDOSTU;AGCAY;BATISTA;ER;OZGUR;ALEKSANDROV;KOC;BELAL
Manisaspor vs. Ankaraspor - Sunday November 12 - 2006,Ankaraspor,hard,4-4-2,ARIKAN;WEDERSON;PETROUS;DUYMUS;YOLDAS;HURMACI;GUCER;ARSLAN;AYHAN;YILMAZ;JABA
Manisaspor vs. Ankaraspor - Sunday November 12 - 2006,Manisaspor,hard,4-2-3-1,TUNCAY;BALTA;BOZKURT;JOHANA;OZSARAC;INCEMAN;INAN;ERKIN;CALISKAN;HOLOSKO;MARQUES
Trabzonspor vs. Antalyaspor - Sunday November 12 - 2006,Antalyaspor,hard,4-4-2,CORDOBA;CAN;BIENIUK;DZIEWICKI;KAVUK;YAMAN;KARTOP;BILGIN;GURSEL;BEGECARSLAN;BIRDAL
Trabzonspor vs. Antalyaspor - Sunday November 12 - 2006,Trabzonspor,easy,4-4-2,JEFFERSON;KECELI;ATAN;STEPANOV;COKMUS;MARCELINHO;UCUNCU;CIMSIR;KARADENIZ;MARTIN;BULUT
Antalyaspor vs. Galatasaray - Saturday November 18 - 2006,Antalyaspor,hard,4-4-2,CORDOBA;CAN;BIENIUK;DZIEWICKI;KAVUK;YAMAN;KARTOP;BILGIN;GURSEL;BIRDAL;BEGECARSLAN
Antalyaspor vs. Galatasaray - Saturday November 18 - 2006,Galatasaray,easy,4-4-2,MONDRAGON;SARIOGLU;SONG;TOMAS;HASPOLATLI;ILIC;INAMOTO;AKMAN;TURAN;KARAN;KABZE
Genclerbirligi vs. Konyaspor - Saturday November 18 - 2006,Genclerbirligi,hard,4-4-2,TOKGOZ;AYDIN;RISP;TRAORE;OZBEY;HAMINU;NAS;ABDELAZIZ;PROMISE;OZTURK;CAKIR
Genclerbirligi vs. Konyaspor - Saturday November 18 - 2006,Konyaspor,hard,4-2-3-1,ONGUN;KAUE;EL SAKA;GUNDOSTU;OZKAN;AGCAY;ER;OZGUR;ERGIN;KOC;TURKMEN
Kayserispor vs. Manisaspor - Saturday November 18 - 2006,Kayserispor,hard,4-4-2,IVANKOV;TOLEDO;CORA;MENDEZ;UCAR;CEYLAN;BASDAG;BOLUKBASI;TOPUZ;AKAGUNDUZ;IGLESIAS
Kayserispor vs. Manisaspor - Saturday November 18 - 2006,Manisaspor,hard,4-2-3-1,ATAMAN;ERKIN;BALTA;BOZKURT;OZSARAC;INCEMAN;INAN;OZTURK;CALISKAN;HOLOSKO;MARQUES
Sakaryaspor vs. Ankaragucu - Saturday November 18 - 2006,Ankaragucu,hard,4-5-1,KIRINTILI;PETKOV;KUTLU;GUNGOR;DERELI;TITA;VIDUSLU;KARADUMAN;DURUER;OZKAN;BEBBE
Sakaryaspor vs. Ankaragucu - Saturday November 18 - 2006,Sakaryaspor,hard,4-2-3-1,MARTINEZ;CALISAL;USTA;YAVUZ;DUMAN;DEMIR;ERDOGAN;VARDAR;OZMERT;AYDIN;KELES
Ankaraspor vs. Gaziantepspor - Sunday November 19 - 2006,Ankaraspor,hard,4-4-2,ARIKAN;WEDERSON;PETROUS;DUYMUS;YOLDAS;KISA;GUCER;ARSLAN;AYHAN;YILMAZ;JABA
Ankaraspor vs. Gaziantepspor - Sunday November 19 - 2006,Gaziantepspor,hard,4-4-2,HASAGIC;TASDELEN;COGUM;IRTEGUN;DAG;BAYAR;KIRITA;DRINCIC;ZURITA;DE NIGRIS;DIAWARA
Bursaspor vs. Denizlispor - Sunday November 19 - 2006,Bursaspor,hard,4-4-2,CATKIC;BEKIROGLU;ERDOGAN;GULDUREN;BARIS;FRASINEANU;BOZACI;ACAR;YIGIT;AKDIS;KALOGLU
Bursaspor vs. Denizlispor - Sunday November 19 - 2006,Denizlispor,hard,4-2-3-1,KUCUK;CELIK;GURACAR;KRATOCHVIL;CAGIRAN;ERTUGRUL;GULPINAR;KARAKOC;SIMSEK;ABRAHAM;KARTAL
Fenerbahce vs. Besiktas - Sunday November 19 - 2006,Besiktas,easy,4-2-3-1,RUNJE;UZULMEZ;TORAMAN;ZAN;KURTULUS;AVCI;KLEBERSON;AKIN;DELGADO;YILMAZ;NOBRE
Fenerbahce vs. Besiktas - Sunday November 19 - 2006,Fenerbahce,easy,4-2-3-1,DEMIREL;OZAT;LUGANO;EDU DRACENA;TURACI;BARIS;APPIAH;METIN;ALEX;SANLI;DEIVID
Rizespor vs. Kayseri Erciyesspor - Sunday November 19 - 2006,Kayseri Erciyesspor,hard,5-4-1,FADHEL;OZKAYNAK;KARGIN;KARACA;BAYER;KOK;BAYAZIT;TOTH;DIE;OZBAY;ISLER
Rizespor vs. Kayseri Erciyesspor - Sunday November 19 - 2006,Rizespor,hard,5-4-1,ZDRAVKOV;VICTORIA;EL TABEI;CAKMAK;AKYUZ;DOGANTEZ;ALBAYRAK;UGUR;TJIKUZU;EREN;AKSOY
Sivasspor vs. Trabzonspor - Sunday November 19 - 2006,Sivasspor,hard,4-4-2,PETKOVIC;UMMAK;HOCAOGLU;CETIN;CAN;TOPRAKTEPE;ELMACI;FRANSERGIO;KUS;YILDIZ;BALILI
Sivasspor vs. Trabzonspor - Sunday November 19 - 2006,Trabzonspor,easy,4-2-3-1,JEFFERSON;KECELI;ATAN;STEPANOV;COKMUS;CIMSIR;UCUNCU;KARADENIZ;MARCELINHO;BUYUK;BULUT
Besiktas vs. Bursaspor - Friday November 24 - 2006,Besiktas,easy,4-2-3-1,RUNJE;UZULMEZ;TORAMAN;ZAN;KURTULUS;AVCI;KLEBERSON;AKIN;DELGADO;YILMAZ;NOBRE
Besiktas vs. Bursaspor - Friday November 24 - 2006,Bursaspor,hard,4-4-2,CATKIC;GULDUREN;KORKMAZ;ERDOGAN;KURTULUS;BEKIROGLU;SUMULIKOSKI;FRASINEANU;YIGIT;PANCU;KALOGLU
Denizlispor vs. Ankaraspor - Saturday November 25 - 2006,Ankaraspor,hard,4-4-2,ARIKAN;WEDERSON;PETROUS;DUYMUS;YOLDAS;KISA;GUCER;ARSLAN;AYHAN;YILMAZ;JABA
Denizlispor vs. Ankaraspor - Saturday November 25 - 2006,Denizlispor,hard,4-2-3-1,KUCUK;KARAKOC;GURACAR;KRATOCHVIL;CAGIRAN;EGEDIK;GULPINAR;ABRAHAM;SIMSEK;ERTUGRUL;ADRIANO
Galatasaray vs. Sivasspor - Saturday November 25 - 2006,Galatasaray,easy,4-2-3-1,MONDRAGON;PENBE;SONG;TOMAS;HASPOLATLI;INAMOTO;AKMAN;TURAN;ILIC;SAS;KARAN
Galatasaray vs. Sivasspor - Saturday November 25 - 2006,Sivasspor,hard,4-4-2,PETKOVIC;CAN;HOCAOGLU;CETIN;SOZGELMEZ;TOPRAKTEPE;ELMACI;FRANSERGIO;KUS;YILDIZ;BALILI
Gaziantepspor vs. Kayserispor - Saturday November 25 - 2006,Gaziantepspor,hard,4-4-2,HASAGIC;DAG;COGUM;IRTEGUN;KIRITA;TASDELEN;DRINCIC;YILDIRIM;ZURITA;DIAWARA;DE NIGRIS
Gaziantepspor vs. Kayserispor - Saturday November 25 - 2006,Kayserispor,hard,4-2-3-1,IVANKOV;TOLEDO;MENDEZ;TOSCALI;CORA;BASDAG;ARSLAN;CEYLAN;BOLUKBASI;TOPUZ;PARLAK
Manisaspor vs. Konyaspor - Saturday November 25 - 2006,Konyaspor,hard,4-2-3-1,ONGUN;OZKAN;EL SAKA;GUNDOSTU;SEKMAN;ER;ERGIN;KAUE;OZGUR;SEN;TURKMEN
Manisaspor vs. Konyaspor - Saturday November 25 - 2006,Manisaspor,hard,4-2-3-1,TUNCAY;BALTA;OZSARAC;INCEMAN;ASKAROGLU;INAN;CALISKAN;ERKIN;OZTURK;HOLOSKO;MARQUES
Ankaragucu vs. Antalyaspor - Sunday November 26 - 2006,Ankaragucu,hard,4-5-1,KIRINTILI;PETKOV;BAYRAK;GUNGOR;KARADUMAN;TITA;ANDRE SILVA;DURUER;VIDUSLU;ERIS;BEBBE
Ankaragucu vs. Antalyaspor - Sunday November 26 - 2006,Antalyaspor,hard,4-4-2,CORDOBA;CAN;ASLAN;DZIEWICKI;KAVUK;GURSEL;SUAZO;KARTOP;BILGIN;BIRDAL;GULLERI
Kayseri Erciyesspor vs. Sakaryaspor - Sunday November 26 - 2006,Kayseri Erciyesspor,hard,4-4-2,FADHEL;OZKAYNAK;KARGIN;BAYER;KOK;BAYAZIT;TOTH;TORAMAN;DEMIRAY;ISLER;LAZAROV
Kayseri Erciyesspor vs. Sakaryaspor - Sunday November 26 - 2006,Sakaryaspor,hard,4-2-3-1,MARTINEZ;CALISAL;USTA;YAVUZ;DUMAN;DEMIR;CAPURRO;AYDIN;OZMERT;MBAYO;PEKTEMEK
Rizespor vs. Genclerbirligi - Sunday November 26 - 2006,Genclerbirligi,hard,4-4-2,TOKGOZ;AYDIN;RISP;TRAORE;OZBEY;HAMINU;SERAS;BAYTAR;PROMISE;CAKIR;OZTURK
Rizespor vs. Genclerbirligi - Sunday November 26 - 2006,Rizespor,hard,4-2-3-1,ZDRAVKOV;EL TABEI;CAKMAK;GULTEKIN;AKYUZ;UGUR;TJIKUZU;VICTORIA;ALBAYRAK;EREN;AKSOY
Trabzonspor vs. Fenerbahce - Sunday November 26 - 2006,Fenerbahce,easy,4-2-3-1,DEMIREL;BORAL;LUGANO;EDU DRACENA;TURACI;BARIS;APPIAH;SANLI;DEIVID;YOZGATLI;KEZMAN
Trabzonspor vs. Fenerbahce - Sunday November 26 - 2006,Trabzonspor,easy,4-2-3-1,JEFFERSON;OCAK;KECELI;STEPANOV;BAYRAKTAR;CIMSIR;COKMUS;KARADENIZ;SZYMKOWIAK;MARCELINHO;BULUT
Bursaspor vs. Trabzonspor - Friday December 1 - 2006,Bursaspor,hard,4-4-2,CATKIC;BEKIROGLU;KORKMAZ;GULDUREN;YIGIT;FRASINEANU;SUMULIKOSKI;BOZACI;MATEUS PARANA;AKDIS;KALOGLU
Bursaspor vs. Trabzonspor - Friday December 1 - 2006,Trabzonspor,easy,4-2-3-1,JEFFERSON;OCAK;ATAN;STEPANOV;BAYRAKTAR;CIMSIR;UCUNCU;MUSAMPA;MARCELINHO;KARADENIZ;BULUT
Ankaraspor vs. Besiktas - Saturday December 2 - 2006,Ankaraspor,hard,5-4-1,ARIKAN;WEDERSON;DUYMUS;PETROUS;BAHTIYAROGLU;YOLDAS;KISA;GUCER;ARSLAN;HURMACI;JABA
Ankaraspor vs. Besiktas - Saturday December 2 - 2006,Besiktas,easy,4-5-1,RUNJE;UZULMEZ;MERCIMEK;AVCI;TORAMAN;YILMAZ;KURTULUS;RICARDINHO;KLEBERSON;TANDOGAN;NOBRE
Kayserispor vs. Denizlispor - Saturday December 2 - 2006,Denizlispor,hard,4-5-1,KUCUK;CELIK;KRATOCHVIL;ERTUGRUL;GORGUN;ABRAHAM;EGEDIK;GULPINAR;YIGEN;KARAKOC;DEMIR
Kayserispor vs. Denizlispor - Saturday December 2 - 2006,Kayserispor,hard,4-4-2,IVANKOV;TOLEDO;MENDEZ;TOSCALI;CORA;CEYLAN;BASDAG;BOLUKBASI;TOPUZ;IGLESIAS;AKAGUNDUZ
Konyaspor vs. Rizespor - Saturday December 2 - 2006,Konyaspor,hard,4-4-2,ONGUN;OZKAN;EL SAKA;ER;SEKMAN;KAUE;ERGIN;OZGUR;SEN;TURKMEN;BELAL
Konyaspor vs. Rizespor - Saturday December 2 - 2006,Rizespor,hard,4-5-1,ZDRAVKOV;VICTORIA;AKYUZ;CAKMAK;EREN;ALBAYRAK;UGUR;AKSOY;YUCETAS;TJIKUZU;DIA
Sivasspor vs. Ankaragucu - Saturday December 2 - 2006,Ankaragucu,hard,4-5-1,KIRINTILI;PETKOV;KUTLU;ANDRE SILVA;DERELI;DURUER;VIDUSLU;ERIS;KARADUMAN;OZKAN;BEBBE
Sivasspor vs. Ankaragucu - Saturday December 2 - 2006,Sivasspor,hard,4-4-2,PETKOVIC;YERLIKAYA;HOCAOGLU;CETIN;SOZGELMEZ;UMMAK;CAN;WOOTER;KUS;YILDIZ;BALILI
Antalyaspor vs. Kayseri Erciyesspor - Sunday December 3 - 2006,Antalyaspor,hard,4-4-2,CORDOBA;CAN;BIENIUK;DZIEWICKI;KAVUK;YAMAN;SUAZO;BILGIN;GURSEL;STRAKA;BIRDAL
Antalyaspor vs. Kayseri Erciyesspor - Sunday December 3 - 2006,Kayseri Erciyesspor,hard,4-5-1,FADHEL;OZKAYNAK;KARGIN;BAYER;KOK;LAZAROV;DIE;TORAMAN;TOTH;DEMIRAY;ISLER
Fenerbahce vs. Galatasaray - Sunday December 3 - 2006,Fenerbahce,easy,4-2-3-1,DEMIREL;BARIS;LUGANO;EDU DRACENA;TURACI;MEHMET AURELIO;APPIAH;BORAL;ALEX;SANLI;KEZMAN
Fenerbahce vs. Galatasaray - Sunday December 3 - 2006,Galatasaray,easy,4-2-3-1,MONDRAGON;PENBE;ASIK;TOMAS;HASPOLATLI;AKMAN;INAMOTO;TURAN;ILIC;SAS;KARAN
Manisaspor vs. Gaziantepspor - Sunday December 3 - 2006,Gaziantepspor,hard,4-4-2,HASAGIC;ERDOGDU;COGUM;IRTEGUN;AKINCI;BAYAR;KIRITA;YILDIRIM;ZURITA;CIHAN;GUNES
Manisaspor vs. Gaziantepspor - Sunday December 3 - 2006,Manisaspor,hard,4-5-1,TUNCAY;BALTA;BOZKURT;OZSARAC;ASKAROGLU;ERKIN;INCEMAN;INAN;CALISKAN;HOLOSKO;MARQUES
Sakaryaspor vs. Genclerbirligi - Sunday December 3 - 2006,Genclerbirligi,hard,4-4-2,TOKGOZ;AYDIN;DURSUN;RISP;OZBEY;HAMINU;SERAS;BAYTAR;PROMISE;CAKIR;OZTURK
Sakaryaspor vs. Genclerbirligi - Sunday December 3 - 2006,Sakaryaspor,hard,4-4-2,MARTINEZ;TEBER;USTA;YAVUZ;DUMAN;ERDOGAN;DEMIR;CAPURRO;MBAYO;PEKTEMEK;CANGELE
Ankaragucu vs. Fenerbahce - Friday December 8 - 2006,Ankaragucu,hard,4-5-1,KIRINTILI;PETKOV;BAYRAK;GUNGOR;DERELI;TITA;ANDRE SILVA;ERIS;DURUER;OZKAN;BEBBE
Ankaragucu vs. Fenerbahce - Friday December 8 - 2006,Fenerbahce,easy,4-2-3-1,DEMIREL;BARIS;ARAT;LUGANO;TURACI;MEHMET AURELIO;APPIAH;BORAL;ALEX;SANLI;KEZMAN
Besiktas vs. Kayserispor - Saturday December 9 - 2006,Besiktas,easy,4-5-1,RUNJE;UZULMEZ;MERCIMEK;TORAMAN;KURTULUS;AKIN;AVCI;RICARDINHO;KLEBERSON;YILMAZ;NOBRE
Besiktas vs. Kayserispor - Saturday December 9 - 2006,Kayserispor,hard,4-5-1,IVANKOV;TOLEDO;MENDEZ;TOSCALI;CORA;CEYLAN;BASDAG;BOLUKBASI;ARSLAN;TOPUZ;IGLESIAS
Kayseri Erciyesspor vs. Sivasspor - Saturday December 9 - 2006,Kayseri Erciyesspor,hard,4-4-2,FADHEL;OZKAYNAK;KARGIN;AYHAN;KOK;BAYAZIT;SARP;TORAMAN;OZBAY;ISLER;LAZAROV
Kayseri Erciyesspor vs. Sivasspor - Saturday December 9 - 2006,Sivasspor,hard,4-4-2,PETKOVIC;YERLIKAYA;HOCAOGLU;CETIN;SOZGELMEZ;UMMAK;ELMACI;CAN;WOOTER;YILDIZ;BALILI
Rizespor vs. Sakaryaspor - Saturday December 9 - 2006,Rizespor,hard,3-5-2,ZDRAVKOV;EL TABEI;CAKMAK;GULTEKIN;VICTORIA;UGUR;AKSOY;TJIKUZU;EREN;DIA;MENGI
Rizespor vs. Sakaryaspor - Saturday December 9 - 2006,Sakaryaspor,hard,4-5-1,MARTINEZ;TEBER;YAVUZ;CALISAL;DUMAN;ERDOGAN;DEMIR;OZMERT;CAPURRO;CANGELE;KELES
Denizlispor vs. Manisaspor - Sunday December 10 - 2006,Denizlispor,hard,4-5-1,KUCUK;ABRAHAM;KRATOCHVIL;ERTUGRUL;CAGIRAN;SIMSEK;YIGEN;GULPINAR;EGEDIK;KARAKOC;DEMIR
Denizlispor vs. Manisaspor - Sunday December 10 - 2006,Manisaspor,hard,4-5-1,TUNCAY;BALTA;BOZKURT;OZSARAC;ASKAROGLU;ERKIN;INCEMAN;INAN;CALISKAN;HOLOSKO;MARQUES
Galatasaray vs. Bursaspor - Sunday December 10 - 2006,Bursaspor,hard,4-4-2,CATKIC;BEKIROGLU;KORKMAZ;ERDOGAN;YIGIT;FRASINEANU;SUMULIKOSKI;BOZACI;MATEUS PARANA;AKDIS;KALOGLU
Galatasaray vs. Bursaspor - Sunday December 10 - 2006,Galatasaray,easy,4-4-2,MONDRAGON;PENBE;SEYHAN;TOMAS;HASPOLATLI;TURAN;INAMOTO;AKMAN;SARIOGLU;KARAN;KABZE
Gaziantepspor vs. Konyaspor - Sunday December 10 - 2006,Gaziantepspor,hard,4-4-2,HASAGIC;ERDOGDU;COGUM;DEMIROK;IRTEGUN;BAYAR;SEN;YILDIRIM;AKINCI;CIHAN;DE NIGRIS
Gaziantepspor vs. Konyaspor - Sunday December 10 - 2006,Konyaspor,hard,4-5-1,ONGUN;OZKAN;EL SAKA;GUNDOSTU;SEKMAN;KAUE;ER;OZGUR;ERGIN;KOC;TURKMEN
Genclerbirligi vs. Antalyaspor - Sunday December 10 - 2006,Antalyaspor,hard,4-4-2,CORDOBA;CAN;BIENIUK;DZIEWICKI;KAVUK;YAMAN;KARTOP;BILGIN;GURSEL;STRAKA;GULLERI
Genclerbirligi vs. Antalyaspor - Sunday December 10 - 2006,Genclerbirligi,hard,4-4-2,TOKGOZ;AYDIN;RISP;TRAORE;OZBEY;PROMISE;SERAS;ABDELAZIZ;BAYTAR;OZTURK;CAKIR
Trabzonspor vs. Ankaraspor - Sunday December 10 - 2006,Ankaraspor,hard,5-4-1,ARIKAN;WEDERSON;DUYMUS;PETROUS;BAHTIYAROGLU;YOLDAS;HURMACI;GUCER;KISA;TOSUN;JABA
Trabzonspor vs. Ankaraspor - Sunday December 10 - 2006,Trabzonspor,easy,4-4-2,JEFFERSON;OCAK;ATAN;STEPANOV;COKMUS;KARADENIZ;CIMSIR;MARCELINHO;BUYUK;BULUT;MARTIN
Kayseri Erciyesspor vs. Fenerbahce - Friday January 26 - 2007,Fenerbahce,easy,4-2-3-1,DEMIREL;BORAL;EDU DRACENA;BARIS;BALCI;APPIAH;OZAT;SANLI;ALEX;YOZGATLI;DEIVID
Kayseri Erciyesspor vs. Fenerbahce - Friday January 26 - 2007,Kayseri Erciyesspor,hard,4-4-2,FADHEL;OZKAYNAK;BAYER;KOK;OZBAY;LAZAROV;TORAMAN;SARP;BOYRAZ;DJALOVIC;ISLER
Galatasaray vs. Ankaraspor - Saturday January 27 - 2007,Ankaraspor,hard,4-5-1,ARIKAN;WEDERSON;BATAK;PETROUS;BAHTIYAROGLU;HACIOGLU;GUCER;HURMACI;KOCAK;AKYUZ;TOSUN
Galatasaray vs. Ankaraspor - Saturday January 27 - 2007,Galatasaray,easy,4-4-2,MONDRAGON;AK;SONG;TOMAS;SARIOGLU;TURAN;INAMOTO;ILIC;SAS;SUKUR;KARAN
Genclerbirligi vs. Sivasspor - Saturday January 27 - 2007,Genclerbirligi,hard,4-4-2,TOKGOZ;DURSUN;TRAORE;UZUMCU;GUVEN;HAMINU;TOZO;NAS;BAYTAR;OZTURK;CAKIR
Genclerbirligi vs. Sivasspor - Saturday January 27 - 2007,Sivasspor,hard,4-4-2,PETKOVIC;YERLIKAYA;HOCAOGLU;SOZGELMEZ;CAN;TOPRAKTEPE;ELMACI;FRANSERGIO;KUS;YILDIZ;BALILI
Ankaragucu vs. Bursaspor - Sunday January 28 - 2007,Ankaragucu,hard,4-4-2,KIRINTILI;ANDRE SILVA;BAYRAK;GUNGOR;DERELI;YESILKAYA;VIDUSLU;ERIS;AYHAN;AGALI;BEBBE
Ankaragucu vs. Bursaspor - Sunday January 28 - 2007,Bursaspor,hard,4-4-2,CATKIC;BEKIROGLU;KORKMAZ;GULDUREN;YIGIT;FRASINEANU;SUMULIKOSKI;BOZACI;ACAR;AKDIS;KALOGLU
Besiktas vs. Manisaspor - Sunday January 28 - 2007,Besiktas,easy,4-4-2,RUNJE;UZULMEZ;ZAN;AVCI;TORAMAN;RICARDINHO;TATAN;DELGADO;KURTULUS;NOBRE;BOBO
Besiktas vs. Manisaspor - Sunday January 28 - 2007,Manisaspor,hard,4-4-2,TUNCAY;OZSARAC;BOZKURT;KALABANE;KOC;OZTURK;INCEMAN;INAN;REINALDO;MARQUES;HOLOSKO
Denizlispor vs. Gaziantepspor - Sunday January 28 - 2007,Denizlispor,hard,4-4-2,KUCUK;CELIK;GURACAR;KRATOCHVIL;CAGIRAN;ABRAHAM;GULPINAR;EGE;ERTUGRUL;KROUPA;SIMSEK
Denizlispor vs. Gaziantepspor - Sunday January 28 - 2007,Gaziantepspor,hard,4-4-2,HASAGIC;DAG;AFANOU;IRTEGUN;COGUM;BAYAR;KIRITA;ZURITA;AKINCI;CIHAN;DIAWARA
Rizespor vs. Antalyaspor - Sunday January 28 - 2007,Antalyaspor,hard,5-4-1,CORDOBA;YAMAN;ISIK;DZIEWICKI;BIENIUK;KAVUK;IDRIS HACIFAZLIOGLU;SUAZO;BILGIN;ZITOUNI;BIRDAL
Rizespor vs. Antalyaspor - Sunday January 28 - 2007,Rizespor,hard,4-4-2,ZDRAVKOV;VICTORIA;CAKMAK;EL TABEI;AKYUZ;ELMAS;SAID;YUCETAS;BAKI;ANDERSON;BIRYOL
Sakaryaspor vs. Konyaspor - Sunday January 28 - 2007,Konyaspor,hard,4-5-1,ONGUN;KAUE;EL SAKA;GUNDOSTU;SEKMAN;OZGUR;AGCAY;NECA;ER;SEN;TURKMEN
Sakaryaspor vs. Konyaspor - Sunday January 28 - 2007,Sakaryaspor,hard,4-4-2,MARTINEZ;USLU;BAHADIR;USTA;DUMAN;ERDOGAN;DEMIR;TURHAN;AYDIN;DEBRELI;YILMAZER
Trabzonspor vs. Kayserispor - Sunday January 28 - 2007,Kayserispor,hard,4-4-2,IVANKOV;CORA;MENDEZ;TOSCALI;UCAR;OKYAY;BASDAG;JOHNSON;TOPUZ;UNAL;PARLAK
Trabzonspor vs. Kayserispor - Sunday January 28 - 2007,Trabzonspor,easy,4-4-2,ZENGIN;OCAK;ATAN;RISP;BUYUK;KECELI;CIMSIR;ABDELAZIZ;KARADENIZ;MARTIN;BULUT
Fenerbahce vs. Genclerbirligi - Friday February 2 - 2007,Fenerbahce,easy,4-2-3-1,DEMIREL;BORAL;ARAT;EDU DRACENA;BALCI;BARIS;MEHMET AURELIO;SANLI;ALEX;APPIAH;KEZMAN
Fenerbahce vs. Genclerbirligi - Friday February 2 - 2007,Genclerbirligi,hard,4-4-2,TOKGOZ;AYDIN;UZUMCU;TRAORE;GUVEN;CAKIR;SERAS;NAS;BAYTAR;PROMISE;MENDONCA
Antalyaspor vs. Sakaryaspor - Saturday February 3 - 2007,Antalyaspor,hard,4-4-2,CORDOBA;YAMAN;BIENIUK;ASLAN;KAVUK;CAN;KARTOP;BILGIN;GURSEL;STRAKA;ZITOUNI
Antalyaspor vs. Sakaryaspor - Saturday February 3 - 2007,Sakaryaspor,hard,4-4-2,MARTINEZ;ERDOGAN;BAHADIR;USTA;DUMAN;DEMIR;OZMERT;TURHAN;AYDIN;GRAF;KARAKAYA
Konyaspor vs. Denizlispor - Saturday February 3 - 2007,Denizlispor,hard,4-4-2,KUCUK;CAGIRAN;CELIK;KRATOCHVIL;GURACAR;ABRAHAM;EGE;SIMSEK;TEKIN;KROUPA;KARAKOC
Konyaspor vs. Denizlispor - Saturday February 3 - 2007,Konyaspor,hard,4-4-2,ONGUN;KAUE;EL SAKA;GUNDOSTU;SEKMAN;OZGUR;ER;NECA;ERGIN;TURKMEN;SEN
Manisaspor vs. Trabzonspor - Saturday February 3 - 2007,Manisaspor,hard,3-5-2,TUNCAY;KALABANE;BOZKURT;OZSARAC;BALTA;INCEMAN;INAN;BORBICONI;REINALDO;MARQUES;HOLOSKO
Manisaspor vs. Trabzonspor - Saturday February 3 - 2007,Trabzonspor,easy,4-4-2,ZENGIN;KOCAK;STEPANOV;RISP;BAYRAKTAR;KECELI;CIMSIR;ABDELAZIZ;KARADENIZ;BULUT;YATTARA
Ankaraspor vs. Ankaragucu - Sunday February 4 - 2007,Ankaragucu,hard,4-4-2,KIRINTILI;OCAK;BAYRAK;GUNGOR;DERELI;ANDRE SILVA;VIDUSLU;YESILKAYA;AYHAN;AGALI;BEBBE
Ankaraspor vs. Ankaragucu - Sunday February 4 - 2007,Ankaraspor,hard,4-4-2,ARIKAN;WEDERSON;BATAK;BAHTIYAROGLU;YOLDAS;KISA;GUCER;PETROUS;HURMACI;JABA;HACIOGLU
Bursaspor vs. Kayseri Erciyesspor - Sunday February 4 - 2007,Bursaspor,hard,4-4-2,CATKIC;BEKIROGLU;KORKMAZ;ERDOGAN;YIGIT;FRASINEANU;SUMULIKOSKI;BOZACI;ACAR;AKDIS;KALOGLU
Bursaspor vs. Kayseri Erciyesspor - Sunday February 4 - 2007,Kayseri Erciyesspor,hard,4-4-2,USAK;OZKAYNAK;BAYER;KOK;OZBAY;LAZAROV;SARP;TORAMAN;DJALOVIC;BOYRAZ;ISLER
Gaziantepspor vs. Besiktas - Sunday February 4 - 2007,Besiktas,easy,4-4-2,RUNJE;UZULMEZ;MERCIMEK;ZAN;TORAMAN;RICARDINHO;AVCI;KURTULUS;DELGADO;YILMAZ;BOBO
Gaziantepspor vs. Besiktas - Sunday February 4 - 2007,Gaziantepspor,hard,4-4-2,HASAGIC;BAYAR;AFANOU;IRTEGUN;AKINCI;YILDIRIM;KIRITA;COGUM;OZTONGA;CIHAN;DIAWARA
Kayserispor vs. Galatasaray - Sunday February 4 - 2007,Galatasaray,easy,4-5-1,MONDRAGON;AK;SONG;TOMAS;SARIOGLU;TURAN;INAMOTO;ILIC;AKMAN;SAS;KARAN
Kayserispor vs. Galatasaray - Sunday February 4 - 2007,Kayserispor,hard,4-4-2,IVANKOV;TOLEDO;MENDEZ;TOSCALI;UCAR;OKYAY;GUNES;BASDAG;TOPUZ;IGLESIAS;UNAL
Sivasspor vs. Rizespor - Sunday February 4 - 2007,Rizespor,hard,4-4-2,ZDRAVKOV;VICTORIA;AKYUZ;EL TABEI;DOGANTEZ;UGUR;SAID;YUCETAS;BAKI;ANDERSON;BIRYOL
Sivasspor vs. Rizespor - Sunday February 4 - 2007,Sivasspor,hard,4-4-2,PETKOVIC;YERLIKAYA;CETIN;SOZGELMEZ;CAN;TOPRAKTEPE;ELMACI;FRANSERGIO;KUS;YILDIZ;BALILI
Ankaragucu vs. Kayserispor - Saturday February 10 - 2007,Ankaragucu,hard,4-4-2,KIRINTILI;OCAK;BAYRAK;ANDRE SILVA;CELIK;DURUER;VIDUSLU;YESILKAYA;DERELI;TITA;BEBBE
Ankaragucu vs. Kayserispor - Saturday February 10 - 2007,Kayserispor,hard,4-4-2,IVANKOV;TOLEDO;CORA;MENDEZ;UCAR;OKYAY;BASDAG;EDER LOUCO;TOPUZ;UNAL;OZCAN
Besiktas vs. Denizlispor - Saturday February 10 - 2007,Besiktas,easy,4-4-2,RUNJE;UZULMEZ;MERCIMEK;TORAMAN;TANDOGAN;RICARDINHO;AVCI;KURTULUS;DELGADO;BOBO;NOBRE
Besiktas vs. Denizlispor - Saturday February 10 - 2007,Denizlispor,hard,4-5-1,KUCUK;CAGIRAN;GURACAR;KRATOCHVIL;ERTUGRUL;JULIO CESAR;ABRAHAM;GULPINAR;EGE;GORGUN;KROUPA
Rizespor vs. Fenerbahce - Saturday February 10 - 2007,Fenerbahce,easy,4-2-3-1,DEMIREL;BARIS;EDU DRACENA;ARAT;BALCI;MEHMET AURELIO;APPIAH;BORAL;ALEX;SANLI;DEIVID
Rizespor vs. Fenerbahce - Saturday February 10 - 2007,Rizespor,hard,4-4-2,ZDRAVKOV;VICTORIA;CAKMAK;EL TABEI;AKYUZ;ELMAS;SAID;YUCETAS;BAKI;ANDERSON;BIRYOL
Antalyaspor vs. Konyaspor - Sunday February 11 - 2007,Antalyaspor,hard,4-4-2,CORDOBA;YAMAN;BIENIUK;DZIEWICKI;KAVUK;CAN;SUAZO;KAHRAMAN;BILGIN;BIRDAL;ZITOUNI
Antalyaspor vs. Konyaspor - Sunday February 11 - 2007,Konyaspor,hard,3-5-2,ONGUN;EL SAKA;BATISTA;GUNDOSTU;KAUE;NECA;ER;OZGUR;ERGIN;TURKMEN;SEN
Galatasaray vs. Manisaspor - Sunday February 11 - 2007,Galatasaray,easy,4-4-2,MONDRAGON;AK;SONG;TOMAS;SARIOGLU;TURAN;INAMOTO;ILIC;BURUK;KARAN;ATES
Galatasaray vs. Manisaspor - Sunday February 11 - 2007,Manisaspor,hard,3-5-2,TUNCAY;KALABANE;BOZKURT;OZSARAC;KOC;INAN;INCEMAN;ZELENKA;ASKAROGLU;REINALDO;HOLOSKO
Genclerbirligi vs. Bursaspor - Sunday February 11 - 2007,Bursaspor,hard,4-4-2,CATKIC;BEKIROGLU;KORKMAZ;ERDOGAN;YIGIT;ACAR;SUMULIKOSKI;BOZACI;BARIS;AKDIS;KALOGLU
Genclerbirligi vs. Bursaspor - Sunday February 11 - 2007,Genclerbirligi,hard,4-4-2,OZTURK;AYDIN;TRAORE;UZUMCU;GUVEN;CAKIR;SERAS;NAS;BAYTAR;OZTURK;PROMISE
Kayseri Erciyesspor vs. Ankaraspor - Sunday February 11 - 2007,Ankaraspor,hard,4-5-1,ARIKAN;WEDERSON;BATAK;BAHTIYAROGLU;YOLDAS;DEMIRHAN;PETROUS;KISA;KOCAK;HURMACI;HACIOGLU
Kayseri Erciyesspor vs. Ankaraspor - Sunday February 11 - 2007,Kayseri Erciyesspor,hard,4-4-2,USAK;OZKAYNAK;DUYMUS;TURAN;KOK;BOYRAZ;SARP;TORAMAN;OZBAY;DJALOVIC;ISLER
Sakaryaspor vs. Sivasspor - Sunday February 11 - 2007,Sakaryaspor,hard,4-4-2,MARTINEZ;ERDOGAN;USTA;DEMIR;DUMAN;CANGELE;TURHAN;OZMERT;AYDIN;GRAF;YANIK
Sakaryaspor vs. Sivasspor - Sunday February 11 - 2007,Sivasspor,hard,4-4-2,PETKOVIC;YERLIKAYA;HOCAOGLU;CETIN;SOZGELMEZ;TOPRAKTEPE;ELMACI;FRANSERGIO;KUS;YILDIZ;BALILI
Trabzonspor vs. Gaziantepspor - Sunday February 11 - 2007,Gaziantepspor,hard,4-4-2,HASAGIC;BAYAR;AFANOU;IRTEGUN;AKINCI;YILDIRIM;KIRITA;COGUM;OZTONGA;DIAWARA;DE NIGRIS
Trabzonspor vs. Gaziantepspor - Sunday February 11 - 2007,Trabzonspor,easy,4-5-1,ZENGIN;KOCAK;RISP;YAVUZ;BUYUK;KARADENIZ;CIMSIR;ERIS;ABDELAZIZ;YATTARA;BULUT
Konyaspor vs. Besiktas - Friday February 16 - 2007,Besiktas,easy,4-4-2,RUNJE;UZULMEZ;MERCIMEK;ZAN;TORAMAN;RICARDINHO;AVCI;DELGADO;KURTULUS;BOBO;NOBRE
Konyaspor vs. Besiktas - Friday February 16 - 2007,Konyaspor,hard,4-5-1,ONGUN;KAUE;EL SAKA;GUNDOSTU;SEKMAN;OZGUR;ER;NECA;AGCAY;ERGIN;TURKMEN
Bursaspor vs. Rizespor - Saturday February 17 - 2007,Bursaspor,hard,4-4-2,CATKIC;BEKIROGLU;KORKMAZ;GULDUREN;YIGIT;FRASINEANU;SUMULIKOSKI;PANCU;MATEUS PARANA;AKDIS;YAGMUR
Bursaspor vs. Rizespor - Saturday February 17 - 2007,Rizespor,hard,4-4-2,ZDRAVKOV;VICTORIA;CAKMAK;EL TABEI;DOGANTEZ;ELMAS;SAID;YUCETAS;BAKI;ANDERSON;BIRYOL
Gaziantepspor vs. Galatasaray - Saturday February 17 - 2007,Galatasaray,easy,4-5-1,MONDRAGON;AK;SONG;TOMAS;SARIOGLU;CARRUSCA;INAMOTO;ILIC;BURUK;SAS;KARAN
Gaziantepspor vs. Galatasaray - Saturday February 17 - 2007,Gaziantepspor,hard,4-4-2,HASAGIC;DAG;AFANOU;IRTEGUN;COGUM;BAYAR;KIRITA;OZTONGA;ZURITA;DE NIGRIS;DIAWARA
Ankaraspor vs. Genclerbirligi - Sunday February 18 - 2007,Ankaraspor,hard,4-4-2,ARIKAN;WEDERSON;BATAK;PETROUS;YOLDAS;KISA;GUCER;HAMILTON;KOCAK;JABA;AYDIN
Ankaraspor vs. Genclerbirligi - Sunday February 18 - 2007,Genclerbirligi,hard,4-4-2,OZTURK;AYDIN;TRAORE;UZUMCU;GUVEN;CAKIR;SERAS;NAS;BAYTAR;OZTURK;PROMISE
Denizlispor vs. Trabzonspor - Sunday February 18 - 2007,Denizlispor,hard,4-5-1,HAMIDOU;CAGIRAN;GURACAR;KRATOCHVIL;ERTUGRUL;JULIO CESAR;ABRAHAM;SIMSEK;GULPINAR;EGE;ADRIANO
Denizlispor vs. Trabzonspor - Sunday February 18 - 2007,Trabzonspor,easy,4-5-1,ZENGIN;KOCAK;RISP;YAVUZ;BUYUK;KARADENIZ;CIMSIR;ERIS;ABDELAZIZ;YATTARA;BULUT
Fenerbahce vs. Sakaryaspor - Sunday February 18 - 2007,Fenerbahce,easy,4-2-3-1,DEMIREL;OZAT;EDU DRACENA;LUGANO;TURACI;BARIS;APPIAH;METIN;ALEX;SANLI;SENTURK
Fenerbahce vs. Sakaryaspor - Sunday February 18 - 2007,Sakaryaspor,hard,4-5-1,MARTINEZ;DUMAN;BAHADIR;USTA;AYDIN;ERDOGAN;DEMIR;CAPURRO;OZMERT;DEBRELI;YANIK
Kayserispor vs. Kayseri Erciyesspor - Sunday February 18 - 2007,Kayseri Erciyesspor,hard,4-4-2,USAK;OZKAYNAK;BAYER;TURAN;OZBAY;BAYAZIT;SARP;LAZAROV;BOYRAZ;DJALOVIC;ISLER
Kayserispor vs. Kayseri Erciyesspor - Sunday February 18 - 2007,Kayserispor,hard,4-4-2,IVANKOV;TOLEDO;MENDEZ;TOSCALI;CORA;OKYAY;BASDAG;EDER LOUCO;TOPUZ;OZCAN;UNAL
Manisaspor vs. Ankaragucu - Sunday February 18 - 2007,Ankaragucu,hard,4-5-1,KIRINTILI;PETKOV;BAYRAK;GUNGOR;DERELI;DURUER;VIDUSLU;YESILKAYA;KARADUMAN;ALEKSANDROV;BEBBE
Manisaspor vs. Ankaragucu - Sunday February 18 - 2007,Manisaspor,hard,4-5-1,TUNCAY;BOZKURT;KALABANE;INCEMAN;OZSARAC;HOLOSKO;INAN;ZELENKA;CALISKAN;KOC;REINALDO
Sivasspor vs. Antalyaspor - Sunday February 18 - 2007,Antalyaspor,hard,4-4-2,CORDOBA;CAN;BIENIUK;DZIEWICKI;ASLAN;YAMAN;SUAZO;KAHRAMAN;BILGIN;DURSUN;ZITOUNI
Sivasspor vs. Antalyaspor - Sunday February 18 - 2007,Sivasspor,hard,4-4-2,PETKOVIC;YERLIKAYA;CETIN;SOZGELMEZ;CAN;TOPRAKTEPE;ELMACI;FRANSERGIO;KUS;YILDIZ;BALILI
Galatasaray vs. Denizlispor - Friday February 23 - 2007,Denizlispor,hard,4-5-1,HAMIDOU;JULIO CESAR;GURACAR;KRATOCHVIL;CAGIRAN;SIMSEK;ABRAHAM;GULPINAR;EGE;ERTUGRUL;ADRIANO
Galatasaray vs. Denizlispor - Friday February 23 - 2007,Galatasaray,easy,4-4-2,MONDRAGON;OZTORUN;SEYHAN;TOMAS;HASPOLATLI;TURAN;INAMOTO;BURUK;SARIOGLU;KARAN;SUKUR
Kayseri Erciyesspor vs. Manisaspor - Friday February 23 - 2007,Kayseri Erciyesspor,hard,4-2-3-1,USAK;KOK;BAYER;TURAN;JABI;TORAMAN;DIE;TEBER;BAYAZIT;OZBAY;BOYRAZ
Kayseri Erciyesspor vs. Manisaspor - Friday February 23 - 2007,Manisaspor,hard,4-2-3-1,TUNCAY;BALTA;BOZKURT;KALABANE;OZSARAC;INAN;OZTURK;HOLOSKO;ZELENKA;ASKAROGLU;AKAN
Ankaragucu vs. Gaziantepspor - Saturday February 24 - 2007,Ankaragucu,hard,4-4-2,KIRINTILI;PETKOV;GUNGOR;BAYRAK;DERELI;DURUER;VIDUSLU;YESILKAYA;ALEKSANDROV;TITA;BEBBE
Ankaragucu vs. Gaziantepspor - Saturday February 24 - 2007,Gaziantepspor,hard,4-4-2,HASAGIC;TUGLU;AFANOU;IRTEGUN;OZTONGA;ZURITA;KIRITA;COGUM;DAG;DE NIGRIS;DIAWARA
Trabzonspor vs. Besiktas - Saturday February 24 - 2007,Besiktas,easy,4-4-2,RUNJE;UZULMEZ;MERCIMEK;TORAMAN;TANDOGAN;RICARDINHO;AVCI;KURTULUS;DELGADO;NOBRE;BOBO
Trabzonspor vs. Besiktas - Saturday February 24 - 2007,Trabzonspor,easy,4-5-1,ZENGIN;KOCAK;RISP;YAVUZ;BUYUK;KECELI;CIMSIR;ERIS;ABDELAZIZ;KARADENIZ;BULUT
Antalyaspor vs. Fenerbahce - Sunday February 25 - 2007,Antalyaspor,hard,4-4-2,CORDOBA;YAMAN;BIENIUK;DZIEWICKI;KAVUK;CAN;SUAZO;KAHRAMAN;BILGIN;DURSUN;ZITOUNI
Antalyaspor vs. Fenerbahce - Sunday February 25 - 2007,Fenerbahce,easy,4-1-4-1,DEMIREL;OZAT;EDU DRACENA;LUGANO;TURACI;BARIS;ADIN;METIN;ALEX;APPIAH;KEZMAN
Genclerbirligi vs. Kayserispor - Sunday February 25 - 2007,Genclerbirligi,hard,4-4-2,OZTURK;AYDIN;TRAORE;UZUMCU;GUVEN;PROMISE;SERAS;NAS;BAYTAR;OZTURK;CAKIR
Genclerbirligi vs. Kayserispor - Sunday February 25 - 2007,Kayserispor,hard,4-4-2,IVANKOV;TOLEDO;MENDEZ;TOSCALI;UCAR;OKYAY;BASDAG;BOLUKBASI;TOPUZ;PARLAK;UNAL
Rizespor vs. Ankaraspor - Sunday February 25 - 2007,Ankaraspor,hard,4-5-1,ARIKAN;HACIOGLU;BATAK;BAHTIYAROGLU;YOLDAS;KISA;GUCER;KOCAK;HAMILTON;TOSUN;JABA
Rizespor vs. Ankaraspor - Sunday February 25 - 2007,Rizespor,hard,4-4-2,ZDRAVKOV;AKYUZ;EL TABEI;CAKMAK;EREN;ALBAYRAK;UGUR;SAID;BAKI;BASLANTI;BIRYOL
Sakaryaspor vs. Bursaspor - Sunday February 25 - 2007,Bursaspor,hard,4-4-2,CATKIC;BEKIROGLU;ERDOGAN;GULDUREN;YIGIT;FRASINEANU;BOZACI;PANCU;MATEUS PARANA;AKDIS;YAGMUR
Sakaryaspor vs. Bursaspor - Sunday February 25 - 2007,Sakaryaspor,hard,4-5-1,MARTINEZ;ERDOGAN;BAHADIR;USTA;DUMAN;AYDIN;DEMIR;TURHAN;OZMERT;CANGELE;YANIK
Sivasspor vs. Konyaspor - Sunday February 25 - 2007,Konyaspor,hard,4-4-2,ONGUN;KAUE;EL SAKA;GUNDOSTU;SEKMAN;OZGUR;ER;NECA;ERGIN;TURKMEN;SEN
Sivasspor vs. Konyaspor - Sunday February 25 - 2007,Sivasspor,hard,4-4-2,PETKOVIC;YERLIKAYA;CETIN;SOZGELMEZ;CAN;TOPRAKTEPE;ELMACI;FRANSERGIO;UMMAK;YILDIZ;TSVETKOV
Bursaspor vs. Antalyaspor - Friday March 2 - 2007,Antalyaspor,hard,4-4-2,CORDOBA;YAMAN;BIENIUK;DZIEWICKI;KAVUK;ASLAN;SUAZO;KAHRAMAN;BILGIN;BIRDAL;ZITOUNI
Bursaspor vs. Antalyaspor - Friday March 2 - 2007,Bursaspor,hard,4-4-2,CATKIC;BEKIROGLU;KORKMAZ;GULDUREN;ACAR;FRASINEANU;SUMULIKOSKI;BOZACI;DEMIRAY;AKDIS;KALOGLU
Besiktas vs. Galatasaray - Saturday March 3 - 2007,Besiktas,easy,4-4-2,RUNJE;UZULMEZ;MERCIMEK;TORAMAN;DOGAN;RICARDINHO;AVCI;KURTULUS;DELGADO;NOBRE;BOBO
Besiktas vs. Galatasaray - Saturday March 3 - 2007,Galatasaray,easy,4-4-2,MONDRAGON;PENBE;ASIK;TOMAS;SARIOGLU;TURAN;GUVEN;AKMAN;BURUK;ATES;KABZE
Denizlispor vs. Ankaragucu - Saturday March 3 - 2007,Ankaragucu,hard,4-4-2,KIRINTILI;PETKOV;GUNGOR;BAYRAK;DERELI;TITA;VIDUSLU;YESILKAYA;ALEKSANDROV;OZKAN;BEBBE
Denizlispor vs. Ankaragucu - Saturday March 3 - 2007,Denizlispor,hard,4-5-1,HAMIDOU;CAGIRAN;KRATOCHVIL;ABRAHAM;GURACAR;JULIO CESAR;GULPINAR;SIMSEK;EGE;EGEDIK;ADRIANO
Kayserispor vs. Rizespor - Saturday March 3 - 2007,Kayserispor,hard,4-4-2,IVANKOV;TOLEDO;CORA;BASDAG;UCAR;OKYAY;GUNES;BOLUKBASI;CEYLAN;IGLESIAS;UNAL
Kayserispor vs. Rizespor - Saturday March 3 - 2007,Rizespor,hard,4-4-2,ZDRAVKOV;AKYUZ;CAKMAK;SAID;EREN;VICTORIA;UGUR;AKSOY;BAKI;BASLANTI;ANDERSON
Ankaraspor vs. Sakaryaspor - Sunday March 4 - 2007,Ankaraspor,hard,4-4-2,ARIKAN;HACIOGLU;BATAK;BAHTIYAROGLU;YOLDAS;KISA;KOCAK;HAMILTON;HURMACI;SITKU;JABA
Ankaraspor vs. Sakaryaspor - Sunday March 4 - 2007,Sakaryaspor,hard,4-4-2,MARTINEZ;ERDOGAN;BAHADIR;TOK;DUMAN;DEBRELI;DEMIR;TURHAN;AYDIN;YANIK;CANGELE
Fenerbahce vs. Sivasspor - Sunday March 4 - 2007,Fenerbahce,easy,4-2-3-1,KULBILGE;OZAT;ARAT;TURACI;BALCI;MEHMET AURELIO;APPIAH;METIN;ALEX;SANLI;KEZMAN
Fenerbahce vs. Sivasspor - Sunday March 4 - 2007,Sivasspor,hard,4-4-2,PETKOVIC;YERLIKAYA;CETIN;SOZGELMEZ;CAN;UMMAK;GURSOY;FRANSERGIO;KUS;YILDIZ;BALILI
Gaziantepspor vs. Kayseri Erciyesspor - Sunday March 4 - 2007,Gaziantepspor,hard,4-4-2,HASAGIC;TUGLU;AFANOU;IRTEGUN;COGUM;OZTONGA;KIRITA;ZURITA;DAG;CIHAN;DIAWARA
Gaziantepspor vs. Kayseri Erciyesspor - Sunday March 4 - 2007,Kayseri Erciyesspor,hard,4-5-1,USAK;TEBER;DUYMUS;TURAN;BAYER;BAYAZIT;DIE;SARP;TORAMAN;BOYRAZ;LAZAROV
Konyaspor vs. Trabzonspor - Sunday March 4 - 2007,Konyaspor,hard,4-5-1,ONGUN;KAUE;EL SAKA;GUNDOSTU;SEKMAN;OZGUR;ER;NECA;AGCAY;ERGIN;TURKMEN
Konyaspor vs. Trabzonspor - Sunday March 4 - 2007,Trabzonspor,easy,4-5-1,ZENGIN;KOCAK;YAVUZ;STEPANOV;BUYUK;KECELI;COKMUS;ERIS;ABDELAZIZ;KARADENIZ;BULUT
Manisaspor vs. Genclerbirligi - Sunday March 4 - 2007,Genclerbirligi,hard,4-4-2,OZTURK;AYDIN;TRAORE;UZUMCU;OZBEY;HAMINU;SERAS;NAS;PROMISE;OZTURK;CAKIR
Manisaspor vs. Genclerbirligi - Sunday March 4 - 2007,Manisaspor,hard,4-5-1,ATAMAN;BALTA;BOZKURT;KALABANE;OZSARAC;OZTURK;INAN;ZELENKA;CALISKAN;HOLOSKO;REINALDO
Sakaryaspor vs. Kayserispor - Friday March 9 - 2007,Kayserispor,hard,4-4-2,IVANKOV;TOLEDO;CORA;MENDEZ;UCAR;OKYAY;GUNES;BASDAG;TOPUZ;OZCAN;UNAL
Sakaryaspor vs. Kayserispor - Friday March 9 - 2007,Sakaryaspor,hard,4-5-1,MARTINEZ;USLU;TOK;DEMIR;DUMAN;AYDIN;CAPURRO;TURHAN;ERDOGAN;CANGELE;GRAF
Fenerbahce vs. Konyaspor - Saturday March 10 - 2007,Fenerbahce,easy,4-2-3-1,KULBILGE;OZAT;LUGANO;EDU DRACENA;BALCI;BARIS;MEHMET AURELIO;SANLI;ALEX;APPIAH;KEZMAN
Fenerbahce vs. Konyaspor - Saturday March 10 - 2007,Konyaspor,hard,4-4-2,ONGUN;KAUE;EL SAKA;GUNDOSTU;SEKMAN;OZGUR;AGCAY;ER;ABDALLAH;TURKMEN;SEN
Genclerbirligi vs. Gaziantepspor - Saturday March 10 - 2007,Gaziantepspor,hard,4-5-1,DAGLAROGLU;ERDOGDU;AFANOU;IRTEGUN;AKINCI;KILICASLAN;KIRITA;YILDIRIM;SEN;DAG;CIHAN
Genclerbirligi vs. Gaziantepspor - Saturday March 10 - 2007,Genclerbirligi,hard,4-4-2,OZTURK;DURSUN;TRAORE;UZUMCU;OZBEY;HAMINU;NAS;BAYTAR;PROMISE;CAKIR;OZTURK
Sivasspor vs. Bursaspor - Saturday March 10 - 2007,Bursaspor,hard,4-4-2,CATKIC;GULDUREN;KORKMAZ;ERDOGAN;YIGIT;FRASINEANU;SUMULIKOSKI;ACAR;PANCU;AKDIS;KALOGLU
Sivasspor vs. Bursaspor - Saturday March 10 - 2007,Sivasspor,hard,4-4-2,PETKOVIC;YERLIKAYA;FRANSERGIO;CETIN;SOZGELMEZ;UMMAK;ELMACI;GURSOY;CAN;YILDIZ;BALILI
Ankaragucu vs. Besiktas - Sunday March 11 - 2007,Ankaragucu,hard,4-4-2,KIRINTILI;PETKOV;BAYRAK;GUNGOR;DERELI;TITA;VIDUSLU;YESILKAYA;AYHAN;BEBBE;OZKAN
Ankaragucu vs. Besiktas - Sunday March 11 - 2007,Besiktas,easy,4-4-2,RUNJE;UZULMEZ;MERCIMEK;TORAMAN;DOGAN;RICARDINHO;AVCI;DELGADO;YILMAZ;BOBO;NOBRE
Antalyaspor vs. Ankaraspor - Sunday March 11 - 2007,Ankaraspor,hard,4-4-2,ARIKAN;WEDERSON;BATAK;BAHTIYAROGLU;YOLDAS;KISA;GUCER;HAMILTON;HURMACI;SITKU;HACIOGLU
Antalyaspor vs. Ankaraspor - Sunday March 11 - 2007,Antalyaspor,hard,4-4-2,CORDOBA;YAMAN;BIENIUK;DZIEWICKI;KAVUK;CAN;SUAZO;KAHRAMAN;BILGIN;BIRDAL;ZITOUNI
Galatasaray vs. Trabzonspor - Sunday March 11 - 2007,Galatasaray,easy,4-4-2,ERCETIN;PENBE;ASIK;TOMAS;SARIOGLU;ILIC;INAMOTO;AKMAN;TURAN;SUKUR;ATES
Galatasaray vs. Trabzonspor - Sunday March 11 - 2007,Trabzonspor,easy,4-5-1,ZENGIN;KOCAK;STEPANOV;YAVUZ;KECELI;KARADENIZ;CIMSIR;ERIS;ABDELAZIZ;BUYUK;BULUT
Kayseri Erciyesspor vs. Denizlispor - Sunday March 11 - 2007,Denizlispor,hard,4-5-1,HAMIDOU;JULIO CESAR;GURACAR;KRATOCHVIL;CAGIRAN;ABRAHAM;GULPINAR;SIMSEK;EGE;ERTUGRUL;ADRIANO
Kayseri Erciyesspor vs. Denizlispor - Sunday March 11 - 2007,Kayseri Erciyesspor,hard,4-4-2,USAK;TEBER;DUYMUS;TURAN;BAYER;BAYAZIT;TORAMAN;SARP;BOYRAZ;ISLER;LAZAROV
Rizespor vs. Manisaspor - Sunday March 11 - 2007,Manisaspor,hard,4-5-1,ATAMAN;BALTA;BOZKURT;KALABANE;OZSARAC;OZTURK;INCEMAN;ZELENKA;INAN;HOLOSKO;REINALDO
Rizespor vs. Manisaspor - Sunday March 11 - 2007,Rizespor,hard,4-4-2,ZDRAVKOV;VICTORIA;CAKMAK;EL TABEI;EREN;ELMAS;UGUR;SAID;BAKI;BIRYOL;AKSOY
Konyaspor vs. Galatasaray - Friday March 16 - 2007,Galatasaray,easy,4-4-2,ERCETIN;PENBE;ASIK;TOMAS;SARIOGLU;ILIC;AKMAN;BURUK;TURAN;SUKUR;KABZE
Konyaspor vs. Galatasaray - Friday March 16 - 2007,Konyaspor,hard,4-4-2,ONGUN;KAUE;GUNDOSTU;TURKMEN;SEKMAN;OZGUR;AGCAY;ER;NECA;SEN;CECCON
Ankaraspor vs. Sivasspor - Saturday March 17 - 2007,Ankaraspor,hard,4-4-2,ARIKAN;WEDERSON;BATAK;BAHTIYAROGLU;YOLDAS;KISA;GUCER;ARSLAN;HURMACI;TOSUN;JABA
Ankaraspor vs. Sivasspor - Saturday March 17 - 2007,Sivasspor,hard,4-4-2,VARDAR;YERLIKAYA;COLOSIMO;CETIN;SOZGELMEZ;UMMAK;ELMACI;GURSOY;CAN;BOZKAYA;TSVETKOV
Bursaspor vs. Fenerbahce - Saturday March 17 - 2007,Bursaspor,hard,4-4-2,CATKIC;BEKIROGLU;KORKMAZ;GULDUREN;YIGIT;FRASINEANU;SUMULIKOSKI;PANCU;ACAR;AKDIS;KALOGLU
Bursaspor vs. Fenerbahce - Saturday March 17 - 2007,Fenerbahce,easy,4-2-3-1,KULBILGE;OZAT;LUGANO;EDU DRACENA;TURACI;BARIS;MEHMET AURELIO;SANLI;ALEX;APPIAH;KEZMAN
Denizlispor vs. Genclerbirligi - Saturday March 17 - 2007,Denizlispor,hard,4-5-1,HAMIDOU;JULIO CESAR;GURACAR;KRATOCHVIL;CAGIRAN;ABRAHAM;GULPINAR;SIMSEK;EGE;ERTUGRUL;ADRIANO
Denizlispor vs. Genclerbirligi - Saturday March 17 - 2007,Genclerbirligi,hard,4-4-2,OZTURK;AYDIN;TRAORE;UZUMCU;OZBEY;HAMINU;NAS;BAYTAR;PROMISE;CAKIR;OZTURK
Gaziantepspor vs. Rizespor - Saturday March 17 - 2007,Gaziantepspor,hard,4-4-2,HASAGIC;ERDOGDU;AFANOU;IRTEGUN;AKINCI;YILDIRIM;KIRITA;SEN;DAG;CIHAN;DE NIGRIS
Gaziantepspor vs. Rizespor - Saturday March 17 - 2007,Rizespor,hard,4-5-1,ZDRAVKOV;VICTORIA;CAKMAK;EL TABEI;AKYUZ;ELMAS;UGUR;AKSOY;SAID;EREN;BIRYOL
Kayserispor vs. Antalyaspor - Saturday March 17 - 2007,Antalyaspor,hard,4-4-2,CORDOBA;YAMAN;BIENIUK;DZIEWICKI;KAVUK;CAN;SUAZO;KAHRAMAN;BILGIN;DURSUN;BIRDAL
Kayserispor vs. Antalyaspor - Saturday March 17 - 2007,Kayserispor,hard,4-4-2,IVANKOV;TOLEDO;CORA;MENDEZ;UCAR;CEYLAN;BASDAG;BOLUKBASI;TOPUZ;OZCAN;UNAL
Manisaspor vs. Sakaryaspor - Saturday March 17 - 2007,Manisaspor,hard,4-2-3-1,ATAMAN;BALTA;BOZKURT;KALABANE;OZSARAC;INCEMAN;INAN;CALISKAN;ZELENKA;AKAN;REINALDO
Manisaspor vs. Sakaryaspor - Saturday March 17 - 2007,Sakaryaspor,hard,3-5-2,MARTINEZ;DEMIR;BAHADIR;TOK;ERDOGAN;TURHAN;KARAKAYA;CAPURRO;DEBRELI;GRAF;ADAMU
Trabzonspor vs. Ankaragucu - Saturday March 17 - 2007,Ankaragucu,hard,4-4-2,KIRINTILI;PETKOV;BAYRAK;GUNGOR;DERELI;TITA;VIDUSLU;YESILKAYA;AYHAN;OZKAN;BEBBE
Trabzonspor vs. Ankaragucu - Saturday March 17 - 2007,Trabzonspor,easy,4-5-1,ZENGIN;KOCAK;STEPANOV;YAVUZ;COKMUS;KARADENIZ;CIMSIR;ERIS;ABDELAZIZ;YATTARA;MARTIN
Besiktas vs. Kayseri Erciyesspor - Sunday March 18 - 2007,Besiktas,easy,4-4-2,RUNJE;UZULMEZ;MERCIMEK;TORAMAN;DOGAN;RICARDINHO;AVCI;DELGADO;YILMAZ;NOBRE;AKIN
Besiktas vs. Kayseri Erciyesspor - Sunday March 18 - 2007,Kayseri Erciyesspor,hard,4-4-2,USAK;TEBER;BAYER;DUYMUS;JABI;BAYAZIT;SARP;DIE;OZBAY;BOYRAZ;LAZAROV
Ankaragucu vs. Galatasaray - Sunday April 1 - 2007,Ankaragucu,hard,4-4-2,KIRINTILI;PETKOV;BAYRAK;GUNGOR;DERELI;TITA;VIDUSLU;YESILKAYA;AYHAN;OZKAN;BEBBE
Ankaragucu vs. Galatasaray - Sunday April 1 - 2007,Galatasaray,easy,4-4-2,MONDRAGON;AK;ASIK;TOMAS;HASPOLATLI;AKMAN;INAMOTO;ILIC;SARIOGLU;SUKUR;KARAN
Antalyaspor vs. Manisaspor - Sunday April 1 - 2007,Antalyaspor,hard,4-4-2,CORDOBA;YAMAN;BIENIUK;DZIEWICKI;KAVUK;CAN;SUAZO;KAHRAMAN;BILGIN;BIRDAL;ZITOUNI
Antalyaspor vs. Manisaspor - Sunday April 1 - 2007,Manisaspor,hard,4-2-3-1,TUNCAY;BALTA;BOZKURT;KALABANE;OZSARAC;INCEMAN;INAN;OZTURK;ZELENKA;HOLOSKO;REINALDO
Bursaspor vs. Konyaspor - Sunday April 1 - 2007,Bursaspor,hard,4-4-2,ERAYDIN;BEKIROGLU;KORKMAZ;GULDUREN;YIGIT;FRASINEANU;SUMULIKOSKI;ACAR;BARIS;YAGMUR;KALOGLU
Bursaspor vs. Konyaspor - Sunday April 1 - 2007,Konyaspor,hard,4-4-2,BAHADIR;KAUE;EL SAKA;ER;SEKMAN;YANIKDEMIR;NECA;OZGUR;ERGIN;TURKMEN;SEN
Fenerbahce vs. Ankaraspor - Sunday April 1 - 2007,Ankaraspor,hard,4-5-1,ARIKAN;WEDERSON;BATAK;BAHTIYAROGLU;YOLDAS;KISA;GUCER;KOCAK;ARSLAN;HURMACI;JABA
Fenerbahce vs. Ankaraspor - Sunday April 1 - 2007,Fenerbahce,easy,4-2-3-1,KULBILGE;OZAT;EDU DRACENA;LUGANO;BALCI;BARIS;MEHMET AURELIO;SANLI;ALEX;YOZGATLI;KEZMAN
Rizespor vs. Denizlispor - Sunday April 1 - 2007,Denizlispor,hard,4-4-2,HAMIDOU;JULIO CESAR;GURACAR;KRATOCHVIL;CAGIRAN;ABRAHAM;GULPINAR;EGE;ERTUGRUL;KROUPA;ADRIANO
Rizespor vs. Denizlispor - Sunday April 1 - 2007,Rizespor,hard,4-4-2,UNLU;VICTORIA;EL TABEI;SAID;CAKMAK;BAKI;AKSOY;YUCETAS;EREN;ANDERSON;BIRYOL
Sakaryaspor vs. Gaziantepspor - Sunday April 1 - 2007,Gaziantepspor,hard,4-2-3-1,HASAGIC;ERDOGDU;AFANOU;POLAT;AKINCI;KIRITA;ZURITA;KILICASLAN;YILDIRIM;OZTONGA;CIHAN
Sakaryaspor vs. Gaziantepspor - Sunday April 1 - 2007,Sakaryaspor,hard,4-4-2,MARTINEZ;ERDOGAN;TOK;DEMIR;DUMAN;AYDIN;TURHAN;CAPURRO;CANGELE;ADAMU;GRAF
Sivasspor vs. Kayserispor - Sunday April 1 - 2007,Kayserispor,hard,4-4-2,IVANKOV;TOLEDO;CORA;MENDEZ;UCAR;OKYAY;BASDAG;EDER LOUCO;TOPUZ;PARLAK;OZCAN
Sivasspor vs. Kayserispor - Sunday April 1 - 2007,Sivasspor,hard,4-4-2,VARDAR;YERLIKAYA;COLOSIMO;SOZGELMEZ;CAN;GURSOY;ELMACI;FRANSERGIO;UMMAK;YILDIZ;BALILI
Genclerbirligi vs. Besiktas - Monday April 2 - 2007,Besiktas,easy,4-4-2,RUNJE;DOGAN;MERCIMEK;ZAN;TORAMAN;RICARDINHO;AVCI;DELGADO;KURTULUS;YILMAZ;NOBRE
Genclerbirligi vs. Besiktas - Monday April 2 - 2007,Genclerbirligi,hard,4-4-2,OZTURK;AYDIN;DURSUN;UZUMCU;OZBEY;PROMISE;TOZO;NAS;BAYTAR;CAKIR;OZTURK
Kayseri Erciyesspor vs. Trabzonspor - Monday April 2 - 2007,Kayseri Erciyesspor,hard,4-5-1,USAK;TEBER;BAYER;DUYMUS;JABI;BOYRAZ;DIE;TORAMAN;SARP;OZBAY;ISLER
Kayseri Erciyesspor vs. Trabzonspor - Monday April 2 - 2007,Trabzonspor,easy,4-4-2,ZENGIN;KOCAK;ATAN;UCUNCU;BAYRAKTAR;KARADENIZ;CIMSIR;ABDELAZIZ;COKMUS;MARTIN;BULUT
Galatasaray vs. Kayseri Erciyesspor - Friday April 6 - 2007,Galatasaray,easy,4-4-2,MONDRAGON;OZTORUN;ASIK;TOMAS;SARIOGLU;KABZE;AKMAN;ILIC;BURUK;SUKUR;ATES
Galatasaray vs. Kayseri Erciyesspor - Friday April 6 - 2007,Kayseri Erciyesspor,hard,4-5-1,USAK;TEBER;BAYER;DUYMUS;TURAN;BOYRAZ;TORAMAN;SARP;DIE;OZBAY;ISLER
Besiktas vs. Rizespor - Saturday April 7 - 2007,Besiktas,easy,4-5-1,RUNJE;TORAMAN;MERCIMEK;ZAN;TANDOGAN;RICARDINHO;AVCI;DELGADO;KURTULUS;YILMAZ;NOBRE
Besiktas vs. Rizespor - Saturday April 7 - 2007,Rizespor,hard,4-5-1,ZDRAVKOV;VICTORIA;AKYUZ;EL TABEI;EREN;ELMAS;SAID;AKSOY;YUCETAS;BAKI;ANDERSON
Kayserispor vs. Fenerbahce - Saturday April 7 - 2007,Fenerbahce,easy,4-2-3-1,KULBILGE;BORAL;LUGANO;EDU DRACENA;BALCI;BARIS;MEHMET AURELIO;SANLI;ALEX;APPIAH;KEZMAN
Kayserispor vs. Fenerbahce - Saturday April 7 - 2007,Kayserispor,hard,4-4-2,IVANKOV;TOLEDO;CORA;MENDEZ;UCAR;OKYAY;BASDAG;AYDIN;TOPUZ;UNAL;IGLESIAS
Trabzonspor vs. Genclerbirligi - Saturday April 7 - 2007,Genclerbirligi,hard,4-4-2,OZTURK;AYDIN;DURSUN;UZUMCU;GUVEN;HAMINU;OZBEY;NAS;BAYTAR;CAKIR;OZTURK
Trabzonspor vs. Genclerbirligi - Saturday April 7 - 2007,Trabzonspor,easy,4-4-2,ZENGIN;KOCAK;ATAN;YAVUZ;BAYRAKTAR;KARADENIZ;CIMSIR;ABDELAZIZ;COKMUS;MARTIN;BULUT
Ankaraspor vs. Bursaspor - Sunday April 8 - 2007,Ankaraspor,hard,4-5-1,ARIKAN;WEDERSON;BATAK;AKKOYUN;YOLDAS;HACIOGLU;GUCER;ARSLAN;KOCAK;HURMACI;JABA
Ankaraspor vs. Bursaspor - Sunday April 8 - 2007,Bursaspor,hard,4-5-1,ERAYDIN;BEKIROGLU;KORKMAZ;GULDUREN;YIGIT;FRASINEANU;SUMULIKOSKI;BOZACI;ACAR;BARIS;AKDIS
Denizlispor vs. Sakaryaspor - Sunday April 8 - 2007,Denizlispor,hard,4-5-1,HAMIDOU;JULIO CESAR;GURACAR;KRATOCHVIL;CAGIRAN;ABRAHAM;GULPINAR;SIMSEK;EGE;ERTUGRUL;ADRIANO
Denizlispor vs. Sakaryaspor - Sunday April 8 - 2007,Sakaryaspor,hard,4-5-1,MARTINEZ;URAL;BAHADIR;USTA;DUMAN;AYDIN;OZMERT;TURHAN;ERDOGAN;CANGELE;ADAMU
Gaziantepspor vs. Antalyaspor - Sunday April 8 - 2007,Antalyaspor,hard,4-4-2,CORDOBA;CAN;ASLAN;DZIEWICKI;KAVUK;YAMAN;KARTOP;KAHRAMAN;BILGIN;BIRDAL;ZITOUNI
Gaziantepspor vs. Antalyaspor - Sunday April 8 - 2007,Gaziantepspor,hard,4-5-1,HASAGIC;ERDOGDU;AFANOU;IRTEGUN;DAG;KILICASLAN;KIRITA;POLAT;ZURITA;AKINCI;CIHAN
Konyaspor vs. Ankaragucu - Sunday April 8 - 2007,Ankaragucu,hard,4-5-1,KIRINTILI;PETKOV;GUNGOR;ANDRE SILVA;DERELI;OZKAN;VIDUSLU;YESILKAYA;KARADUMAN;AYHAN;BEBBE
Konyaspor vs. Ankaragucu - Sunday April 8 - 2007,Konyaspor,hard,4-5-1,BAHADIR;KAUE;EL SAKA;GUNDOSTU;ABDALLAH;OZGUR;AGCAY;NECA;ER;SEN;TURKMEN
Manisaspor vs. Sivasspor - Sunday April 8 - 2007,Manisaspor,hard,4-5-1,TUNCAY;BALTA;BOZKURT;KALABANE;OZSARAC;ASKAROGLU;INCEMAN;ZELENKA;CALISKAN;KOC;HOLOSKO
Manisaspor vs. Sivasspor - Sunday April 8 - 2007,Sivasspor,hard,4-4-2,AVGIN;YERLIKAYA;COLOSIMO;CETIN;SOZGELMEZ;GURSOY;ELMACI;FRANSERGIO;CAN;YILDIZ;BALILI
Genclerbirligi vs. Galatasaray - Friday April 13 - 2007,Galatasaray,easy,4-4-2,MONDRAGON;AK;ASIK;TOMAS;HASPOLATLI;SAS;INAMOTO;AKMAN;SARIOGLU;KARAN;ATES
Genclerbirligi vs. Galatasaray - Friday April 13 - 2007,Genclerbirligi,hard,4-5-1,OZTURK;AYDIN;UZUMCU;GUVEN;OZBEY;CAKIR;SERAS;BAYTAR;NAS;HAMINU;OZTURK
Sakaryaspor vs. Besiktas - Saturday April 14 - 2007,Besiktas,easy,4-5-1,RUNJE;TORAMAN;MERCIMEK;ZAN;TANDOGAN;RICARDINHO;KURTULUS;DELGADO;KLEBERSON;YILMAZ;NOBRE
Sakaryaspor vs. Besiktas - Saturday April 14 - 2007,Sakaryaspor,hard,4-5-1,MARTINEZ;URAL;TOK;USTA;DUMAN;AYDIN;OZMERT;TURHAN;ERDOGAN;CANGELE;GRAF
Ankaraspor vs. Konyaspor - Sunday April 15 - 2007,Ankaraspor,hard,4-5-1,ARIKAN;WEDERSON;BATAK;YOLDAS;AKKOYUN;DEMIRHAN;KOCAK;TASDEMIR;ARSLAN;HURMACI;JABA
Ankaraspor vs. Konyaspor - Sunday April 15 - 2007,Konyaspor,hard,4-4-2,BAHADIR;KAUE;EL SAKA;BATISTA;SEKMAN;OZGUR;AGCAY;ER;ABDALLAH;TURKMEN;SEN
Antalyaspor vs. Denizlispor - Sunday April 15 - 2007,Antalyaspor,hard,4-4-2,CORDOBA;YAMAN;BIENIUK;DZIEWICKI;KAVUK;CAN;SUAZO;BILGIN;ZITOUNI;DURSUN;BIRDAL
Antalyaspor vs. Denizlispor - Sunday April 15 - 2007,Denizlispor,hard,4-5-1,HAMIDOU;JULIO CESAR;KRATOCHVIL;GULPINAR;CAGIRAN;KARAKOC;EGEDIK;SIMSEK;EGE;ERTUGRUL;ADRIANO
Bursaspor vs. Kayserispor - Sunday April 15 - 2007,Bursaspor,hard,4-4-2,ERAYDIN;BEKIROGLU;KORKMAZ;GULDUREN;BARIS;FRASINEANU;SUMULIKOSKI;ACAR;PANCU;AKDIS;KALOGLU
Bursaspor vs. Kayserispor - Sunday April 15 - 2007,Kayserispor,hard,4-4-2,IVANKOV;TOLEDO;MENDEZ;JOHNSON;UCAR;OKYAY;BASDAG;ARSLAN;TOPUZ;UNAL;IGLESIAS
Fenerbahce vs. Manisaspor - Sunday April 15 - 2007,Fenerbahce,easy,4-2-3-1,KULBILGE;OZAT;LUGANO;TURACI;BALCI;MEHMET AURELIO;APPIAH;SANLI;ALEX;YOZGATLI;KEZMAN
Fenerbahce vs. Manisaspor - Sunday April 15 - 2007,Manisaspor,hard,4-5-1,TUNCAY;BALTA;BOZKURT;KALABANE;OZSARAC;KOC;INCEMAN;ZELENKA;INAN;ASKAROGLU;HOLOSKO
Kayseri Erciyesspor vs. Ankaragucu - Sunday April 15 - 2007,Ankaragucu,hard,4-5-1,KIRINTILI;PETKOV;BAYRAK;GUNGOR;CELIK;TITA;ANDRE SILVA;YESILKAYA;KARADUMAN;DERELI;OZKAN
Kayseri Erciyesspor vs. Ankaragucu - Sunday April 15 - 2007,Kayseri Erciyesspor,hard,4-4-2,USAK;TEBER;BAYER;DUYMUS;KOK;BOYRAZ;TORAMAN;SARP;OZBAY;DJALOVIC;ISLER
Rizespor vs. Trabzonspor - Sunday April 15 - 2007,Rizespor,hard,4-4-2,ZDRAVKOV;VICTORIA;AKYUZ;CAKMAK;EREN;UGUR;SAID;AKSOY;BAKI;ANDERSON;BIRYOL
Rizespor vs. Trabzonspor - Sunday April 15 - 2007,Trabzonspor,easy,4-5-1,ZENGIN;KOCAK;ATAN;BAYRAKTAR;COKMUS;KECELI;CIMSIR;ERIS;UCUNCU;KARADENIZ;BULUT
Sivasspor vs. Gaziantepspor - Sunday April 15 - 2007,Gaziantepspor,hard,4-5-1,HASAGIC;BAYAR;AFANOU;IRTEGUN;COGUM;KILICASLAN;KIRITA;POLAT;YILDIRIM;OZTONGA;CIHAN
Sivasspor vs. Gaziantepspor - Sunday April 15 - 2007,Sivasspor,hard,4-4-2,VARDAR;YERLIKAYA;COLOSIMO;CETIN;SOZGELMEZ;UMMAK;ELMACI;GURSOY;CAN;YILDIZ;BALILI
Gaziantepspor vs. Fenerbahce - Friday April 20 - 2007,Fenerbahce,easy,4-2-3-1,KULBILGE;OZAT;LUGANO;EDU DRACENA;TURACI;BARIS;MEHMET AURELIO;METIN;ALEX;SANLI;KEZMAN
Gaziantepspor vs. Fenerbahce - Friday April 20 - 2007,Gaziantepspor,hard,4-5-1,DAGLAROGLU;BAYAR;AFANOU;COGUM;IRTEGUN;KILICASLAN;KIRITA;ZURITA;YILDIRIM;TUNA;CIHAN
Besiktas vs. Antalyaspor - Saturday April 21 - 2007,Antalyaspor,hard,4-4-2,CORDOBA;CAN;BIENIUK;DZIEWICKI;KAVUK;YAMAN;SUAZO;KAHRAMAN;BILGIN;DURSUN;BIRDAL
Besiktas vs. Antalyaspor - Saturday April 21 - 2007,Besiktas,easy,4-4-2,SAHIN;MERCIMEK;TORAMAN;ZAN;KURTULUS;RICARDINHO;DOGAN;DELGADO;YILMAZ;BOBO;NOBRE
Konyaspor vs. Kayseri Erciyesspor - Saturday April 21 - 2007,Kayseri Erciyesspor,hard,4-5-1,USAK;TEBER;DUYMUS;TURAN;BAYER;LAZAROV;DIE;TORAMAN;SARP;BOYRAZ;ISLER
Konyaspor vs. Kayseri Erciyesspor - Saturday April 21 - 2007,Konyaspor,hard,4-5-1,BAHADIR;KAUE;EL SAKA;BATISTA;SEKMAN;OZGUR;AGCAY;NECA;ER;ABDALLAH;SABIN
Trabzonspor vs. Sakaryaspor - Saturday April 21 - 2007,Sakaryaspor,hard,4-5-1,MARTINEZ;URAL;TOK;USTA;DUMAN;AYDIN;DEMIR;ERDOGAN;OZMERT;CANGELE;GRAF
Trabzonspor vs. Sakaryaspor - Saturday April 21 - 2007,Trabzonspor,easy,4-4-2,ZENGIN;KOCAK;ATAN;BAYRAKTAR;COKMUS;KECELI;CIMSIR;UCUNCU;YATTARA;MARTIN;RIZA
Ankaragucu vs. Genclerbirligi - Sunday April 22 - 2007,Ankaragucu,hard,4-5-1,KIRINTILI;PETKOV;BAYRAK;GUNGOR;DERELI;TITA;ANDRE SILVA;KARADUMAN;YESILKAYA;CELIK;OZKAN
Ankaragucu vs. Genclerbirligi - Sunday April 22 - 2007,Genclerbirligi,hard,4-4-2,TOKGOZ;AYDIN;TRAORE;UZUMCU;GUVEN;HAMINU;SERAS;NAS;PROMISE;OZTURK;CAKIR
Denizlispor vs. Sivasspor - Sunday April 22 - 2007,Denizlispor,hard,4-5-1,HAMIDOU;JULIO CESAR;GURACAR;KRATOCHVIL;CAGIRAN;ABRAHAM;GULPINAR;SIMSEK;EGE;ERTUGRUL;ADRIANO
Denizlispor vs. Sivasspor - Sunday April 22 - 2007,Sivasspor,hard,4-4-2,VARDAR;YERLIKAYA;COLOSIMO;CETIN;AZER;GURSOY;ELMACI;FRANSERGIO;BOZKAYA;YILDIZ;TSVETKOV
Galatasaray vs. Rizespor - Sunday April 22 - 2007,Galatasaray,easy,4-4-2,ERCETIN;AK;ASIK;TOMAS;HASPOLATLI;AKMAN;INAMOTO;TOPAL;SARIOGLU;KARAN;ATES
Galatasaray vs. Rizespor - Sunday April 22 - 2007,Rizespor,hard,4-4-2,ZDRAVKOV;AKYUZ;CAKMAK;EL TABEI;EREN;VICTORIA;AKSOY;YUCETAS;BAKI;ANDERSON;BIRYOL
Kayserispor vs. Ankaraspor - Sunday April 22 - 2007,Ankaraspor,hard,4-5-1,KURSUNLU;WEDERSON;BATAK;AKKOYUN;YOLDAS;HURMACI;GUCER;ARSLAN;KOCAK;TASDEMIR;JABA
Kayserispor vs. Ankaraspor - Sunday April 22 - 2007,Kayserispor,hard,4-4-2,IVANKOV;TOLEDO;MENDEZ;JOHNSON;UCAR;OKYAY;BASDAG;ARSLAN;TOPUZ;UNAL;IGLESIAS
Manisaspor vs. Bursaspor - Sunday April 22 - 2007,Bursaspor,hard,4-5-1,ERAYDIN;BEKIROGLU;KORKMAZ;GULDUREN;BARIS;FRASINEANU;SUMULIKOSKI;BOZACI;ACAR;YIGIT;YAGMUR
Manisaspor vs. Bursaspor - Sunday April 22 - 2007,Manisaspor,hard,4-5-1,CEYLAN;BALTA;BOZKURT;KALABANE;OZSARAC;HOLOSKO;INCEMAN;ZELENKA;INAN;ASKAROGLU;AKAN
Ankaraspor vs. Manisaspor - Saturday April 28 - 2007,Ankaraspor,hard,4-5-1,KURSUNLU;HACIOGLU;BATAK;AKKOYUN;YOLDAS;KISA;KOCAK;HURMACI;ARSLAN;TOSUN;JABA
Ankaraspor vs. Manisaspor - Saturday April 28 - 2007,Manisaspor,hard,4-5-1,CEYLAN;BALTA;BORBICONI;KALABANE;OZSARAC;HOLOSKO;INCEMAN;ZELENKA;INAN;ASKAROGLU;AKAN
Antalyaspor vs. Trabzonspor - Saturday April 28 - 2007,Antalyaspor,hard,4-4-2,CORDOBA;YAMAN;ASLAN;DZIEWICKI;ISIK;CAN;SUAZO;KAHRAMAN;KAVUK;BIRDAL;ZITOUNI
Antalyaspor vs. Trabzonspor - Saturday April 28 - 2007,Trabzonspor,easy,4-5-1,ZENGIN;KOCAK;ATAN;YAVUZ;COKMUS;KARADENIZ;CIMSIR;ERIS;ABDELAZIZ;YATTARA;BULUT
Bursaspor vs. Gaziantepspor - Saturday April 28 - 2007,Bursaspor,hard,4-4-2,ERAYDIN;BEKIROGLU;ERDOGAN;GULDUREN;BARIS;FRASINEANU;SUMULIKOSKI;PANCU;MATEUS PARANA;AKDIS;KALOGLU
Bursaspor vs. Gaziantepspor - Saturday April 28 - 2007,Gaziantepspor,hard,4-4-2,DAGLAROGLU;ERDOGDU;AFANOU;IRTEGUN;COGUM;OZTONGA;ZURITA;YILDIRIM;KIRITA;DIAWARA;CIHAN
Genclerbirligi vs. Kayseri Erciyesspor - Saturday April 28 - 2007,Genclerbirligi,hard,4-4-2,TOKGOZ;AYDIN;OZBEY;TRAORE;GUVEN;HAMINU;NAS;TOZO;BAYTAR;PROMISE;MENDONCA
Genclerbirligi vs. Kayseri Erciyesspor - Saturday April 28 - 2007,Kayseri Erciyesspor,hard,4-4-2,USAK;TEBER;BAYER;DUYMUS;KOK;LAZAROV;SARP;TORAMAN;OZBAY;BOYRAZ;ISLER
Kayserispor vs. Konyaspor - Saturday April 28 - 2007,Kayserispor,hard,4-4-2,IVANKOV;TOLEDO;CORA;MENDEZ;UCAR;OKYAY;ARSLAN;GUNES;EDER LOUCO;IGLESIAS;UNAL
Kayserispor vs. Konyaspor - Saturday April 28 - 2007,Konyaspor,hard,4-5-1,BAHADIR;KAUE;EL SAKA;BATISTA;SEKMAN;OZGUR;AGCAY;NECA;ER;ABDALLAH;TURKMEN
Rizespor vs. Ankaragucu - Saturday April 28 - 2007,Ankaragucu,hard,4-5-1,KIRINTILI;PETKOV;GUNGOR;ANDRE SILVA;CELIK;TITA;VIDUSLU;YESILKAYA;KARADUMAN;DERELI;OZKAN
Rizespor vs. Ankaragucu - Saturday April 28 - 2007,Rizespor,hard,4-4-2,ZDRAVKOV;VICTORIA;CAKMAK;EL TABEI;EREN;YUCETAS;SAID;AKSOY;BAKI;ANDERSON;BIRYOL
Sakaryaspor vs. Galatasaray - Saturday April 28 - 2007,Galatasaray,easy,4-4-2,MONDRAGON;AK;ASIK;TOMAS;SONG;AKMAN;INAMOTO;TOPAL;GUVEN;KARAN;ATES
Sakaryaspor vs. Galatasaray - Saturday April 28 - 2007,Sakaryaspor,hard,4-4-2,TEKELIOGLU;URAL;TOK;USTA;DUMAN;ERDOGAN;DEMIR;OZMERT;AYDIN;GRAF;YANIK
Fenerbahce vs. Denizlispor - Sunday April 29 - 2007,Denizlispor,hard,4-4-2,HAMIDOU;CAGIRAN;GURACAR;KRATOCHVIL;ERTUGRUL;ABRAHAM;EGEDIK;SIMSEK;JULIO CESAR;ADRIANO;KINALI
Fenerbahce vs. Denizlispor - Sunday April 29 - 2007,Fenerbahce,easy,4-2-3-1,KULBILGE;BORAL;EDU DRACENA;TURACI;BALCI;BARIS;MEHMET AURELIO;METIN;ALEX;SANLI;KEZMAN
Sivasspor vs. Besiktas - Sunday April 29 - 2007,Besiktas,easy,4-4-2,RUNJE;UZULMEZ;ZAN;TORAMAN;DOGAN;SEDEF;KURTULUS;RICARDINHO;YILMAZ;NOBRE;BOBO
Sivasspor vs. Besiktas - Sunday April 29 - 2007,Sivasspor,hard,4-4-2,PETKOVIC;YERLIKAYA;COLOSIMO;CETIN;SOZGELMEZ;UMMAK;ELMACI;GURSOY;CAN;YILDIZ;BALILI
Trabzonspor vs. Sivasspor - Friday May 4 - 2007,Sivasspor,hard,4-4-2,PETKOVIC;YERLIKAYA;COLOSIMO;CETIN;SOZGELMEZ;UMMAK;ELMACI;GURSOY;CAN;YILDIZ;TSVETKOV
Trabzonspor vs. Sivasspor - Friday May 4 - 2007,Trabzonspor,easy,4-5-1,ZENGIN;KOCAK;YAVUZ;CIMSIR;COKMUS;KARADENIZ;UCUNCU;ERIS;ABDELAZIZ;YATTARA;BULUT
Ankaragucu vs. Sakaryaspor - Saturday May 5 - 2007,Ankaragucu,hard,4-4-2,KIRINTILI;PETKOV;BAYRAK;GUNGOR;DERELI;DURUER;ANDRE SILVA;YESILKAYA;TITA;OZKAN;BEBBE
Ankaragucu vs. Sakaryaspor - Saturday May 5 - 2007,Sakaryaspor,hard,4-4-2,MARTINEZ;URAL;TOK;USTA;DUMAN;ERDOGAN;DEMIR;KARAKAYA;AYDIN;ADAMU;YANIK
Besiktas vs. Fenerbahce - Saturday May 5 - 2007,Besiktas,easy,4-5-1,RUNJE;UZULMEZ;MERCIMEK;ZAN;DOGAN;RICARDINHO;KURTULUS;DELGADO;TORAMAN;YILMAZ;NOBRE
Besiktas vs. Fenerbahce - Saturday May 5 - 2007,Fenerbahce,easy,4-2-3-1,KULBILGE;OZAT;LUGANO;EDU DRACENA;TURACI;BARIS;APPIAH;METIN;ALEX;SANLI;KEZMAN
Denizlispor vs. Bursaspor - Saturday May 5 - 2007,Bursaspor,hard,4-5-1,CATKIC;BEKIROGLU;KORKMAZ;GULDUREN;BARIS;FRASINEANU;SUMULIKOSKI;BOZACI;ACAR;MATEUS PARANA;KALOGLU
Denizlispor vs. Bursaspor - Saturday May 5 - 2007,Denizlispor,hard,4-5-1,HAMIDOU;JULIO CESAR;KRATOCHVIL;GULPINAR;GURACAR;ABRAHAM;YIGEN;SIMSEK;EGEDIK;ERTUGRUL;ADRIANO
Gaziantepspor vs. Ankaraspor - Saturday May 5 - 2007,Ankaraspor,hard,4-5-1,KURSUNLU;HACIOGLU;BATAK;BAHTIYAROGLU;AKKOYUN;KISA;GUCER;TASDEMIR;KOCAK;HURMACI;TOSUN
Gaziantepspor vs. Ankaraspor - Saturday May 5 - 2007,Gaziantepspor,hard,4-4-2,BEZGIN;ERDOGDU;AFANOU;POLAT;AKINCI;BAYAR;KIRITA;ZURITA;KILICASLAN;CIHAN;DIAWARA
Kayseri Erciyesspor vs. Rizespor - Saturday May 5 - 2007,Kayseri Erciyesspor,hard,4-4-2,USAK;TEBER;DUYMUS;TURAN;JABI;LAZAROV;TORAMAN;SARP;OZBAY;BOYRAZ;ISLER
Kayseri Erciyesspor vs. Rizespor - Saturday May 5 - 2007,Rizespor,hard,4-4-2,ZDRAVKOV;AKYUZ;CAKMAK;EL TABEI;EREN;VICTORIA;SAID;YUCETAS;BAKI;BIRYOL;ANDERSON
Konyaspor vs. Genclerbirligi - Saturday May 5 - 2007,Genclerbirligi,hard,4-4-2,TOKGOZ;AYDIN;TRAORE;UZUMCU;GUVEN;HAMINU;TOZO;NAS;PROMISE;CAKIR;MENDONCA
Konyaspor vs. Genclerbirligi - Saturday May 5 - 2007,Konyaspor,hard,4-5-1,BAHADIR;KAUE;EL SAKA;BATISTA;SEKMAN;OZGUR;AGCAY;NECA;ER;ABDALLAH;TURKMEN
Manisaspor vs. Kayserispor - Saturday May 5 - 2007,Kayserispor,hard,4-4-2,IVANKOV;OKYAY;CORA;MENDEZ;UCAR;EDER LOUCO;BASDAG;ARSLAN;TOPUZ;PARLAK;IGLESIAS
Manisaspor vs. Kayserispor - Saturday May 5 - 2007,Manisaspor,hard,4-5-1,CEYLAN;BALTA;BORBICONI;KALABANE;OZSARAC;HOLOSKO;BOZKURT;ZELENKA;INCEMAN;ASKAROGLU;AKAN
Galatasaray vs. Antalyaspor - Sunday May 6 - 2007,Antalyaspor,hard,4-4-2,AVCIBAY;CAN;BIENIUK;DZIEWICKI;KAVUK;YAMAN;SUAZO;BILGIN;ZITOUNI;DURSUN;BIRDAL
Galatasaray vs. Antalyaspor - Sunday May 6 - 2007,Galatasaray,easy,4-4-2,MONDRAGON;AK;ASIK;TOMAS;SARIOGLU;AKMAN;INAMOTO;TOPAL;GUVEN;KARAN;ATES
Ankaraspor vs. Denizlispor - Sunday May 13 - 2007,Ankaraspor,hard,4-5-1,KURSUNLU;HACIOGLU;AKKOYUN;BAHTIYAROGLU;YOLDAS;KISA;GUCER;TASDEMIR;KOCAK;HURMACI;TOSUN
Ankaraspor vs. Denizlispor - Sunday May 13 - 2007,Denizlispor,hard,4-4-2,HAMIDOU;JULIO CESAR;GURACAR;KRATOCHVIL;CAGIRAN;ABRAHAM;GULPINAR;SIMSEK;ERTUGRUL;ADRIANO;KINALI
Antalyaspor vs. Ankaragucu - Sunday May 13 - 2007,Ankaragucu,hard,4-5-1,KIRINTILI;PETKOV;BAYRAK;GUNGOR;DERELI;DURUER;ANDRE SILVA;YESILKAYA;KARADUMAN;OZKAN;BEBBE
Antalyaspor vs. Ankaragucu - Sunday May 13 - 2007,Antalyaspor,hard,4-4-2,CORDOBA;YAMAN;BIENIUK;DZIEWICKI;KAVUK;CAN;KARTOP;KAHRAMAN;BILGIN;DURSUN;BIRDAL
Bursaspor vs. Besiktas - Sunday May 13 - 2007,Besiktas,easy,4-4-2,RUNJE;UZULMEZ;MERCIMEK;ZAN;KAS;RICARDINHO;TATAN;SEDEF;KURTULUS;GULEC;BOBO
Bursaspor vs. Besiktas - Sunday May 13 - 2007,Bursaspor,hard,4-4-2,CATKIC;BEKIROGLU;KORKMAZ;GULDUREN;BARIS;FRASINEANU;SUMULIKOSKI;BOZACI;ACAR;MATEUS PARANA;KALOGLU
Fenerbahce vs. Trabzonspor - Sunday May 13 - 2007,Fenerbahce,easy,4-2-3-1,KULBILGE;OZAT;LUGANO;EDU DRACENA;TURACI;BARIS;APPIAH;METIN;ALEX;SANLI;DEIVID
Fenerbahce vs. Trabzonspor - Sunday May 13 - 2007,Trabzonspor,easy,4-3-3,ZENGIN;KOCAK;ATAN;YAVUZ;COKMUS;UCUNCU;ABDELAZIZ;CIMSIR;KARADENIZ;BULUT;YATTARA
Genclerbirligi vs. Rizespor - Sunday May 13 - 2007,Genclerbirligi,hard,4-5-1,TOKGOZ;AYDIN;TRAORE;UZUMCU;OZBEY;HAMINU;TOZO;BAYTAR;NAS;PROMISE;OZTURK
Genclerbirligi vs. Rizespor - Sunday May 13 - 2007,Rizespor,hard,4-4-2,ZDRAVKOV;VICTORIA;AKYUZ;CAKMAK;EREN;ELMAS;UGUR;YUCETAS;BAKI;ANDERSON;BIRYOL
Kayserispor vs. Gaziantepspor - Sunday May 13 - 2007,Gaziantepspor,hard,4-4-2,HASAGIC;BAYAR;AFANOU;POLAT;COGUM;KILICASLAN;ZURITA;YILDIRIM;KIRITA;DIAWARA;CIHAN
Kayserispor vs. Gaziantepspor - Sunday May 13 - 2007,Kayserispor,hard,4-4-2,IVANKOV;TOLEDO;MENDEZ;TOSCALI;CORA;EDER LOUCO;BASDAG;ARSLAN;TOPUZ;UNAL;IGLESIAS
Konyaspor vs. Manisaspor - Sunday May 13 - 2007,Konyaspor,hard,4-5-1,BAHADIR;KAUE;EL SAKA;BATISTA;SEKMAN;OZGUR;AGCAY;NECA;ER;ABDALLAH;TURKMEN
Konyaspor vs. Manisaspor - Sunday May 13 - 2007,Manisaspor,hard,4-5-1,CEYLAN;BALTA;BOZKURT;KALABANE;OZSARAC;HOLOSKO;INCEMAN;ZELENKA;INAN;ASKAROGLU;AKAN
Sakaryaspor vs. Kayseri Erciyesspor - Sunday May 13 - 2007,Kayseri Erciyesspor,hard,4-4-2,USAK;TEBER;TURAN;KOK;JABI;LAZAROV;TORAMAN;SARP;OZBAY;DJALOVIC;BOYRAZ
Sakaryaspor vs. Kayseri Erciyesspor - Sunday May 13 - 2007,Sakaryaspor,hard,4-4-2,TEKELIOGLU;URAL;BAHADIR;TOK;DUMAN;ERDOGAN;OZMERT;TURHAN;AYDIN;KELES;KARAKAYA
Sivasspor vs. Galatasaray - Sunday May 13 - 2007,Galatasaray,easy,4-4-2,MONDRAGON;AK;SONG;TOMAS;SARIOGLU;CARRUSCA;INAMOTO;TOPAL;ILIC;KARAN;ATES
Sivasspor vs. Galatasaray - Sunday May 13 - 2007,Sivasspor,hard,4-4-2,PETKOVIC;YERLIKAYA;COLOSIMO;CETIN;SOZGELMEZ;GURSOY;ELMACI;FRANSERGIO;CAN;YILDIZ;BALILI
Besiktas vs. Ankaraspor - Saturday May 19 - 2007,Ankaraspor,hard,4-5-1,ARIKAN;HACIOGLU;BATAK;AKKOYUN;YOLDAS;KISA;KOCAK;TASDEMIR;ARSLAN;HURMACI;TOSUN
Besiktas vs. Ankaraspor - Saturday May 19 - 2007,Besiktas,easy,4-4-2,RUNJE;MERCIMEK;TORAMAN;AVCI;TANDOGAN;RICARDINHO;TATAN;KURTULUS;DELGADO;NOBRE;BOBO
Galatasaray vs. Fenerbahce - Saturday May 19 - 2007,Fenerbahce,easy,4-2-3-1,KULBILGE;OZAT;LUGANO;EDU DRACENA;TURACI;BARIS;MEHMET AURELIO;SANLI;METIN;BALCI;KEZMAN
Galatasaray vs. Fenerbahce - Saturday May 19 - 2007,Galatasaray,easy,4-4-2,MONDRAGON;AK;SONG;TOMAS;HASPOLATLI;AKMAN;INAMOTO;TOPAL;SARIOGLU;ATES;KARAN
Genclerbirligi vs. Sakaryaspor - Saturday May 19 - 2007,Genclerbirligi,hard,4-4-2,OZTURK;AYDIN;TRAORE;UZUMCU;GUVEN;HAMINU;TOZO;BAYTAR;ASLANTAS;OZTURK;PROMISE
Genclerbirligi vs. Sakaryaspor - Saturday May 19 - 2007,Sakaryaspor,hard,4-4-2,TEKELIOGLU;USLU;URAL;BAHADIR;DEMIR;AYDIN;CAPURRO;ERDOGAN;CANGELE;KARAKAYA;KELES
Ankaragucu vs. Sivasspor - Sunday May 20 - 2007,Ankaragucu,hard,4-5-1,KIRINTILI;PETKOV;BAYRAK;GUNGOR;DERELI;TITA;ANDRE SILVA;YESILKAYA;VIDUSLU;CELIK;BEBBE
Ankaragucu vs. Sivasspor - Sunday May 20 - 2007,Sivasspor,hard,4-4-2,PETKOVIC;YERLIKAYA;COLOSIMO;CETIN;SOZGELMEZ;GURSOY;BALILI;FRANSERGIO;CAN;YILDIZ;TSVETKOV
Denizlispor vs. Kayserispor - Sunday May 20 - 2007,Denizlispor,hard,4-4-2,HAMIDOU;JULIO CESAR;GURACAR;KRATOCHVIL;CAGIRAN;ABRAHAM;GULPINAR;SIMSEK;ERTUGRUL;ADRIANO;KINALI
Denizlispor vs. Kayserispor - Sunday May 20 - 2007,Kayserispor,hard,4-4-2,IVANKOV;TOLEDO;TOSCALI;JOHNSON;CORA;OKYAY;BASDAG;ARSLAN;TOPUZ;PARLAK;IGLESIAS
Gaziantepspor vs. Manisaspor - Sunday May 20 - 2007,Gaziantepspor,hard,4-4-2,DAGLAROGLU;BAYAR;AFANOU;POLAT;COGUM;YILDIRIM;KIRITA;ZURITA;DAG;CIHAN;DIAWARA
Gaziantepspor vs. Manisaspor - Sunday May 20 - 2007,Manisaspor,hard,4-5-1,CEYLAN;BALTA;BORBICONI;KALABANE;OZSARAC;KOC;BOZKURT;INAN;INCEMAN;AKAN;HOLOSKO
Kayseri Erciyesspor vs. Antalyaspor - Sunday May 20 - 2007,Antalyaspor,hard,4-4-2,CORDOBA;YAMAN;ASLAN;DZIEWICKI;ISIK;CAN;SUAZO;KAHRAMAN;BILGIN;BIRDAL;BEGECARSLAN
Kayseri Erciyesspor vs. Antalyaspor - Sunday May 20 - 2007,Kayseri Erciyesspor,hard,4-4-2,USAK;TEBER;DUYMUS;TURAN;JABI;LAZAROV;TORAMAN;SARP;OZBAY;DJALOVIC;BOYRAZ
Rizespor vs. Konyaspor - Sunday May 20 - 2007,Konyaspor,hard,4-5-1,BAHADIR;KAUE;EL SAKA;BATISTA;SEKMAN;OZGUR;AGCAY;ERGIN;ER;ABDALLAH;SABIN
Rizespor vs. Konyaspor - Sunday May 20 - 2007,Rizespor,hard,4-4-2,ZDRAVKOV;VICTORIA;CAKMAK;EL TABEI;EREN;UGUR;SAID;AKSOY;BAKI;ANDERSON;BIRYOL
Trabzonspor vs. Bursaspor - Sunday May 20 - 2007,Bursaspor,hard,4-5-1,CATKIC;BEKIROGLU;KORKMAZ;GULDUREN;YIGIT;FRASINEANU;SUMULIKOSKI;BOZACI;ACAR;MATEUS PARANA;KALOGLU
Trabzonspor vs. Bursaspor - Sunday May 20 - 2007,Trabzonspor,easy,4-5-1,ZENGIN;KOCAK;ATAN;CIMSIR;COKMUS;KARADENIZ;UCUNCU;ERIS;ABDELAZIZ;YATTARA;BULUT
Ankaraspor vs. Trabzonspor - Friday May 25 - 2007,Ankaraspor,hard,4-5-1,ARIKAN;WEDERSON;BAHTIYAROGLU;TUNC;AKKOYUN;KISA;GUCER;TASDEMIR;HAMILTON;TOSUN;SITKU
Ankaraspor vs. Trabzonspor - Friday May 25 - 2007,Trabzonspor,easy,4-4-2,SAHIN;KOCAK;ATAN;BAYRAKTAR;COKMUS;RIZA;CIMSIR;UCUNCU;YATTARA;MARTIN;BULUT
Bursaspor vs. Galatasaray - Friday May 25 - 2007,Bursaspor,hard,4-4-2,ERAYDIN;BEKIROGLU;KORKMAZ;GULDUREN;YIGIT;TUNCER;SUMULIKOSKI;ACAR;BARIS;AKDIS;KALOGLU
Bursaspor vs. Galatasaray - Friday May 25 - 2007,Galatasaray,easy,4-4-2,ERCETIN;PENBE;ASIK;SONG;HASPOLATLI;TURAN;INAMOTO;ILIC;SARIOGLU;SUKUR;KARAN
Kayserispor vs. Besiktas - Friday May 25 - 2007,Besiktas,easy,4-2-3-1,KOSE;UZULMEZ;MERCIMEK;ZAN;TORAMAN;TATAN;KURTULUS;KARABULUT;DELGADO;GUNES;NOBRE
Kayserispor vs. Besiktas - Friday May 25 - 2007,Kayserispor,hard,4-4-2,SONMEZ;TOLEDO;TOSCALI;JOHNSON;CORA;OKYAY;TOPUZ;AYDIN;KAYA;UNAL;IGLESIAS
Antalyaspor vs. Genclerbirligi - Saturday May 26 - 2007,Antalyaspor,hard,4-4-2,CORDOBA;YAMAN;ASLAN;DZIEWICKI;ISIK;CAN;SUAZO;KAHRAMAN;ZITOUNI;BEGECARSLAN;BIRDAL
Antalyaspor vs. Genclerbirligi - Saturday May 26 - 2007,Genclerbirligi,hard,4-4-2,TOKGOZ;AYDIN;TRAORE;UZUMCU;GUVEN;HAMINU;TOZO;BAYTAR;ASLANTAS;PROMISE;MENDONCA
Fenerbahce vs. Ankaragucu - Saturday May 26 - 2007,Ankaragucu,hard,4-4-2,KIRINTILI;PETKOV;KUTLU;BAYRAK;GUNGOR;CELIK;YESILKAYA;DURUER;DERELI;OZKAN;BEBBE
Fenerbahce vs. Ankaragucu - Saturday May 26 - 2007,Fenerbahce,easy,4-2-3-1,KULBILGE;OZAT;ARAT;EDU DRACENA;TURACI;BARIS;MEHMET AURELIO;METIN;ALEX;SANLI;KEZMAN
Konyaspor vs. Gaziantepspor - Saturday May 26 - 2007,Gaziantepspor,hard,4-4-2,HASAGIC;BAYAR;AFANOU;POLAT;COGUM;ZURITA;SEN;YILDIRIM;DAG;DIAWARA;CIHAN
Konyaspor vs. Gaziantepspor - Saturday May 26 - 2007,Konyaspor,hard,4-5-1,BAHADIR;KAUE;EL SAKA;GUNDOSTU;OZKAN;YANIKDEMIR;BATISTA;AGCAY;ER;ABDALLAH;TURKMEN
Manisaspor vs. Denizlispor - Saturday May 26 - 2007,Denizlispor,hard,4-4-2,HAMIDOU;JULIO CESAR;GURACAR;KRATOCHVIL;CAGIRAN;ABRAHAM;GULPINAR;SIMSEK;ERTUGRUL;KINALI;ADRIANO
Manisaspor vs. Denizlispor - Saturday May 26 - 2007,Manisaspor,hard,4-5-1,CEYLAN;BALTA;BOZKURT;BORBICONI;OZSARAC;KOC;INCEMAN;ZELENKA;INAN;ASKAROGLU;HOLOSKO
Sakaryaspor vs. Rizespor - Saturday May 26 - 2007,Rizespor,hard,4-4-2,ZDRAVKOV;VICTORIA;CAKMAK;EL TABEI;EREN;UGUR;SAID;AKSOY;BAKI;ANDERSON;BIRYOL
Sakaryaspor vs. Rizespor - Saturday May 26 - 2007,Sakaryaspor,hard,4-5-1,MARTINEZ;USLU;URAL;BAHADIR;DUMAN;AYDIN;DEMIR;ERDOGAN;OZMERT;CANGELE;KELES
Sivasspor vs. Kayseri Erciyesspor - Saturday May 26 - 2007,Kayseri Erciyesspor,hard,4-4-2,USAK;TEBER;DUYMUS;TURAN;JABI;BAYAZIT;SARP;DIE;OZBAY;ISLER;LAZAROV
Sivasspor vs. Kayseri Erciyesspor - Saturday May 26 - 2007,Sivasspor,hard,4-4-2,VARDAR;YERLIKAYA;COLOSIMO;CETIN;SOZGELMEZ;GURSOY;ELMACI;FRANSERGIO;CAN;YILDIZ;TSVETKOV
