game,team,difficulty,formation,lineup
Fenerbahce vs. Eskisehirspor - Friday August 14 - 2015,Eskisehirspor,hard,4-1-4-1,VURAL;KARAER;COSKUN;PARLAK;TOKO;OZTURK;BEN KHALIFA;LAWAL;CAUSIC;BAYRAMOGLU;GEKAS
Fenerbahce vs. Eskisehirspor - Friday August 14 - 2015,Fenerbahce,easy,4-4-2,DEMIREL;KALDIRIM;BA;ALVES;OZBAYRAKLI;DIEGO;SOUZA;MEIRELES;NANI;SOW;FERNANDAO
Basaksehir vs. Antalyaspor - Saturday August 15 - 2015,Antalyaspor,hard,4-2-3-1,FORNEZZI;KVESIC;GOR;CELUSTKA;KANDEMIR;BEKMEZCI;CHICO;LAZAREVIC;KILIC;BASSAN;ETO'O
Basaksehir vs. Antalyaspor - Saturday August 15 - 2015,Basaksehir,hard,4-3-3,BABACAN;OZTORUN;AYHAN;CANSEV;UCAR;BADJI;TEKDEMIR;BELOZOGLU;DOKA MADUREIRA;CIKALLESHI;VISCA
Sivasspor vs. Galatasaray - Saturday August 15 - 2015,Galatasaray,easy,4-2-3-1,MUSLERA;TELLES;BALTA;CHEDJOU;SARIOGLU;INAN;KISA;OZTEKIN;SNEIJDER;ADIN;PODOLSKI
Sivasspor vs. Galatasaray - Saturday August 15 - 2015,Sivasspor,hard,4-2-3-1,SETKUS;KAS;KURT;OZTURK;CICINHO;KOCAK;OZMERT;CHAHECHOUHE;TAOUIL;ESER;KARADENIZ
Trabzonspor vs. Bursaspor - Saturday August 15 - 2015,Bursaspor,hard,4-2-3-1,GUNOK;BEHICH;AZIZ;SIVOK;OZGENC;CINAZ;JORQUERA;TASDEMIR;JOSUE;ADVINCULA;YILDIRIM
Trabzonspor vs. Bursaspor - Saturday August 15 - 2015,Trabzonspor,easy,4-2-3-1,KIVRAK;CONSTANT;MEDJANI;YUMLU;CAVANDA;MBIA;YOKUSLU;ZENGIN;HURMACI;ERDOGAN;CARDOZO
Gaziantepspor vs. Kasimpasa - Sunday August 16 - 2015,Gaziantepspor,hard,4-4-2,KARCEMARSKAS;SEDEF;SUME;VRANJES;YARDIMCI;CAMARA;SEN;KAYALI;CINAR;DEMIR;CHIBUIKE
Gaziantepspor vs. Kasimpasa - Sunday August 16 - 2015,Kasimpasa,hard,4-2-3-1,ISAKSSON;KIRAZ;TITI;OMERUO;SARI;CASTRO;DURAK;TORUN;SCARIONE;YILMAZ;DERDIYOK
Konyaspor vs. Akhisar Belediyespor - Sunday August 16 - 2015,Akhisar Belediyespor,hard,4-3-3,LUKAC;TASDELEN;DOUGLAO;OSMANPASA;CEBE;CEVIKER;YUCE;CUSTODIO;VURAL;KABZE;COLAK
Konyaspor vs. Akhisar Belediyespor - Sunday August 16 - 2015,Konyaspor,hard,4-2-3-1,TARAKCI;USLU;VUKOVIC;JUNIOR;SAHINER;CAMDALI;FINDIKLI;MEHA;INCEMAN;BORA;BAJIC
Mersin Idmanyurdu vs. Besiktas - Sunday August 16 - 2015,Besiktas,easy,4-2-3-1,ZENGIN;TOSIC;GULUM;RHODOLFO;BECK;HUTCHINSON;OZYAKUP;SAHAN;QUARESMA;TORE;TOSUN
Mersin Idmanyurdu vs. Besiktas - Sunday August 16 - 2015,Mersin Idmanyurdu,hard,4-2-3-1,MIHAYLOV;WEDERSON;MITROVIC;SADIKU;BALCI;TAS;KHALILI;NAKOULMA;DELIBALTA;TITA;WELLITON
Osmanlispor Fk vs. Kayserispor - Sunday August 16 - 2015,Kayserispor,hard,4-2-3-1,ARIKAN;BAYRAM;MABIALA;SIMIC;CAN;MIJAILOVIC;DAGASAN;BISESWAR;LOPES;TURUC;DERLEY
Osmanlispor Fk vs. Kayserispor - Sunday August 16 - 2015,Osmanlispor Fk,hard,4-4-2,SAHIN;BAYIR;CURUKSU;SORO;ASLANTAS;TORJE;CAGIRAN;NDIAYE;UMAR;DELIKTAS;KILICASLAN
Genclerbirligi vs. Rizespor - Monday August 17 - 2015,Genclerbirligi,hard,4-2-3-1,KAPLAN;LATOVLEVICI;ATTA;CALIK;OGUZ;SKULASON;DIMITRIADIS;KAHVECI;SPELMANN;EL KABIR;STANCU
Genclerbirligi vs. Rizespor - Monday August 17 - 2015,Rizespor,hard,4-4-2,ITANDJE;ALBAYRAK;OBOABONA;VIERA;OVACIKLI;OZEK;ALTINAY;YALCIN;CHEVALIER;KWEUKE;KADAH
Kasimpasa vs. Basaksehir - Friday August 21 - 2015,Basaksehir,hard,4-2-3-1,BABACAN;OZTORUN;AYHAN;IRTEGUN;UCAR;TEKDEMIR;BELOZOGLU;VISCA;MARCIO MOSSORO;ALKILIC;CIKALLESHI
Kasimpasa vs. Basaksehir - Friday August 21 - 2015,Kasimpasa,hard,4-2-3-1,ISAKSSON;KIRAZ;TITI;OMERUO;SARI;CASTRO;DONK;TORUN;SCARIONE;YILMAZ;BUYUK
Akhisar Belediyespor vs. Mersin Idmanyurdu - Saturday August 22 - 2015,Akhisar Belediyespor,hard,4-3-3,LUKAC;TASDELEN;DOUGLAO;OSMANPASA;CEBE;CUSTODIO;YUCE;CEVIKER;COLAK;KABZE;VURAL
Akhisar Belediyespor vs. Mersin Idmanyurdu - Saturday August 22 - 2015,Mersin Idmanyurdu,hard,4-3-3,MIHAYLOV;WEDERSON;MITROVIC;OZARSLAN;BALCI;CEYLAN;SADIKU;KHALILI;NAKOULMA;WELLITON;VAROL
Besiktas vs. Trabzonspor - Saturday August 22 - 2015,Besiktas,easy,4-2-3-1,ZENGIN;RAMON;GULUM;RHODOLFO;BECK;HUTCHINSON;OZYAKUP;QUARESMA;SAHAN;TORE;TOSUN
Besiktas vs. Trabzonspor - Saturday August 22 - 2015,Trabzonspor,easy,4-2-3-1,KIVRAK;CONSTANT;DEMIR;YUMLU;CAVANDA;MBIA;YOKUSLU;ZENGIN;HURMACI;ERDOGAN;N'DOYE
Kayserispor vs. Konyaspor - Saturday August 22 - 2015,Kayserispor,hard,4-2-3-1,ARIKAN;BAYRAM;MABIALA;SIMIC;CAN;MIJAILOVIC;DAGASAN;BISESWAR;OZBEK;TURUC;DERLEY
Kayserispor vs. Konyaspor - Saturday August 22 - 2015,Konyaspor,hard,4-2-3-1,TARAKCI;USLU;VUKOVIC;JUNIOR;SAHINER;CAMDALI;FINDIKLI;MEHA;TRAORE;BORA;BAJIC
Antalyaspor vs. Genclerbirligi - Sunday August 23 - 2015,Antalyaspor,hard,4-2-3-1,FORNEZZI;KVESIC;GOR;CELUSTKA;KANDEMIR;CELIK;BEKMEZCI;LAZAREVIC;YILDIRIM;BASSAN;ETO'O
Antalyaspor vs. Genclerbirligi - Sunday August 23 - 2015,Genclerbirligi,hard,4-2-3-1,KAPLAN;LATOVLEVICI;ATTA;CALIK;OGUZ;SKULASON;DIMITRIADIS;KAHVECI;SPELMANN;TOMIC;EL KABIR
Bursaspor vs. Gaziantepspor - Sunday August 23 - 2015,Bursaspor,hard,4-2-3-1,GUNOK;TASDEMIR;AZIZ;SIVOK;ADVINCULA;CINAZ;JORQUERA;CUENCA;JOSUE;DZSUDZSAK;YILDIRIM
Bursaspor vs. Gaziantepspor - Sunday August 23 - 2015,Gaziantepspor,hard,4-4-2,KARCEMARSKAS;MARCAL;AROKOYO;VRANJES;YARDIMCI;CAMARA;ABUDA;KAYALI;LARSSON;DEMIR;CHIBUIKE
Eskisehirspor vs. Sivasspor - Sunday August 23 - 2015,Eskisehirspor,hard,4-2-3-1,BOFFIN;KARAER;COSKUN;PARLAK;TOKO;LAWAL;BAYRAMOGLU;DEFEDERICO;BEN KHALIFA;KANAK;GEKAS
Eskisehirspor vs. Sivasspor - Sunday August 23 - 2015,Sivasspor,hard,4-2-3-1,SETKUS;KAS;KURT;OZTURK;CICINHO;OZMERT;KOCAK;CHAHECHOUHE;KURTULUS;ESER;KARADENIZ
Rizespor vs. Fenerbahce - Sunday August 23 - 2015,Fenerbahce,easy,4-4-2,DEMIREL;KALDIRIM;ALVES;KJAER;OZBAYRAKLI;DIEGO;TOPAL;SOUZA;NANI;FERNANDAO;VAN PERSIE
Rizespor vs. Fenerbahce - Sunday August 23 - 2015,Rizespor,hard,4-4-2,ITANDJE;ALBAYRAK;OBOABONA;VIERA;OVACIKLI;OZEK;ALTINAY;YALCIN;KAYA;KWEUKE;KADAH
Galatasaray vs. Osmanlispor Fk - Monday August 24 - 2015,Galatasaray,easy,4-4-2,MUSLERA;TELLES;BALTA;CHEDJOU;SARIOGLU;SNEIJDER;RODRIGUEZ;INAN;PODOLSKI;YILMAZ;BULUT
Galatasaray vs. Osmanlispor Fk - Monday August 24 - 2015,Osmanlispor Fk,hard,4-2-3-1,SAHIN;BAYIR;CURUKSU;SORO;ASLANTAS;GUVEN;CAGIRAN;TORJE;NDIAYE;UMAR;DELIKTAS
Gaziantepspor vs. Besiktas - Friday August 28 - 2015,Besiktas,easy,4-2-3-1,ZENGIN;TOSIC;GULUM;RHODOLFO;BECK;HUTCHINSON;OZYAKUP;SAHAN;SOSA;TORE;GOMEZ
Gaziantepspor vs. Besiktas - Friday August 28 - 2015,Gaziantepspor,hard,4-4-2,KARCEMARSKAS;MARCAL;AROKOYO;VRANJES;YARDIMCI;CAMARA;ABUDA;KAYALI;LARSSON;DEMIR;CHIBUIKE
Basaksehir vs. Bursaspor - Saturday August 29 - 2015,Basaksehir,hard,4-3-3,BABACAN;OZTORUN;AYHAN;IRTEGUN;UCAR;BADJI;TEKDEMIR;BELOZOGLU;DOKA MADUREIRA;BATDAL;VISCA
Basaksehir vs. Bursaspor - Saturday August 29 - 2015,Bursaspor,hard,4-2-3-1,GUNOK;TASDEMIR;AZIZ;SIVOK;ADVINCULA;HOSOGAI;YILMAZ;STOCH;JOSUE;DZSUDZSAK;DE SUTTER
Genclerbirligi vs. Kasimpasa - Saturday August 29 - 2015,Genclerbirligi,hard,4-2-3-1,HOPF;CIFTCI;ATTA;CALIK;OGUZ;SKULASON;DIMITRIADIS;KAHVECI;SPELMANN;TOMIC;EL KABIR
Genclerbirligi vs. Kasimpasa - Saturday August 29 - 2015,Kasimpasa,hard,4-2-3-1,ISAKSSON;DURAK;TITI;OMERUO;SARI;DONK;CASTRO;DEL VALLE;SCARIONE;YILMAZ;BUYUK
Konyaspor vs. Galatasaray - Saturday August 29 - 2015,Galatasaray,easy,4-2-3-1,MUSLERA;CAROLE;BALTA;CHEDJOU;SARIOGLU;FELIPE MELO;INAN;PODOLSKI;SNEIJDER;BULUT;YILMAZ
Konyaspor vs. Galatasaray - Saturday August 29 - 2015,Konyaspor,hard,4-2-3-1,TARAKCI;USLU;VUKOVIC;JUNIOR;TURAN;CAMDALI;FINDIKLI;MEHA;BORA;SAHINER;BAJIC
Mersin Idmanyurdu vs. Kayserispor - Saturday August 29 - 2015,Kayserispor,hard,4-2-3-1,ARIKAN;AKBAS;MABIALA;SIMIC;YAVRU;DAGASAN;OZCAL;BAYRAM;BISESWAR;TURUC;DERLEY
Mersin Idmanyurdu vs. Kayserispor - Saturday August 29 - 2015,Mersin Idmanyurdu,hard,4-2-3-1,MIHAYLOV;WEDERSON;MITROVIC;SADIKU;BALCI;CEYLAN;KHALILI;NAKOULMA;DELIBALTA;PEDRIEL;WELLITON
Eskisehirspor vs. Rizespor - Sunday August 30 - 2015,Eskisehirspor,hard,4-2-3-1,BOFFIN;CEK;KARAER;GUNGOR;PARLAK;LAWAL;BAYRAMOGLU;DEFEDERICO;BEN KHALIFA;KANAK;GEKAS
Eskisehirspor vs. Rizespor - Sunday August 30 - 2015,Rizespor,hard,4-4-2,ITANDJE;ALBAYRAK;OBOABONA;VIERA;OVACIKLI;OZEK;ALTINAY;YALCIN;KAYA;KWEUKE;KADAH
Fenerbahce vs. Antalyaspor - Sunday August 30 - 2015,Antalyaspor,hard,4-2-3-1,FORNEZZI;KVESIC;DIEGO ANGELO;CELUSTKA;KANDEMIR;BEKMEZCI;YILDIRIM;LAZAREVIC;AKBABA;BASSAN;ETO'O
Fenerbahce vs. Antalyaspor - Sunday August 30 - 2015,Fenerbahce,easy,4-4-2,DEMIREL;KALDIRIM;BA;KJAER;OZBAYRAKLI;DIEGO;SOUZA;TOPAL;NANI;FERNANDAO;VAN PERSIE
Sivasspor vs. Osmanlispor Fk - Sunday August 30 - 2015,Osmanlispor Fk,hard,4-2-3-1,SAHIN;BAYIR;CURUKSU;SORO;ASLANTAS;GUVEN;CAGIRAN;TORJE;NDIAYE;UMAR;DELIKTAS
Sivasspor vs. Osmanlispor Fk - Sunday August 30 - 2015,Sivasspor,hard,4-2-3-1,SETKUS;KAS;BOYE;OZTURK;CICINHO;GULLE;KOCAK;CHAHECHOUHE;TAOUIL;ESER;KARADENIZ
Trabzonspor vs. Akhisar Belediyespor - Sunday August 30 - 2015,Akhisar Belediyespor,hard,4-4-2,LUKAC;TASDELEN;DOUGLAO;OSMANPASA;CEBE;KABZE;YUCE;CUSTODIO;VURAL;RODALLEGA;LUALUA
Trabzonspor vs. Akhisar Belediyespor - Sunday August 30 - 2015,Trabzonspor,easy,4-2-3-1,KIVRAK;CONSTANT;DEMIR;YUMLU;CAVANDA;MBIA;YOKUSLU;ZENGIN;HURMACI;ERDOGAN;N'DOYE
Akhisar Belediyespor vs. Gaziantepspor - Saturday September 12 - 2015,Akhisar Belediyespor,hard,4-4-2,LUKAC;TASDELEN;DOUGLAO;OSMANPASA;CEBE;KABZE;YUCE;CUSTODIO;VURAL;RODALLEGA;LUALUA
Akhisar Belediyespor vs. Gaziantepspor - Saturday September 12 - 2015,Gaziantepspor,hard,4-4-2,KARCEMARSKAS;MARCAL;SUME;VRANJES;YARDIMCI;CINAR;SEN;ABUDA;LARSSON;DEMIR;CHIBUIKE
Antalyaspor vs. Eskisehirspor - Saturday September 12 - 2015,Antalyaspor,hard,4-4-2,FORNEZZI;KVESIC;DIEGO ANGELO;CELUSTKA;KANDEMIR;LAZAREVIC;BEKMEZCI;YILDIRIM;BASSAN;ETO'O;GUILHERME
Antalyaspor vs. Eskisehirspor - Saturday September 12 - 2015,Eskisehirspor,hard,4-4-2,BOFFIN;KARAER;PARLAK;GUNGOR;TOKO;BAYRAMOGLU;LAWAL;CAUSIC;KANAK;GEKAS;GURAL
Bursaspor vs. Genclerbirligi - Saturday September 12 - 2015,Bursaspor,hard,4-2-3-1,GUNOK;TASDEMIR;AZIZ;NOUNKEU;OZGENC;HOSOGAI;FATY;YILDIRIM;JORQUERA;DZSUDZSAK;DE SUTTER
Bursaspor vs. Genclerbirligi - Saturday September 12 - 2015,Genclerbirligi,hard,4-2-3-1,HOPF;CIFTCI;ATTA;CALIK;OGUZ;SKULASON;KAYA;KOCER;KAHVECI;DJALMA;EL KABIR
Galatasaray vs. Mersin Idmanyurdu - Saturday September 12 - 2015,Galatasaray,easy,4-2-3-1,MUSLERA;ADIN;BALTA;KAYA;SARIOGLU;RODRIGUEZ;INAN;PODOLSKI;SNEIJDER;OZTEKIN;YILMAZ
Galatasaray vs. Mersin Idmanyurdu - Saturday September 12 - 2015,Mersin Idmanyurdu,hard,4-3-3,YILDIRIM;WEDERSON;MITROVIC;CETIN;BALCI;CEYLAN;SADIKU;KHALILI;NAKOULMA;WELLITON;PEDRIEL
Besiktas vs. Basaksehir - Sunday September 13 - 2015,Basaksehir,hard,4-2-3-1,BABACAN;OZTORUN;AYHAN;IRTEGUN;UCAR;AGCAY;TEKDEMIR;DOKA MADUREIRA;MARCIO MOSSORO;VISCA;BATDAL
Besiktas vs. Basaksehir - Sunday September 13 - 2015,Besiktas,easy,4-2-3-1,ZENGIN;TOSIC;GULUM;RHODOLFO;BECK;HUTCHINSON;OZYAKUP;SAHAN;SOSA;TORE;GOMEZ
Kasimpasa vs. Fenerbahce - Sunday September 13 - 2015,Fenerbahce,easy,4-3-3,DEMIREL;ERKIN;KADLEC;TOPAL;OZBAYRAKLI;TUFAN;SOUZA;MEIRELES;NANI;FERNANDAO;VAN PERSIE
Kasimpasa vs. Fenerbahce - Sunday September 13 - 2015,Kasimpasa,hard,4-2-3-1,ISAKSSON;VEIGNEAU;TITI;OMERUO;SARI;DONK;CASTRO;DEL VALLE;ARSLAN;SCARIONE;BUYUK
Osmanlispor Fk vs. Konyaspor - Sunday September 13 - 2015,Konyaspor,hard,4-2-3-1,KIRINTILI;USLU;VUKOVIC;JUNIOR;SAHINER;CAMDALI;INCEMAN;MEHA;HOLMEN;SISSOKO;RANGELOV
Osmanlispor Fk vs. Konyaspor - Sunday September 13 - 2015,Osmanlispor Fk,hard,4-2-3-1,SAHIN;BAYIR;CURUKSU;SORO;ASLANTAS;GUVEN;CAGIRAN;KILICASLAN;NDIAYE;TORJE;WEBO
Rizespor vs. Sivasspor - Sunday September 13 - 2015,Rizespor,hard,4-3-3,ITANDJE;ALBAYRAK;OBOABONA;VIERA;OVACIKLI;SYLVESTRE;YALCIN;MAKIADI;KADAH;KWEUKE;OZEK
Rizespor vs. Sivasspor - Sunday September 13 - 2015,Sivasspor,hard,4-2-3-1,SETKUS;ERDAL;KURT;OZTURK;BOYE;KONE;KOCAK;KAS;CHAHECHOUHE;ABALO;BARRALES
Kayserispor vs. Trabzonspor - Monday September 14 - 2015,Kayserispor,hard,4-2-3-1,ARIKAN;AKBAS;MABIALA;SIMIC;YAVRU;SOW;DAGASAN;BISESWAR;OZCAL;BAYRAM;DERLEY
Kayserispor vs. Trabzonspor - Monday September 14 - 2015,Trabzonspor,easy,4-2-3-1,KIVRAK;ULUDAG;YUMLU;DOUGLAS;CAVANDA;MBIA;CONSTANT;ZENGIN;EKICI;ERDOGAN;N'DOYE
Basaksehir vs. Akhisar Belediyespor - Friday September 18 - 2015,Akhisar Belediyespor,hard,4-4-2,LUKAC;TASDELEN;KONUK;OSMANPASA;CEBE;VURAL;YUCE;CUSTODIO;AYIK;RODALLEGA;KABZE
Basaksehir vs. Akhisar Belediyespor - Friday September 18 - 2015,Basaksehir,hard,4-2-3-1,BABACAN;ERDEM;AYHAN;IRTEGUN;ALKILIC;BADJI;TEKDEMIR;SAHIN;MARCIO MOSSORO;VISCA;BATDAL
Mersin Idmanyurdu vs. Osmanlispor Fk - Friday September 18 - 2015,Mersin Idmanyurdu,hard,4-3-3,YILDIRIM;KAYA;MITROVIC;CETIN;BALCI;CEYLAN;SADIKU;KHALILI;NAKOULMA;FUTACS;PEDRIEL
Mersin Idmanyurdu vs. Osmanlispor Fk - Friday September 18 - 2015,Osmanlispor Fk,hard,4-2-3-1,SAHIN;BAYIR;DEMIROK;SZUKALA;ASLANTAS;GUVEN;CAGIRAN;KILICASLAN;NDIAYE;TORJE;WEBO
Eskisehirspor vs. Kasimpasa - Saturday September 19 - 2015,Eskisehirspor,hard,4-2-3-1,BOFFIN;KARAER;COSKUN;PARLAK;TOKO;LAWAL;CAUSIC;BAYRAMOGLU;DEFEDERICO;KANAK;GEKAS
Eskisehirspor vs. Kasimpasa - Saturday September 19 - 2015,Kasimpasa,hard,4-2-3-1,ISAKSSON;VEIGNEAU;TITI;OMERUO;KARTAL;DONK;CASTRO;DEL VALLE;SCARIONE;TORUN;BUYUK
Rizespor vs. Antalyaspor - Saturday September 19 - 2015,Antalyaspor,hard,4-4-2,FORNEZZI;KVESIC;DIEGO ANGELO;CELUSTKA;KANDEMIR;OZKAN;BEKMEZCI;YILDIRIM;BASSAN;ETO'O;GUILHERME
Rizespor vs. Antalyaspor - Saturday September 19 - 2015,Rizespor,hard,4-4-2,ITANDJE;ALBAYRAK;OBOABONA;VIERA;ALTINAY;ISMAIL;YALCIN;MAKIADI;OZEK;KWEUKE;KADAH
Sivasspor vs. Konyaspor - Saturday September 19 - 2015,Konyaspor,hard,4-2-3-1,KIRINTILI;USLU;VUKOVIC;TURAN;SAHINER;CAMDALI;BORA;MEHA;HOLMEN;SISSOKO;RANGELOV
Sivasspor vs. Konyaspor - Saturday September 19 - 2015,Sivasspor,hard,4-4-2,SETKUS;ERDAL;KURT;OZTURK;CICINHO;CHAHECHOUHE;KONE;KOCAK;ESER;BARRALES;ABALO
Trabzonspor vs. Galatasaray - Saturday September 19 - 2015,Galatasaray,easy,4-2-3-1,MUSLERA;CAROLE;BALTA;KAYA;DENAYER;RODRIGUEZ;KISA;PODOLSKI;SNEIJDER;OZTEKIN;YILMAZ
Trabzonspor vs. Galatasaray - Saturday September 19 - 2015,Trabzonspor,easy,4-2-3-1,KIVRAK;CONSTANT;DOUGLAS;YUMLU;CAVANDA;MBIA;YOKUSLU;ZENGIN;MARIN;HURMACI;N'DOYE
Fenerbahce vs. Bursaspor - Sunday September 20 - 2015,Bursaspor,hard,4-2-3-1,GUNOK;BEHICH;AZIZ;NOUNKEU;ADVINCULA;HOSOGAI;FATY;TASDEMIR;JOSUE;DZSUDZSAK;NECID
Fenerbahce vs. Bursaspor - Sunday September 20 - 2015,Fenerbahce,easy,4-3-3,DEMIREL;KALDIRIM;KADLEC;ALVES;OZBAYRAKLI;TUFAN;TOPAL;MEIRELES;NANI;FERNANDAO;MARKOVIC
Gaziantepspor vs. Kayserispor - Sunday September 20 - 2015,Gaziantepspor,hard,4-4-2,KARCEMARSKAS;MARCAL;SUME;VRANJES;YARDIMCI;CINAR;SEN;ABUDA;LARSSON;DEMIR;CHIBUIKE
Gaziantepspor vs. Kayserispor - Sunday September 20 - 2015,Kayserispor,hard,4-2-3-1,ARIKAN;AKBAS;MABIALA;SIMIC;YAVRU;SOW;DAGASAN;BISESWAR;OZCAL;BAYRAM;DERLEY
Genclerbirligi vs. Besiktas - Monday September 21 - 2015,Besiktas,easy,4-2-3-1,ZENGIN;TOSIC;GULUM;RHODOLFO;BECK;HUTCHINSON;SOSA;SAHAN;QUARESMA;TORE;GOMEZ
Genclerbirligi vs. Besiktas - Monday September 21 - 2015,Genclerbirligi,hard,4-2-3-1,HOPF;CIFTCI;CALIK;KULUSIC;OGUZ;SKULASON;KAYA;STANCU;KAHVECI;DJALMA;EL KABIR
Akhisar Belediyespor vs. Genclerbirligi - Saturday September 26 - 2015,Akhisar Belediyespor,hard,4-4-2,LUKAC;KELES;DOUGLAO;OSMANPASA;CEBE;CELIK;CUSTODIO;YUCE;VURAL;RODALLEGA;LUALUA
Akhisar Belediyespor vs. Genclerbirligi - Saturday September 26 - 2015,Genclerbirligi,hard,4-2-3-1,KAPLAN;CIFTCI;CALIK;KULUSIC;OGUZ;SKULASON;KAYA;STANCU;KAHVECI;DJALMA;EL KABIR
Galatasaray vs. Gaziantepspor - Saturday September 26 - 2015,Galatasaray,easy,4-2-3-1,MUSLERA;CAROLE;BALTA;KAYA;DENAYER;RODRIGUEZ;KISA;PODOLSKI;SNEIJDER;OZTEKIN;BULUT
Galatasaray vs. Gaziantepspor - Saturday September 26 - 2015,Gaziantepspor,hard,4-4-2,KARCEMARSKAS;SEDEF;SUME;VRANJES;YARDIMCI;CINAR;SEN;ABUDA;LARSSON;DEMIR;CHIBUIKE
Osmanlispor Fk vs. Trabzonspor - Saturday September 26 - 2015,Osmanlispor Fk,hard,4-2-3-1,SAHIN;BAYIR;DEMIROK;SORO;ASLANTAS;GUVEN;CAGIRAN;KILICASLAN;NDIAYE;TORJE;WEBO
Osmanlispor Fk vs. Trabzonspor - Saturday September 26 - 2015,Trabzonspor,easy,4-2-3-1,KIVRAK;ULUDAG;DOUGLAS;YUMLU;CAVANDA;MBIA;EKICI;ERDOGAN;MARIN;ZENGIN;CARDOZO
Antalyaspor vs. Sivasspor - Sunday September 27 - 2015,Antalyaspor,hard,4-4-2,FORNEZZI;KVESIC;DIEGO ANGELO;ARAT;CELUSTKA;LAZAREVIC;BEKMEZCI;YILDIRIM;BASSAN;ETO'O;GUILHERME
Antalyaspor vs. Sivasspor - Sunday September 27 - 2015,Sivasspor,hard,4-2-3-1,SETKUS;ERDAL;KURT;OZTURK;BOYE;KONE;KOCAK;KAS;CHAHECHOUHE;ESER;BARRALES
Besiktas vs. Fenerbahce - Sunday September 27 - 2015,Besiktas,easy,4-2-3-1,ZENGIN;TOSIC;GULUM;RHODOLFO;BECK;HUTCHINSON;OZYAKUP;SAHAN;SOSA;TORE;GOMEZ
Besiktas vs. Fenerbahce - Sunday September 27 - 2015,Fenerbahce,easy,4-3-3,DEMIREL;ERKIN;ALVES;KJAER;OZBAYRAKLI;TUFAN;TOPAL;MEIRELES;NANI;FERNANDAO;MARKOVIC
Konyaspor vs. Mersin Idmanyurdu - Sunday September 27 - 2015,Konyaspor,hard,4-4-2,KIRINTILI;USLU;VUKOVIC;TURAN;SAHINER;MEHA;CAMDALI;HOLMEN;SISSOKO;RANGELOV;TRAORE
Konyaspor vs. Mersin Idmanyurdu - Sunday September 27 - 2015,Mersin Idmanyurdu,hard,4-3-3,YILDIRIM;WEDERSON;MITROVIC;CETIN;BALCI;CEYLAN;SADIKU;KHALILI;NAKOULMA;WELLITON;VAROL
Bursaspor vs. Eskisehirspor - Monday September 28 - 2015,Bursaspor,hard,4-2-3-1,GUNOK;BEHICH;AZIZ;NOUNKEU;ADVINCULA;FATY;JORQUERA;STOCH;JOSUE;DZSUDZSAK;NECID
Bursaspor vs. Eskisehirspor - Monday September 28 - 2015,Eskisehirspor,hard,4-2-3-1,BOFFIN;CEK;KARAER;COSKUN;PARLAK;TOKO;DEFEDERICO;BEKDEMIR;BEN KHALIFA;KANAK;GEKAS
Kasimpasa vs. Rizespor - Monday September 28 - 2015,Kasimpasa,hard,4-2-3-1,ISAKSSON;VEIGNEAU;TITI;OMERUO;KARTAL;DONK;CASTRO;DEL VALLE;SCARIONE;TORUN;BUYUK
Kasimpasa vs. Rizespor - Monday September 28 - 2015,Rizespor,hard,4-4-2,ITANDJE;ALBAYRAK;OBOABONA;VIERA;YALCIN;ISMAIL;ALTINAY;MAKIADI;OZEK;KWEUKE;KADAH
Kayserispor vs. Basaksehir - Monday September 28 - 2015,Basaksehir,hard,4-2-3-1,BABACAN;ERDEM;AYHAN;IRTEGUN;ALKILIC;BADJI;TEKDEMIR;SAHIN;MARCIO MOSSORO;VISCA;BATDAL
Kayserispor vs. Basaksehir - Monday September 28 - 2015,Kayserispor,hard,4-2-3-1,ARIKAN;AKBAS;MABIALA;SIMIC;YAVRU;SOW;OZCAL;BAYRAM;BISESWAR;TURUC;DERLEY
Sivasspor vs. Mersin Idmanyurdu - Friday October 2 - 2015,Mersin Idmanyurdu,hard,4-3-3,YILDIRIM;WEDERSON;MITROVIC;CETIN;BALCI;CEYLAN;SADIKU;KHALILI;NAKOULMA;WELLITON;VAROL
Sivasspor vs. Mersin Idmanyurdu - Friday October 2 - 2015,Sivasspor,hard,4-2-3-1,SETKUS;ERDAL;BOYE;OZTURK;CICINHO;KONE;KOCAK;KAS;CHAHECHOUHE;ESER;BARRALES
Trabzonspor vs. Konyaspor - Friday October 2 - 2015,Konyaspor,hard,4-4-2,KIRINTILI;USLU;VUKOVIC;TURAN;SAHINER;MEHA;CAMDALI;HOLMEN;TRAORE;RANGELOV;BAJIC
Trabzonspor vs. Konyaspor - Friday October 2 - 2015,Trabzonspor,easy,4-2-3-1,ALVARADO;CONSTANT;DOUGLAS;YUMLU;CAVANDA;MEDJANI;YOKUSLU;ZENGIN;MARIN;ERDOGAN;N'DOYE
Basaksehir vs. Galatasaray - Saturday October 3 - 2015,Basaksehir,hard,4-3-3,BABACAN;OZTORUN;AYHAN;IRTEGUN;ALKILIC;BADJI;TEKDEMIR;BELOZOGLU;VISCA;BATDAL;SAHIN
Basaksehir vs. Galatasaray - Saturday October 3 - 2015,Galatasaray,easy,4-2-3-1,MUSLERA;CAROLE;BALTA;CHEDJOU;DENAYER;INAN;KISA;PODOLSKI;SNEIJDER;OZTEKIN;GUMUS
Gaziantepspor vs. Osmanlispor Fk - Saturday October 3 - 2015,Gaziantepspor,hard,4-4-2,KARCEMARSKAS;SEDEF;SUME;VRANJES;YARDIMCI;PUTILO;SEN;ABUDA;LARSSON;DEMIR;CHIBUIKE
Gaziantepspor vs. Osmanlispor Fk - Saturday October 3 - 2015,Osmanlispor Fk,hard,4-2-3-1,SAHIN;BAYIR;DEMIROK;SORO;ASLANTAS;SETO;GUVEN;KILICASLAN;NDIAYE;TORJE;DELIKTAS
Genclerbirligi vs. Kayserispor - Saturday October 3 - 2015,Genclerbirligi,hard,4-2-3-1,HOPF;LATOVLEVICI;CALIK;KULUSIC;OGUZ;DIMITRIADIS;KAYA;STANCU;KAHVECI;TOMIC;EL KABIR
Genclerbirligi vs. Kayserispor - Saturday October 3 - 2015,Kayserispor,hard,4-2-3-1,ARIKAN;AKBAS;MABIALA;SIMIC;YAVRU;MIJAILOVIC;SOW;BAYRAM;OZCAL;CAGLAYAN;AIYEGBENI
Antalyaspor vs. Kasimpasa - Sunday October 4 - 2015,Antalyaspor,hard,4-3-3,FORNEZZI;AYTAC;DIEGO ANGELO;GOR;CELUSTKA;YILDIRIM;BEKMEZCI;MAKOUN;LAZAREVIC;ETO'O;BASSAN
Antalyaspor vs. Kasimpasa - Sunday October 4 - 2015,Kasimpasa,hard,4-2-3-1,ISAKSSON;VEIGNEAU;BOZHIKOV;TITI;KARTAL;DONK;CASTRO;DEL VALLE;SCARIONE;TORUN;BUYUK
Eskisehirspor vs. Besiktas - Sunday October 4 - 2015,Besiktas,easy,4-2-3-1,ZENGIN;TOSIC;GULUM;RHODOLFO;BECK;HUTCHINSON;OZYAKUP;QUARESMA;SOSA;TORE;GOMEZ
Eskisehirspor vs. Besiktas - Sunday October 4 - 2015,Eskisehirspor,hard,4-2-3-1,BOFFIN;CEK;PARLAK;COSKUN;COREKCI;BEN KHALIFA;TOKO;DEFEDERICO;BAYRAMOGLU;BEKDEMIR;GEKAS
Fenerbahce vs. Akhisar Belediyespor - Sunday October 4 - 2015,Akhisar Belediyespor,hard,4-4-2,LUKAC;KELES;DOUGLAO;OSMANPASA;CEBE;SAMI;CUSTODIO;YUCE;VURAL;RODALLEGA;LUALUA
Fenerbahce vs. Akhisar Belediyespor - Sunday October 4 - 2015,Fenerbahce,easy,4-2-3-1,DEMIREL;ERKIN;ALVES;KJAER;OZBAYRAKLI;TOPAL;MEIRELES;NANI;DIEGO;POTUK;FERNANDAO
Rizespor vs. Bursaspor - Sunday October 4 - 2015,Bursaspor,hard,4-2-3-1,GUNOK;BEHICH;AZIZ;NOUNKEU;ADVINCULA;FATY;JORQUERA;STOCH;JOSUE;DZSUDZSAK;NECID
Rizespor vs. Bursaspor - Sunday October 4 - 2015,Rizespor,hard,4-4-2,ITANDJE;ALBAYRAK;OBOABONA;YALCIN;OVACIKLI;ISMAIL;MAKIADI;DURUER;OZEK;KWEUKE;KADAH
Bursaspor vs. Antalyaspor - Saturday October 17 - 2015,Antalyaspor,hard,4-4-2,M'BOLHI;AYTAC;DIEGO ANGELO;GOR;KANDEMIR;GUILHERME;MAKOUN;YILDIRIM;BASSAN;DIARRA;ETO'O
Bursaspor vs. Antalyaspor - Saturday October 17 - 2015,Bursaspor,hard,4-2-3-1,GUNOK;BEHICH;AZIZ;SIVOK;ADVINCULA;FATY;JORQUERA;STOCH;JOSUE;DZSUDZSAK;NECID
Galatasaray vs. Genclerbirligi - Saturday October 17 - 2015,Galatasaray,easy,4-2-3-1,MUSLERA;CAROLE;BALTA;CHEDJOU;SARIOGLU;RODRIGUEZ;INAN;SNEIJDER;KISA;PODOLSKI;BULUT
Galatasaray vs. Genclerbirligi - Saturday October 17 - 2015,Genclerbirligi,hard,4-3-3,HOPF;LATOVLEVICI;CALIK;KULUSIC;OGUZ;SPELMANN;DIMITRIADIS;KAYA;STANCU;EL KABIR;DJALMA
Konyaspor vs. Gaziantepspor - Saturday October 17 - 2015,Gaziantepspor,hard,4-4-2,KARCEMARSKAS;SEDEF;AROKOYO;SUME;ILDIZ;PUTILO;SEN;ABUDA;LARSSON;DEMIR;CHIBUIKE
Konyaspor vs. Gaziantepspor - Saturday October 17 - 2015,Konyaspor,hard,4-4-2,KIRINTILI;USLU;VUKOVIC;TURAN;SAHINER;MEHA;CAMDALI;HOLMEN;TRAORE;RANGELOV;BAJIC
Akhisar Belediyespor vs. Eskisehirspor - Sunday October 18 - 2015,Akhisar Belediyespor,hard,4-3-3,LUKAC;KELES;DOUGLAO;OSMANPASA;CEBE;N'GUEMO;YUCE;CUSTODIO;CELIK;RODALLEGA;VURAL
Akhisar Belediyespor vs. Eskisehirspor - Sunday October 18 - 2015,Eskisehirspor,hard,4-2-3-1,BOFFIN;KARAER;COSKUN;AKAMINKO;COREKCI;LAWAL;TOKO;CEK;CAUSIC;KANAK;PINTO
Besiktas vs. Rizespor - Sunday October 18 - 2015,Besiktas,easy,4-2-3-1,ZENGIN;KOYBASI;GULUM;RHODOLFO;BECK;HUTCHINSON;OZYAKUP;SAHAN;SOSA;TORE;GOMEZ
Besiktas vs. Rizespor - Sunday October 18 - 2015,Rizespor,hard,4-4-2,ITANDJE;ALBAYRAK;OBOABONA;VIERA;YALCIN;DURUER;ALTINAY;MAKIADI;OZEK;KWEUKE;KADAH
Kasimpasa vs. Sivasspor - Sunday October 18 - 2015,Kasimpasa,hard,4-2-3-1,ISAKSSON;VEIGNEAU;BOZHIKOV;TITI;SARI;DONK;CASTRO;DEL VALLE;SCARIONE;TORUN;DERDIYOK
Kasimpasa vs. Sivasspor - Sunday October 18 - 2015,Sivasspor,hard,4-3-3,SETKUS;ERDAL;KURT;BOYE;CICINHO;KOCAK;INCEDEMIR;KONE;CHAHECHOUHE;BARRALES;ESER
Kayserispor vs. Fenerbahce - Sunday October 18 - 2015,Fenerbahce,easy,4-4-2,DEMIREL;KALDIRIM;BA;KJAER;OZBAYRAKLI;NANI;SOUZA;TOPAL;MARKOVIC;FERNANDAO;VAN PERSIE
Kayserispor vs. Fenerbahce - Sunday October 18 - 2015,Kayserispor,hard,4-2-3-1,ERDOGAN;BAYRAM;AKBAS;MABIALA;YAVRU;SOW;MIJAILOVIC;TURUC;BISESWAR;CAGLAYAN;AIYEGBENI
Mersin Idmanyurdu vs. Trabzonspor - Monday October 19 - 2015,Mersin Idmanyurdu,hard,4-2-3-1,YILDIRIM;WEDERSON;CETIN;SADIKU;BALCI;CEYLAN;KHALILI;NAKOULMA;DELIBALTA;PEDRIEL;WELLITON
Mersin Idmanyurdu vs. Trabzonspor - Monday October 19 - 2015,Trabzonspor,easy,4-2-3-1,ALVARADO;CAVANDA;DOUGLAS;DEMIR;DURSUN;MBIA;MEDJANI;ERDOGAN;MARIN;HURMACI;CARDOZO
Osmanlispor Fk vs. Basaksehir - Monday October 19 - 2015,Basaksehir,hard,4-2-3-1,BABACAN;ERDEM;AYHAN;IRTEGUN;ALKILIC;TEKDEMIR;BELOZOGLU;VISCA;MARCIO MOSSORO;SAHIN;BATDAL
Osmanlispor Fk vs. Basaksehir - Monday October 19 - 2015,Osmanlispor Fk,hard,4-4-2,SAHIN;BAYIR;SORO;SZUKALA;ASLANTAS;KILICASLAN;GUVEN;NDIAYE;TORJE;DELIKTAS;RUSESCU
Eskisehirspor vs. Kayserispor - Friday October 23 - 2015,Eskisehirspor,hard,4-2-3-1,VURAL;KARAER;COSKUN;AKAMINKO;COREKCI;LAWAL;CAUSIC;CEK;BEN KHALIFA;KANAK;GEKAS
Eskisehirspor vs. Kayserispor - Friday October 23 - 2015,Kayserispor,hard,4-2-3-1,ERDOGAN;EMIR;MABIALA;SIMIC;YAVRU;SOW;OZCAL;BAYRAM;BISESWAR;TURUC;DERLEY
Rizespor vs. Akhisar Belediyespor - Friday October 23 - 2015,Akhisar Belediyespor,hard,4-3-3,LUKAC;KELES;DOUGLAO;OSMANPASA;CEBE;N'GUEMO;YUCE;CUSTODIO;SAMI;RODALLEGA;VURAL
Rizespor vs. Akhisar Belediyespor - Friday October 23 - 2015,Rizespor,hard,4-4-2,ITANDJE;ALBAYRAK;OBOABONA;VIERA;ALTINAY;OZEK;MAKIADI;DURUER;KAYA;KWEUKE;KADAH
Gaziantepspor vs. Mersin Idmanyurdu - Saturday October 24 - 2015,Gaziantepspor,hard,4-4-2,KARCEMARSKAS;MARCAL;AROKOYO;SUME;YARDIMCI;PUTILO;SEN;ABUDA;LARSSON;DEMIR;CHIBUIKE
Gaziantepspor vs. Mersin Idmanyurdu - Saturday October 24 - 2015,Mersin Idmanyurdu,hard,4-2-3-1,YILDIRIM;WEDERSON;CETIN;SADIKU;BALCI;CEYLAN;KHALILI;NAKOULMA;DELIBALTA;TOZLU;WELLITON
Genclerbirligi vs. Osmanlispor Fk - Saturday October 24 - 2015,Genclerbirligi,hard,4-2-3-1,HOPF;LATOVLEVICI;CALIK;KULUSIC;OGUZ;SKULASON;LANDEL;STANCU;KAHVECI;DJALMA;EL KABIR
Genclerbirligi vs. Osmanlispor Fk - Saturday October 24 - 2015,Osmanlispor Fk,hard,4-4-2,MORAES;PINTO;DEMIROK;SZUKALA;ASLANTAS;TORJE;GUVEN;NDIAYE;UMAR;DELIKTAS;KILICASLAN
Kasimpasa vs. Bursaspor - Saturday October 24 - 2015,Bursaspor,hard,4-2-3-1,GUNOK;TASDEMIR;AZIZ;SIVOK;ADVINCULA;FATY;YILMAZ;STOCH;JOSUE;DZSUDZSAK;NECID
Kasimpasa vs. Bursaspor - Saturday October 24 - 2015,Kasimpasa,hard,4-2-3-1,ISAKSSON;VEIGNEAU;BOZHIKOV;TITI;SARI;DONK;CASTRO;DEL VALLE;SCARIONE;TORUN;DERDIYOK
Sivasspor vs. Trabzonspor - Saturday October 24 - 2015,Sivasspor,hard,4-2-3-1,SETKUS;ERDAL;BOYE;OZTURK;CICINHO;KONE;KOCAK;ABALO;CHAHECHOUHE;ESER;ENERAMO
Sivasspor vs. Trabzonspor - Saturday October 24 - 2015,Trabzonspor,easy,3-4-2-1,ALVARADO;DOUGLAS;DEMIR;MEDJANI;ERDOGAN;MBIA;YOKUSLU;CAVANDA;ZENGIN;MARIN;YILMAZ
Basaksehir vs. Konyaspor - Sunday October 25 - 2015,Basaksehir,hard,4-2-3-1,BABACAN;ERDEM;AYHAN;IRTEGUN;ALKILIC;BADJI;TEKDEMIR;SAHIN;MARCIO MOSSORO;VISCA;BATDAL
Basaksehir vs. Konyaspor - Sunday October 25 - 2015,Konyaspor,hard,4-4-2,KIRINTILI;USLU;VUKOVIC;TURAN;SAHINER;MEHA;CAMDALI;HOLMEN;TRAORE;RANGELOV;BAJIC
Fenerbahce vs. Galatasaray - Sunday October 25 - 2015,Fenerbahce,easy,4-2-3-1,DEMIREL;ERKIN;BA;KJAER;GONUL;TOPAL;SOUZA;NANI;DIEGO;MARKOVIC;VAN PERSIE
Fenerbahce vs. Galatasaray - Sunday October 25 - 2015,Galatasaray,easy,4-2-3-1,MUSLERA;CAROLE;BALTA;CHEDJOU;SARIOGLU;INAN;KISA;OZTEKIN;SNEIJDER;PODOLSKI;BULUT
Antalyaspor vs. Besiktas - Monday October 26 - 2015,Antalyaspor,hard,4-4-2,M'BOLHI;AYTAC;DIEGO ANGELO;GOR;KANDEMIR;LAZAREVIC;MAKOUN;YILDIRIM;BASSAN;ETO'O;GUILHERME
Antalyaspor vs. Besiktas - Monday October 26 - 2015,Besiktas,easy,4-2-3-1,ZENGIN;KOYBASI;GULUM;RHODOLFO;BECK;UYSAL;HUTCHINSON;SAHAN;OZYAKUP;QUARESMA;GOMEZ
Bursaspor vs. Sivasspor - Wednesday October 28 - 2015,Bursaspor,hard,4-4-2,GUNOK;TASDEMIR;AZIZ;SIVOK;OZGENC;CUENCA;FATY;YILMAZ;DZSUDZSAK;NECID;YILDIRIM
Bursaspor vs. Sivasspor - Wednesday October 28 - 2015,Sivasspor,hard,4-2-3-1,SETKUS;ERDAL;OZTURK;INCEDEMIR;CICINHO;KONE;KOCAK;SIMSEK;CHAHECHOUHE;ESER;ENERAMO
Kayserispor vs. Rizespor - Wednesday October 28 - 2015,Kayserispor,hard,4-2-3-1,ARIKAN;EMIR;AKBAS;MABIALA;YAVRU;MIJAILOVIC;OZCAL;BAYRAM;BISESWAR;TURUC;DERLEY
Kayserispor vs. Rizespor - Wednesday October 28 - 2015,Rizespor,hard,4-4-2,ITANDJE;ALBAYRAK;OBOABONA;VIERA;OVACIKLI;TUSZYNSKI;YALCIN;MAKIADI;AKYUZ;KWEUKE;KADAH
Trabzonspor vs. Gaziantepspor - Wednesday October 28 - 2015,Gaziantepspor,hard,4-2-3-1,KARCEMARSKAS;MARCAL;AROKOYO;SUME;YARDIMCI;SEN;ABUDA;LARSSON;PUTILO;CINAR;DEMIR
Trabzonspor vs. Gaziantepspor - Wednesday October 28 - 2015,Trabzonspor,easy,4-2-3-1,ALVARADO;CONSTANT;DEMIR;DOUGLAS;DURSUN;MBIA;YOKUSLU;ZENGIN;MARIN;HURMACI;YILMAZ
Galatasaray vs. Eskisehirspor - Thursday October 29 - 2015,Eskisehirspor,hard,4-2-3-1,BOFFIN;CEK;KARAER;COSKUN;COREKCI;CAUSIC;TOKO;BEKDEMIR;BEN KHALIFA;KANAK;GEKAS
Galatasaray vs. Eskisehirspor - Thursday October 29 - 2015,Galatasaray,easy,4-2-3-1,MUSLERA;ADIN;DENAYER;KAYA;SARIOGLU;KARACAN;INAN;OZTEKIN;COLAK;PODOLSKI;YILMAZ
Mersin Idmanyurdu vs. Basaksehir - Thursday October 29 - 2015,Basaksehir,hard,4-2-3-1,BABACAN;ERDEM;AYHAN;IRTEGUN;ALKILIC;BADJI;ROTMAN;VISCA;MARCIO MOSSORO;SAHIN;BATDAL
Mersin Idmanyurdu vs. Basaksehir - Thursday October 29 - 2015,Mersin Idmanyurdu,hard,4-2-3-1,YILDIRIM;WEDERSON;CETIN;SADIKU;BALCI;CEYLAN;KHALILI;NAKOULMA;DELIBALTA;PEDRIEL;WELLITON
Osmanlispor Fk vs. Fenerbahce - Thursday October 29 - 2015,Fenerbahce,easy,4-2-3-1,DEMIREL;KALDIRIM;ALVES;KJAER;GONUL;SOUZA;TOPAL;POTUK;DIEGO;MARKOVIC;VAN PERSIE
Osmanlispor Fk vs. Fenerbahce - Thursday October 29 - 2015,Osmanlispor Fk,hard,4-2-3-1,MORAES;PINTO;DEMIROK;SZUKALA;ASLANTAS;GUVEN;CAGIRAN;KILICASLAN;NDIAYE;TORJE;UMAR
Akhisar Belediyespor vs. Antalyaspor - Friday October 30 - 2015,Akhisar Belediyespor,hard,4-3-3,LUKAC;KELES;DOUGLAO;OSMANPASA;UNLU;N'GUEMO;YUCE;CUSTODIO;SAMI;RODALLEGA;VURAL
Akhisar Belediyespor vs. Antalyaspor - Friday October 30 - 2015,Antalyaspor,hard,4-4-2,M'BOLHI;AYTAC;GOR;CELUSTKA;SIMSEK;GUILHERME;BEKMEZCI;YILDIRIM;LAZAREVIC;DIARRA;ETO'O
Besiktas vs. Kasimpasa - Friday October 30 - 2015,Besiktas,easy,4-2-3-1,ZENGIN;KOYBASI;MILOSEVIC;RHODOLFO;BECK;UYSAL;HUTCHINSON;SAHAN;OZYAKUP;QUARESMA;GOMEZ
Besiktas vs. Kasimpasa - Friday October 30 - 2015,Kasimpasa,hard,4-3-3,ISAKSSON;VEIGNEAU;TITI;OMERUO;SARI;ARSLAN;DONK;CASTRO;BUYUK;DERDIYOK;TORUN
Konyaspor vs. Genclerbirligi - Friday October 30 - 2015,Genclerbirligi,hard,4-2-3-1,HOPF;LATOVLEVICI;CALIK;KULUSIC;CIFTCI;SKULASON;LANDEL;STANCU;KAHVECI;DJALMA;EL KABIR
Konyaspor vs. Genclerbirligi - Friday October 30 - 2015,Konyaspor,hard,4-4-2,KIRINTILI;USLU;VUKOVIC;TURAN;SAHINER;MEHA;CAMDALI;HOLMEN;TRAORE;RANGELOV;SISMANOGLU
Eskisehirspor vs. Osmanlispor Fk - Friday November 6 - 2015,Eskisehirspor,hard,4-2-3-1,BOFFIN;CEK;KARAER;COSKUN;COREKCI;LAWAL;DEFEDERICO;BEKDEMIR;BEN KHALIFA;KANAK;GEKAS
Eskisehirspor vs. Osmanlispor Fk - Friday November 6 - 2015,Osmanlispor Fk,hard,4-2-3-1,MORAES;PINTO;DEMIROK;SZUKALA;VRSAJEVIC;GUVEN;CAGIRAN;KILICASLAN;NDIAYE;UMAR;DELIKTAS
Genclerbirligi vs. Mersin Idmanyurdu - Friday November 6 - 2015,Genclerbirligi,hard,4-2-3-1,HOPF;LATOVLEVICI;CALIK;KULUSIC;OGUZ;SKULASON;LANDEL;STANCU;KAHVECI;DJALMA;EL KABIR
Genclerbirligi vs. Mersin Idmanyurdu - Friday November 6 - 2015,Mersin Idmanyurdu,hard,4-2-3-1,YILDIRIM;KAYA;CETIN;SADIKU;BALCI;CEYLAN;KHALILI;NAKOULMA;DELIBALTA;PEDRIEL;WELLITON
Antalyaspor vs. Kayserispor - Saturday November 7 - 2015,Antalyaspor,hard,4-3-3,M'BOLHI;AYTAC;DIEGO ANGELO;CELUSTKA;KANDEMIR;BADUR;MAKOUN;YILDIRIM;IPEK;ETO'O;DIARRA
Antalyaspor vs. Kayserispor - Saturday November 7 - 2015,Kayserispor,hard,4-2-3-1,ERDOGAN;EMIR;AKBAS;MABIALA;YAVRU;SOW;OZCAL;BAYRAM;BISESWAR;TURUC;DERLEY
Basaksehir vs. Trabzonspor - Saturday November 7 - 2015,Basaksehir,hard,4-2-3-1,BABACAN;ERDEM;AYHAN;IRTEGUN;UCAR;BADJI;TEKDEMIR;DOKA MADUREIRA;MARCIO MOSSORO;VISCA;BATDAL
Basaksehir vs. Trabzonspor - Saturday November 7 - 2015,Trabzonspor,easy,4-2-3-1,KIVRAK;CONSTANT;DEMIR;DOUGLAS;CAVANDA;MBIA;YOKUSLU;ZENGIN;EKICI;HURMACI;CARDOZO
Kasimpasa vs. Akhisar Belediyespor - Saturday November 7 - 2015,Akhisar Belediyespor,hard,4-4-2,LUKAC;KELES;KONUK;OSMANPASA;CEBE;SAMI;YUCE;N'GUEMO;VURAL;RODALLEGA;BRUNO MEZENGA
Kasimpasa vs. Akhisar Belediyespor - Saturday November 7 - 2015,Kasimpasa,hard,4-2-3-1,KOSE;VEIGNEAU;BOZHIKOV;TITI;KARTAL;DONK;CASTRO;BUYUK;SCARIONE;TORUN;DERDIYOK
Rizespor vs. Galatasaray - Saturday November 7 - 2015,Galatasaray,easy,4-4-2,MUSLERA;ADIN;BALTA;CHEDJOU;SARIOGLU;OZTEKIN;INAN;SNEIJDER;PODOLSKI;YILMAZ;BULUT
Rizespor vs. Galatasaray - Saturday November 7 - 2015,Rizespor,hard,4-4-2,ITANDJE;ALBAYRAK;OBOABONA;VIERA;OVACIKLI;OZEK;ALTINAY;YALCIN;AKYUZ;KWEUKE;CHEVALIER
Bursaspor vs. Besiktas - Sunday November 8 - 2015,Besiktas,easy,4-2-3-1,ZENGIN;KOYBASI;GULUM;RHODOLFO;BECK;HUTCHINSON;OZYAKUP;QUARESMA;SOSA;TORE;GOMEZ
Bursaspor vs. Besiktas - Sunday November 8 - 2015,Bursaspor,hard,4-2-3-1,GUNOK;TASDEMIR;AZIZ;NOUNKEU;ADVINCULA;HOSOGAI;YILMAZ;CUENCA;JOSUE;DZSUDZSAK;NECID
Fenerbahce vs. Konyaspor - Sunday November 8 - 2015,Fenerbahce,easy,4-2-3-1,DEMIREL;KALDIRIM;ALVES;KJAER;GONUL;SOUZA;TOPAL;POTUK;DIEGO;VAN PERSIE;FERNANDAO
Fenerbahce vs. Konyaspor - Sunday November 8 - 2015,Konyaspor,hard,4-2-3-1,KIRINTILI;USLU;VUKOVIC;TURAN;SAHINER;CAMDALI;INCEMAN;MEHA;HOLMEN;TRAORE;SISMANOGLU
Sivasspor vs. Gaziantepspor - Sunday November 8 - 2015,Gaziantepspor,hard,4-2-3-1,KARCEMARSKAS;MARCAL;SUME;VRANJES;YARDIMCI;SEN;ABUDA;CINAR;PUTILO;LARSSON;DEMIR
Sivasspor vs. Gaziantepspor - Sunday November 8 - 2015,Sivasspor,hard,4-2-3-1,SETKUS;ERDAL;BOYE;OZTURK;CICINHO;KONE;KOCAK;SIMSEK;CHAHECHOUHE;ESER;ENERAMO
Akhisar Belediyespor vs. Bursaspor - Saturday November 21 - 2015,Akhisar Belediyespor,hard,4-3-3,LUKAC;KELES;DOUGLAO;OSMANPASA;CEBE;CUSTODIO;YUCE;N'GUEMO;SAMI;RODALLEGA;VURAL
Akhisar Belediyespor vs. Bursaspor - Saturday November 21 - 2015,Bursaspor,hard,4-2-3-1,GUNOK;TASDEMIR;SIVOK;CINAZ;OZGENC;HOSOGAI;YILMAZ;CUENCA;JOSUE;DZSUDZSAK;NECID
Galatasaray vs. Antalyaspor - Saturday November 21 - 2015,Antalyaspor,hard,4-4-2,FORNEZZI;AYTAC;DIEGO ANGELO;CELUSTKA;KANDEMIR;OZKAN;BADUR;YILDIRIM;DIARRA;ETO'O;GUILHERME
Galatasaray vs. Antalyaspor - Saturday November 21 - 2015,Galatasaray,easy,4-2-3-1,MUSLERA;ADIN;BALTA;KAYA;DENAYER;RODRIGUEZ;INAN;OZTEKIN;SNEIJDER;PODOLSKI;YILMAZ
Kayserispor vs. Kasimpasa - Saturday November 21 - 2015,Kasimpasa,hard,4-2-3-1,KOSE;VEIGNEAU;BOZHIKOV;TITI;KARTAL;DONK;CASTRO;BUYUK;SCARIONE;TORUN;DERDIYOK
Kayserispor vs. Kasimpasa - Saturday November 21 - 2015,Kayserispor,hard,4-2-3-1,ERDOGAN;EMIR;AKBAS;MABIALA;YAVRU;SOW;MIJAILOVIC;BAYRAM;OZCAL;BISESWAR;DERLEY
Mersin Idmanyurdu vs. Fenerbahce - Saturday November 21 - 2015,Fenerbahce,easy,4-2-3-1,DEMIREL;KALDIRIM;ALVES;KJAER;GONUL;TOPAL;SOUZA;POTUK;DIEGO;NANI;VAN PERSIE
Mersin Idmanyurdu vs. Fenerbahce - Saturday November 21 - 2015,Mersin Idmanyurdu,hard,4-2-3-1,YILDIRIM;KAYA;MITROVIC;CETIN;BALCI;SADIKU;KHALILI;TOZLU;DELIBALTA;VAROL;PEDRIEL
Besiktas vs. Sivasspor - Sunday November 22 - 2015,Besiktas,easy,4-2-3-1,ZENGIN;KOYBASI;GULUM;RHODOLFO;BECK;HUTCHINSON;OZYAKUP;SAHAN;SOSA;QUARESMA;GOMEZ
Besiktas vs. Sivasspor - Sunday November 22 - 2015,Sivasspor,hard,4-2-3-1,SETKUS;ERDAL;OZTURK;INCEDEMIR;CICINHO;OZMERT;KOCAK;CHAHECHOUHE;TAOUIL;ESER;ENERAMO
Konyaspor vs. Eskisehirspor - Sunday November 22 - 2015,Eskisehirspor,hard,4-2-3-1,BOFFIN;KARAER;PARLAK;AKAMINKO;TOKO;COREKCI;COSKUN;BEKDEMIR;CAUSIC;DEFEDERICO;GURAL
Konyaspor vs. Eskisehirspor - Sunday November 22 - 2015,Konyaspor,hard,4-4-2,KIRINTILI;BARDAKCI;VUKOVIC;TURAN;SAHINER;MEHA;CAMDALI;HOLMEN;SISSOKO;SISMANOGLU;TRAORE
Osmanlispor Fk vs. Rizespor - Sunday November 22 - 2015,Osmanlispor Fk,hard,4-2-3-1,MORAES;PINTO;DEMIROK;SZUKALA;VRSAJEVIC;GUVEN;CAGIRAN;KILICASLAN;NDIAYE;UMAR;DELIKTAS
Osmanlispor Fk vs. Rizespor - Sunday November 22 - 2015,Rizespor,hard,4-4-2,ITANDJE;DURUER;ERSOY;YALCIN;OVACIKLI;OZEK;ALTINAY;MAKIADI;AKYUZ;KWEUKE;CHEVALIER
Trabzonspor vs. Genclerbirligi - Sunday November 22 - 2015,Genclerbirligi,hard,4-2-3-1,HOPF;LATOVLEVICI;CALIK;KULUSIC;OGUZ;SKULASON;LANDEL;STANCU;KAHVECI;TOMIC;TOSUN
Trabzonspor vs. Genclerbirligi - Sunday November 22 - 2015,Trabzonspor,easy,4-2-3-1,KIVRAK;ULUDAG;DEMIR;YUMLU;CAVANDA;MBIA;YOKUSLU;HURMACI;MARIN;YILMAZ;N'DOYE
Gaziantepspor vs. Basaksehir - Monday November 23 - 2015,Basaksehir,hard,4-2-3-1,BABACAN;ERDEM;AYHAN;IRTEGUN;UCAR;TEKDEMIR;BELOZOGLU;DOKA MADUREIRA;MARCIO MOSSORO;VISCA;CIKALLESHI
Gaziantepspor vs. Basaksehir - Monday November 23 - 2015,Gaziantepspor,hard,4-4-2,KARCEMARSKAS;MARCAL;SUME;VRANJES;YARDIMCI;LARSSON;ABUDA;KAYALI;DURAK;DEMIR;CHIBUIKE
Antalyaspor vs. Osmanlispor Fk - Friday November 27 - 2015,Antalyaspor,hard,4-4-2,FORNEZZI;AYTAC;DIEGO ANGELO;CELUSTKA;SIMSEK;LAZAREVIC;BADUR;YILDIRIM;ETAME;DIARRA;ETO'O
Antalyaspor vs. Osmanlispor Fk - Friday November 27 - 2015,Osmanlispor Fk,hard,4-2-3-1,CANBAZOGLU;PINTO;CURUKSU;DEMIROK;VRSAJEVIC;GUVEN;CAGIRAN;TORJE;NDIAYE;UMAR;DELIKTAS
Bursaspor vs. Kayserispor - Friday November 27 - 2015,Bursaspor,hard,4-2-3-1,TEKIN;TASDEMIR;AZIZ;NOUNKEU;ADVINCULA;HOSOGAI;YILMAZ;STOCH;JOSUE;DZSUDZSAK;NECID
Bursaspor vs. Kayserispor - Friday November 27 - 2015,Kayserispor,hard,4-2-3-1,ERDOGAN;BAYRAM;AKBAS;MABIALA;YAVRU;SOW;MIJAILOVIC;BISESWAR;OZCAL;CAGLAYAN;DERLEY
Rizespor vs. Konyaspor - Friday November 27 - 2015,Konyaspor,hard,4-2-3-1,KIRINTILI;USLU;VUKOVIC;TURAN;SAHINER;CAMDALI;INCEMAN;TRAORE;HOLMEN;SISSOKO;RANGELOV
Rizespor vs. Konyaspor - Friday November 27 - 2015,Rizespor,hard,4-4-2,ITANDJE;ALBAYRAK;ERSOY;OBOABONA;OVACIKLI;OZEK;ALTINAY;MAKIADI;AKYUZ;KWEUKE;CHEVALIER
Eskisehirspor vs. Mersin Idmanyurdu - Saturday November 28 - 2015,Eskisehirspor,hard,4-2-3-1,BOFFIN;KARAER;COSKUN;PARLAK;TOKO;COREKCI;LAWAL;BEKDEMIR;CAUSIC;GURAL;PINTO
Eskisehirspor vs. Mersin Idmanyurdu - Saturday November 28 - 2015,Mersin Idmanyurdu,hard,4-2-3-1,YILDIRIM;WEDERSON;MITROVIC;CETIN;BALCI;CEYLAN;KHALILI;NAKOULMA;DELIBALTA;PEDRIEL;KALOGLU
Sivasspor vs. Basaksehir - Saturday November 28 - 2015,Basaksehir,hard,4-2-3-1,BABACAN;ERDEM;AYHAN;IRTEGUN;UCAR;BADJI;TEKDEMIR;DOKA MADUREIRA;MARCIO MOSSORO;VISCA;BATDAL
Sivasspor vs. Basaksehir - Saturday November 28 - 2015,Sivasspor,hard,4-2-3-1,SETKUS;ERDAL;BOYE;OZTURK;CICINHO;KURTULUS;KOCAK;SIMSEK;CHAHECHOUHE;ESER;ENERAMO
Besiktas vs. Akhisar Belediyespor - Sunday November 29 - 2015,Akhisar Belediyespor,hard,4-3-3,LUKAC;KELES;DOUGLAO;OSMANPASA;CEBE;N'GUEMO;YUCE;CUSTODIO;SAMI;RODALLEGA;VURAL
Besiktas vs. Akhisar Belediyespor - Sunday November 29 - 2015,Besiktas,easy,4-2-3-1,ZENGIN;KOYBASI;TOSIC;RHODOLFO;BECK;HUTCHINSON;OZYAKUP;SAHAN;SOSA;QUARESMA;GOMEZ
Genclerbirligi vs. Gaziantepspor - Sunday November 29 - 2015,Gaziantepspor,hard,4-4-2,KARCEMARSKAS;MARCAL;AROKOYO;SUME;YARDIMCI;LARSSON;SEN;KAYALI;DURAK;DEMIR;CHIBUIKE
Genclerbirligi vs. Gaziantepspor - Sunday November 29 - 2015,Genclerbirligi,hard,4-2-3-1,HOPF;CIFTCI;CALIK;KULUSIC;OGUZ;SPELMANN;KAYA;STANCU;LANDEL;DJALMA;EL KABIR
Kasimpasa vs. Galatasaray - Sunday November 29 - 2015,Galatasaray,easy,4-2-3-1,MUSLERA;BALTA;CHEDJOU;KAYA;SARIOGLU;INAN;COLAK;OZTEKIN;SNEIJDER;PODOLSKI;YILMAZ
Kasimpasa vs. Galatasaray - Sunday November 29 - 2015,Kasimpasa,hard,4-2-3-1,KOSE;VEIGNEAU;TITI;OMERUO;KARTAL;DONK;CASTRO;BUYUK;ARSLAN;TORUN;DERDIYOK
Fenerbahce vs. Trabzonspor - Monday November 30 - 2015,Fenerbahce,easy,4-2-3-1,DEMIREL;KALDIRIM;ALVES;KJAER;GONUL;TOPAL;SOUZA;POTUK;DIEGO;NANI;VAN PERSIE
Fenerbahce vs. Trabzonspor - Monday November 30 - 2015,Trabzonspor,easy,4-2-3-1,KIVRAK;ULUDAG;DEMIR;YUMLU;CAVANDA;MBIA;YOKUSLU;ZENGIN;EKICI;HURMACI;N'DOYE
Galatasaray vs. Bursaspor - Friday December 4 - 2015,Bursaspor,hard,4-2-3-1,GUNOK;BEHICH;AZIZ;NOUNKEU;OZGENC;YILMAZ;TRAORE;TASDEMIR;JOSUE;DZSUDZSAK;NECID
Galatasaray vs. Bursaspor - Friday December 4 - 2015,Galatasaray,easy,4-2-3-1,MUSLERA;BALTA;CHEDJOU;KAYA;SARIOGLU;RODRIGUEZ;INAN;OZTEKIN;SNEIJDER;PODOLSKI;YILMAZ
Kayserispor vs. Besiktas - Saturday December 5 - 2015,Besiktas,easy,4-2-3-1,ZENGIN;KOYBASI;TOSIC;RHODOLFO;BECK;UYSAL;HUTCHINSON;SAHAN;SOSA;TORE;GOMEZ
Kayserispor vs. Besiktas - Saturday December 5 - 2015,Kayserispor,hard,4-2-3-1,ERDOGAN;BAYRAM;AKBAS;MABIALA;YAVRU;SOW;OZCAL;CAGLAYAN;BISESWAR;TURUC;DERLEY
Konyaspor vs. Antalyaspor - Saturday December 5 - 2015,Antalyaspor,hard,4-3-3,FORNEZZI;AYTAC;DIEGO ANGELO;CELUSTKA;SIMSEK;BADUR;CHICO;YILDIRIM;LAZAREVIC;ETO'O;BASSAN
Konyaspor vs. Antalyaspor - Saturday December 5 - 2015,Konyaspor,hard,4-4-2,KIRINTILI;BARDAKCI;VUKOVIC;TURAN;SAHINER;MEHA;CAMDALI;HOLMEN;MARC KIBONG MBAMBA;RANGELOV;BAJIC
Osmanlispor Fk vs. Kasimpasa - Saturday December 5 - 2015,Kasimpasa,hard,4-2-3-1,KOSE;VEIGNEAU;TITI;OMERUO;SARI;DONK;CASTRO;BUYUK;SCARIONE;TORUN;DERDIYOK
Osmanlispor Fk vs. Kasimpasa - Saturday December 5 - 2015,Osmanlispor Fk,hard,4-2-3-1,SAHIN;OZER;CURUKSU;DEMIROK;VRSAJEVIC;GUVEN;CAGIRAN;TORJE;NDIAYE;UMAR;DELIKTAS
Basaksehir vs. Genclerbirligi - Sunday December 6 - 2015,Basaksehir,hard,4-2-3-1,BABACAN;ERDEM;AYHAN;IRTEGUN;UCAR;BADJI;TEKDEMIR;DOKA MADUREIRA;MARCIO MOSSORO;VISCA;CIKALLESHI
Basaksehir vs. Genclerbirligi - Sunday December 6 - 2015,Genclerbirligi,hard,4-2-3-1,HOPF;CIFTCI;CALIK;KULUSIC;OGUZ;SKULASON;SPELMANN;STANCU;LANDEL;DJALMA;EL KABIR
Gaziantepspor vs. Fenerbahce - Sunday December 6 - 2015,Fenerbahce,easy,4-2-3-1,DEMIREL;KALDIRIM;ALVES;KJAER;GONUL;SOUZA;TOPAL;POTUK;DIEGO;NANI;FERNANDAO
Gaziantepspor vs. Fenerbahce - Sunday December 6 - 2015,Gaziantepspor,hard,4-4-2,KARCEMARSKAS;MARCAL;AROKOYO;SUME;YARDIMCI;LARSSON;SEN;DURAK;CAMARA;DEMIR;CHIBUIKE
Mersin Idmanyurdu vs. Rizespor - Sunday December 6 - 2015,Mersin Idmanyurdu,hard,4-2-3-1,YILDIRIM;WEDERSON;CETIN;SADIKU;VAROL;BALCI;KHALILI;NAKOULMA;DELIBALTA;PEDRIEL;WELLITON
Mersin Idmanyurdu vs. Rizespor - Sunday December 6 - 2015,Rizespor,hard,4-4-2,ITANDJE;DURUER;ERSOY;OBOABONA;OVACIKLI;TUSZYNSKI;ALTINAY;MAKIADI;AKYUZ;KWEUKE;KADAH
Akhisar Belediyespor vs. Sivasspor - Monday December 7 - 2015,Akhisar Belediyespor,hard,4-3-3,LUKAC;KELES;DOUGLAO;OSMANPASA;CEBE;CUSTODIO;YUCE;N'GUEMO;SAMI;RODALLEGA;VURAL
Akhisar Belediyespor vs. Sivasspor - Monday December 7 - 2015,Sivasspor,hard,4-2-3-1,SETKUS;ERDAL;BOYE;OZTURK;CICINHO;KONE;KOCAK;KAS;CHAHECHOUHE;ESER;SIMSEK
Trabzonspor vs. Eskisehirspor - Monday December 7 - 2015,Eskisehirspor,hard,4-2-3-1,BOFFIN;KARAER;COSKUN;GUNGOR;TOKO;COREKCI;OZTURK;BEKDEMIR;CAUSIC;YILDIRIM;GURAL
Trabzonspor vs. Eskisehirspor - Monday December 7 - 2015,Trabzonspor,easy,4-2-3-1,KIVRAK;DEMIR;DOUGLAS;YUMLU;CAVANDA;KARA;YOKUSLU;ERDOGAN;EKICI;MBIA;CARDOZO
Bursaspor vs. Osmanlispor Fk - Friday December 11 - 2015,Bursaspor,hard,4-2-3-1,GUNOK;BEHICH;AZIZ;NOUNKEU;ADVINCULA;YILMAZ;TRAORE;TASDEMIR;JOSUE;DZSUDZSAK;DE SUTTER
Bursaspor vs. Osmanlispor Fk - Friday December 11 - 2015,Osmanlispor Fk,hard,4-2-3-1,SAHIN;OZER;CURUKSU;DEMIROK;VRSAJEVIC;GUVEN;CAGIRAN;TORJE;NDIAYE;UMAR;RUSESCU
Antalyaspor vs. Mersin Idmanyurdu - Saturday December 12 - 2015,Antalyaspor,hard,4-3-3,FORNEZZI;AYTAC;GOR;CELUSTKA;SIMSEK;BADUR;CHICO;MAKOUN;AKBABA;ETO'O;GUILHERME
Antalyaspor vs. Mersin Idmanyurdu - Saturday December 12 - 2015,Mersin Idmanyurdu,hard,4-2-3-1,YILDIRIM;WEDERSON;MITROVIC;CETIN;VAROL;SADIKU;BALCI;NAKOULMA;DELIBALTA;PEDRIEL;WELLITON
Eskisehirspor vs. Gaziantepspor - Saturday December 12 - 2015,Eskisehirspor,hard,4-2-3-1,BOFFIN;CEK;COSKUN;PARLAK;COREKCI;OZTURK;LAWAL;BEKDEMIR;CAUSIC;GURAL;PINTO
Eskisehirspor vs. Gaziantepspor - Saturday December 12 - 2015,Gaziantepspor,hard,4-4-2,KARCEMARSKAS;MARCAL;AROKOYO;SUME;YARDIMCI;CAMARA;SEN;DURAK;CINAR;DEMIR;CHIBUIKE
Kasimpasa vs. Konyaspor - Saturday December 12 - 2015,Kasimpasa,hard,4-2-3-1,KOSE;VEIGNEAU;TITI;BOZHIKOV;SARI;DONK;CASTRO;BUYUK;SCARIONE;TORUN;DERDIYOK
Kasimpasa vs. Konyaspor - Saturday December 12 - 2015,Konyaspor,hard,4-4-2,KIRINTILI;BARDAKCI;VUKOVIC;AY;SAHINER;MARC KIBONG MBAMBA;FINDIKLI;HOLMEN;TRAORE;RANGELOV;BAJIC
Rizespor vs. Trabzonspor - Saturday December 12 - 2015,Rizespor,hard,4-4-2,ITANDJE;DURUER;ERSOY;OBOABONA;OVACIKLI;OZEK;ALTINAY;YALCIN;KAYA;KWEUKE;KADAH
Rizespor vs. Trabzonspor - Saturday December 12 - 2015,Trabzonspor,easy,4-2-3-1,KIVRAK;ULUDAG;DOUGLAS;YUMLU;DURSUN;KARA;MBIA;ERDOGAN;EKICI;HURMACI;CARDOZO
Fenerbahce vs. Basaksehir - Sunday December 13 - 2015,Basaksehir,hard,4-2-3-1,BABACAN;ERDEM;TEKDEMIR;AYHAN;UCAR;BADJI;BELOZOGLU;DOKA MADUREIRA;MARCIO MOSSORO;VISCA;BATDAL
Fenerbahce vs. Basaksehir - Sunday December 13 - 2015,Fenerbahce,easy,4-2-3-1,DEMIREL;ERKIN;ALVES;KJAER;GONUL;SOUZA;TOPAL;POTUK;TUFAN;NANI;FERNANDAO
Genclerbirligi vs. Sivasspor - Sunday December 13 - 2015,Genclerbirligi,hard,4-2-3-1,HOPF;CIFTCI;CALIK;KULUSIC;SKULASON;SPELMANN;KAYA;STANCU;KAHVECI;DJALMA;EL KABIR
Genclerbirligi vs. Sivasspor - Sunday December 13 - 2015,Sivasspor,hard,4-2-3-1,SETKUS;KAS;BOYE;OZTURK;CICINHO;INCEDEMIR;KONE;SIMSEK;CHAHECHOUHE;ESER;ENERAMO
Kayserispor vs. Akhisar Belediyespor - Sunday December 13 - 2015,Akhisar Belediyespor,hard,4-3-3,LUKAC;KELES;DOUGLAO;OSMANPASA;CEBE;CUSTODIO;YUCE;N'GUEMO;SAMI;RODALLEGA;VURAL
Kayserispor vs. Akhisar Belediyespor - Sunday December 13 - 2015,Kayserispor,hard,4-2-3-1,ERDOGAN;BAYRAM;AKBAS;MABIALA;YAVRU;SOW;OZCAL;BISESWAR;LOPES;TURUC;DERLEY
Besiktas vs. Galatasaray - Monday December 14 - 2015,Besiktas,easy,4-2-3-1,GUVENC;KOYBASI;GULUM;RHODOLFO;BECK;HUTCHINSON;OZYAKUP;QUARESMA;SOSA;SAHAN;GOMEZ
Besiktas vs. Galatasaray - Monday December 14 - 2015,Galatasaray,easy,4-2-3-1,MUSLERA;ADIN;BALTA;KAYA;SARIOGLU;CHEDJOU;INAN;PODOLSKI;SNEIJDER;OZTEKIN;YILMAZ
Gaziantepspor vs. Rizespor - Saturday December 19 - 2015,Gaziantepspor,hard,4-4-2,KARCEMARSKAS;MARCAL;AROKOYO;SUME;YARDIMCI;LARSSON;SEN;DURAK;CINAR;DEMIR;CHIBUIKE
Gaziantepspor vs. Rizespor - Saturday December 19 - 2015,Rizespor,hard,4-4-2,ITANDJE;DURUER;OBOABONA;VIERA;OVACIKLI;OZEK;ALTINAY;YALCIN;KAYA;KWEUKE;KADAH
Konyaspor vs. Bursaspor - Saturday December 19 - 2015,Bursaspor,hard,4-2-3-1,GUNOK;BEHICH;AZIZ;SIVOK;ADVINCULA;CINAZ;YILMAZ;STOCH;JOSUE;DZSUDZSAK;NECID
Konyaspor vs. Bursaspor - Saturday December 19 - 2015,Konyaspor,hard,4-4-2,KIRINTILI;USLU;VUKOVIC;AY;SAHINER;MARC KIBONG MBAMBA;CAMDALI;INCEMAN;TRAORE;RANGELOV;BAJIC
Mersin Idmanyurdu vs. Kasimpasa - Saturday December 19 - 2015,Kasimpasa,hard,4-2-3-1,KOSE;BOZHIKOV;TITI;OMERUO;SARI;DONK;CASTRO;BUYUK;SCARIONE;TORUN;DERDIYOK
Mersin Idmanyurdu vs. Kasimpasa - Saturday December 19 - 2015,Mersin Idmanyurdu,hard,4-2-3-1,YILDIRIM;WEDERSON;MITROVIC;CETIN;VAROL;SADIKU;TAS;DELIBALTA;CEYLAN;NAKOULMA;WELLITON
Trabzonspor vs. Antalyaspor - Saturday December 19 - 2015,Antalyaspor,hard,5-3-2,FORNEZZI;AYTAC;CHICO;GOR;DIEGO ANGELO;SIMSEK;MAKOUN;GUILHERME;CELUSTKA;ETAME;ETO'O
Trabzonspor vs. Antalyaspor - Saturday December 19 - 2015,Trabzonspor,easy,4-2-3-1,KIVRAK;ERDOGAN;DEMIR;YUMLU;CAVANDA;KARA;MBIA;EKICI;HURMACI;ZENGIN;CARDOZO
Basaksehir vs. Eskisehirspor - Sunday December 20 - 2015,Basaksehir,hard,4-2-3-1,BABACAN;ERDEM;AYHAN;IRTEGUN;UCAR;ROTMAN;TEKDEMIR;DOKA MADUREIRA;MARCIO MOSSORO;VISCA;BATDAL
Basaksehir vs. Eskisehirspor - Sunday December 20 - 2015,Eskisehirspor,hard,4-2-3-1,BOFFIN;KANAK;GUNGOR;AKAMINKO;TOKO;TOKOZ;COSKUN;BEKDEMIR;OZTURK;COREKCI;GURAL
Galatasaray vs. Akhisar Belediyespor - Sunday December 20 - 2015,Akhisar Belediyespor,hard,4-3-3,LUKAC;VURAL;OSMANPASA;KONUK;CEBE;N'GUEMO;YUCE;CUSTODIO;SAMI;RODALLEGA;AYIK
Galatasaray vs. Akhisar Belediyespor - Sunday December 20 - 2015,Galatasaray,easy,4-2-3-1,MUSLERA;ADIN;BALTA;KAYA;CAMDAL;CHEDJOU;KISA;OZTEKIN;SNEIJDER;PODOLSKI;BULUT
Genclerbirligi vs. Fenerbahce - Sunday December 20 - 2015,Fenerbahce,easy,4-2-3-1,DEMIREL;KALDIRIM;ALVES;KJAER;GONUL;SOUZA;TOPAL;NANI;DIEGO;MARKOVIC;FERNANDAO
Genclerbirligi vs. Fenerbahce - Sunday December 20 - 2015,Genclerbirligi,hard,4-4-2,HOPF;LATOVLEVICI;GORGULU;KULUSIC;CIFTCI;LANDEL;SKULASON;DIMITRIADIS;SPELMANN;EL KABIR;STANCU
Sivasspor vs. Kayserispor - Sunday December 20 - 2015,Kayserispor,hard,4-2-3-1,DEMIRCAN;BAYRAM;AKBAS;MABIALA;YAVRU;MIJAILOVIC;SOW;BISESWAR;LOPES;TURUC;DERLEY
Sivasspor vs. Kayserispor - Sunday December 20 - 2015,Sivasspor,hard,4-2-3-1,SETKUS;KAS;BOYE;OZTURK;CICINHO;KONE;INCEDEMIR;SIMSEK;KURTULUS;ESER;ENERAMO
Osmanlispor Fk vs. Besiktas - Monday December 21 - 2015,Besiktas,easy,4-2-3-1,ZENGIN;KOYBASI;GULUM;RHODOLFO;BECK;HUTCHINSON;OZYAKUP;SAHAN;SOSA;QUARESMA;GOMEZ
Osmanlispor Fk vs. Besiktas - Monday December 21 - 2015,Osmanlispor Fk,hard,4-2-3-1,SAHIN;OZER;DEMIROK;CURUKSU;BAYIR;GUVEN;CAGIRAN;TISDELL;NDIAYE;UMAR;RUSESCU
Antalyaspor vs. Gaziantepspor - Saturday December 26 - 2015,Antalyaspor,hard,3-5-2,M'BOLHI;DIEGO ANGELO;CHICO;GOR;AYTAC;MAKOUN;BADUR;CELUSTKA;SIMSEK;ETO'O;GUILHERME
Antalyaspor vs. Gaziantepspor - Saturday December 26 - 2015,Gaziantepspor,hard,4-4-2,KARCEMARSKAS;MARCAL;SUME;VRANJES;YARDIMCI;LARSSON;ABUDA;DURAK;CINAR;DEMIR;CHIBUIKE
Kasimpasa vs. Trabzonspor - Saturday December 26 - 2015,Kasimpasa,hard,4-2-3-1,KOSE;VEIGNEAU;TITI;OMERUO;SARI;DURAK;CASTRO;BUYUK;SCARIONE;TORUN;DERDIYOK
Kasimpasa vs. Trabzonspor - Saturday December 26 - 2015,Trabzonspor,easy,4-1-4-1,KIVRAK;ERDOGAN;DEMIR;YUMLU;CAVANDA;YOKUSLU;ZENGIN;KARA;MBIA;HURMACI;EKICI
Rizespor vs. Basaksehir - Saturday December 26 - 2015,Basaksehir,hard,4-2-3-1,BABACAN;ERDEM;AYHAN;IRTEGUN;UCAR;TEKDEMIR;BELOZOGLU;DOKA MADUREIRA;MARCIO MOSSORO;VISCA;BATDAL
Rizespor vs. Basaksehir - Saturday December 26 - 2015,Rizespor,hard,4-4-2,ITANDJE;ISMAIL;ERSOY;OBOABONA;ALTINAY;DURUER;YALCIN;KAYA;AKYUZ;TUSZYNSKI;KADAH
Akhisar Belediyespor vs. Osmanlispor Fk - Sunday December 27 - 2015,Akhisar Belediyespor,hard,4-3-3,LUKAC;VURAL;DOUGLAO;OSMANPASA;UNLU;CUSTODIO;YUCE;N'GUEMO;BRUNO MEZENGA;RODALLEGA;SAMI
Akhisar Belediyespor vs. Osmanlispor Fk - Sunday December 27 - 2015,Osmanlispor Fk,hard,4-2-3-1,SAHIN;OZER;CURUKSU;DEMIROK;BAYIR;SETO;GUVEN;KILICASLAN;NDIAYE;UMAR;RUSESCU
Besiktas vs. Konyaspor - Sunday December 27 - 2015,Besiktas,easy,4-2-3-1,ZENGIN;KOYBASI;GULUM;RHODOLFO;BECK;HUTCHINSON;OZYAKUP;QUARESMA;SOSA;TORE;GOMEZ
Besiktas vs. Konyaspor - Sunday December 27 - 2015,Konyaspor,hard,4-4-2,KIRINTILI;USLU;VUKOVIC;TURAN;SAHINER;MARC KIBONG MBAMBA;CAMDALI;INCEMAN;HOLMEN;RANGELOV;BAJIC
Bursaspor vs. Mersin Idmanyurdu - Sunday December 27 - 2015,Bursaspor,hard,4-4-2,GUNOK;BEHICH;AZIZ;SIVOK;HOSOGAI;TASDEMIR;FATY;JORQUERA;YILDIRIM;NECID;CUENCA
Bursaspor vs. Mersin Idmanyurdu - Sunday December 27 - 2015,Mersin Idmanyurdu,hard,4-4-2,YILDIRIM;DEMIRHAN;CETIN;SADIKU;VAROL;TITA;TAS;BALCI;PEDRIEL;WELLITON;TOZLU
Kayserispor vs. Galatasaray - Sunday December 27 - 2015,Galatasaray,easy,4-2-3-1,MUSLERA;ADIN;BALTA;KAYA;CAMDAL;CHEDJOU;INAN;OZTEKIN;RODRIGUEZ;PODOLSKI;BULUT
Kayserispor vs. Galatasaray - Sunday December 27 - 2015,Kayserispor,hard,4-2-3-1,DEMIRCAN;BAYRAM;AKBAS;MABIALA;YAVRU;MIJAILOVIC;OZCAL;BISESWAR;LOPES;TURUC;AIYEGBENI
Eskisehirspor vs. Genclerbirligi - Monday December 28 - 2015,Eskisehirspor,hard,4-2-3-1,BOFFIN;KANAK;PARLAK;GUNGOR;TOKO;TOKOZ;COREKCI;BEKDEMIR;OZTURK;GURAL;PINTO
Eskisehirspor vs. Genclerbirligi - Monday December 28 - 2015,Genclerbirligi,hard,4-2-3-1,HOPF;LATOVLEVICI;GORGULU;CALIK;OGUZ;SKULASON;SPELMANN;KOCER;KAHVECI;DJALMA;STANCU
Fenerbahce vs. Sivasspor - Monday December 28 - 2015,Fenerbahce,easy,4-2-3-1,DEMIREL;KALDIRIM;ALVES;KJAER;GONUL;TOPAL;SOUZA;SEN;DIEGO;MARKOVIC;VAN PERSIE
Fenerbahce vs. Sivasspor - Monday December 28 - 2015,Sivasspor,hard,4-2-3-1,SETKUS;KAS;BOYE;OZTURK;CICINHO;INCEDEMIR;KONE;SIMSEK;CHAHECHOUHE;ESER;ENERAMO
Akhisar Belediyespor vs. Konyaspor - Saturday January 16 - 2016,Akhisar Belediyespor,hard,4-3-3,LUKAC;VURAL;DOUGLAO;OSMANPASA;CEBE;N'GUEMO;YUCE;CUSTODIO;SAMI;RODALLEGA;GRBIC
Akhisar Belediyespor vs. Konyaspor - Saturday January 16 - 2016,Konyaspor,hard,4-2-3-1,KIRINTILI;USLU;VUKOVIC;TURAN;SKUBIC;CAMDALI;MARC KIBONG MBAMBA;TRAORE;HOLMEN;SAHINER;RANGELOV
Galatasaray vs. Sivasspor - Saturday January 16 - 2016,Galatasaray,easy,4-2-3-1,MUSLERA;BALTA;CHEDJOU;DENAYER;SARIOGLU;DONK;INAN;ADIN;SNEIJDER;GUMUS;YILMAZ
Galatasaray vs. Sivasspor - Saturday January 16 - 2016,Sivasspor,hard,4-2-3-1,SETKUS;ERDAL;OUMARI;OZTURK;CEKEN;KONE;HUSSAIN;SIMSEK;CHAHECHOUHE;AKIN;KABZE
Kasimpasa vs. Gaziantepspor - Saturday January 16 - 2016,Gaziantepspor,hard,4-4-2,KARCEMARSKAS;ARSLAN;SUME;VRANJES;YARDIMCI;LARSSON;ABUDA;SEN;CINAR;CAMARA;CHIBUIKE
Kasimpasa vs. Gaziantepspor - Saturday January 16 - 2016,Kasimpasa,hard,4-2-3-1,KOSE;VEIGNEAU;TITI;OMERUO;SARI;CASTRO;DURAK;DEL VALLE;SCARIONE;BUYUK;DERDIYOK
Kayserispor vs. Osmanlispor Fk - Saturday January 16 - 2016,Kayserispor,hard,4-2-3-1,DEMIRCAN;BAYRAM;AKBAS;MABIALA;YAVRU;SOW;OZCAL;BISESWAR;LOPES;TURUC;DERLEY
Kayserispor vs. Osmanlispor Fk - Saturday January 16 - 2016,Osmanlispor Fk,hard,4-2-3-1,SAHIN;PINTO;DEMIROK;PROCHAZKA;VRSAJEVIC;GUVEN;CAGIRAN;TORJE;NDIAYE;UMAR;RUSESCU
Antalyaspor vs. Basaksehir - Sunday January 17 - 2016,Antalyaspor,hard,4-3-3,FORNEZZI;RAMON;GOR;CHICO;AYTAC;BADUR;BEKMEZCI;MAKOUN;OZKAN;ETO'O;ETAME
Antalyaspor vs. Basaksehir - Sunday January 17 - 2016,Basaksehir,hard,4-2-3-1,BABACAN;ERDEM;AYHAN;IRTEGUN;UCAR;TEKDEMIR;BELOZOGLU;DOKA MADUREIRA;MARCIO MOSSORO;VISCA;BATDAL
Bursaspor vs. Trabzonspor - Sunday January 17 - 2016,Bursaspor,hard,4-4-2,GUNOK;BEHICH;AZIZ;SIVOK;OZGENC;STOCH;FATY;JORQUERA;DZSUDZSAK;NECID;YILDIRIM
Bursaspor vs. Trabzonspor - Sunday January 17 - 2016,Trabzonspor,easy,4-2-3-1,KIVRAK;NIZAM;DEMIR;MBIA;CAVANDA;YOKUSLU;KARA;ZENGIN;EKICI;MARIN;CARDOZO
Rizespor vs. Genclerbirligi - Sunday January 17 - 2016,Genclerbirligi,hard,4-2-3-1,HOPF;CIFTCI;CALIK;KULUSIC;OGUZ;SAHIN;LANDEL;STANCU;HLEB;DJALMA;EL KABIR
Rizespor vs. Genclerbirligi - Sunday January 17 - 2016,Rizespor,hard,4-4-2,ITANDJE;ISMAIL;OBOABONA;VIERA;OVACIKLI;AKYUZ;YALCIN;MAKIADI;KAYA;KWEUKE;KADAH
Eskisehirspor vs. Fenerbahce - Monday January 18 - 2016,Eskisehirspor,hard,4-2-3-1,BOFFIN;KARAER;COSKUN;GUNGOR;TOKO;COREKCI;OZTURK;BEKDEMIR;CAUSIC;KANAK;PINTO
Eskisehirspor vs. Fenerbahce - Monday January 18 - 2016,Fenerbahce,easy,4-3-3,DEMIREL;ERKIN;KADLEC;KJAER;GONUL;TOPAL;TUFAN;SOUZA;NANI;FERNANDAO;MARKOVIC
Konyaspor vs. Kayserispor - Saturday January 23 - 2016,Kayserispor,hard,4-2-3-1,DEMIRCAN;BAYRAM;AKBAS;MABIALA;YAVRU;SOW;OZCAL;BISESWAR;LOPES;TURUC;DERLEY
Konyaspor vs. Kayserispor - Saturday January 23 - 2016,Konyaspor,hard,4-4-2,KIRINTILI;USLU;VUKOVIC;TURAN;SKUBIC;MEHA;CAMDALI;HOLMEN;SAHINER;RANGELOV;TRAORE
Mersin Idmanyurdu vs. Akhisar Belediyespor - Saturday January 23 - 2016,Akhisar Belediyespor,hard,4-3-3,LUKAC;KELES;DOUGLAO;OSMANPASA;CEBE;CUSTODIO;YUCE;N'GUEMO;BRUNO MEZENGA;RODALLEGA;GRBIC
Mersin Idmanyurdu vs. Akhisar Belediyespor - Saturday January 23 - 2016,Mersin Idmanyurdu,hard,4-4-2,YILDIRIM;WEDERSON;MITROVIC;SIGIRCI;VAROL;NAKOULMA;BALCI;CEYLAN;PEDRIEL;TOZLU;TITA
Osmanlispor Fk vs. Galatasaray - Saturday January 23 - 2016,Galatasaray,easy,4-2-3-1,MUSLERA;BALTA;KAYA;DENAYER;SARIOGLU;DONK;INAN;ADIN;SNEIJDER;GUMUS;YILMAZ
Osmanlispor Fk vs. Galatasaray - Saturday January 23 - 2016,Osmanlispor Fk,hard,4-2-3-1,SAHIN;PINTO;CURUKSU;DEMIROK;BAYIR;LAWAL;CAGIRAN;UMAR;NDIAYE;TORJE;RUSESCU
Fenerbahce vs. Rizespor - Sunday January 24 - 2016,Fenerbahce,easy,4-2-3-1,DEMIREL;KALDIRIM;ALVES;KJAER;OZBAYRAKLI;TOPAL;SOUZA;SEN;TUFAN;MARKOVIC;FERNANDAO
Fenerbahce vs. Rizespor - Sunday January 24 - 2016,Rizespor,hard,4-4-2,ITANDJE;ISMAIL;ERSOY;OBOABONA;OVACIKLI;OZEK;ALTINAY;YALCIN;KAYA;KADAH;AKYUZ
Gaziantepspor vs. Bursaspor - Sunday January 24 - 2016,Bursaspor,hard,4-4-2,GUNOK;TASDEMIR;NOUNKEU;CINAZ;HOSOGAI;STOCH;FATY;JORQUERA;DZSUDZSAK;NECID;YILDIRIM
Gaziantepspor vs. Bursaspor - Sunday January 24 - 2016,Gaziantepspor,hard,4-4-2,SEVIM;MARCAL;SUME;VRANJES;YARDIMCI;LARSSON;SEN;ABUDA;CINAR;CAMARA;CHIBUIKE
Genclerbirligi vs. Antalyaspor - Sunday January 24 - 2016,Antalyaspor,hard,4-2-3-1,FORNEZZI;RAMON;AYTAC;CELUSTKA;INKOOM;BADUR;CHICO;OZKAN;ENGUENE;AKBABA;ETO'O
Genclerbirligi vs. Antalyaspor - Sunday January 24 - 2016,Genclerbirligi,hard,4-2-3-1,HOPF;CIFTCI;CALIK;KULUSIC;OGUZ;SAHIN;SKULASON;GURLER;HLEB;DJALMA;EL KABIR
Sivasspor vs. Eskisehirspor - Sunday January 24 - 2016,Eskisehirspor,hard,4-4-2,BOFFIN;KANAK;FIGUERAS;GUNGOR;TOKO;BEKDEMIR;OZTURK;KARAKAS;KULACH;MEYE;GURAL
Sivasspor vs. Eskisehirspor - Sunday January 24 - 2016,Sivasspor,hard,4-2-3-1,SETKUS;ERDAL;OUMARI;OZTURK;CICINHO;KONE;HUSSAIN;SIMSEK;CHAHECHOUHE;KABZE;TEXEIRA
Basaksehir vs. Kasimpasa - Monday January 25 - 2016,Basaksehir,hard,4-2-3-1,BABACAN;ERDEM;AYHAN;IRTEGUN;UCAR;TEKDEMIR;BELOZOGLU;DOKA MADUREIRA;MARCIO MOSSORO;VISCA;BATDAL
Basaksehir vs. Kasimpasa - Monday January 25 - 2016,Kasimpasa,hard,4-2-3-1,KOSE;VEIGNEAU;TITI;OMERUO;POPOV;DURAK;CASTRO;BUYUK;ARSLAN;TORUN;DERDIYOK
Antalyaspor vs. Fenerbahce - Friday February 5 - 2016,Antalyaspor,hard,4-2-3-1,FORNEZZI;RAMON;AYTAC;CELUSTKA;INKOOM;MAKOUN;YILDIRIM;OZKAN;DANILO;ETAME;ETO'O
Antalyaspor vs. Fenerbahce - Friday February 5 - 2016,Fenerbahce,easy,4-2-3-1,DEMIREL;ERKIN;KADLEC;ALVES;OZBAYRAKLI;TOPAL;SOUZA;NANI;TUFAN;MARKOVIC;FERNANDAO
Osmanlispor Fk vs. Sivasspor - Friday February 5 - 2016,Osmanlispor Fk,hard,4-2-3-1,SAHIN;PINTO;CURUKSU;DEMIROK;BAYIR;LAWAL;CAGIRAN;TORJE;NDIAYE;KILICASLAN;RUSESCU
Osmanlispor Fk vs. Sivasspor - Friday February 5 - 2016,Sivasspor,hard,4-2-3-1,SETKUS;ERDAL;BOYE;OZTURK;CICINHO;KOCAK;OUMARI;TANASE;HUSSAIN;CHAHECHOUHE;TEXEIRA
Bursaspor vs. Basaksehir - Saturday February 6 - 2016,Basaksehir,hard,4-2-3-1,BABACAN;ERDEM;AYHAN;IRTEGUN;UCAR;ROTMAN;BELOZOGLU;DOKA MADUREIRA;MARCIO MOSSORO;VISCA;BATDAL
Bursaspor vs. Basaksehir - Saturday February 6 - 2016,Bursaspor,hard,4-2-3-1,GUNOK;BEHICH;AZIZ;SIVOK;OZGENC;FATY;YILMAZ;YILDIRIM;BATALLA;YILMAZ;NECID
Galatasaray vs. Konyaspor - Saturday February 6 - 2016,Galatasaray,easy,4-2-3-1,MUSLERA;ADIN;CHEDJOU;GUNTER;LINNES;DONK;INAN;OZTEKIN;SNEIJDER;GUMUS;BULUT
Galatasaray vs. Konyaspor - Saturday February 6 - 2016,Konyaspor,hard,4-4-2,KIRINTILI;DOUGLAS;VUKOVIC;TURAN;SKUBIC;MEHA;CAMDALI;HOLMEN;SAHINER;RANGELOV;TRAORE
Kayserispor vs. Mersin Idmanyurdu - Saturday February 6 - 2016,Kayserispor,hard,4-2-3-1,DEMIRCAN;EMIR;AKBAS;MABIALA;CAN;MIJAILOVIC;SOW;BAYRAM;LOPES;CAGLAYAN;WILLIAM
Kayserispor vs. Mersin Idmanyurdu - Saturday February 6 - 2016,Mersin Idmanyurdu,hard,4-4-2,YILDIRIM;WEDERSON;SIGIRCI;SADIKU;VAROL;NAKOULMA;BALCI;CEYLAN;TOZLU;WELLITON;TITA
Akhisar Belediyespor vs. Trabzonspor - Sunday February 7 - 2016,Akhisar Belediyespor,hard,4-3-3,LUKAC;KELES;DOUGLAO;OSMANPASA;CEBE;CUSTODIO;YUCE;N'GUEMO;SAMI;RODALLEGA;AYIK
Akhisar Belediyespor vs. Trabzonspor - Sunday February 7 - 2016,Trabzonspor,easy,4-2-3-1,ALVARADO;NIZAM;DOUGLAS;BOSINGWA;DURSUN;YOKUSLU;ATIK;YILMAZ;MARIN;ERDOGAN;DEMIR
Besiktas vs. Gaziantepspor - Sunday February 7 - 2016,Besiktas,easy,4-2-3-1,ZENGIN;KOYBASI;MARCELO;RHODOLFO;BECK;HUTCHINSON;OZYAKUP;SAHAN;SOSA;TORE;GOMEZ
Besiktas vs. Gaziantepspor - Sunday February 7 - 2016,Gaziantepspor,hard,4-4-2,UYSAL;MARCAL;GOUANO;SUME;YARDIMCI;LARSSON;SEN;ABUDA;CINAR;HABIBOU;CHIBUIKE
Rizespor vs. Eskisehirspor - Sunday February 7 - 2016,Eskisehirspor,hard,4-4-2,BOFFIN;KANAK;FIGUERAS;JUNIOR;COREKCI;BEKDEMIR;OZTURK;KARAKAS;GURAL;MEYE;CIFTCI
Rizespor vs. Eskisehirspor - Sunday February 7 - 2016,Rizespor,hard,4-4-2,ITANDJE;ALBAYRAK;ERSOY;OBOABONA;ALTINAY;ISMAIL;KAYA;SYLVESTRE;OZEK;TUSZYNSKI;KADAH
Kasimpasa vs. Genclerbirligi - Monday February 8 - 2016,Genclerbirligi,hard,4-2-3-1,HOPF;CIFTCI;CALIK;KULUSIC;OGUZ;SAHIN;SKULASON;STANCU;HLEB;DJALMA;EL KABIR
Kasimpasa vs. Genclerbirligi - Monday February 8 - 2016,Kasimpasa,hard,4-2-3-1,KOSE;VEIGNEAU;TITI;OMERUO;POPOV;PAVELKA;CASTRO;BUYUK;ARSLAN;TORUN;DERDIYOK
Fenerbahce vs. Kasimpasa - Friday February 12 - 2016,Fenerbahce,easy,4-2-3-1,DEMIREL;KALDIRIM;ALVES;KJAER;GONUL;TUFAN;KADLEC;NANI;DIEGO;SEN;VAN PERSIE
Fenerbahce vs. Kasimpasa - Friday February 12 - 2016,Kasimpasa,hard,4-2-3-1,KOSE;BOZHIKOV;TITI;OMERUO;SARI;CASTRO;PAVELKA;DEL VALLE;ARSLAN;TORUN;BUYUK
Genclerbirligi vs. Bursaspor - Saturday February 13 - 2016,Bursaspor,hard,4-2-3-1,TEKIN;BEHICH;NOUNKEU;SIVOK;OZGENC;FATY;YILMAZ;YILMAZ;BATALLA;KANATSIZKUS;DE SUTTER
Genclerbirligi vs. Bursaspor - Saturday February 13 - 2016,Genclerbirligi,hard,4-2-3-1,HOPF;CIFTCI;CALIK;KULUSIC;OGUZ;SAHIN;SKULASON;STANCU;HLEB;GURLER;EL KABIR
Konyaspor vs. Osmanlispor Fk - Saturday February 13 - 2016,Konyaspor,hard,4-4-2,KIRINTILI;DOUGLAS;VUKOVIC;TURAN;SKUBIC;MEHA;CAMDALI;HOLMEN;SAHINER;BAJIC;TRAORE
Konyaspor vs. Osmanlispor Fk - Saturday February 13 - 2016,Osmanlispor Fk,hard,4-2-3-1,SAHIN;BAYIR;CURUKSU;DEMIROK;VRSAJEVIC;LAWAL;CAGIRAN;TORJE;NDIAYE;UMAR;RUSESCU
Mersin Idmanyurdu vs. Galatasaray - Saturday February 13 - 2016,Galatasaray,easy,4-2-3-1,MUSLERA;CAROLE;CHEDJOU;KAYA;DENAYER;DONK;INAN;ADIN;SNEIJDER;PODOLSKI;BULUT
Mersin Idmanyurdu vs. Galatasaray - Saturday February 13 - 2016,Mersin Idmanyurdu,hard,4-5-1,YILDIRIM;WEDERSON;MITROVIC;SADIKU;VAROL;NAKOULMA;TAS;BALCI;KAYA;TITA;PEDRIEL
Basaksehir vs. Besiktas - Sunday February 14 - 2016,Basaksehir,hard,4-2-3-1,BABACAN;ERDEM;EPUREANU;AYHAN;IRTEGUN;TEKDEMIR;BELOZOGLU;DOKA MADUREIRA;MARCIO MOSSORO;VISCA;BATDAL
Basaksehir vs. Besiktas - Sunday February 14 - 2016,Besiktas,easy,4-2-3-1,ZENGIN;KOYBASI;RUANO;UYSAL;BECK;HUTCHINSON;OZYAKUP;TORE;SOSA;SAHAN;GOMEZ
Eskisehirspor vs. Antalyaspor - Sunday February 14 - 2016,Antalyaspor,hard,4-2-3-1,FORNEZZI;YILMAZ;AYTAC;CELUSTKA;INKOOM;MAKOUN;YILDIRIM;LAZAREVIC;DANILO;OZKAN;ETO'O
Eskisehirspor vs. Antalyaspor - Sunday February 14 - 2016,Eskisehirspor,hard,4-2-3-1,BOFFIN;KANAK;FIGUERAS;GUNGOR;COREKCI;HADZIC;KARAKAS;BEKDEMIR;CAUSIC;GURAL;MEYE
Gaziantepspor vs. Akhisar Belediyespor - Sunday February 14 - 2016,Akhisar Belediyespor,hard,4-3-3,LUKAC;KELES;DOUGLAO;OSMANPASA;CEBE;CEVIKER;CUSTODIO;N'GUEMO;SAMI;RODALLEGA;GRBIC
Gaziantepspor vs. Akhisar Belediyespor - Sunday February 14 - 2016,Gaziantepspor,hard,4-4-2,KARCEMARSKAS;ARSLAN;GOUANO;SUME;YARDIMCI;PUTILO;SEN;KAYALI;LARSSON;HABIBOU;CHIBUIKE
Sivasspor vs. Rizespor - Sunday February 14 - 2016,Rizespor,hard,4-4-2,ITANDJE;ALBAYRAK;ERSOY;VIERA;OBOABONA;AKYUZ;ALTINAY;YALCIN;OZEK;TUSZYNSKI;KADAH
Sivasspor vs. Rizespor - Sunday February 14 - 2016,Sivasspor,hard,4-2-3-1,SETKUS;ERDAL;OUMARI;BOYE;CICINHO;INCEDEMIR;TAOUIL;SIMSEK;CHAHECHOUHE;ESER;TEXEIRA
Trabzonspor vs. Kayserispor - Monday February 15 - 2016,Kayserispor,hard,4-2-3-1,AHAMADA;BAYRAM;PARLAK;MABIALA;YAVRU;MIJAILOVIC;SOW;BISESWAR;LOPES;TURUC;WILLIAM
Trabzonspor vs. Kayserispor - Monday February 15 - 2016,Trabzonspor,easy,4-2-3-1,KIVRAK;BOSINGWA;DEMIR;YUMLU;CAVANDA;KARA;HURMACI;ZENGIN;MARIN;YILMAZ;DEMIR
Besiktas vs. Mersin Idmanyurdu - Wednesday February 17 - 2016,Besiktas,easy,4-2-3-1,ZENGIN;KOYBASI;TOSIC;UYSAL;BECK;HUTCHINSON;OZYAKUP;QUARESMA;SOSA;TORE;GOMEZ
Besiktas vs. Mersin Idmanyurdu - Wednesday February 17 - 2016,Mersin Idmanyurdu,hard,4-4-2,YILDIRIM;WEDERSON;MITROVIC;DEMIRHAN;BALCI;TOZLU;TAS;CEYLAN;VAROL;NAKOULMA;TITA
Konyaspor vs. Sivasspor - Friday February 19 - 2016,Konyaspor,hard,4-4-2,KIRINTILI;DOUGLAS;VUKOVIC;TURAN;SKUBIC;MEHA;CAMDALI;HOLMEN;TRAORE;RANGELOV;BAJIC
Konyaspor vs. Sivasspor - Friday February 19 - 2016,Sivasspor,hard,4-4-2,SETKUS;ERDAL;OUMARI;OZTURK;CICINHO;TANASE;KOCAK;TAOUIL;CHAHECHOUHE;TEXEIRA;KABZE
Antalyaspor vs. Rizespor - Saturday February 20 - 2016,Antalyaspor,hard,4-2-3-1,M'BOLHI;RAMON;DIEGO ANGELO;CELUSTKA;INKOOM;MAKOUN;KURTULUS;OZKAN;DANILO;LAZAREVIC;SISMANOGLU
Antalyaspor vs. Rizespor - Saturday February 20 - 2016,Rizespor,hard,4-2-3-1,ITANDJE;ALBAYRAK;OBOABONA;VIERA;OVACIKLI;ALTINAY;YALCIN;CHEVALIER;SYLVESTRE;AKYUZ;TUSZYNSKI
Bursaspor vs. Fenerbahce - Saturday February 20 - 2016,Bursaspor,hard,4-2-3-1,TEKIN;BEHICH;SIVOK;CINAZ;HOSOGAI;FATY;YILMAZ;YILDIRIM;BATALLA;YILMAZ;NECID
Bursaspor vs. Fenerbahce - Saturday February 20 - 2016,Fenerbahce,easy,4-2-3-1,DEMIREL;ERKIN;ALVES;KJAER;GONUL;TOPAL;SOUZA;NANI;DIEGO;SEN;FERNANDAO
Kasimpasa vs. Eskisehirspor - Saturday February 20 - 2016,Eskisehirspor,hard,4-2-3-1,BOFFIN;KANAK;FIGUERAS;GUNGOR;COREKCI;HADZIC;KARAKAS;UCAR;OKRIASHVILI;GURAL;MEYE
Kasimpasa vs. Eskisehirspor - Saturday February 20 - 2016,Kasimpasa,hard,4-2-3-1,KOSE;VEIGNEAU;BOZHIKOV;OMERUO;POPOV;PAVELKA;CASTRO;DEL VALLE;ARSLAN;TORUN;DERDIYOK
Akhisar Belediyespor vs. Basaksehir - Sunday February 21 - 2016,Akhisar Belediyespor,hard,4-3-3,LUKAC;ULUDAG;DOUGLAO;OSMANPASA;CEBE;CUSTODIO;YUCE;N'GUEMO;SAMI;RODALLEGA;CELIK
Akhisar Belediyespor vs. Basaksehir - Sunday February 21 - 2016,Basaksehir,hard,4-2-3-1,BABACAN;OZTORUN;EPUREANU;AYHAN;IRTEGUN;ROTMAN;TEKDEMIR;DOKA MADUREIRA;MARCIO MOSSORO;VISCA;BATDAL
Galatasaray vs. Trabzonspor - Sunday February 21 - 2016,Galatasaray,easy,4-2-3-1,MUSLERA;CAROLE;BALTA;GUNTER;SARIOGLU;DONK;CHEDJOU;ADIN;INAN;PODOLSKI;BULUT
Galatasaray vs. Trabzonspor - Sunday February 21 - 2016,Trabzonspor,easy,4-2-3-1,KIVRAK;BOSINGWA;DEMIR;YUMLU;CAVANDA;AKAKPO;HURMACI;ZENGIN;MARIN;YILMAZ;DEMIR
Kayserispor vs. Gaziantepspor - Sunday February 21 - 2016,Gaziantepspor,hard,4-2-3-1,KARCEMARSKAS;ARSLAN;GOUANO;SUME;YARDIMCI;ABUDA;KAYALI;NEFIZ;PUTILO;CINAR;LARSSON
Kayserispor vs. Gaziantepspor - Sunday February 21 - 2016,Kayserispor,hard,4-2-3-1,AHAMADA;BAYRAM;AKBAS;SIMIC;YAVRU;MIJAILOVIC;OZCAL;BISESWAR;LOPES;TURUC;WILLIAM
Osmanlispor Fk vs. Mersin Idmanyurdu - Sunday February 21 - 2016,Mersin Idmanyurdu,hard,4-3-3,YILDIRIM;WEDERSON;MITROVIC;SADIKU;BALCI;KHALILI;TAS;CEYLAN;TITA;NAKOULMA;VAROL
Osmanlispor Fk vs. Mersin Idmanyurdu - Sunday February 21 - 2016,Osmanlispor Fk,hard,4-2-3-1,SAHIN;PINTO;CURUKSU;DEMIROK;VRSAJEVIC;LAWAL;CAGIRAN;TORJE;NDIAYE;UMAR;RUSESCU
Besiktas vs. Genclerbirligi - Monday February 22 - 2016,Besiktas,easy,4-2-3-1,ZENGIN;KOYBASI;RUANO;MARCELO;BECK;HUTCHINSON;OZYAKUP;SAHAN;SOSA;QUARESMA;GOMEZ
Besiktas vs. Genclerbirligi - Monday February 22 - 2016,Genclerbirligi,hard,4-2-3-1,HOPF;CIFTCI;CALIK;KULUSIC;OGUZ;SAHIN;KAYA;STANCU;HLEB;DJALMA;EL KABIR
Basaksehir vs. Kayserispor - Friday February 26 - 2016,Basaksehir,hard,4-2-3-1,BABACAN;OZTORUN;EPUREANU;AYHAN;IRTEGUN;TEKDEMIR;BELOZOGLU;DOKA MADUREIRA;MARCIO MOSSORO;VISCA;BATDAL
Basaksehir vs. Kayserispor - Friday February 26 - 2016,Kayserispor,hard,4-2-3-1,AHAMADA;BAYRAM;AKBAS;SIMIC;YAVRU;MIJAILOVIC;OZCAL;BISESWAR;LOPES;TURUC;WILLIAM
Eskisehirspor vs. Bursaspor - Saturday February 27 - 2016,Bursaspor,hard,4-2-3-1,TEKIN;BEHICH;NOUNKEU;SIVOK;OZGENC;KARACAN;TRAORE;YILMAZ;BATALLA;DZSUDZSAK;NECID
Eskisehirspor vs. Bursaspor - Saturday February 27 - 2016,Eskisehirspor,hard,4-2-3-1,BOFFIN;KARAER;FIGUERAS;GUNGOR;COREKCI;HADZIC;OZTURK;BEKDEMIR;OKRIASHVILI;GURAL;MEYE
Mersin Idmanyurdu vs. Konyaspor - Saturday February 27 - 2016,Konyaspor,hard,4-4-2,KIRINTILI;DOUGLAS;VUKOVIC;AY;SKUBIC;MEHA;CAMDALI;HOLMEN;TRAORE;RANGELOV;BAJIC
Mersin Idmanyurdu vs. Konyaspor - Saturday February 27 - 2016,Mersin Idmanyurdu,hard,4-3-3,YILDIRIM;WEDERSON;MITROVIC;SADIKU;VAROL;KHALILI;BALCI;CEYLAN;TITA;NAKOULMA;TOZLU
Rizespor vs. Kasimpasa - Saturday February 27 - 2016,Kasimpasa,hard,4-2-3-1,KOSE;VEIGNEAU;TITI;SARI;POPOV;CASTRO;PAVELKA;DEL VALLE;ARSLAN;TORUN;DERDIYOK
Rizespor vs. Kasimpasa - Saturday February 27 - 2016,Rizespor,hard,4-4-2,ITANDJE;ALBAYRAK;OBOABONA;VIERA;KAYA;DURUER;SYLVESTRE;MAKIADI;OZEK;KADAH;CHEVALIER
Trabzonspor vs. Osmanlispor Fk - Saturday February 27 - 2016,Osmanlispor Fk,hard,4-2-3-1,SAHIN;PINTO;CURUKSU;DEMIROK;VRSAJEVIC;LAWAL;GUVEN;DELARGE;NDIAYE;UMAR;RUSESCU
Trabzonspor vs. Osmanlispor Fk - Saturday February 27 - 2016,Trabzonspor,easy,4-2-3-1,KIVRAK;NIZAM;AKAKPO;YUMLU;BOSINGWA;ATIK;YOKUSLU;ZENGIN;MARIN;YILMAZ;DEMIR
Gaziantepspor vs. Galatasaray - Sunday February 28 - 2016,Galatasaray,easy,4-2-3-1,MUSLERA;ADIN;BALTA;GUNTER;LINNES;CHEDJOU;INAN;OZTEKIN;KISA;SARIOGLU;BULUT
Gaziantepspor vs. Galatasaray - Sunday February 28 - 2016,Gaziantepspor,hard,4-2-3-1,KARCEMARSKAS;MARCAL;GOUANO;SUME;YARDIMCI;ABUDA;KAYALI;NEFIZ;PUTILO;CINAR;LARSSON
Genclerbirligi vs. Akhisar Belediyespor - Sunday February 28 - 2016,Akhisar Belediyespor,hard,4-3-3,LUKAC;KELES;DOUGLAO;OSMANPASA;UNLU;CUSTODIO;YUCE;N'GUEMO;SAMI;RODALLEGA;AYIK
Genclerbirligi vs. Akhisar Belediyespor - Sunday February 28 - 2016,Genclerbirligi,hard,4-2-3-1,HOPF;CIFTCI;CALIK;KULUSIC;OGUZ;SKULASON;SAHIN;KARABULUT;HLEB;DJALMA;STANCU
Sivasspor vs. Antalyaspor - Sunday February 28 - 2016,Antalyaspor,hard,4-2-3-1,M'BOLHI;RAMON;DIEGO ANGELO;CELUSTKA;INKOOM;MAKOUN;KURTULUS;OZKAN;DANILO;LAZAREVIC;ETO'O
Sivasspor vs. Antalyaspor - Sunday February 28 - 2016,Sivasspor,hard,4-2-3-1,SETKUS;ERDAL;OUMARI;BOYE;CICINHO;INCEDEMIR;TAOUIL;TANASE;CHAHECHOUHE;SIMSEK;TEXEIRA
Fenerbahce vs. Besiktas - Monday February 29 - 2016,Besiktas,easy,4-2-3-1,ZENGIN;KOYBASI;RUANO;MARCELO;BECK;HUTCHINSON;OZYAKUP;SAHAN;SOSA;QUARESMA;GOMEZ
Fenerbahce vs. Besiktas - Monday February 29 - 2016,Fenerbahce,easy,4-2-3-1,DEMIREL;ERKIN;ALVES;KJAER;GONUL;SOUZA;TOPAL;POTUK;DIEGO;SEN;VAN PERSIE
Mersin Idmanyurdu vs. Sivasspor - Friday March 4 - 2016,Mersin Idmanyurdu,hard,4-3-3,YILDIRIM;WEDERSON;MITROVIC;DEMIRHAN;BALCI;KHALILI;SADIKU;KAYA;NAKOULMA;PEDRIEL;VAROL
Mersin Idmanyurdu vs. Sivasspor - Friday March 4 - 2016,Sivasspor,hard,4-2-3-1,SETKUS;ERDAL;OUMARI;OZTURK;BOYE;INCEDEMIR;TAOUIL;SIMSEK;CHAHECHOUHE;TANASE;KABZE
Bursaspor vs. Rizespor - Saturday March 5 - 2016,Bursaspor,hard,4-2-3-1,TEKIN;BEHICH;AZIZ;CINAZ;OZGENC;KARACAN;FATY;YILMAZ;BATALLA;DZSUDZSAK;NECID
Bursaspor vs. Rizespor - Saturday March 5 - 2016,Rizespor,hard,4-4-2,ITANDJE;ALBAYRAK;OBOABONA;VIERA;ALTINAY;DURUER;SYLVESTRE;MAKIADI;OZEK;KADAH;CHEVALIER
Kayserispor vs. Genclerbirligi - Saturday March 5 - 2016,Genclerbirligi,hard,4-2-3-1,HOPF;CIFTCI;CALIK;KULUSIC;OGUZ;SAHIN;SKULASON;KARABULUT;HLEB;DJALMA;STANCU
Kayserispor vs. Genclerbirligi - Saturday March 5 - 2016,Kayserispor,hard,4-2-3-1,AHAMADA;AKBAS;SIMIC;MABIALA;YAVRU;MIJAILOVIC;OZCAL;BAYRAM;BISESWAR;TURUC;WILLIAM
Osmanlispor Fk vs. Gaziantepspor - Saturday March 5 - 2016,Gaziantepspor,hard,4-2-3-1,KARCEMARSKAS;MARCAL;GOUANO;SUME;YARDIMCI;ABUDA;KAYALI;NEFIZ;PUTILO;CINAR;CHIBUIKE
Osmanlispor Fk vs. Gaziantepspor - Saturday March 5 - 2016,Osmanlispor Fk,hard,4-2-3-1,SAHIN;PINTO;CURUKSU;DEMIROK;VRSAJEVIC;GUVEN;CAGIRAN;DELARGE;LAWAL;UMAR;RUSESCU
Akhisar Belediyespor vs. Fenerbahce - Sunday March 6 - 2016,Akhisar Belediyespor,hard,4-2-3-1,LUKAC;ULUDAG;KONUK;OSMANPASA;CEBE;CUSTODIO;N'GUEMO;CELIK;AYDOGDU;VAZ TE;RODALLEGA
Akhisar Belediyespor vs. Fenerbahce - Sunday March 6 - 2016,Fenerbahce,easy,4-2-3-1,DEMIREL;KALDIRIM;KADLEC;KJAER;OZBAYRAKLI;SOUZA;TOPAL;SEN;DIEGO;POTUK;VAN PERSIE
Galatasaray vs. Basaksehir - Sunday March 6 - 2016,Basaksehir,hard,4-2-3-1,BABACAN;ERDEM;EPUREANU;AYHAN;IRTEGUN;TEKDEMIR;BELOZOGLU;DOKA MADUREIRA;MARCIO MOSSORO;VISCA;BATDAL
Galatasaray vs. Basaksehir - Sunday March 6 - 2016,Galatasaray,easy,4-2-3-1,GONEN;ADIN;BALTA;DENAYER;LINNES;INAN;COLAK;OZTEKIN;SNEIJDER;PODOLSKI;BULUT
Kasimpasa vs. Antalyaspor - Sunday March 6 - 2016,Antalyaspor,hard,4-2-3-1,M'BOLHI;RAMON;DIEGO ANGELO;CELUSTKA;INKOOM;CHARLES;KURTULUS;OZKAN;DANILO;BASSAN;ETO'O
Kasimpasa vs. Antalyaspor - Sunday March 6 - 2016,Kasimpasa,hard,4-2-3-1,ISAKSSON;VEIGNEAU;TITI;OMERUO;SARI;PAVELKA;DURAK;KOITA;SCARIONE;TORUN;DERDIYOK
Konyaspor vs. Trabzonspor - Sunday March 6 - 2016,Konyaspor,hard,4-4-2,KIRINTILI;DOUGLAS;VUKOVIC;TURAN;SKUBIC;MEHA;CAMDALI;HOLMEN;SONMEZ;BAJIC;TRAORE
Konyaspor vs. Trabzonspor - Sunday March 6 - 2016,Trabzonspor,easy,4-2-3-1,ALVARADO;ERDOGAN;DOUGLAS;YUMLU;BOSINGWA;AKAKPO;OVUC;MARIN;HURMACI;YILMAZ;DEMIR
Besiktas vs. Eskisehirspor - Monday March 7 - 2016,Besiktas,easy,4-2-3-1,ZENGIN;KOYBASI;RUANO;MARCELO;BECK;HUTCHINSON;OZYAKUP;SAHAN;SOSA;QUARESMA;GOMEZ
Besiktas vs. Eskisehirspor - Monday March 7 - 2016,Eskisehirspor,hard,4-2-3-1,BOFFIN;DOGAN;FIGUERAS;JUNIOR;COSKUN;KARAKAS;TOKO;BEKDEMIR;HADZIC;GURAL;MEYE
Trabzonspor vs. Mersin Idmanyurdu - Friday March 11 - 2016,Mersin Idmanyurdu,hard,4-4-2,YILDIRIM;WEDERSON;MITROVIC;SADIKU;BALCI;NAKOULMA;CEYLAN;KHALILI;VAROL;WELLITON;TITA
Trabzonspor vs. Mersin Idmanyurdu - Friday March 11 - 2016,Trabzonspor,easy,4-2-3-1,ALVARADO;BOSINGWA;AKAKPO;YUMLU;CAVANDA;YOKUSLU;KARA;ZENGIN;MARIN;YILMAZ;CARDOZO
Basaksehir vs. Osmanlispor Fk - Saturday March 12 - 2016,Basaksehir,hard,4-2-3-1,BABACAN;OZTORUN;EPUREANU;AYHAN;IRTEGUN;TEKDEMIR;BELOZOGLU;DOKA MADUREIRA;MARCIO MOSSORO;VISCA;BATDAL
Basaksehir vs. Osmanlispor Fk - Saturday March 12 - 2016,Osmanlispor Fk,hard,4-2-3-1,SAHIN;PINTO;CURUKSU;SZUKALA;BAYIR;GUVEN;CAGIRAN;DELARGE;LAWAL;UMAR;RUSESCU
Gaziantepspor vs. Konyaspor - Saturday March 12 - 2016,Gaziantepspor,hard,4-4-2,KARCEMARSKAS;ARSLAN;GOUANO;SUME;YARDIMCI;NEFIZ;ABUDA;KAYALI;CINAR;LARSSON;CHIBUIKE
Gaziantepspor vs. Konyaspor - Saturday March 12 - 2016,Konyaspor,hard,4-2-3-1,KIRINTILI;DOUGLAS;VUKOVIC;TURAN;SKUBIC;CAMDALI;FINDIKLI;MEHA;HOLMEN;SAHINER;RANGELOV
Rizespor vs. Besiktas - Saturday March 12 - 2016,Besiktas,easy,4-2-3-1,ZENGIN;KOYBASI;RUANO;MARCELO;BECK;HUTCHINSON;OZYAKUP;SAHAN;SOSA;FREI;GOMEZ
Rizespor vs. Besiktas - Saturday March 12 - 2016,Rizespor,hard,4-4-2,ITANDJE;ALBAYRAK;OBOABONA;VIERA;ALTINAY;DURUER;SYLVESTRE;MAKIADI;OZEK;KADAH;CHEVALIER
Eskisehirspor vs. Akhisar Belediyespor - Sunday March 13 - 2016,Akhisar Belediyespor,hard,4-3-3,OZTURK;KELES;KONUK;OSMANPASA;UNLU;CUSTODIO;YUCE;N'GUEMO;CELIK;RODALLEGA;VAZ TE
Eskisehirspor vs. Akhisar Belediyespor - Sunday March 13 - 2016,Eskisehirspor,hard,4-4-2,BOFFIN;KANAK;FIGUERAS;JUNIOR;TOKO;BEKDEMIR;HADZIC;KARAKAS;KULACH;MEYE;CIFTCI
Fenerbahce vs. Kayserispor - Sunday March 13 - 2016,Fenerbahce,easy,4-2-3-1,DEMIREL;KALDIRIM;ALVES;KJAER;OZBAYRAKLI;SOUZA;KADLEC;SEN;DIEGO;NANI;FERNANDAO
Fenerbahce vs. Kayserispor - Sunday March 13 - 2016,Kayserispor,hard,4-2-3-1,AHAMADA;EMIR;PARLAK;MABIALA;YAVRU;MIJAILOVIC;CAN;BAYRAM;BISESWAR;TURUC;WILLIAM
Genclerbirligi vs. Galatasaray - Sunday March 13 - 2016,Galatasaray,easy,4-2-3-1,MUSLERA;ADIN;DENAYER;KAYA;LINNES;INAN;KISA;OZTEKIN;COLAK;PODOLSKI;BULUT
Genclerbirligi vs. Galatasaray - Sunday March 13 - 2016,Genclerbirligi,hard,4-2-3-1,HOPF;CIFTCI;CALIK;KULUSIC;OGUZ;SAHIN;SKULASON;KARABULUT;KAHVECI;DJALMA;STANCU
Antalyaspor vs. Bursaspor - Monday March 14 - 2016,Antalyaspor,hard,4-2-3-1,M'BOLHI;RAMON;DIEGO ANGELO;CELUSTKA;SIMSEK;MAKOUN;YILDIRIM;OZKAN;KURTULUS;ETAME;ETO'O
Antalyaspor vs. Bursaspor - Monday March 14 - 2016,Bursaspor,hard,4-2-3-1,TEKIN;BEHICH;SIVOK;CINAZ;OZGENC;KARACAN;JORQUERA;YILMAZ;BATALLA;DZSUDZSAK;NECID
Sivasspor vs. Kasimpasa - Monday March 14 - 2016,Kasimpasa,hard,4-2-3-1,ISAKSSON;BOZHIKOV;TITI;OMERUO;SARI;CASTRO;DURAK;KIRAZ;SCARIONE;TORUN;MALKI
Sivasspor vs. Kasimpasa - Monday March 14 - 2016,Sivasspor,hard,4-2-3-1,CELIKAY;ERDAL;OUMARI;BOYE;CICINHO;INCEDEMIR;KOCAK;SIMSEK;CHAHECHOUHE;TANASE;TEXEIRA
Trabzonspor vs. Besiktas - Tuesday March 15 - 2016,Besiktas,easy,4-2-3-1,ZENGIN;KOYBASI;TOSIC;UYSAL;BECK;HUTCHINSON;OZYAKUP;FREI;SOSA;QUARESMA;GOMEZ
Trabzonspor vs. Besiktas - Tuesday March 15 - 2016,Trabzonspor,easy,4-4-2,ALVARADO;ERDOGAN;DOUGLAS;YUMLU;CAVANDA;MARIN;YOKUSLU;KARA;ZENGIN;DEMIR;CARDOZO
Akhisar Belediyespor vs. Rizespor - Friday March 18 - 2016,Akhisar Belediyespor,hard,4-4-2,OZTURK;TASDELEN;KONUK;OSMANPASA;UNLU;SAMI;CUSTODIO;N'GUEMO;VAZ TE;RODALLEGA;CELIK
Akhisar Belediyespor vs. Rizespor - Friday March 18 - 2016,Rizespor,hard,4-4-2,ITANDJE;ISMAIL;KURT;VIERA;OVACIKLI;OZEK;SYLVESTRE;MAKIADI;KAYA;KADAH;AKYUZ
Kayserispor vs. Eskisehirspor - Friday March 18 - 2016,Eskisehirspor,hard,4-2-3-1,VURAL;KANAK;FIGUERAS;JUNIOR;TOKO;COREKCI;COSKUN;BEKDEMIR;HADZIC;CIFTCI;MEYE
Kayserispor vs. Eskisehirspor - Friday March 18 - 2016,Kayserispor,hard,4-2-3-1,AHAMADA;EMIR;AKBAS;SIMIC;YAVRU;MIJAILOVIC;CAN;BAYRAM;BISESWAR;TURUC;WILLIAM
Besiktas vs. Antalyaspor - Saturday March 19 - 2016,Antalyaspor,hard,4-2-3-1,M'BOLHI;RAMON;DIEGO ANGELO;CELUSTKA;SIMSEK;MAKOUN;YILDIRIM;OZKAN;KURTULUS;ETAME;ETO'O
Besiktas vs. Antalyaspor - Saturday March 19 - 2016,Besiktas,easy,4-2-3-1,BOYKO;KOYBASI;MARCELO;UYSAL;BECK;HUTCHINSON;OZYAKUP;FREI;SOSA;QUARESMA;GOMEZ
Osmanlispor Fk vs. Genclerbirligi - Saturday March 19 - 2016,Genclerbirligi,hard,4-2-3-1,HOPF;CIFTCI;CALIK;KULUSIC;OGUZ;SAHIN;KAYA;STANCU;HLEB;DJALMA;EL KABIR
Osmanlispor Fk vs. Genclerbirligi - Saturday March 19 - 2016,Osmanlispor Fk,hard,4-2-3-1,SAHIN;PINTO;CURUKSU;SZUKALA;BAYIR;GUVEN;CAGIRAN;TORJE;LAWAL;UMAR;RUSESCU
Trabzonspor vs. Sivasspor - Saturday March 19 - 2016,Sivasspor,hard,4-2-3-1,CELIKAY;ERDAL;OUMARI;BOYE;CICINHO;INCEDEMIR;TAOUIL;SIMSEK;CHAHECHOUHE;TANASE;TEXEIRA
Trabzonspor vs. Sivasspor - Saturday March 19 - 2016,Trabzonspor,easy,4-2-3-1,ALVARADO;ERDOGAN;AKAKPO;YUMLU;BOSINGWA;KARA;YOKUSLU;ZENGIN;MARIN;CAVANDA;CARDOZO
Bursaspor vs. Kasimpasa - Sunday March 20 - 2016,Bursaspor,hard,4-2-3-1,TEKIN;BEHICH;SIVOK;CINAZ;HOSOGAI;FATY;TRAORE;TASDEMIR;BATALLA;YILDIRIM;YILMAZ
Bursaspor vs. Kasimpasa - Sunday March 20 - 2016,Kasimpasa,hard,4-2-3-1,ISAKSSON;VEIGNEAU;BOZHIKOV;TITI;POPOV;ARSLAN;DURAK;DEL VALLE;SCARIONE;BUYUK;KOITA
Konyaspor vs. Basaksehir - Sunday March 20 - 2016,Basaksehir,hard,4-2-3-1,BABACAN;OZTORUN;EPUREANU;AYHAN;IRTEGUN;TEKDEMIR;BELOZOGLU;SAHIN;MARCIO MOSSORO;VISCA;BATDAL
Konyaspor vs. Basaksehir - Sunday March 20 - 2016,Konyaspor,hard,4-4-2,KIRINTILI;USLU;VUKOVIC;TURAN;SKUBIC;MEHA;CAMDALI;FINDIKLI;SAHINER;BAJIC;TRAORE
Mersin Idmanyurdu vs. Gaziantepspor - Sunday March 20 - 2016,Gaziantepspor,hard,4-2-3-1,KARCEMARSKAS;ARSLAN;GOUANO;SUME;YARDIMCI;GUCER;KAYALI;LARSSON;PUTILO;CINAR;PARLAK
Mersin Idmanyurdu vs. Gaziantepspor - Sunday March 20 - 2016,Mersin Idmanyurdu,hard,4-4-2,YILDIRIM;WEDERSON;MITROVIC;SADIKU;BALCI;NAKOULMA;CEYLAN;KHALILI;VAROL;WELLITON;TITA
Eskisehirspor vs. Galatasaray - Saturday April 2 - 2016,Eskisehirspor,hard,4-2-3-1,BOFFIN;KANAK;FIGUERAS;JUNIOR;COREKCI;KARAKAS;CAUSIC;BEKDEMIR;HADZIC;CIFTCI;BOKILA
Eskisehirspor vs. Galatasaray - Saturday April 2 - 2016,Galatasaray,easy,4-2-3-1,MUSLERA;CAROLE;DONK;KAYA;LINNES;RODRIGUEZ;KISA;OZTEKIN;COLAK;PODOLSKI;BULUT
Gaziantepspor vs. Trabzonspor - Saturday April 2 - 2016,Gaziantepspor,hard,4-4-2,KARCEMARSKAS;ARSLAN;GOUANO;SUME;YARDIMCI;PUTILO;SEN;KAYALI;CINAR;LARSSON;CHIBUIKE
Gaziantepspor vs. Trabzonspor - Saturday April 2 - 2016,Trabzonspor,easy,4-2-3-1,ALVARADO;BOSINGWA;DEMIR;YUMLU;CAVANDA;KARA;HURMACI;VURAL;EKICI;MARIN;CARDOZO
Genclerbirligi vs. Konyaspor - Saturday April 2 - 2016,Genclerbirligi,hard,4-2-3-1,HOPF;PEHLIVAN;CALIK;KULUSIC;OGUZ;SAHIN;SKULASON;KAHVECI;HLEB;DJALMA;STANCU
Genclerbirligi vs. Konyaspor - Saturday April 2 - 2016,Konyaspor,hard,4-2-3-1,KIRINTILI;DOUGLAS;VUKOVIC;TURAN;SKUBIC;CAMDALI;FINDIKLI;MEHA;HOLMEN;SAHINER;BAJIC
Antalyaspor vs. Akhisar Belediyespor - Sunday April 3 - 2016,Akhisar Belediyespor,hard,4-2-3-1,OZTURK;TASDELEN;KONUK;OSMANPASA;UNLU;N'GUEMO;CUSTODIO;SAMI;AYDOGDU;VAZ TE;RODALLEGA
Antalyaspor vs. Akhisar Belediyespor - Sunday April 3 - 2016,Antalyaspor,hard,4-2-3-1,M'BOLHI;RAMON;DIEGO ANGELO;CELUSTKA;SIMSEK;MAKOUN;KURTULUS;OZKAN;DANILO;ETAME;ETO'O
Basaksehir vs. Mersin Idmanyurdu - Sunday April 3 - 2016,Basaksehir,hard,4-2-3-1,BABACAN;ERDEM;EPUREANU;AYHAN;IRTEGUN;OZMERT;TEKDEMIR;SAHIN;MARCIO MOSSORO;VISCA;CIKALLESHI
Basaksehir vs. Mersin Idmanyurdu - Sunday April 3 - 2016,Mersin Idmanyurdu,hard,4-4-2,YILDIRIM;WEDERSON;MITROVIC;SADIKU;BALCI;KAYA;KHALILI;CEYLAN;TOZLU;TITA;KALOGLU
Fenerbahce vs. Osmanlispor Fk - Sunday April 3 - 2016,Fenerbahce,easy,4-2-3-1,DEMIREL;KALDIRIM;ALVES;KJAER;GONUL;TOPAL;SOUZA;SEN;TUFAN;POTUK;VAN PERSIE
Fenerbahce vs. Osmanlispor Fk - Sunday April 3 - 2016,Osmanlispor Fk,hard,4-2-3-1,SAHIN;PINTO;CURUKSU;DEMIROK;BAYIR;CAGIRAN;GUVEN;UMAR;LAWAL;NDIAYE;WEBO
Sivasspor vs. Bursaspor - Sunday April 3 - 2016,Bursaspor,hard,4-2-3-1,TEKIN;BEHICH;SIVOK;CINAZ;HOSOGAI;FATY;TRAORE;TASDEMIR;BATALLA;YILDIRIM;YILMAZ
Sivasspor vs. Bursaspor - Sunday April 3 - 2016,Sivasspor,hard,4-2-3-1,CELIKAY;ERDAL;OUMARI;BOYE;CICINHO;INCEDEMIR;KOCAK;SIMSEK;CHAHECHOUHE;ESER;TEXEIRA
Kasimpasa vs. Besiktas - Monday April 4 - 2016,Besiktas,easy,4-2-3-1,BOYKO;KOYBASI;MARCELO;UYSAL;BECK;HUTCHINSON;OZYAKUP;SAHAN;SOSA;FREI;GOMEZ
Kasimpasa vs. Besiktas - Monday April 4 - 2016,Kasimpasa,hard,4-2-3-1,KOSE;VEIGNEAU;TITI;OMERUO;POPOV;ARSLAN;CASTRO;DEL VALLE;SCARIONE;BUYUK;DERDIYOK
Rizespor vs. Kayserispor - Monday April 4 - 2016,Kayserispor,hard,4-2-3-1,AHAMADA;EMIR;AKBAS;MABIALA;YAVRU;MIJAILOVIC;OZCAL;BISESWAR;LOPES;CAGLAYAN;BAKIS
Rizespor vs. Kayserispor - Monday April 4 - 2016,Rizespor,hard,4-4-2,ITANDJE;ISMAIL;OBOABONA;VIERA;OVACIKLI;AKYUZ;ALTINAY;SYLVESTRE;KAYA;KADAH;CHEVALIER
Gaziantepspor vs. Sivasspor - Friday April 8 - 2016,Gaziantepspor,hard,4-4-2,KARCEMARSKAS;YARDIMCI;GOUANO;SUME;ARSLAN;PUTILO;ABUDA;KAYALI;LARSSON;PARLAK;CHIBUIKE
Gaziantepspor vs. Sivasspor - Friday April 8 - 2016,Sivasspor,hard,4-2-3-1,SETKUS;ERDAL;OUMARI;BOYE;CICINHO;INCEDEMIR;KOCAK;SIMSEK;CHAHECHOUHE;ESER;KABZE
Galatasaray vs. Rizespor - Saturday April 9 - 2016,Galatasaray,easy,4-2-3-1,MUSLERA;CAROLE;DENAYER;KAYA;GUNTER;CHEDJOU;KISA;OZTEKIN;COLAK;ADIN;PODOLSKI
Galatasaray vs. Rizespor - Saturday April 9 - 2016,Rizespor,hard,4-4-2,ITANDJE;ISMAIL;OBOABONA;VIERA;OVACIKLI;AKYUZ;ALTINAY;SYLVESTRE;KAYA;TUSZYNSKI;OZEK
Konyaspor vs. Fenerbahce - Saturday April 9 - 2016,Fenerbahce,easy,4-2-3-1,DEMIREL;KALDIRIM;ALVES;KJAER;GONUL;TOPAL;SOUZA;SEN;DIEGO;NANI;FERNANDAO
Konyaspor vs. Fenerbahce - Saturday April 9 - 2016,Konyaspor,hard,4-2-3-1,KIRINTILI;USLU;VUKOVIC;TURAN;SKUBIC;CAMDALI;FINDIKLI;MEHA;HOLMEN;SAHINER;RANGELOV
Osmanlispor Fk vs. Eskisehirspor - Saturday April 9 - 2016,Eskisehirspor,hard,4-2-3-1,BOFFIN;KANAK;FIGUERAS;GUNGOR;COREKCI;CAUSIC;COSKUN;BEKDEMIR;HADZIC;CIFTCI;BOKILA
Osmanlispor Fk vs. Eskisehirspor - Saturday April 9 - 2016,Osmanlispor Fk,hard,4-2-3-1,SAHIN;PINTO;CURUKSU;DEMIROK;BAYIR;LAWAL;CAGIRAN;DELARGE;NDIAYE;UMAR;RUSESCU
Kayserispor vs. Antalyaspor - Sunday April 10 - 2016,Antalyaspor,hard,4-3-3,FORNEZZI;RAMON;DIEGO ANGELO;CELUSTKA;INKOOM;MAKOUN;CHARLES;YILDIRIM;ETO'O;SISMANOGLU;DELIBALTA
Kayserispor vs. Antalyaspor - Sunday April 10 - 2016,Kayserispor,hard,4-2-3-1,AHAMADA;EMIR;AKBAS;MABIALA;YAVRU;MIJAILOVIC;OZCAL;BISESWAR;LOPES;CAGLAYAN;BAKIS
Mersin Idmanyurdu vs. Genclerbirligi - Sunday April 10 - 2016,Genclerbirligi,hard,4-2-3-1,HOPF;CIFTCI;CALIK;KULUSIC;ASLANTAS;SAHIN;LANDEL;STANCU;KAHVECI;DJALMA;EL KABIR
Mersin Idmanyurdu vs. Genclerbirligi - Sunday April 10 - 2016,Mersin Idmanyurdu,hard,4-4-2,YILDIRIM;WEDERSON;MITROVIC;DEMIRHAN;BALCI;NAKOULMA;TAS;CEYLAN;VAROL;WELLITON;TITA
Trabzonspor vs. Basaksehir - Sunday April 10 - 2016,Basaksehir,hard,4-2-3-1,BABACAN;ERDEM;EPUREANU;AYHAN;IRTEGUN;TEKDEMIR;BELOZOGLU;DOKA MADUREIRA;MARCIO MOSSORO;VISCA;CIKALLESHI
Trabzonspor vs. Basaksehir - Sunday April 10 - 2016,Trabzonspor,easy,4-2-3-1,ALVARADO;BOSINGWA;AKAKPO;YUMLU;CAVANDA;KARA;OVUC;ZENGIN;EKICI;HURMACI;DEMIR
Akhisar Belediyespor vs. Kasimpasa - Monday April 11 - 2016,Akhisar Belediyespor,hard,4-3-3,OZTURK;TASDELEN;KONUK;OSMANPASA;UNLU;CUSTODIO;YUCE;N'GUEMO;SAMI;RODALLEGA;VAZ TE
Akhisar Belediyespor vs. Kasimpasa - Monday April 11 - 2016,Kasimpasa,hard,4-2-3-1,KOSE;VEIGNEAU;TITI;OMERUO;POPOV;ARSLAN;CASTRO;DEL VALLE;SCARIONE;BUYUK;DERDIYOK
Besiktas vs. Bursaspor - Monday April 11 - 2016,Besiktas,easy,4-2-3-1,ZENGIN;KOYBASI;RUANO;MARCELO;KURTULUS;HUTCHINSON;OZYAKUP;SAHAN;SOSA;QUARESMA;GOMEZ
Besiktas vs. Bursaspor - Monday April 11 - 2016,Bursaspor,hard,4-2-3-1,TEKIN;BEHICH;SIVOK;CINAZ;HOSOGAI;FATY;TRAORE;TASDEMIR;BATALLA;YILMAZ;NECID
Galatasaray vs. Fenerbahce - Wednesday April 13 - 2016,Fenerbahce,easy,4-4-2,DEMIREL;KALDIRIM;ALVES;KJAER;GONUL;SEN;TOPAL;SOUZA;POTUK;NANI;VAN PERSIE
Galatasaray vs. Fenerbahce - Wednesday April 13 - 2016,Galatasaray,easy,4-2-3-1,MUSLERA;ADIN;BALTA;DENAYER;KAYA;DONK;INAN;COLAK;SNEIJDER;OZTEKIN;PODOLSKI
Antalyaspor vs. Galatasaray - Saturday April 16 - 2016,Antalyaspor,hard,4-3-3,FORNEZZI;RAMON;DIEGO ANGELO;CELUSTKA;INKOOM;ENGUENE;MAKOUN;KURTULUS;OZKAN;ETO'O;ETAME
Antalyaspor vs. Galatasaray - Saturday April 16 - 2016,Galatasaray,easy,4-2-3-1,MUSLERA;CAROLE;BALTA;KAYA;LINNES;DONK;KISA;OZTEKIN;COLAK;ADIN;PODOLSKI
Eskisehirspor vs. Konyaspor - Saturday April 16 - 2016,Eskisehirspor,hard,4-2-3-1,BOFFIN;DOGAN;FIGUERAS;GUNGOR;COREKCI;CAUSIC;COSKUN;KANAK;HADZIC;CIFTCI;BOKILA
Eskisehirspor vs. Konyaspor - Saturday April 16 - 2016,Konyaspor,hard,4-4-2,KIRINTILI;DOUGLAS;TURAN;AY;SKUBIC;TRAORE;CAMDALI;FINDIKLI;MARC KIBONG MBAMBA;SONMEZ;BAJIC
Rizespor vs. Osmanlispor Fk - Saturday April 16 - 2016,Osmanlispor Fk,hard,4-2-3-1,SAHIN;PINTO;CURUKSU;SZUKALA;BAYIR;GUVEN;CAGIRAN;DELARGE;NDIAYE;UMAR;WEBO
Rizespor vs. Osmanlispor Fk - Saturday April 16 - 2016,Rizespor,hard,4-4-2,ITANDJE;ISMAIL;OBOABONA;VIERA;OVACIKLI;DZALAMIDZE;ALTINAY;SYLVESTRE;KAYA;TUSZYNSKI;OZEK
Sivasspor vs. Besiktas - Saturday April 16 - 2016,Besiktas,easy,4-2-3-1,ZENGIN;KOYBASI;RUANO;MARCELO;BECK;HUTCHINSON;OZYAKUP;SAHAN;SOSA;FREI;GOMEZ
Sivasspor vs. Besiktas - Saturday April 16 - 2016,Sivasspor,hard,4-2-3-1,SETKUS;OZTURK;OUMARI;BOYE;CICINHO;KONE;KOCAK;CHAHECHOUHE;TAOUIL;ESER;KABZE
Basaksehir vs. Gaziantepspor - Sunday April 17 - 2016,Basaksehir,hard,4-2-3-1,BABACAN;ERDEM;EPUREANU;AYHAN;IRTEGUN;TEKDEMIR;BELOZOGLU;DOKA MADUREIRA;MARCIO MOSSORO;VISCA;BATDAL
Basaksehir vs. Gaziantepspor - Sunday April 17 - 2016,Gaziantepspor,hard,4-2-3-1,KARCEMARSKAS;MARCAL;AROKOYO;SUME;ARSLAN;ABUDA;ILDIZ;LARSSON;PUTILO;CINAR;PARLAK
Bursaspor vs. Akhisar Belediyespor - Sunday April 17 - 2016,Akhisar Belediyespor,hard,4-3-3,OZTURK;TASDELEN;KONUK;OSMANPASA;UNLU;CUSTODIO;YUCE;N'GUEMO;SAMI;RODALLEGA;BRUNO MEZENGA
Bursaspor vs. Akhisar Belediyespor - Sunday April 17 - 2016,Bursaspor,hard,4-2-3-1,TEKIN;BEHICH;AZIZ;SIVOK;YILMAZ;CINAZ;TRAORE;TASDEMIR;BATALLA;YILDIRIM;YILMAZ
Fenerbahce vs. Mersin Idmanyurdu - Sunday April 17 - 2016,Fenerbahce,easy,4-4-2,DEMIREL;KALDIRIM;ALVES;KJAER;GONUL;SEN;TOPAL;SOUZA;POTUK;NANI;VAN PERSIE
Fenerbahce vs. Mersin Idmanyurdu - Sunday April 17 - 2016,Mersin Idmanyurdu,hard,4-3-3,YILDIRIM;WEDERSON;AKKAN;SADIKU;VAROL;KHALILI;TAS;CEYLAN;TITA;WELLITON;PEDRIEL
Kasimpasa vs. Kayserispor - Sunday April 17 - 2016,Kasimpasa,hard,4-2-3-1,KOSE;VEIGNEAU;TITI;OMERUO;POPOV;ARSLAN;CASTRO;DEL VALLE;SCARIONE;BUYUK;DERDIYOK
Kasimpasa vs. Kayserispor - Sunday April 17 - 2016,Kayserispor,hard,4-2-3-1,AHAMADA;EMIR;AKBAS;SIMIC;YAVRU;MIJAILOVIC;OZCAL;BISESWAR;LOPES;BAYRAM;CAGLAYAN
Genclerbirligi vs. Trabzonspor - Monday April 18 - 2016,Genclerbirligi,hard,4-2-3-1,KAPLAN;CIFTCI;GORGULU;POLITEVICH;ASLANTAS;KAYA;LANDEL;STANCU;KAHVECI;DJALMA;EL KABIR
Genclerbirligi vs. Trabzonspor - Monday April 18 - 2016,Trabzonspor,easy,4-2-3-1,ALVARADO;VURAL;DEMIR;YUMLU;CAVANDA;YOKUSLU;HURMACI;ZENGIN;EKICI;MARIN;DEMIR
Kayserispor vs. Bursaspor - Friday April 22 - 2016,Bursaspor,hard,4-2-3-1,TEKIN;BEHICH;AZIZ;SIVOK;HOSOGAI;FATY;TRAORE;STOCH;JORQUERA;DZSUDZSAK;NECID
Kayserispor vs. Bursaspor - Friday April 22 - 2016,Kayserispor,hard,4-2-3-1,AHAMADA;EMIR;AKBAS;SIMIC;CAN;MIJAILOVIC;OZCAL;CAGLAYAN;LOPES;TURUC;BAKIS
Akhisar Belediyespor vs. Besiktas - Saturday April 23 - 2016,Akhisar Belediyespor,hard,4-3-3,OZTURK;TASDELEN;DOUGLAO;OSMANPASA;UNLU;CUSTODIO;YUCE;N'GUEMO;SAMI;RODALLEGA;GRBIC
Akhisar Belediyespor vs. Besiktas - Saturday April 23 - 2016,Besiktas,easy,4-2-3-1,ZENGIN;KOYBASI;RUANO;MARCELO;KURTULUS;HUTCHINSON;OZYAKUP;SAHAN;SOSA;QUARESMA;GOMEZ
Basaksehir vs. Sivasspor - Saturday April 23 - 2016,Basaksehir,hard,4-2-3-1,BABACAN;ERDEM;EPUREANU;AYHAN;IRTEGUN;TEKDEMIR;BELOZOGLU;DOKA MADUREIRA;MARCIO MOSSORO;VISCA;BATDAL
Basaksehir vs. Sivasspor - Saturday April 23 - 2016,Sivasspor,hard,4-2-3-1,SETKUS;SUZEN;OUMARI;BOYE;CEKEN;KONE;INCEDEMIR;TANASE;CHAHECHOUHE;ESER;SIMSEK
Osmanlispor Fk vs. Antalyaspor - Saturday April 23 - 2016,Antalyaspor,hard,4-1-4-1,M'BOLHI;RAMON;DIEGO ANGELO;CELUSTKA;INKOOM;CHARLES;OZKAN;ENGUENE;KURTULUS;SIMSEK;ETO'O
Osmanlispor Fk vs. Antalyaspor - Saturday April 23 - 2016,Osmanlispor Fk,hard,4-2-3-1,ARIKAN;BAYIR;CURUKSU;DEMIROK;VRSAJEVIC;CAGIRAN;GUVEN;DELARGE;NDIAYE;UMAR;WEBO
Galatasaray vs. Kasimpasa - Sunday April 24 - 2016,Galatasaray,easy,4-2-3-1,MUSLERA;CAROLE;GUNTER;KAYA;LINNES;INAN;KISA;ADIN;COLAK;SARIOGLU;PODOLSKI
Galatasaray vs. Kasimpasa - Sunday April 24 - 2016,Kasimpasa,hard,4-2-3-1,KOSE;VEIGNEAU;TITI;SARI;POPOV;ARSLAN;CASTRO;DEL VALLE;SCARIONE;KOITA;DERDIYOK
Konyaspor vs. Rizespor - Sunday April 24 - 2016,Konyaspor,hard,4-4-2,KIRINTILI;DOUGLAS;VUKOVIC;TURAN;SKUBIC;TRAORE;CAMDALI;FINDIKLI;SAHINER;SONMEZ;BAJIC
Konyaspor vs. Rizespor - Sunday April 24 - 2016,Rizespor,hard,4-4-2,ITANDJE;ISMAIL;KURT;OBOABONA;OVACIKLI;DURUER;ALTINAY;SYLVESTRE;OZEK;KADAH;CHEVALIER
Mersin Idmanyurdu vs. Eskisehirspor - Sunday April 24 - 2016,Eskisehirspor,hard,4-2-3-1,VURAL;COSKUN;FIGUERAS;GUNGOR;COREKCI;KARAKAS;CAUSIC;BEKDEMIR;HADZIC;CIFTCI;MEYE
Mersin Idmanyurdu vs. Eskisehirspor - Sunday April 24 - 2016,Mersin Idmanyurdu,hard,4-3-3,SAHIN;WEDERSON;MITROVIC;SADIKU;BALCI;KHALILI;TAS;CEYLAN;TITA;TOZLU;VAROL
Trabzonspor vs. Fenerbahce - Sunday April 24 - 2016,Fenerbahce,easy,4-4-2,DEMIREL;KALDIRIM;ALVES;KJAER;GONUL;SEN;TOPAL;SOUZA;POTUK;NANI;VAN PERSIE
Trabzonspor vs. Fenerbahce - Sunday April 24 - 2016,Trabzonspor,easy,4-4-2,KIVRAK;NIZAM;DEMIR;BOSINGWA;DURSUN;VURAL;YOKUSLU;EKICI;HURMACI;DEMIR;CARDOZO
Gaziantepspor vs. Genclerbirligi - Monday April 25 - 2016,Gaziantepspor,hard,4-4-2,KARCEMARSKAS;YARDIMCI;AROKOYO;CINEMRE;ARSLAN;PUTILO;GUCER;KAYALI;LARSSON;HABIBOU;CHIBUIKE
Gaziantepspor vs. Genclerbirligi - Monday April 25 - 2016,Genclerbirligi,hard,4-2-3-1,HOPF;CIFTCI;KULUSIC;POLITEVICH;OGUZ;SAHIN;LANDEL;STANCU;KAHVECI;DJALMA;EL KABIR
Bursaspor vs. Galatasaray - Friday April 29 - 2016,Bursaspor,hard,4-2-3-1,TEKIN;BEHICH;SIVOK;CINAZ;HOSOGAI;KARACAN;FATY;STOCH;BATALLA;KANATSIZKUS;NECID
Bursaspor vs. Galatasaray - Friday April 29 - 2016,Galatasaray,easy,4-4-2,MUSLERA;CAROLE;BALTA;DENAYER;SARIOGLU;OZTEKIN;INAN;COLAK;ADIN;BULUT;PODOLSKI
Rizespor vs. Mersin Idmanyurdu - Friday April 29 - 2016,Mersin Idmanyurdu,hard,4-1-4-1,SAHIN;METIN;AKKAN;SADIKU;OLKAN;TAS;OGRAK;KHALILI;CEYLAN;VAROL;TOZLU
Rizespor vs. Mersin Idmanyurdu - Friday April 29 - 2016,Rizespor,hard,4-3-3,ITANDJE;DURUER;OBOABONA;VIERA;OVACIKLI;MAKIADI;ALTINAY;SYLVESTRE;OZEK;KADAH;KAYA
Besiktas vs. Kayserispor - Saturday April 30 - 2016,Besiktas,easy,4-2-3-1,ZENGIN;KOYBASI;TOSIC;MARCELO;BECK;HUTCHINSON;OZYAKUP;SAHAN;SOSA;QUARESMA;GOMEZ
Besiktas vs. Kayserispor - Saturday April 30 - 2016,Kayserispor,hard,4-2-3-1,AHAMADA;EMIR;AKBAS;SIMIC;YAVRU;MIJAILOVIC;OZCAL;CAGLAYAN;LOPES;TURUC;BAKIS
Eskisehirspor vs. Trabzonspor - Saturday April 30 - 2016,Eskisehirspor,hard,4-2-3-1,BOFFIN;KANAK;FIGUERAS;GUNGOR;COREKCI;KARAKAS;CAUSIC;BEKDEMIR;OKRIASHVILI;UCAR;CIFTCI
Eskisehirspor vs. Trabzonspor - Saturday April 30 - 2016,Trabzonspor,easy,4-2-3-1,KIVRAK;NIZAM;DEMIR;DOUGLAS;BOSINGWA;YOKUSLU;KARA;VURAL;EKICI;KARADENIZ;DEMIR
Genclerbirligi vs. Basaksehir - Saturday April 30 - 2016,Basaksehir,hard,4-2-3-1,BABACAN;ERDEM;EPUREANU;AYHAN;IRTEGUN;TEKDEMIR;BELOZOGLU;DOKA MADUREIRA;MARCIO MOSSORO;VISCA;BATDAL
Genclerbirligi vs. Basaksehir - Saturday April 30 - 2016,Genclerbirligi,hard,4-2-3-1,HOPF;CIFTCI;KULUSIC;POLITEVICH;OGUZ;SAHIN;LANDEL;STANCU;KAHVECI;DJALMA;EL KABIR
Antalyaspor vs. Konyaspor - Sunday May 1 - 2016,Antalyaspor,hard,4-2-3-1,FORNEZZI;RAMON;AYTAC;DIEGO ANGELO;CELUSTKA;MAKOUN;KURTULUS;OZKAN;DANILO;ETAME;ETO'O
Antalyaspor vs. Konyaspor - Sunday May 1 - 2016,Konyaspor,hard,4-2-3-1,KIRINTILI;USLU;VUKOVIC;TURAN;SKUBIC;CAMDALI;FINDIKLI;TRAORE;HOLMEN;SAHINER;RANGELOV
Fenerbahce vs. Gaziantepspor - Sunday May 1 - 2016,Fenerbahce,easy,4-4-2,DEMIREL;KALDIRIM;ALVES;KJAER;GONUL;SEN;TOPAL;SOUZA;POTUK;NANI;VAN PERSIE
Fenerbahce vs. Gaziantepspor - Sunday May 1 - 2016,Gaziantepspor,hard,4-2-3-1,KARCEMARSKAS;ARSLAN;AROKOYO;SUME;ILDIZ;ABUDA;GUCER;CINAR;KILIC;NEFIZ;LARSSON
Sivasspor vs. Akhisar Belediyespor - Sunday May 1 - 2016,Akhisar Belediyespor,hard,4-3-3,OZTURK;TASDELEN;DOUGLAO;KONUK;UNLU;N'GUEMO;YUCE;CUSTODIO;SAMI;RODALLEGA;VAZ TE
Sivasspor vs. Akhisar Belediyespor - Sunday May 1 - 2016,Sivasspor,hard,4-2-3-1,SETKUS;SUZEN;OUMARI;BOYE;CEKEN;INCEDEMIR;TANASE;SIMSEK;CHAHECHOUHE;ESER;TEXEIRA
Kasimpasa vs. Osmanlispor Fk - Monday May 2 - 2016,Kasimpasa,hard,4-2-3-1,BIRNICAN;VEIGNEAU;TITI;OMERUO;POPOV;ARSLAN;CASTRO;DEL VALLE;SCARIONE;BUYUK;DERDIYOK
Kasimpasa vs. Osmanlispor Fk - Monday May 2 - 2016,Osmanlispor Fk,hard,4-2-3-1,SAHIN;BAYIR;CURUKSU;DEMIROK;VRSAJEVIC;GUVEN;CAGIRAN;DELARGE;NDIAYE;UMAR;WEBO
Gaziantepspor vs. Eskisehirspor - Saturday May 7 - 2016,Eskisehirspor,hard,4-2-3-1,BOFFIN;KANAK;FIGUERAS;GUNGOR;COREKCI;HADZIC;CAUSIC;BEKDEMIR;OKRIASHVILI;CIFTCI;BOKILA
Gaziantepspor vs. Eskisehirspor - Saturday May 7 - 2016,Gaziantepspor,hard,4-4-2,KARCEMARSKAS;MARCAL;GOUANO;SUME;YARDIMCI;LARSSON;ABUDA;ILDIZ;DURAK;HABIBOU;CHIBUIKE
Osmanlispor Fk vs. Bursaspor - Saturday May 7 - 2016,Bursaspor,hard,4-2-3-1,TEKIN;BEHICH;SIVOK;CINAZ;HOSOGAI;KARACAN;FATY;STOCH;BATALLA;JORQUERA;YILMAZ
Osmanlispor Fk vs. Bursaspor - Saturday May 7 - 2016,Osmanlispor Fk,hard,4-2-3-1,SAHIN;PINTO;CURUKSU;DEMIROK;VRSAJEVIC;GUVEN;CAGIRAN;DELARGE;LAWAL;UMAR;RUSESCU
Sivasspor vs. Genclerbirligi - Saturday May 7 - 2016,Genclerbirligi,hard,4-2-3-1,HOPF;PEHLIVAN;CALIK;KULUSIC;OGUZ;SAHIN;LANDEL;GURLER;KAHVECI;DJALMA;STANCU
Sivasspor vs. Genclerbirligi - Saturday May 7 - 2016,Sivasspor,hard,4-2-3-1,SETKUS;SUZEN;OUMARI;BOYE;ERDAL;INCEDEMIR;TAOUIL;TANASE;CHAHECHOUHE;ESER;KABZE
Akhisar Belediyespor vs. Kayserispor - Sunday May 8 - 2016,Akhisar Belediyespor,hard,4-2-3-1,OZTURK;TASDELEN;DOUGLAO;OSMANPASA;CEBE;N'GUEMO;CUSTODIO;SAMI;AYDOGDU;BRUNO MEZENGA;RODALLEGA
Akhisar Belediyespor vs. Kayserispor - Sunday May 8 - 2016,Kayserispor,hard,4-2-3-1,AHAMADA;EMIR;SIMIC;MABIALA;YAVRU;MIJAILOVIC;OZCAL;BISESWAR;LOPES;CAGLAYAN;DERLEY
Galatasaray vs. Besiktas - Sunday May 8 - 2016,Besiktas,easy,4-2-3-1,ZENGIN;KOYBASI;TOSIC;MARCELO;BECK;HUTCHINSON;OZYAKUP;SAHAN;SOSA;QUARESMA;GOMEZ
Galatasaray vs. Besiktas - Sunday May 8 - 2016,Galatasaray,easy,4-2-3-1,MUSLERA;CAROLE;BALTA;DENAYER;LINNES;INAN;COLAK;OZTEKIN;SNEIJDER;SARIOGLU;PODOLSKI
Mersin Idmanyurdu vs. Antalyaspor - Sunday May 8 - 2016,Antalyaspor,hard,4-2-3-1,OZENC;YILMAZ;AYTAC;DIEGO ANGELO;INKOOM;MAKOUN;KURTULUS;OZKAN;DANILO;ETAME;ETO'O
Mersin Idmanyurdu vs. Antalyaspor - Sunday May 8 - 2016,Mersin Idmanyurdu,hard,4-2-3-1,SAHIN;DEMIRHAN;MITROVIC;AKKAN;OLKAN;TAS;SADIKU;METIN;CEYLAN;VAROL;TOZLU
Trabzonspor vs. Rizespor - Sunday May 8 - 2016,Rizespor,hard,4-3-3,ITANDJE;DURUER;KURT;VIERA;OVACIKLI;MAKIADI;ALTINAY;SYLVESTRE;OZEK;AKYUZ;KAYA
Trabzonspor vs. Rizespor - Sunday May 8 - 2016,Trabzonspor,easy,4-2-3-1,KIVRAK;NIZAM;DOUGLAS;BOSINGWA;KARADENIZ;YOKUSLU;YAZICI;ERDOGAN;EKICI;CAKIR;DEMIR
Basaksehir vs. Fenerbahce - Monday May 9 - 2016,Basaksehir,hard,4-2-3-1,BABACAN;OZTORUN;EPUREANU;AYHAN;IRTEGUN;TEKDEMIR;BELOZOGLU;DOKA MADUREIRA;MARCIO MOSSORO;VISCA;BATDAL
Basaksehir vs. Fenerbahce - Monday May 9 - 2016,Fenerbahce,easy,4-4-2,DEMIREL;KALDIRIM;ALVES;KJAER;GONUL;SEN;TOPAL;SOUZA;POTUK;NANI;VAN PERSIE
Konyaspor vs. Kasimpasa - Monday May 9 - 2016,Kasimpasa,hard,4-2-3-1,BIRNICAN;VEIGNEAU;TITI;OMERUO;POPOV;ARSLAN;CASTRO;DEL VALLE;SCARIONE;TORUN;DERDIYOK
Konyaspor vs. Kasimpasa - Monday May 9 - 2016,Konyaspor,hard,4-2-3-1,KIRINTILI;DOUGLAS;VUKOVIC;TURAN;SKUBIC;CAMDALI;FINDIKLI;TRAORE;HOLMEN;SAHINER;RANGELOV
Antalyaspor vs. Trabzonspor - Friday May 13 - 2016,Antalyaspor,hard,4-2-3-1,FORNEZZI;RAMON;DIEGO ANGELO;BEKMEZCI;INKOOM;CHARLES;MAKOUN;OZKAN;KURTULUS;ETAME;SISMANOGLU
Antalyaspor vs. Trabzonspor - Friday May 13 - 2016,Trabzonspor,easy,4-2-3-1,ALVARADO;VURAL;DURSUN;YUMLU;KARADENIZ;YOKUSLU;YAZICI;ERDOGAN;EKICI;CAKIR;CARDOZO
Bursaspor vs. Konyaspor - Saturday May 14 - 2016,Bursaspor,hard,4-2-3-1,TEKIN;HOSOGAI;SIVOK;CINAZ;KARACAN;FATY;JORQUERA;STOCH;BATALLA;YILMAZ;NECID
Bursaspor vs. Konyaspor - Saturday May 14 - 2016,Konyaspor,hard,4-4-2,KIRINTILI;USLU;BARDAKCI;TURAN;SKUBIC;MARC KIBONG MBAMBA;HADZIAHMETOVIC;CAMDALI;SONMEZ;BAJIC;TRAORE
Eskisehirspor vs. Basaksehir - Saturday May 14 - 2016,Basaksehir,hard,4-4-2,BABACAN;OZTORUN;EPUREANU;AYHAN;UCAR;DOKA MADUREIRA;OZMERT;ROTMAN;VISCA;NAPOLEONI;CIKALLESHI
Eskisehirspor vs. Basaksehir - Saturday May 14 - 2016,Eskisehirspor,hard,4-2-3-1,BOFFIN;KANAK;FIGUERAS;COSKUN;COREKCI;HADZIC;CAUSIC;CIFTCI;OKRIASHVILI;UCAR;MEYE
Kayserispor vs. Sivasspor - Saturday May 14 - 2016,Kayserispor,hard,4-2-3-1,AHAMADA;EMIR;MABIALA;SIMIC;YAVRU;OZCAL;MIJAILOVIC;BISESWAR;LOPES;CAGLAYAN;DERLEY
Kayserispor vs. Sivasspor - Saturday May 14 - 2016,Sivasspor,hard,4-2-3-1,SETKUS;ERDAL;OUMARI;BOYE;OZTURK;INCEDEMIR;TAOUIL;SIMSEK;CHAHECHOUHE;ESER;TEXEIRA
Rizespor vs. Gaziantepspor - Saturday May 14 - 2016,Gaziantepspor,hard,4-4-2,KARCEMARSKAS;MARCAL;GOUANO;SUME;YARDIMCI;LARSSON;ABUDA;KAYALI;DURAK;HABIBOU;CHIBUIKE
Rizespor vs. Gaziantepspor - Saturday May 14 - 2016,Rizespor,hard,4-3-3,ITANDJE;ISMAIL;OBOABONA;VIERA;OVACIKLI;SYLVESTRE;ALTINAY;MAKIADI;OZEK;KADAH;KAYA
Akhisar Belediyespor vs. Galatasaray - Sunday May 15 - 2016,Akhisar Belediyespor,hard,4-2-3-1,OZTURK;TASDELEN;DOUGLAO;OSMANPASA;CEBE;N'GUEMO;CUSTODIO;SAMI;AYDOGDU;BRUNO MEZENGA;RODALLEGA
Akhisar Belediyespor vs. Galatasaray - Sunday May 15 - 2016,Galatasaray,easy,4-2-3-1,MUSLERA;CAROLE;BALTA;DENAYER;LINNES;INAN;COLAK;OZTEKIN;SNEIJDER;SARIOGLU;BULUT
Besiktas vs. Osmanlispor Fk - Sunday May 15 - 2016,Besiktas,easy,4-2-3-1,ZENGIN;KOYBASI;TOSIC;MARCELO;BECK;HUTCHINSON;OZYAKUP;TORE;SOSA;QUARESMA;GOMEZ
Besiktas vs. Osmanlispor Fk - Sunday May 15 - 2016,Osmanlispor Fk,hard,4-2-3-1,SAHIN;PINTO;DEMIROK;SZUKALA;BAYIR;GUVEN;CAGIRAN;DELARGE;LAWAL;NDIAYE;RUSESCU
Fenerbahce vs. Genclerbirligi - Sunday May 15 - 2016,Fenerbahce,easy,4-4-2,FABIANO;KALDIRIM;KADLEC;BA;GONUL;SEN;SOUZA;TOPAL;POTUK;FERNANDAO;VAN PERSIE
Fenerbahce vs. Genclerbirligi - Sunday May 15 - 2016,Genclerbirligi,hard,4-2-3-1,KAPLAN;CIFTCI;CALIK;KULUSIC;OGUZ;SAHIN;POLITEVICH;KAHVECI;LANDEL;DJALMA;GURLER
Kasimpasa vs. Mersin Idmanyurdu - Sunday May 15 - 2016,Kasimpasa,hard,4-2-3-1,BIRNICAN;VEIGNEAU;TITI;OMERUO;POPOV;PAVELKA;CASTRO;DEL VALLE;SCARIONE;BUYUK;KOITA
Kasimpasa vs. Mersin Idmanyurdu - Sunday May 15 - 2016,Mersin Idmanyurdu,hard,4-4-2,SAHIN;DEMIRHAN;MITROVIC;AKKAN;OLKAN;METIN;TAS;OGRAK;VAROL;TOZLU;PEDRIEL
Basaksehir vs. Rizespor - Wednesday May 18 - 2016,Basaksehir,hard,4-4-2,BABACAN;OZTORUN;AYHAN;IRTEGUN;UCAR;DOKA MADUREIRA;ROTMAN;TEKDEMIR;VISCA;NAPOLEONI;CIKALLESHI
Basaksehir vs. Rizespor - Wednesday May 18 - 2016,Rizespor,hard,4-3-3,AKKAN;OVACIKLI;OBOABONA;VIERA;KAYA;SYLVESTRE;ERSOY;MAKIADI;TUSZYNSKI;KADAH;OZEK
Konyaspor vs. Besiktas - Wednesday May 18 - 2016,Besiktas,easy,4-2-3-1,BOYKO;TOSIC;RUANO;MARCELO;KURTULUS;UYSAL;ARSLAN;SAHAN;SOSA;FREI;TOSUN
Konyaspor vs. Besiktas - Wednesday May 18 - 2016,Konyaspor,hard,4-2-3-1,KIRINTILI;DOUGLAS;VUKOVIC;TURAN;SKUBIC;CAMDALI;HADZIAHMETOVIC;MEHA;HOLMEN;TRAORE;RANGELOV
Mersin Idmanyurdu vs. Bursaspor - Wednesday May 18 - 2016,Bursaspor,hard,4-2-3-1,GUNOK;BEHICH;UNVER;CINAZ;HOSOGAI;FATY;SOYALP;KASAL;BATALLA;ORNEK;KANATSIZKUS
Mersin Idmanyurdu vs. Bursaspor - Wednesday May 18 - 2016,Mersin Idmanyurdu,hard,4-2-3-1,SAHIN;DEMIRHAN;AKKAN;SADIKU;OLKAN;TAS;OGRAK;METIN;AFSARLI;KAYA;TOZLU
Galatasaray vs. Kayserispor - Thursday May 19 - 2016,Galatasaray,easy,4-2-3-1,MUSLERA;CAROLE;BALTA;GUNTER;SARIOGLU;INAN;COLAK;OZTEKIN;SNEIJDER;GUMUS;PODOLSKI
Galatasaray vs. Kayserispor - Thursday May 19 - 2016,Kayserispor,hard,4-2-3-1,DEMIRCAN;EMIR;PARLAK;MABIALA;YAVRU;CAN;OZCAL;BISESWAR;LOPES;TURUC;DERLEY
Gaziantepspor vs. Antalyaspor - Thursday May 19 - 2016,Antalyaspor,hard,4-3-3,OZENC;YILMAZ;AYTAC;BEKMEZCI;INKOOM;MAKOUN;CHARLES;YILDIRIM;OZKAN;SISMANOGLU;ETAME
Gaziantepspor vs. Antalyaspor - Thursday May 19 - 2016,Gaziantepspor,hard,4-4-2,KARCEMARSKAS;MARCAL;GOUANO;SUME;YARDIMCI;LARSSON;ABUDA;ILDIZ;DURAK;HABIBOU;CHIBUIKE
Genclerbirligi vs. Eskisehirspor - Thursday May 19 - 2016,Eskisehirspor,hard,4-2-3-1,BOFFIN;KANAK;FIGUERAS;GUNGOR;COREKCI;HADZIC;CAUSIC;CIFTCI;OKRIASHVILI;UCAR;MEYE
Genclerbirligi vs. Eskisehirspor - Thursday May 19 - 2016,Genclerbirligi,hard,4-2-3-1,HOPF;CIFTCI;POLITEVICH;CALIK;OGUZ;SAHIN;LANDEL;KARABULUT;KAHVECI;DJALMA;STANCU
Osmanlispor Fk vs. Akhisar Belediyespor - Thursday May 19 - 2016,Akhisar Belediyespor,hard,4-3-3,KORK;ULUDAG;DOUGLAO;OSMANPASA;UNLU;CUSTODIO;OZDEMIR;N'GUEMO;SAMI;RODALLEGA;VAZ TE
Osmanlispor Fk vs. Akhisar Belediyespor - Thursday May 19 - 2016,Osmanlispor Fk,hard,4-2-3-1,SAHIN;PINTO;CURUKSU;DEMIROK;BAYIR;LAWAL;CAGIRAN;DELARGE;NDIAYE;UMAR;RUSESCU
Sivasspor vs. Fenerbahce - Thursday May 19 - 2016,Fenerbahce,easy,4-2-3-1,FABIANO;KALDIRIM;KADLEC;BA;OZBAYRAKLI;TOPAL;SOUZA;POTUK;DIEGO;CIVELEK;FERNANDAO
Sivasspor vs. Fenerbahce - Thursday May 19 - 2016,Sivasspor,hard,4-2-3-1,SETKUS;ERDAL;OUMARI;BOYE;OZTURK;INCEDEMIR;KOCAK;SIMSEK;CHAHECHOUHE;ESER;TEXEIRA
Trabzonspor vs. Kasimpasa - Thursday May 19 - 2016,Kasimpasa,hard,4-2-3-1,BIRNICAN;VEIGNEAU;TITI;OMERUO;POPOV;ARSLAN;CASTRO;DEL VALLE;SCARIONE;BUYUK;DERDIYOK
Trabzonspor vs. Kasimpasa - Thursday May 19 - 2016,Trabzonspor,easy,4-2-3-1,ALVARADO;NIZAM;YESIL;DEMIR;KARADENIZ;AKAKPO;YOKUSLU;YAZICI;KARA;KABASAKAL;BESIR
