game,team,difficulty,formation,lineup
Balikesirspor vs. Akhisar Belediyespor - Friday August 29 - 2014,Akhisar Belediyespor,hard,4-2-3-1,TUNCEL;DEMIROK;DOUGLAO;VURAL;CEBE;YUCE;DJOUM;NTIBAZONKIZA;KISA;OZER;GEKAS
Balikesirspor vs. Akhisar Belediyespor - Friday August 29 - 2014,Balikesirspor,hard,4-2-3-1,AYVAZ;COELHO;KULUSIC;AKYUZ;AKDEMIR;CEVIKER;SANTOS;ALANZINHO;DEPE;YILDIRIM;UNAL
Rizespor vs. Genclerbirligi - Friday August 29 - 2014,Genclerbirligi,hard,4-3-3,DAHLIN;BALIOGLU;CALIK;TOSIC;ASLANTAS;GOSSO;CALISKAN;KAYA;CELIK;KOCER;STANCU
Rizespor vs. Genclerbirligi - Friday August 29 - 2014,Rizespor,hard,4-4-2,KIRINTILI;ADNAN;KACAR;VIERA;ALTINAY;DURUER;KARAKAS;KAGAN SOYLEMEZGILLER;ABDI;KWEUKE;LUALUA
Basaksehir vs. Kasimpasa - Saturday August 30 - 2014,Basaksehir,hard,4-2-3-1,BABACAN;AYHAN;EPUREANU;ROTMAN;OZTORUN;UCAR;TEKDEMIR;AKIN;DOKA MADUREIRA;VISCA;PERBET
Basaksehir vs. Kasimpasa - Saturday August 30 - 2014,Kasimpasa,hard,4-2-3-1,ISAKSSON;BASDAS;EKER;OZTURK;KAPLAN;SAM;CASTRO;SCARIONE;BABEL;TORUN;BUYUK
Bursaspor vs. Galatasaray - Saturday August 30 - 2014,Bursaspor,hard,4-2-3-1,TEKIN;AZIZ;OZTURK;BEHICH;KIRAZ;OZBAYRAKLI;TUFAN;YILMAZ;TRAORE;SEN;FERNANDAO
Bursaspor vs. Galatasaray - Saturday August 30 - 2014,Galatasaray,easy,4-2-3-1,MUSLERA;CHEDJOU;KAYA;SARI;BALTA;FELIPE MELO;INAN;KURTULUS;SNEIJDER;BRUMA;YILMAZ
Eskisehirspor vs. Konyaspor - Saturday August 30 - 2014,Eskisehirspor,hard,4-4-2,BOFFIN;COSKUN;PARLAK;TEBER;CAMDAL;GUCER;LAWAL;KILIC;ZENGIN;AYDIN;FUNES MORI
Eskisehirspor vs. Konyaspor - Saturday August 30 - 2014,Konyaspor,hard,4-2-3-1,TARAKCI;KOKALOVIC;TURAN;USLU;SAHINER;CAMDALI;GUVEN;INCEMAN;HLEB;TORJE;MARICA
Mersin Idmanyurdu vs. Besiktas - Saturday August 30 - 2014,Besiktas,easy,4-4-2,GONEN;GULUM;SIVOK;RAMON;HUTCHINSON;KAVLAK;KOYBASI;SAHAN;TORE;PEKTEMEK;TOSUN
Mersin Idmanyurdu vs. Besiktas - Saturday August 30 - 2014,Mersin Idmanyurdu,hard,4-2-3-1,SAHIN;CETIN;SIGIRCI;WEDERSON;BALCI;SADIKU;CEYLAN;DELIBALTA;FUTACS;NAKOULMA;PEDRIEL
Fenerbahce vs. Kardemir Karabukspor - Sunday August 31 - 2014,Fenerbahce,easy,4-2-3-1,GUNOK;IRTEGUN;KADLEC;ERKIN;GONUL;TOPAL;MEIRELES;BELOZOGLU;KUYT;EMENIKE;SOW
Fenerbahce vs. Kardemir Karabukspor - Sunday August 31 - 2014,Kardemir Karabukspor,hard,5-3-2,WATERMAN;GUNGOR;MABIALA;KAS;OZGENC;AKGUN;INCEDEMIR;SOW;OZMERT;VIOLA;KUMBELA
Kayseri Erciyesspor vs. Trabzonspor - Sunday August 31 - 2014,Kayseri Erciyesspor,hard,4-4-2,DEGIRMENCI;BOYE;KARAER;MANGANE;ALKILIC;MANDJECK;SYLLA;YILDIRIM;ATES;PARLAK;ZOUA
Kayseri Erciyesspor vs. Trabzonspor - Sunday August 31 - 2014,Trabzonspor,easy,4-2-3-1,KIVRAK;BELKALEM;MEDJANI;YUMLU;DOGAN;CONSTANT;YAVRU;ATIK;EKICI;ERDOGAN;YILMAZ
Sivasspor vs. Gaziantepspor - Sunday August 31 - 2014,Gaziantepspor,hard,4-2-3-1,KARCEMARSKAS;AROKOYO;CHICO;SUME;CAN;ARSLAN;YARDIMCI;SEN;DURAK;TURK;DEMIR
Sivasspor vs. Gaziantepspor - Sunday August 31 - 2014,Sivasspor,hard,4-2-3-1,CELIKAY;KURT;DA COSTA;ERDAL;CICINHO;BEKMEZCI;KOCAK;ARSLAN;CHAHECHOUHE;UTAKA;ESER
Galatasaray vs. Eskisehirspor - Saturday September 13 - 2014,Eskisehirspor,hard,4-4-2,BOFFIN;DABANLI;PARLAK;KANAK;COREKCI;GUCER;LAWAL;SISSOKO;ZENGIN;AYDIN;FUNES MORI
Galatasaray vs. Eskisehirspor - Saturday September 13 - 2014,Galatasaray,easy,4-4-2,MUSLERA;CHEDJOU;KAYA;SARI;CAMDAL;INAN;KURTULUS;DZEMAILI;SNEIJDER;BRUMA;YILMAZ
Genclerbirligi vs. Bursaspor - Saturday September 13 - 2014,Bursaspor,hard,4-2-3-1,TEKIN;AZIZ;CIVELLI;BEHICH;OZBAYRAKLI;HOLMEN;TUFAN;BELLUSCHI;JOSUE;SEN;FERNANDAO
Genclerbirligi vs. Bursaspor - Saturday September 13 - 2014,Genclerbirligi,hard,4-3-3,DAHLIN;BALIOGLU;CALIK;TOSIC;ASLANTAS;CALISKAN;GOSSO;KAYA;CELIK;KOCER;STANCU
Kardemir Karabukspor vs. Basaksehir - Saturday September 13 - 2014,Basaksehir,hard,4-2-3-1,BABACAN;AYHAN;EPUREANU;OZTORUN;UCAR;AGCAY;TEKDEMIR;AKIN;DOKA MADUREIRA;VISCA;PERBET
Kardemir Karabukspor vs. Basaksehir - Saturday September 13 - 2014,Kardemir Karabukspor,hard,4-3-3,DEMIRCAN;GUNGOR;MABIALA;OZGENC;KAYHAN;AKGUN;SOW;OZMERT;TRAORE;OZEK;KUMBELA
Konyaspor vs. Balikesirspor - Saturday September 13 - 2014,Balikesirspor,hard,4-2-3-1,SALK;COELHO;KULUSIC;YILDIZ;AKYUZ;CEVIKER;SANTOS;ALANZINHO;DEPE;GURBUZEROL;UNAL
Konyaspor vs. Balikesirspor - Saturday September 13 - 2014,Konyaspor,hard,4-2-3-1,BELEC;AY;VUKOVIC;TURAN;USLU;SAHINER;CAMDALI;GUVEN;HLEB;TORJE;RANGELOV
Gaziantepspor vs. Kayseri Erciyesspor - Sunday September 14 - 2014,Gaziantepspor,hard,4-2-3-1,KARCEMARSKAS;AROKOYO;CHICO;SUME;CAN;SUZEN;ARSLAN;DURAK;TURK;AKIN;DEMIR
Gaziantepspor vs. Kayseri Erciyesspor - Sunday September 14 - 2014,Kayseri Erciyesspor,hard,4-2-3-1,DEGIRMENCI;KARAER;MANGANE;OSMANPASA;ALKILIC;SYLLA;YILDIRIM;IBRICIC;ATES;PARLAK;ZOUA
Kasimpasa vs. Mersin Idmanyurdu - Sunday September 14 - 2014,Kasimpasa,hard,4-3-3,ISAKSSON;BASDAS;DONK;OZTURK;KAPLAN;SAM;CASTRO;SCARIONE;TORUN;VIUDEZ;BUYUK
Kasimpasa vs. Mersin Idmanyurdu - Sunday September 14 - 2014,Mersin Idmanyurdu,hard,4-3-3,SAHIN;CETIN;OZARSLAN;WEDERSON;BALCI;SADIKU;KHALILI;CEYLAN;TITA;FUTACS;NAKOULMA
Trabzonspor vs. Fenerbahce - Sunday September 14 - 2014,Fenerbahce,easy,4-2-3-1,GUNOK;ALVES;IRTEGUN;ERKIN;GONUL;TOPAL;BELOZOGLU;DIEGO;KUYT;EMENIKE;SOW
Trabzonspor vs. Fenerbahce - Sunday September 14 - 2014,Trabzonspor,easy,4-2-3-1,KIVRAK;DURSUN;MEDJANI;NIZAM;BELKALEM;AKBAS;CONSTANT;YAVRU;ATIK;WARIS;YATABARE
Akhisar Belediyespor vs. Sivasspor - Monday September 15 - 2014,Akhisar Belediyespor,hard,4-2-3-1,DAGLAROGLU;DEMIROK;DOUGLAO;VURAL;CEBE;ZOKORA;YUCE;NTIBAZONKIZA;KISA;OZER;GEKAS
Akhisar Belediyespor vs. Sivasspor - Monday September 15 - 2014,Sivasspor,hard,4-2-3-1,TASKIRAN;KURT;TORAMAN;ERDAL;CICINHO;BEKMEZCI;KOCAK;TAOUIL;CHAHECHOUHE;ESER;KARADENIZ
Besiktas vs. Rizespor - Monday September 15 - 2014,Besiktas,easy,4-4-2,ZENGIN;FRANCO;GULUM;RAMON;HUTCHINSON;KAVLAK;KOYBASI;SAHAN;TORE;PEKTEMEK;TOSUN
Besiktas vs. Rizespor - Monday September 15 - 2014,Rizespor,hard,4-4-2,KIRINTILI;ADNAN;KACAR;VIERA;OVACIKLI;KAGAN SOYLEMEZGILLER;KARAKAS;KORKMAZ;HOLOSKO;KWEUKE;LUALUA
Eskisehirspor vs. Genclerbirligi - Friday September 19 - 2014,Eskisehirspor,hard,4-4-2,BOFFIN;PARLAK;DABANLI;KANAK;COREKCI;GUCER;LAWAL;SISSOKO;ZENGIN;FUNES MORI;SISMANOGLU
Eskisehirspor vs. Genclerbirligi - Friday September 19 - 2014,Genclerbirligi,hard,4-2-3-1,DAHLIN;CALIK;TOSIC;CIFTCI;ASLANTAS;GOSSO;KAYA;KAHVECI;ANTAL;STANCU;TOSUN
Balikesirspor vs. Galatasaray - Saturday September 20 - 2014,Balikesirspor,hard,4-2-3-1,SALK;COELHO;KULUSIC;CEVAHIR;ALKAN;CEVIKER;SANTOS;JABBIE;ALANZINHO;YILDIRIM;UNAL
Balikesirspor vs. Galatasaray - Saturday September 20 - 2014,Galatasaray,easy,4-3-3,MUSLERA;CHEDJOU;KAYA;CAMDAL;INAN;KURTULUS;DZEMAILI;SNEIJDER;BRUMA;OZTEKIN;YILMAZ
Kayseri Erciyesspor vs. Akhisar Belediyespor - Saturday September 20 - 2014,Akhisar Belediyespor,hard,4-2-3-1,DAGLAROGLU;DEMIROK;DOUGLAO;VURAL;CEBE;YUCE;ZOKORA;KISA;OZER;BRUNO MEZENGA;GEKAS
Kayseri Erciyesspor vs. Akhisar Belediyespor - Saturday September 20 - 2014,Kayseri Erciyesspor,hard,4-4-2,DEGIRMENCI;KARAER;MANGANE;OSMANPASA;OZEN;ALKILIC;SYLLA;YILDIRIM;IBRICIC;ATES;EDINHO
Mersin Idmanyurdu vs. Rizespor - Saturday September 20 - 2014,Mersin Idmanyurdu,hard,4-3-3,SAHIN;CETIN;OZARSLAN;WEDERSON;BALCI;SADIKU;KHALILI;CEYLAN;TITA;FUTACS;NAKOULMA
Mersin Idmanyurdu vs. Rizespor - Saturday September 20 - 2014,Rizespor,hard,4-4-2,KIRINTILI;KACAR;VIERA;ALBAYRAK;OVACIKLI;DURUER;KAGAN SOYLEMEZGILLER;KORKMAZ;HOLOSKO;KWEUKE;LUALUA
Fenerbahce vs. Gaziantepspor - Sunday September 21 - 2014,Fenerbahce,easy,4-2-3-1,GUNOK;ALVES;IRTEGUN;ERKIN;GONUL;TOPAL;BELOZOGLU;DIEGO;KUYT;EMENIKE;SOW
Fenerbahce vs. Gaziantepspor - Sunday September 21 - 2014,Gaziantepspor,hard,4-4-2,BIRNICAN;AROKOYO;BINYA;SUME;CHICO;CAN;ARSLAN;DURAK;AKIN;CAGLAYAN;DEMIR
Kasimpasa vs. Kardemir Karabukspor - Sunday September 21 - 2014,Kardemir Karabukspor,hard,4-4-2,DEMIRCAN;GUNGOR;MABIALA;KAS;KAYHAN;OZGENC;SOW;OZMERT;TRAORE;OZEK;KUMBELA
Kasimpasa vs. Kardemir Karabukspor - Sunday September 21 - 2014,Kasimpasa,hard,4-4-2,ISAKSSON;BASDAS;DONK;OZTURK;KAPLAN;SAM;CASTRO;BABEL;TORUN;VIUDEZ;MALKI
Sivasspor vs. Konyaspor - Sunday September 21 - 2014,Konyaspor,hard,4-2-3-1,BELEC;AY;TURAN;VUKOVIC;USLU;SAHINER;CAMDALI;GUVEN;HLEB;TORJE;MARICA
Sivasspor vs. Konyaspor - Sunday September 21 - 2014,Sivasspor,hard,4-2-3-1,TASKIRAN;KURT;TORAMAN;ERDAL;CICINHO;BEKMEZCI;KOCAK;TAOUIL;CHAHECHOUHE;ESER;KARADENIZ
Basaksehir vs. Trabzonspor - Monday September 22 - 2014,Basaksehir,hard,4-2-3-1,BABACAN;AYHAN;EPUREANU;OZTORUN;UCAR;TEKDEMIR;AGCAY;AKIN;DOKA MADUREIRA;VISCA;PERBET
Basaksehir vs. Trabzonspor - Monday September 22 - 2014,Trabzonspor,easy,4-2-3-1,KIVRAK;BELKALEM;NIZAM;PAPADOPOULOS;MEDJANI;CONSTANT;YAVRU;ATIK;EKICI;YILMAZ;WARIS
Bursaspor vs. Besiktas - Monday September 22 - 2014,Besiktas,easy,4-2-3-1,ZENGIN;FRANCO;SIVOK;HUTCHINSON;UYSAL;KAVLAK;OZYAKUP;KOYBASI;SAHAN;TORE;BA
Bursaspor vs. Besiktas - Monday September 22 - 2014,Bursaspor,hard,4-2-3-1,TEKIN;AZIZ;CIVELLI;BEHICH;OZBAYRAKLI;TUFAN;JOSUE;BELLUSCHI;SEN;BAKAMBU;FERNANDAO
Galatasaray vs. Sivasspor - Friday September 26 - 2014,Galatasaray,easy,5-3-2,MUSLERA;CHEDJOU;KAYA;SARI;CAMDAL;FELIPE MELO;DZEMAILI;INAN;SNEIJDER;ADIN;YILMAZ
Galatasaray vs. Sivasspor - Friday September 26 - 2014,Sivasspor,hard,4-2-3-1,TASKIRAN;KURT;TORAMAN;DA COSTA;ERDAL;CICINHO;BEKMEZCI;KOCAK;CHAHECHOUHE;UTAKA;ESER
Besiktas vs. Eskisehirspor - Saturday September 27 - 2014,Besiktas,easy,4-2-3-1,ZENGIN;FRANCO;SIVOK;KURTULUS;HUTCHINSON;KAVLAK;OZYAKUP;KOYBASI;SAHAN;TORE;BA
Besiktas vs. Eskisehirspor - Saturday September 27 - 2014,Eskisehirspor,hard,4-4-2,BOFFIN;DABANLI;PARLAK;KANAK;COREKCI;GUCER;LAWAL;SISSOKO;ZENGIN;FUNES MORI;SISMANOGLU
Trabzonspor vs. Kasimpasa - Saturday September 27 - 2014,Kasimpasa,hard,4-4-2,ISAKSSON;BASDAS;DONK;OZTURK;KAPLAN;SAM;CASTRO;BABEL;TORUN;VIUDEZ;BUYUK
Trabzonspor vs. Kasimpasa - Saturday September 27 - 2014,Trabzonspor,easy,4-2-3-1,KIVRAK;BELKALEM;NIZAM;PAPADOPOULOS;MEDJANI;YAVRU;AYDOGDU;EKICI;ERDOGAN;YILMAZ;CARDOZO
Akhisar Belediyespor vs. Fenerbahce - Sunday September 28 - 2014,Akhisar Belediyespor,hard,4-2-3-1,DAGLAROGLU;DEMIROK;DOUGLAO;VURAL;CEBE;YUCE;ZOKORA;KISA;OZER;BRUNO MEZENGA;GEKAS
Akhisar Belediyespor vs. Fenerbahce - Sunday September 28 - 2014,Fenerbahce,easy,4-2-3-1,GUNOK;ALVES;IRTEGUN;ERKIN;GONUL;TOPAL;DIEGO;POTUK;KUYT;SOW;WEBO
Genclerbirligi vs. Balikesirspor - Sunday September 28 - 2014,Balikesirspor,hard,4-2-3-1,SALK;COELHO;KULUSIC;CEVAHIR;ALKAN;CEVIKER;SANTOS;JABBIE;ALANZINHO;YILDIRIM;CELIK
Genclerbirligi vs. Balikesirspor - Sunday September 28 - 2014,Genclerbirligi,hard,4-2-3-1,DAHLIN;CALIK;TOSIC;CIFTCI;ASLANTAS;GOSSO;KAYA;KAHVECI;KOCER;STANCU;TOSUN
Konyaspor vs. Kayseri Erciyesspor - Sunday September 28 - 2014,Kayseri Erciyesspor,hard,4-2-3-1,DEGIRMENCI;BOYE;MANGANE;OSMANPASA;ALKILIC;MANDJECK;SYLLA;YILDIRIM;IBRICIC;ATES;PARLAK
Konyaspor vs. Kayseri Erciyesspor - Sunday September 28 - 2014,Konyaspor,hard,4-2-3-1,BELEC;AY;TURAN;VUKOVIC;USLU;SAHINER;CAMDALI;GUVEN;HLEB;TORJE;MARICA
Rizespor vs. Bursaspor - Sunday September 28 - 2014,Bursaspor,hard,4-2-3-1,TEKIN;AZIZ;CIVELLI;BEHICH;OZBAYRAKLI;TUFAN;BELLUSCHI;JOSUE;IPEK;SEN;FERNANDAO
Rizespor vs. Bursaspor - Sunday September 28 - 2014,Rizespor,hard,4-2-3-1,KIRINTILI;KACAR;OBOABONA;VIERA;ALBAYRAK;OVACIKLI;SYLVESTRE;DURUER;BEKDEMIR;HOLOSKO;KWEUKE
Gaziantepspor vs. Basaksehir - Monday September 29 - 2014,Basaksehir,hard,4-2-3-1,BABACAN;AYHAN;EPUREANU;OZTORUN;UCAR;AGCAY;TEKDEMIR;MARCIO MOSSORO;DOKA MADUREIRA;VISCA;PERBET
Gaziantepspor vs. Basaksehir - Monday September 29 - 2014,Gaziantepspor,hard,4-4-2,BIRNICAN;AROKOYO;SUME;CHICO;CAN;ARSLAN;ILDIZ;DURAK;AKIN;CAGLAYAN;DEMIR
Kardemir Karabukspor vs. Mersin Idmanyurdu - Monday September 29 - 2014,Kardemir Karabukspor,hard,3-5-2,CENIK;DEMIRCAN;AKCA;MABIALA;KAS;OZGENC;AKGUN;OZMERT;TRAORE;AYIK;KUMBELA
Kardemir Karabukspor vs. Mersin Idmanyurdu - Monday September 29 - 2014,Mersin Idmanyurdu,hard,4-3-3,SAHIN;CETIN;OZARSLAN;WEDERSON;BALCI;SADIKU;KHALILI;CEYLAN;TITA;FUTACS;NAKOULMA
Mersin Idmanyurdu vs. Bursaspor - Friday October 3 - 2014,Bursaspor,hard,4-2-3-1,TEKIN;AZIZ;CIVELLI;BEHICH;OZBAYRAKLI;TUFAN;JOSUE;BELLUSCHI;SEN;BAKAMBU;FERNANDAO
Mersin Idmanyurdu vs. Bursaspor - Friday October 3 - 2014,Mersin Idmanyurdu,hard,4-3-3,SAHIN;CETIN;OZARSLAN;WEDERSON;SADIKU;KHALILI;CEYLAN;VAROL;TITA;FUTACS;NAKOULMA
Fenerbahce vs. Konyaspor - Saturday October 4 - 2014,Fenerbahce,easy,4-2-3-1,DEMIREL;IRTEGUN;KADLEC;ERKIN;GONUL;TOPAL;DIEGO;POTUK;KUYT;SOW;WEBO
Fenerbahce vs. Konyaspor - Saturday October 4 - 2014,Konyaspor,hard,4-2-3-1,TARAKCI;KOKALOVIC;TURAN;VUKOVIC;USLU;SAHINER;CAMDALI;GUVEN;HLEB;TORJE;RANGELOV
Kasimpasa vs. Gaziantepspor - Saturday October 4 - 2014,Gaziantepspor,hard,4-4-2,KARCEMARSKAS;CHICO;SUME;BINYA;AROKOYO;CAN;ARSLAN;DURAK;AKIN;CAMARA;DEMIR
Kasimpasa vs. Gaziantepspor - Saturday October 4 - 2014,Kasimpasa,hard,4-4-2,ISAKSSON;BASDAS;DONK;KAPLAN;SAM;SERAS;CASTRO;BABEL;TORUN;VIUDEZ;BUYUK
Kayseri Erciyesspor vs. Galatasaray - Saturday October 4 - 2014,Galatasaray,easy,4-2-3-1,MUSLERA;CHEDJOU;KAYA;TELLES;CAMDAL;FELIPE MELO;INAN;SNEIJDER;ADIN;OZTEKIN;YILMAZ
Kayseri Erciyesspor vs. Galatasaray - Saturday October 4 - 2014,Kayseri Erciyesspor,hard,4-4-2,DEGIRMENCI;BOYE;KARAER;MANGANE;OSMANPASA;ALKILIC;MANDJECK;SYLLA;YILDIRIM;ATES;EDINHO
Sivasspor vs. Genclerbirligi - Saturday October 4 - 2014,Genclerbirligi,hard,4-2-3-1,DAHLIN;BALIOGLU;CALIK;TOSIC;PETROVIC;CIFTCI;ASLANTAS;CALISKAN;GOSSO;KOCER;STANCU
Sivasspor vs. Genclerbirligi - Saturday October 4 - 2014,Sivasspor,hard,4-2-3-1,TASKIRAN;KURT;TORAMAN;DA COSTA;ERDAL;CICINHO;ARSLAN;KOCAK;CHAHECHOUHE;UTAKA;ESER
Balikesirspor vs. Besiktas - Sunday October 5 - 2014,Balikesirspor,hard,4-2-3-1,SALK;COELHO;KULUSIC;CEVAHIR;ALKAN;CEVIKER;SANTOS;JABBIE;VARGAS;DEPE;YILDIRIM
Balikesirspor vs. Besiktas - Sunday October 5 - 2014,Besiktas,easy,4-3-3,ZENGIN;FRANCO;GULUM;RAMON;KURTULUS;HUTCHINSON;OZYAKUP;SOSA;FREI;TORE;BA
Basaksehir vs. Akhisar Belediyespor - Sunday October 5 - 2014,Akhisar Belediyespor,hard,4-3-3,DAGLAROGLU;DEMIROK;DOUGLAO;VURAL;ZENGIN;ZOKORA;YUCE;KISA;AKYUZ;BRUNO MEZENGA;GEKAS
Basaksehir vs. Akhisar Belediyespor - Sunday October 5 - 2014,Basaksehir,hard,4-2-3-1,BABACAN;AYHAN;EPUREANU;ERDEM;UCAR;AGCAY;TEKDEMIR;MARCIO MOSSORO;DOKA MADUREIRA;VISCA;SENTURK
Eskisehirspor vs. Rizespor - Sunday October 5 - 2014,Eskisehirspor,hard,4-4-2,BOFFIN;DABANLI;PARLAK;KANAK;COREKCI;GUCER;LAWAL;SISSOKO;ZENGIN;AYDIN;SISMANOGLU
Eskisehirspor vs. Rizespor - Sunday October 5 - 2014,Rizespor,hard,4-3-3,KIRINTILI;KACAR;OBOABONA;VIERA;ALBAYRAK;OVACIKLI;DURUER;KARAKAS;BEKDEMIR;HOLOSKO;KWEUKE
Kardemir Karabukspor vs. Trabzonspor - Sunday October 5 - 2014,Kardemir Karabukspor,hard,4-4-2,DEMIRCAN;AKCA;MABIALA;KAYHAN;OZGENC;SOW;OZMERT;TRAORE;OZEK;AYIK;KUMBELA
Kardemir Karabukspor vs. Trabzonspor - Sunday October 5 - 2014,Trabzonspor,easy,4-4-2,OZTURK;MEDJANI;BELKALEM;AKBAS;DOGAN;BOSINGWA;YAVRU;GURLER;YILMAZ;WARIS;YATABARE
Galatasaray vs. Fenerbahce - Saturday October 18 - 2014,Fenerbahce,easy,4-2-3-1,DEMIREL;ALVES;KADLEC;ERKIN;GONUL;TOPAL;BELOZOGLU;MEIRELES;POTUK;KUYT;EMENIKE
Galatasaray vs. Fenerbahce - Saturday October 18 - 2014,Galatasaray,easy,4-3-3,MUSLERA;CHEDJOU;KAYA;SARI;CAMDAL;FELIPE MELO;DZEMAILI;INAN;SNEIJDER;ADIN;YILMAZ
Gaziantepspor vs. Kardemir Karabukspor - Saturday October 18 - 2014,Gaziantepspor,hard,4-4-2,KARCEMARSKAS;CHICO;SUME;AROKOYO;CAN;SUZEN;YARDIMCI;NEFIZ;DURAK;CHIBUIKE;DEMIR
Gaziantepspor vs. Kardemir Karabukspor - Saturday October 18 - 2014,Kardemir Karabukspor,hard,4-2-3-1,WATERMAN;AKCA;MABIALA;KAYHAN;OZGENC;CAGIRAN;AKGUN;OZMERT;TRAORE;AYIK;KUMBELA
Konyaspor vs. Basaksehir - Saturday October 18 - 2014,Basaksehir,hard,4-2-3-1,BABACAN;AYHAN;EPUREANU;OZTORUN;UCAR;AGCAY;TEKDEMIR;MARCIO MOSSORO;DOKA MADUREIRA;VISCA;SENTURK
Konyaspor vs. Basaksehir - Saturday October 18 - 2014,Konyaspor,hard,4-2-3-1,TARAKCI;AY;TURAN;VUKOVIC;USLU;CAMDALI;GUVEN;HLEB;TORJE;KABZE;RANGELOV
Akhisar Belediyespor vs. Kasimpasa - Sunday October 19 - 2014,Akhisar Belediyespor,hard,4-3-3,DAGLAROGLU;DEMIROK;KONUK;VURAL;CEBE;ZOKORA;DJOUM;KISA;AKYUZ;BRUNO MEZENGA;GEKAS
Akhisar Belediyespor vs. Kasimpasa - Sunday October 19 - 2014,Kasimpasa,hard,4-2-3-1,ISAKSSON;BASDAS;DONK;KAPLAN;SAM;SERAS;CASTRO;SCARIONE;BABEL;TORUN;BUYUK
Besiktas vs. Sivasspor - Sunday October 19 - 2014,Besiktas,easy,4-2-3-1,ZENGIN;GULUM;SIVOK;RAMON;KURTULUS;HUTCHINSON;KAVLAK;FREI;SAHAN;TORE;BA
Besiktas vs. Sivasspor - Sunday October 19 - 2014,Sivasspor,hard,4-2-3-1,TASKIRAN;KURT;TORAMAN;DA COSTA;ERDAL;CICINHO;KOCAK;TAOUIL;UTAKA;ESER;CHRISANTUS
Bursaspor vs. Eskisehirspor - Sunday October 19 - 2014,Bursaspor,hard,4-2-3-1,TEKIN;AZIZ;CIVELLI;BEHICH;OZBAYRAKLI;HOLMEN;TUFAN;JOSUE;BELLUSCHI;SEN;BAKAMBU
Bursaspor vs. Eskisehirspor - Sunday October 19 - 2014,Eskisehirspor,hard,4-2-3-1,BOFFIN;COSKUN;DABANLI;KANAK;COREKCI;GUCER;CAUSIC;LAWAL;ZENGIN;FUNES MORI;SISMANOGLU
Trabzonspor vs. Mersin Idmanyurdu - Sunday October 19 - 2014,Mersin Idmanyurdu,hard,4-3-3,SAHIN;CETIN;OZARSLAN;WEDERSON;SADIKU;CEYLAN;VAROL;DELIBALTA;TITA;FUTACS;NAKOULMA
Trabzonspor vs. Mersin Idmanyurdu - Sunday October 19 - 2014,Trabzonspor,easy,4-2-3-1,OZTURK;AKBAS;BELKALEM;MEDJANI;DURSUN;BOSINGWA;AYDOGDU;EKICI;GURLER;CARDOZO;WARIS
Genclerbirligi vs. Kayseri Erciyesspor - Monday October 20 - 2014,Genclerbirligi,hard,4-2-3-1,KOSE;BALIOGLU;CALIK;TOSIC;ASLANTAS;GOSSO;CALISKAN;KAYA;KOCER;STANCU;TOSUN
Genclerbirligi vs. Kayseri Erciyesspor - Monday October 20 - 2014,Kayseri Erciyesspor,hard,4-4-2,DEGIRMENCI;BOYE;KARAER;OSMANPASA;CAN;ALKILIC;YILDIRIM;IBRICIC;MEMIS;ATES;ZOUA
Rizespor vs. Balikesirspor - Monday October 20 - 2014,Balikesirspor,hard,4-2-3-1,SALK;COELHO;KULUSIC;CEVAHIR;ALKAN;CEVIKER;SANTOS;JABBIE;VARGAS;YILDIRIM;UNAL
Rizespor vs. Balikesirspor - Monday October 20 - 2014,Rizespor,hard,4-3-3,KIRINTILI;ADNAN;KACAR;OBOABONA;VIERA;OVACIKLI;DURUER;KARAKAS;BEKDEMIR;HOLOSKO;KWEUKE
Kardemir Karabukspor vs. Akhisar Belediyespor - Friday October 24 - 2014,Akhisar Belediyespor,hard,4-2-3-1,DAGLAROGLU;DEMIROK;KONUK;VURAL;CEBE;ZOKORA;DJOUM;KISA;NTIBAZONKIZA;BRUNO MEZENGA;GEKAS
Kardemir Karabukspor vs. Akhisar Belediyespor - Friday October 24 - 2014,Kardemir Karabukspor,hard,4-4-2,WATERMAN;AKCA;MABIALA;OZKAN;OZGENC;CAGIRAN;INCEDEMIR;OZMERT;TRAORE;AKPALA;KUMBELA
Kasimpasa vs. Konyaspor - Friday October 24 - 2014,Kasimpasa,hard,4-3-3,ISAKSSON;BASDAS;DONK;OZTURK;KAPLAN;SAM;CASTRO;SCARIONE;BABEL;TORUN;BUYUK
Kasimpasa vs. Konyaspor - Friday October 24 - 2014,Konyaspor,hard,4-2-3-1,TARAKCI;AY;KOKALOVIC;USLU;FUCHS;CAMDALI;INCEMAN;GUVEN;TORJE;KABZE;RANGELOV
Balikesirspor vs. Bursaspor - Saturday October 25 - 2014,Balikesirspor,hard,4-2-3-1,SALK;COELHO;KULUSIC;CEVAHIR;ALKAN;CEVIKER;SANTOS;JABBIE;VARGAS;YILDIRIM;UNAL
Balikesirspor vs. Bursaspor - Saturday October 25 - 2014,Bursaspor,hard,4-2-3-1,TEKIN;AZIZ;CIVELLI;BEHICH;OZBAYRAKLI;TUFAN;YILMAZ;BELLUSCHI;JOSUE;BAKAMBU;FERNANDAO
Fenerbahce vs. Genclerbirligi - Saturday October 25 - 2014,Fenerbahce,easy,4-2-3-1,DEMIREL;KADLEC;KALDIRIM;GONUL;TOPAL;MEIRELES;BELOZOGLU;POTUK;KUYT;SOW;WEBO
Fenerbahce vs. Genclerbirligi - Saturday October 25 - 2014,Genclerbirligi,hard,4-2-3-1,DAHLIN;BAYRAK;CALIK;TOSIC;PETROVIC;CIFTCI;ASLANTAS;KAYA;KAHVECI;CELIK;STANCU
Sivasspor vs. Rizespor - Saturday October 25 - 2014,Rizespor,hard,4-2-3-1,KIRINTILI;ADNAN;KACAR;OBOABONA;VIERA;ALBAYRAK;OVACIKLI;KARAKAS;BEKDEMIR;HOLOSKO;KWEUKE
Sivasspor vs. Rizespor - Saturday October 25 - 2014,Sivasspor,hard,4-2-3-1,TASKIRAN;SAHBAZ;TORAMAN;DA COSTA;ERDAL;CICINHO;KOCAK;TAOUIL;CHAHECHOUHE;UTAKA;ESER
Basaksehir vs. Galatasaray - Sunday October 26 - 2014,Basaksehir,hard,4-2-3-1,BABACAN;AYHAN;CANSEV;ROTMAN;OZTORUN;UCAR;AGCAY;MARCIO MOSSORO;DOKA MADUREIRA;VISCA;SENTURK
Basaksehir vs. Galatasaray - Sunday October 26 - 2014,Galatasaray,easy,4-3-3,MUSLERA;GUNTER;SARI;BALTA;CAMDAL;FELIPE MELO;DZEMAILI;INAN;SNEIJDER;ADIN;YILMAZ
Mersin Idmanyurdu vs. Eskisehirspor - Sunday October 26 - 2014,Eskisehirspor,hard,4-4-2,BOFFIN;DABANLI;DIEGO ANGELO;KANAK;COREKCI;GUCER;CAUSIC;SISSOKO;ZENGIN;FUNES MORI;SISMANOGLU
Mersin Idmanyurdu vs. Eskisehirspor - Sunday October 26 - 2014,Mersin Idmanyurdu,hard,4-2-3-1,SAHIN;CETIN;OZARSLAN;BALCI;SADIKU;KAYA;CEYLAN;VAROL;DELIBALTA;TITA;FUTACS
Trabzonspor vs. Gaziantepspor - Sunday October 26 - 2014,Gaziantepspor,hard,4-4-2,KARCEMARSKAS;CHICO;SUME;AROKOYO;CAN;SUZEN;YARDIMCI;SEN;NEFIZ;CHIBUIKE;DEMIR
Trabzonspor vs. Gaziantepspor - Sunday October 26 - 2014,Trabzonspor,easy,4-3-3,OZTURK;MEDJANI;YUMLU;BELKALEM;CONSTANT;YAVRU;BOSINGWA;AYDOGDU;GURLER;YILMAZ;YATABARE
Kayseri Erciyesspor vs. Besiktas - Monday October 27 - 2014,Besiktas,easy,4-2-3-1,ZENGIN;FRANCO;GULUM;RAMON;HUTCHINSON;UYSAL;KAVLAK;OZYAKUP;SAHAN;TORE;BA
Kayseri Erciyesspor vs. Besiktas - Monday October 27 - 2014,Kayseri Erciyesspor,hard,4-2-3-1,DEGIRMENCI;BOYE;KARAER;OSMANPASA;ALKILIC;MANDJECK;YILDIRIM;IBRICIC;MEMIS;PARLAK;ZOUA
Galatasaray vs. Kasimpasa - Friday October 31 - 2014,Galatasaray,easy,4-2-3-1,MUSLERA;CHEDJOU;KAYA;TELLES;SARIOGLU;KURTULUS;INAN;ALTINTOP;COLAK;ADIN;YILMAZ
Galatasaray vs. Kasimpasa - Friday October 31 - 2014,Kasimpasa,hard,4-3-3,ISAKSSON;BASDAS;DONK;OZTURK;KAPLAN;SAM;CASTRO;SCARIONE;BABEL;TORUN;BUYUK
Akhisar Belediyespor vs. Trabzonspor - Saturday November 1 - 2014,Akhisar Belediyespor,hard,4-2-3-1,DAGLAROGLU;DEMIROK;KONUK;VURAL;CEBE;ZOKORA;DJOUM;KISA;NTIBAZONKIZA;BRUNO MEZENGA;GEKAS
Akhisar Belediyespor vs. Trabzonspor - Saturday November 1 - 2014,Trabzonspor,easy,4-2-3-1,OZTURK;DURSUN;MEDJANI;NIZAM;BELKALEM;AKBAS;BOSINGWA;EKICI;ERDOGAN;CARDOZO;WARIS
Bursaspor vs. Sivasspor - Saturday November 1 - 2014,Bursaspor,hard,4-2-3-1,TEKIN;AZIZ;CIVELLI;BEHICH;OZBAYRAKLI;YILMAZ;TUFAN;JOSUE;BELLUSCHI;BAKAMBU;FERNANDAO
Bursaspor vs. Sivasspor - Saturday November 1 - 2014,Sivasspor,hard,4-2-3-1,TASKIRAN;KURT;TORAMAN;DA COSTA;BERK NEZIROGLULARI;DERELI;KOCAK;CHAHECHOUHE;TAOUIL;ESER;ARAS
Genclerbirligi vs. Basaksehir - Saturday November 1 - 2014,Basaksehir,hard,4-2-3-1,BABACAN;AYHAN;EPUREANU;OZTORUN;UCAR;AGCAY;TEKDEMIR;MARCIO MOSSORO;DOKA MADUREIRA;VISCA;SENTURK
Genclerbirligi vs. Basaksehir - Saturday November 1 - 2014,Genclerbirligi,hard,4-3-3,DAHLIN;CALIK;TOSIC;CIFTCI;ASLANTAS;GOSSO;CALISKAN;KAYA;CELIK;ANTAL;STANCU
Besiktas vs. Fenerbahce - Sunday November 2 - 2014,Besiktas,easy,4-2-3-1,ZENGIN;GULUM;SIVOK;RAMON;UYSAL;HUTCHINSON;KAVLAK;OZYAKUP;FREI;SAHAN;BA
Besiktas vs. Fenerbahce - Sunday November 2 - 2014,Fenerbahce,easy,4-2-3-1,DEMIREL;IRTEGUN;KADLEC;ERKIN;GONUL;TOPAL;MEIRELES;BELOZOGLU;POTUK;KUYT;EMENIKE
Gaziantepspor vs. Mersin Idmanyurdu - Sunday November 2 - 2014,Gaziantepspor,hard,4-4-2,KARCEMARSKAS;AROKOYO;SUME;CHICO;CAN;SUZEN;YARDIMCI;SEN;NEFIZ;CHIBUIKE;DEMIR
Gaziantepspor vs. Mersin Idmanyurdu - Sunday November 2 - 2014,Mersin Idmanyurdu,hard,4-2-3-1,SAHIN;CETIN;MITROVIC;WEDERSON;BALCI;SADIKU;KHALILI;VAROL;DELIBALTA;TITA;WELLITON
Rizespor vs. Kayseri Erciyesspor - Sunday November 2 - 2014,Kayseri Erciyesspor,hard,4-3-3,DEGIRMENCI;BOYE;KARAER;OSMANPASA;ALKILIC;SYLLA;YILDIRIM;IBRICIC;MEMIS;PARLAK;ZOUA
Rizespor vs. Kayseri Erciyesspor - Sunday November 2 - 2014,Rizespor,hard,4-2-3-1,KIRINTILI;VIERA;OBOABONA;KACAR;ADNAN;ALBAYRAK;OVACIKLI;DURUER;BEKDEMIR;HOLOSKO;KWEUKE
Eskisehirspor vs. Balikesirspor - Monday November 3 - 2014,Balikesirspor,hard,4-2-3-1,SALK;COELHO;HATIPOGLU;CEVAHIR;AKDEMIR;ALKAN;CEVIKER;SANTOS;VARGAS;DEPE;YILDIRIM
Eskisehirspor vs. Balikesirspor - Monday November 3 - 2014,Eskisehirspor,hard,4-4-2,BOFFIN;DABANLI;PARLAK;KANAK;COREKCI;CAUSIC;LAWAL;SISSOKO;ZENGIN;AYDIN;FUNES MORI
Konyaspor vs. Kardemir Karabukspor - Monday November 3 - 2014,Kardemir Karabukspor,hard,4-4-2,WATERMAN;AKCA;MABIALA;OZKAN;OZGENC;CAGIRAN;INCEDEMIR;OZMERT;TRAORE;AKPALA;KUMBELA
Konyaspor vs. Kardemir Karabukspor - Monday November 3 - 2014,Konyaspor,hard,4-2-3-1,BELEC;AY;KOKALOVIC;USLU;UNLU;GUVEN;INCEMAN;HLEB;TORJE;DJALMA;KABZE
Gaziantepspor vs. Akhisar Belediyespor - Friday November 7 - 2014,Akhisar Belediyespor,hard,4-2-3-1,TUNCEL;DEMIROK;KONUK;VURAL;CEBE;ZOKORA;DJOUM;NTIBAZONKIZA;KISA;BRUNO MEZENGA;GEKAS
Gaziantepspor vs. Akhisar Belediyespor - Friday November 7 - 2014,Gaziantepspor,hard,4-4-2,KARCEMARSKAS;AROKOYO;SUME;CHICO;CAN;SUZEN;YARDIMCI;SEN;NEFIZ;CHIBUIKE;DEMIR
Sivasspor vs. Eskisehirspor - Friday November 7 - 2014,Eskisehirspor,hard,4-4-2,BOFFIN;COSKUN;DIEGO ANGELO;TEBER;COREKCI;GUCER;CAUSIC;SISSOKO;OZKAN;FUNES MORI;SISMANOGLU
Sivasspor vs. Eskisehirspor - Friday November 7 - 2014,Sivasspor,hard,4-2-3-1,TASKIRAN;KURT;TORAMAN;DA COSTA;ERDAL;BEKMEZCI;KOCAK;TAOUIL;CHAHECHOUHE;UTAKA;CHRISANTUS
Fenerbahce vs. Rizespor - Saturday November 8 - 2014,Fenerbahce,easy,4-2-3-1,DEMIREL;IRTEGUN;KADLEC;KALDIRIM;GONUL;TOPAL;MEIRELES;DIEGO;POTUK;KUYT;EMENIKE
Fenerbahce vs. Rizespor - Saturday November 8 - 2014,Rizespor,hard,4-4-2,KIRINTILI;OBOABONA;VIERA;ALBAYRAK;ALTINAY;OVACIKLI;KARAKAS;BEKDEMIR;HOLOSKO;KADAH;KWEUKE
Kardemir Karabukspor vs. Galatasaray - Saturday November 8 - 2014,Galatasaray,easy,4-2-3-1,MUSLERA;CHEDJOU;GUNTER;BALTA;SARIOGLU;FELIPE MELO;DZEMAILI;INAN;ALTINTOP;SNEIJDER;YILMAZ
Kardemir Karabukspor vs. Galatasaray - Saturday November 8 - 2014,Kardemir Karabukspor,hard,4-4-2,WATERMAN;GUNGOR;MABIALA;KAYHAN;OZGENC;INCEDEMIR;AKGUN;OZMERT;AYIK;AKPALA;KUMBELA
Mersin Idmanyurdu vs. Balikesirspor - Saturday November 8 - 2014,Balikesirspor,hard,4-2-3-1,SALK;COELHO;HATIPOGLU;CEVAHIR;AKDEMIR;ALKAN;JABBIE;SANTOS;VARGAS;DEPE;YILDIRIM
Mersin Idmanyurdu vs. Balikesirspor - Saturday November 8 - 2014,Mersin Idmanyurdu,hard,4-3-3,SAHIN;CETIN;MITROVIC;WEDERSON;BALCI;KHALILI;CEYLAN;DELIBALTA;TITA;NAKOULMA;WELLITON
Basaksehir vs. Besiktas - Sunday November 9 - 2014,Basaksehir,hard,4-2-3-1,BABACAN;AYHAN;EPUREANU;ROTMAN;OZTORUN;UCAR;AGCAY;MARCIO MOSSORO;DOKA MADUREIRA;VISCA;SENTURK
Basaksehir vs. Besiktas - Sunday November 9 - 2014,Besiktas,easy,4-4-2,GONEN;SIVOK;FRANCO;KURTULUS;HUTCHINSON;OZYAKUP;KOYBASI;SOSA;FREI;BA;TOSUN
Kasimpasa vs. Genclerbirligi - Sunday November 9 - 2014,Genclerbirligi,hard,4-2-3-1,DAHLIN;CALIK;TOSIC;CIFTCI;ASLANTAS;GOSSO;KAYA;TOMIC;CELIK;KOCER;STANCU
Kasimpasa vs. Genclerbirligi - Sunday November 9 - 2014,Kasimpasa,hard,4-3-3,ISAKSSON;BASDAS;DONK;OZTURK;KAPLAN;KARTAL;CASTRO;SCARIONE;BABEL;TORUN;BUYUK
Kayseri Erciyesspor vs. Bursaspor - Sunday November 9 - 2014,Bursaspor,hard,4-2-3-1,TEKIN;AZIZ;CIVELLI;BEHICH;OZBAYRAKLI;TUFAN;JOSUE;BELLUSCHI;SEN;BAKAMBU;FERNANDAO
Kayseri Erciyesspor vs. Bursaspor - Sunday November 9 - 2014,Kayseri Erciyesspor,hard,4-3-3,DEGIRMENCI;BOYE;KARAER;OSMANPASA;ALKILIC;SYLLA;YILDIRIM;IBRICIC;EDINHO;PARLAK;ZOUA
Trabzonspor vs. Konyaspor - Sunday November 9 - 2014,Konyaspor,hard,4-2-3-1,BELEC;KOKALOVIC;VUKOVIC;USLU;SAHINER;CAMDALI;UNLU;GUVEN;HLEB;TORJE;KABZE
Trabzonspor vs. Konyaspor - Sunday November 9 - 2014,Trabzonspor,easy,4-2-3-1,OZTURK;DURSUN;MEDJANI;BELKALEM;AKBAS;CONSTANT;BOSINGWA;EKICI;HURMACI;ERDOGAN;CARDOZO
Akhisar Belediyespor vs. Mersin Idmanyurdu - Saturday November 22 - 2014,Akhisar Belediyespor,hard,4-2-3-1,DAGLAROGLU;BIRINCI;DEMIROK;DOUGLAO;CEBE;ZENGIN;ZOKORA;YUCE;DJOUM;KISA;GEKAS
Akhisar Belediyespor vs. Mersin Idmanyurdu - Saturday November 22 - 2014,Mersin Idmanyurdu,hard,4-3-3,MIHAYLOV;CETIN;MITROVIC;WEDERSON;BALCI;CEYLAN;KHALILI;DELIBALTA;TITA;NAKOULMA;WELLITON
Galatasaray vs. Trabzonspor - Saturday November 22 - 2014,Galatasaray,easy,4-3-3,MUSLERA;CHEDJOU;GUNTER;BALTA;SARIOGLU;FELIPE MELO;KURTULUS;INAN;COLAK;ADIN;YILMAZ
Galatasaray vs. Trabzonspor - Saturday November 22 - 2014,Trabzonspor,easy,4-2-3-1,OZTURK;NIZAM;PAPADOPOULOS;DURSUN;MEDJANI;CONSTANT;BOSINGWA;EKICI;HURMACI;ERDOGAN;CARDOZO
Rizespor vs. Basaksehir - Saturday November 22 - 2014,Basaksehir,hard,4-2-3-1,BABACAN;AYHAN;EPUREANU;ROTMAN;OZTORUN;UCAR;AGCAY;MARCIO MOSSORO;DOKA MADUREIRA;VISCA;SENTURK
Rizespor vs. Basaksehir - Saturday November 22 - 2014,Rizespor,hard,4-2-3-1,KIRINTILI;ADNAN;KACAR;OBOABONA;ALBAYRAK;ALTINAY;OVACIKLI;SYLVESTRE;BEKDEMIR;HOLOSKO;KWEUKE
Besiktas vs. Kasimpasa - Sunday November 23 - 2014,Besiktas,easy,4-2-3-1,GONEN;GULUM;RAMON;KURTULUS;HUTCHINSON;UYSAL;KAVLAK;SOSA;FREI;TORE;BA
Besiktas vs. Kasimpasa - Sunday November 23 - 2014,Kasimpasa,hard,4-2-3-1,ISAKSSON;EKER;KULA;KAPLAN;KARTAL;SERAS;CASTRO;SCARIONE;BABEL;TORUN;BUYUK
Eskisehirspor vs. Kayseri Erciyesspor - Sunday November 23 - 2014,Eskisehirspor,hard,4-4-2,BOFFIN;COSKUN;DIEGO ANGELO;TEBER;COREKCI;GUCER;CAUSIC;SISSOKO;ZENGIN;FUNES MORI;SISMANOGLU
Eskisehirspor vs. Kayseri Erciyesspor - Sunday November 23 - 2014,Kayseri Erciyesspor,hard,4-2-3-1,DEGIRMENCI;BOYE;KARAER;OSMANPASA;ALKILIC;SYLLA;YILDIRIM;IBRICIC;ATES;PARLAK;ZOUA
Genclerbirligi vs. Kardemir Karabukspor - Sunday November 23 - 2014,Genclerbirligi,hard,4-2-3-1,DAHLIN;BALIOGLU;CALIK;TOSIC;ASLANTAS;KAYA;KAHVECI;TOMIC;CELIK;KOCER;STANCU
Genclerbirligi vs. Kardemir Karabukspor - Sunday November 23 - 2014,Kardemir Karabukspor,hard,4-4-2,WATERMAN;AKCA;GUNGOR;MABIALA;KAYHAN;INCEDEMIR;AKGUN;OZMERT;TRAORE;AYIK;AKPALA
Konyaspor vs. Gaziantepspor - Sunday November 23 - 2014,Gaziantepspor,hard,4-4-2,KARCEMARSKAS;AROKOYO;SUME;CHICO;CAN;SUZEN;YARDIMCI;SEN;NEFIZ;CHIBUIKE;DEMIR
Konyaspor vs. Gaziantepspor - Sunday November 23 - 2014,Konyaspor,hard,4-2-3-1,BELEC;AY;KOKALOVIC;USLU;SAHINER;CAMDALI;UNLU;INCEMAN;HLEB;KABZE;RANGELOV
Balikesirspor vs. Sivasspor - Monday November 24 - 2014,Balikesirspor,hard,4-2-3-1,SALK;HATIPOGLU;KULUSIC;CEVAHIR;AKDEMIR;ATASEVEN;CEVIKER;ALANZINHO;VARGAS;YILDIRIM;OZTURK
Balikesirspor vs. Sivasspor - Monday November 24 - 2014,Sivasspor,hard,4-2-3-1,TASKIRAN;KURT;DA COSTA;ERDAL;CICINHO;BEKMEZCI;KOCAK;TAOUIL;CHAHECHOUHE;ESER;KARADENIZ
Bursaspor vs. Fenerbahce - Monday November 24 - 2014,Bursaspor,hard,4-2-3-1,TEKIN;AZIZ;CIVELLI;BEHICH;OZBAYRAKLI;TUFAN;BELLUSCHI;JOSUE;SEN;BAKAMBU;FERNANDAO
Bursaspor vs. Fenerbahce - Monday November 24 - 2014,Fenerbahce,easy,4-2-3-1,DEMIREL;IRTEGUN;KADLEC;ERKIN;GONUL;TOPAL;MEIRELES;DIEGO;POTUK;KUYT;EMENIKE
Akhisar Belediyespor vs. Konyaspor - Friday November 28 - 2014,Akhisar Belediyespor,hard,4-2-3-1,DAGLAROGLU;BIRINCI;DEMIROK;DOUGLAO;VURAL;CEBE;ZENGIN;YUCE;DJOUM;KISA;GEKAS
Akhisar Belediyespor vs. Konyaspor - Friday November 28 - 2014,Konyaspor,hard,4-2-3-1,BELEC;AY;KOKALOVIC;USLU;SAHINER;FUCHS;UNLU;INCEMAN;HLEB;KABZE;RANGELOV
Basaksehir vs. Bursaspor - Friday November 28 - 2014,Basaksehir,hard,4-2-3-1,BABACAN;AYHAN;EPUREANU;ROTMAN;OZTORUN;UCAR;TEKDEMIR;MARCIO MOSSORO;DOKA MADUREIRA;VISCA;SENTURK
Basaksehir vs. Bursaspor - Friday November 28 - 2014,Bursaspor,hard,4-2-3-1,TEKIN;AZIZ;CIVELLI;BEHICH;OZBAYRAKLI;TUFAN;JOSUE;BELLUSCHI;SEN;BAKAMBU;FERNANDAO
Gaziantepspor vs. Galatasaray - Saturday November 29 - 2014,Galatasaray,easy,4-2-3-1,MUSLERA;CHEDJOU;KAYA;CAMDAL;SARIOGLU;FELIPE MELO;INAN;ALTINTOP;SNEIJDER;BRUMA;YILMAZ
Gaziantepspor vs. Galatasaray - Saturday November 29 - 2014,Gaziantepspor,hard,4-2-3-1,KARCEMARSKAS;AROKOYO;BINYA;CHICO;CAN;SUZEN;YARDIMCI;SEN;NEFIZ;DURAK;CHIBUIKE
Kasimpasa vs. Rizespor - Saturday November 29 - 2014,Kasimpasa,hard,4-2-3-1,ISAKSSON;BASDAS;DONK;EKER;KAPLAN;SERAS;CASTRO;SCARIONE;BABEL;COLAK;BUYUK
Kasimpasa vs. Rizespor - Saturday November 29 - 2014,Rizespor,hard,4-2-3-1,KIRINTILI;VIERA;KACAR;OBOABONA;ALBAYRAK;OVACIKLI;KARAKAS;BEKDEMIR;KORKMAZ;HOLOSKO;KADAH
Kayseri Erciyesspor vs. Balikesirspor - Saturday November 29 - 2014,Balikesirspor,hard,4-4-2,SALK;HATIPOGLU;KULUSIC;CEVAHIR;AKDEMIR;ALKAN;ATASEVEN;CEVIKER;DEPE;YILDIRIM;UNAL
Kayseri Erciyesspor vs. Balikesirspor - Saturday November 29 - 2014,Kayseri Erciyesspor,hard,4-4-2,DEGIRMENCI;BOYE;KARAER;MANGANE;OSMANPASA;ALKILIC;SYLLA;AKGUN;YILDIRIM;EDINHO;ZOUA
Fenerbahce vs. Eskisehirspor - Sunday November 30 - 2014,Eskisehirspor,hard,4-2-3-1,BOFFIN;COSKUN;DABANLI;TEBER;COREKCI;GUCER;CAUSIC;SISSOKO;ZENGIN;FUNES MORI;SISMANOGLU
Fenerbahce vs. Eskisehirspor - Sunday November 30 - 2014,Fenerbahce,easy,4-2-3-1,DEMIREL;IRTEGUN;KADLEC;ERKIN;GONUL;MEIRELES;BELOZOGLU;POTUK;KUYT;EMENIKE;SOW
Mersin Idmanyurdu vs. Sivasspor - Sunday November 30 - 2014,Mersin Idmanyurdu,hard,4-3-3,SAHIN;CETIN;MITROVIC;WEDERSON;BALCI;SADIKU;CEYLAN;KHALILI;DELIBALTA;NAKOULMA;WELLITON
Mersin Idmanyurdu vs. Sivasspor - Sunday November 30 - 2014,Sivasspor,hard,4-4-2,TASKIRAN;TORAMAN;DA COSTA;ERDAL;CICINHO;BEKMEZCI;KOCAK;CHAHECHOUHE;ESER;CHRISANTUS;KARADENIZ
Kardemir Karabukspor vs. Besiktas - Monday December 1 - 2014,Besiktas,easy,4-2-3-1,GONEN;FRANCO;GULUM;KURTULUS;HUTCHINSON;KAVLAK;KOYBASI;SOSA;FREI;TORE;BA
Kardemir Karabukspor vs. Besiktas - Monday December 1 - 2014,Kardemir Karabukspor,hard,4-4-2,WATERMAN;GUNGOR;MABIALA;KAYHAN;OZGENC;INCEDEMIR;OZMERT;TRAORE;VIOLA;AYIK;AKPALA
Trabzonspor vs. Genclerbirligi - Monday December 1 - 2014,Genclerbirligi,hard,4-2-3-1,DAHLIN;CALIK;TOSIC;CIFTCI;ASLANTAS;GOSSO;ILERI;KAHVECI;TOMIC;CELIK;KOCER
Trabzonspor vs. Genclerbirligi - Monday December 1 - 2014,Trabzonspor,easy,4-3-3,OZTURK;BELKALEM;MEDJANI;NIZAM;PAPADOPOULOS;BOSINGWA;EKICI;HURMACI;ERDOGAN;YILMAZ;CARDOZO
Balikesirspor vs. Fenerbahce - Saturday December 6 - 2014,Balikesirspor,hard,4-2-3-1,SALK;HATIPOGLU;KULUSIC;CEVAHIR;AKDEMIR;ATASEVEN;JABBIE;CEVIKER;ALANZINHO;YILDIRIM;UNAL
Balikesirspor vs. Fenerbahce - Saturday December 6 - 2014,Fenerbahce,easy,4-2-3-1,DEMIREL;ALVES;IRTEGUN;ERKIN;GONUL;TOPAL;MEIRELES;BELOZOGLU;KUYT;SOW;WEBO
Galatasaray vs. Akhisar Belediyespor - Saturday December 6 - 2014,Akhisar Belediyespor,hard,4-2-3-1,DAGLAROGLU;DEMIROK;DOUGLAO;VURAL;CEBE;ZENGIN;ZOKORA;DJOUM;NTIBAZONKIZA;AKYUZ;GEKAS
Galatasaray vs. Akhisar Belediyespor - Saturday December 6 - 2014,Galatasaray,easy,4-4-2,MUSLERA;CHEDJOU;KAYA;TELLES;SARIOGLU;INAN;COLAK;SNEIJDER;BRUMA;BULUT;YILMAZ
Genclerbirligi vs. Gaziantepspor - Saturday December 6 - 2014,Gaziantepspor,hard,4-2-3-1,KARCEMARSKAS;AROKOYO;SUME;CHICO;CAN;SUZEN;YARDIMCI;SEN;DURAK;AKIN;CHIBUIKE
Genclerbirligi vs. Gaziantepspor - Saturday December 6 - 2014,Genclerbirligi,hard,4-2-3-1,KOSE;BALIOGLU;CALIK;TOSIC;PETROVIC;ASLANTAS;GOSSO;KAHVECI;CELIK;ANTAL;STANCU
Konyaspor vs. Mersin Idmanyurdu - Saturday December 6 - 2014,Konyaspor,hard,4-2-3-1,BELEC;AY;KOKALOVIC;USLU;SAHINER;FUCHS;CAMDALI;INCEMAN;HLEB;KABZE;RANGELOV
Konyaspor vs. Mersin Idmanyurdu - Saturday December 6 - 2014,Mersin Idmanyurdu,hard,4-2-3-1,SAHIN;CETIN;MITROVIC;WEDERSON;BALCI;SADIKU;KHALILI;DELIBALTA;TITA;NAKOULMA;WELLITON
Besiktas vs. Trabzonspor - Sunday December 7 - 2014,Besiktas,easy,4-2-3-1,ZENGIN;FRANCO;GULUM;RAMON;KURTULUS;HUTCHINSON;KAVLAK;SOSA;SAHAN;TORE;BA
Besiktas vs. Trabzonspor - Sunday December 7 - 2014,Trabzonspor,easy,4-3-3,OZTURK;BELKALEM;MEDJANI;NIZAM;PAPADOPOULOS;BOSINGWA;EKICI;HURMACI;ERDOGAN;YILMAZ;CARDOZO
Bursaspor vs. Kasimpasa - Sunday December 7 - 2014,Bursaspor,hard,4-2-3-1,TEKIN;AZIZ;CIVELLI;BEHICH;OZBAYRAKLI;TUFAN;BELLUSCHI;JOSUE;SEN;BAKAMBU;FERNANDAO
Bursaspor vs. Kasimpasa - Sunday December 7 - 2014,Kasimpasa,hard,4-2-3-1,ISAKSSON;BASDAS;DONK;EKER;KAPLAN;SERAS;CASTRO;SCARIONE;BABEL;COLAK;BUYUK
Eskisehirspor vs. Basaksehir - Sunday December 7 - 2014,Basaksehir,hard,4-2-3-1,BABACAN;AYHAN;EPUREANU;ROTMAN;OZTORUN;UCAR;TEKDEMIR;MARCIO MOSSORO;DOKA MADUREIRA;VISCA;SENTURK
Eskisehirspor vs. Basaksehir - Sunday December 7 - 2014,Eskisehirspor,hard,4-4-2,BOFFIN;COSKUN;PARLAK;TEBER;COREKCI;GUCER;CAUSIC;SISSOKO;ZENGIN;FUNES MORI;SISMANOGLU
Rizespor vs. Kardemir Karabukspor - Sunday December 7 - 2014,Kardemir Karabukspor,hard,4-4-2,WATERMAN;GUNGOR;MABIALA;KAYHAN;OZGENC;CAGIRAN;OZMERT;VIOLA;AYIK;AKPALA;KUMBELA
Rizespor vs. Kardemir Karabukspor - Sunday December 7 - 2014,Rizespor,hard,4-2-3-1,KIRINTILI;ADNAN;KACAR;ALTINAY;OVACIKLI;DURUER;KARAKAS;SYLVESTRE;BEKDEMIR;KORKMAZ;KWEUKE
Sivasspor vs. Kayseri Erciyesspor - Monday December 8 - 2014,Kayseri Erciyesspor,hard,4-2-3-1,DEGIRMENCI;BOYE;KARAER;MANGANE;OSMANPASA;ALKILIC;SYLLA;YILDIRIM;AVCI;IBRICIC;EDINHO
Sivasspor vs. Kayseri Erciyesspor - Monday December 8 - 2014,Sivasspor,hard,4-2-3-1,TASKIRAN;KURT;DA COSTA;ERDAL;CICINHO;BEKMEZCI;KOCAK;TAOUIL;CHAHECHOUHE;UTAKA;ESER
Fenerbahce vs. Sivasspor - Friday December 12 - 2014,Fenerbahce,easy,4-2-3-1,DEMIREL;ALVES;IRTEGUN;ERKIN;GONUL;TOPAL;BELOZOGLU;MEIRELES;KUYT;EMENIKE;SOW
Fenerbahce vs. Sivasspor - Friday December 12 - 2014,Sivasspor,hard,4-2-3-1,TASKIRAN;KURT;DA COSTA;BERK NEZIROGLULARI;CICINHO;BEKMEZCI;ARSLAN;KOCAK;TAOUIL;CHAHECHOUHE;YILMAZER
Akhisar Belediyespor vs. Genclerbirligi - Saturday December 13 - 2014,Akhisar Belediyespor,hard,4-4-2,DAGLAROGLU;DOUGLAO;KONUK;KELES;VURAL;CEBE;YUCE;KISA;NTIBAZONKIZA;BRUNO MEZENGA;GEKAS
Akhisar Belediyespor vs. Genclerbirligi - Saturday December 13 - 2014,Genclerbirligi,hard,4-2-3-1,KOSE;CALIK;TOSIC;PETROVIC;PEHLIVAN;ASLANTAS;KAYA;KAHVECI;TOMIC;CELIK;STANCU
Basaksehir vs. Balikesirspor - Saturday December 13 - 2014,Balikesirspor,hard,4-2-3-1,SALK;HATIPOGLU;KULUSIC;CEVAHIR;AKDEMIR;ATASEVEN;JABBIE;CEVIKER;ALANZINHO;YILDIRIM;UNAL
Basaksehir vs. Balikesirspor - Saturday December 13 - 2014,Basaksehir,hard,4-2-3-1,BABACAN;AYHAN;EPUREANU;ROTMAN;OZTORUN;UCAR;TEKDEMIR;MARCIO MOSSORO;DOKA MADUREIRA;VISCA;SENTURK
Kasimpasa vs. Eskisehirspor - Saturday December 13 - 2014,Eskisehirspor,hard,4-2-3-1,BOFFIN;COSKUN;DABANLI;TEBER;COREKCI;GUCER;CAUSIC;LAWAL;ZENGIN;GULERYUZ;FUNES MORI
Kasimpasa vs. Eskisehirspor - Saturday December 13 - 2014,Kasimpasa,hard,4-2-3-1,ISAKSSON;BASDAS;DONK;EKER;OZTURK;KAPLAN;CASTRO;SCARIONE;BABEL;COLAK;TORUN
Konyaspor vs. Galatasaray - Saturday December 13 - 2014,Galatasaray,easy,4-4-2,MUSLERA;CHEDJOU;KAYA;TELLES;SARIOGLU;FELIPE MELO;INAN;COLAK;SNEIJDER;BULUT;YILMAZ
Konyaspor vs. Galatasaray - Saturday December 13 - 2014,Konyaspor,hard,4-2-3-1,BELEC;AY;KOKALOVIC;USLU;SAHINER;CAMDALI;UNLU;INCEMAN;HLEB;KABZE;RANGELOV
Gaziantepspor vs. Besiktas - Sunday December 14 - 2014,Besiktas,easy,4-2-3-1,ZENGIN;FRANCO;NUKAN;RAMON;KURTULUS;HUTCHINSON;OZYAKUP;SOSA;SAHAN;TORE;TOSUN
Gaziantepspor vs. Besiktas - Sunday December 14 - 2014,Gaziantepspor,hard,4-4-2,KARCEMARSKAS;AROKOYO;SUME;CHICO;CAN;SUZEN;YARDIMCI;SEN;DURAK;CAGLAYAN;CHIBUIKE
Kardemir Karabukspor vs. Bursaspor - Sunday December 14 - 2014,Bursaspor,hard,4-2-3-1,TEKIN;CIVELLI;PULGIR;BEHICH;OZBAYRAKLI;CINAZ;JOSUE;BELLUSCHI;SEN;BAKAMBU;FERNANDAO
Kardemir Karabukspor vs. Bursaspor - Sunday December 14 - 2014,Kardemir Karabukspor,hard,4-4-2,WATERMAN;GUNGOR;MABIALA;KAYHAN;OZGENC;CAGIRAN;OZMERT;VIOLA;AYIK;AKPALA;KUMBELA
Mersin Idmanyurdu vs. Kayseri Erciyesspor - Sunday December 14 - 2014,Kayseri Erciyesspor,hard,4-2-3-1,DEGIRMENCI;KARAER;MANGANE;OSMANPASA;ALKILIC;SYLLA;YILDIRIM;IBRICIC;MEMIS;EDINHO;ZOUA
Mersin Idmanyurdu vs. Kayseri Erciyesspor - Sunday December 14 - 2014,Mersin Idmanyurdu,hard,4-4-2,SAHIN;CETIN;MITROVIC;WEDERSON;BALCI;KHALILI;VAROL;TITA;FUTACS;NAKOULMA;PEDRIEL
Trabzonspor vs. Rizespor - Monday December 15 - 2014,Rizespor,hard,4-4-2,KIRINTILI;KACAR;VIERA;ALBAYRAK;ALTINAY;KARAKAS;SYLVESTRE;KORKMAZ;HOLOSKO;KADAH;KWEUKE
Trabzonspor vs. Rizespor - Monday December 15 - 2014,Trabzonspor,easy,4-2-3-1,OZTURK;BELKALEM;MEDJANI;CONSTANT;BOSINGWA;ATIK;EKICI;HURMACI;ERDOGAN;YILMAZ;CARDOZO
Kayseri Erciyesspor vs. Fenerbahce - Friday December 19 - 2014,Fenerbahce,easy,4-2-3-1,DEMIREL;ALVES;KORKMAZ;ERKIN;GONUL;TOPAL;BELOZOGLU;MEIRELES;KUYT;EMENIKE;SOW
Kayseri Erciyesspor vs. Fenerbahce - Friday December 19 - 2014,Kayseri Erciyesspor,hard,4-4-2,DEGIRMENCI;KARAER;OSMANPASA;OZTURK;ALKILIC;SYLLA;AKGUN;YILDIRIM;ATES;EDINHO;ZOUA
Eskisehirspor vs. Kardemir Karabukspor - Saturday December 20 - 2014,Eskisehirspor,hard,4-4-2,BOFFIN;COSKUN;DABANLI;TEBER;COREKCI;LAWAL;CAUSIC;SISSOKO;ZENGIN;FUNES MORI;SISMANOGLU
Eskisehirspor vs. Kardemir Karabukspor - Saturday December 20 - 2014,Kardemir Karabukspor,hard,4-4-2,WATERMAN;AKCA;GUNGOR;KAYHAN;OZGENC;CAGIRAN;OZMERT;VIOLA;AYIK;AKPALA;KUMBELA
Galatasaray vs. Mersin Idmanyurdu - Saturday December 20 - 2014,Galatasaray,easy,4-4-2,MUSLERA;CHEDJOU;KAYA;TELLES;SARIOGLU;FELIPE MELO;INAN;COLAK;SNEIJDER;BULUT;YILMAZ
Galatasaray vs. Mersin Idmanyurdu - Saturday December 20 - 2014,Mersin Idmanyurdu,hard,4-2-3-1,SAHIN;CETIN;MITROVIC;WEDERSON;BALCI;SADIKU;KHALILI;CEYLAN;VAROL;FUTACS;NAKOULMA
Genclerbirligi vs. Konyaspor - Saturday December 20 - 2014,Genclerbirligi,hard,4-2-3-1,KOSE;CALIK;TOSIC;PETROVIC;PEHLIVAN;OGUZ;GOSSO;KAYA;KAHVECI;TOMIC;STANCU
Genclerbirligi vs. Konyaspor - Saturday December 20 - 2014,Konyaspor,hard,4-2-3-1,BELEC;AY;KOKALOVIC;USLU;SAHINER;FUCHS;CAMDALI;INCEMAN;HLEB;DJALMA;KABZE
Sivasspor vs. Basaksehir - Saturday December 20 - 2014,Basaksehir,hard,4-2-3-1,BABACAN;AYHAN;EPUREANU;ROTMAN;OZTORUN;UCAR;TEKDEMIR;MARCIO MOSSORO;DOKA MADUREIRA;VISCA;SENTURK
Sivasspor vs. Basaksehir - Saturday December 20 - 2014,Sivasspor,hard,4-2-3-1,TASKIRAN;KURT;DA COSTA;CIPLAK;CICINHO;BEKMEZCI;KOCAK;TAOUIL;CHAHECHOUHE;UTAKA;ESER
Balikesirspor vs. Kasimpasa - Sunday December 21 - 2014,Balikesirspor,hard,4-2-3-1,SALK;HATIPOGLU;KULUSIC;CEVAHIR;AKDEMIR;ATASEVEN;CEVIKER;VARGAS;CALIK;YILDIRIM;UNAL
Balikesirspor vs. Kasimpasa - Sunday December 21 - 2014,Kasimpasa,hard,4-2-3-1,ISAKSSON;BASDAS;DONK;EKER;OZTURK;TURAN;KAPLAN;SERAS;SCARIONE;COLAK;TORUN
Besiktas vs. Akhisar Belediyespor - Sunday December 21 - 2014,Akhisar Belediyespor,hard,4-2-3-1,DAGLAROGLU;DEMIROK;DOUGLAO;KONUK;VURAL;ZOKORA;YUCE;DJOUM;NTIBAZONKIZA;KISA;GEKAS
Besiktas vs. Akhisar Belediyespor - Sunday December 21 - 2014,Besiktas,easy,4-2-3-1,ZENGIN;FRANCO;GULUM;KURTULUS;HUTCHINSON;KAVLAK;KOYBASI;SOSA;FREI;SAHAN;TOSUN
Bursaspor vs. Trabzonspor - Sunday December 21 - 2014,Bursaspor,hard,4-2-3-1,TEKIN;CIVELLI;BEHICH;OZBAYRAKLI;CINAZ;TUFAN;YILMAZ;BELLUSCHI;SEN;FERNANDAO;BAKAMBU
Bursaspor vs. Trabzonspor - Sunday December 21 - 2014,Trabzonspor,easy,4-2-3-1,OZTURK;AKBAS;MEDJANI;CONSTANT;BOSINGWA;ATIK;EKICI;HURMACI;ERDOGAN;YILMAZ;YATABARE
Rizespor vs. Gaziantepspor - Monday December 22 - 2014,Gaziantepspor,hard,4-2-3-1,KARCEMARSKAS;BINYA;SUME;CHICO;CAN;YARDIMCI;SEN;NEFIZ;TURK;DURAK;DEMIR
Rizespor vs. Gaziantepspor - Monday December 22 - 2014,Rizespor,hard,4-4-2,KIRINTILI;VIERA;OZMEN;ALBAYRAK;ALTINAY;KARAKAS;SYLVESTRE;HOLOSKO;KADAH;KWEUKE;LUALUA
Genclerbirligi vs. Galatasaray - Friday December 26 - 2014,Galatasaray,easy,4-4-2,MUSLERA;KAYA;BALTA;TELLES;SARIOGLU;INAN;ALTINTOP;COLAK;ADIN;BULUT;YILMAZ
Genclerbirligi vs. Galatasaray - Friday December 26 - 2014,Genclerbirligi,hard,4-2-3-1,KOSE;CALIK;PETROVIC;TOSIC;PEHLIVAN;ASLANTAS;GOSSO;KAYA;KAHVECI;TOMIC;STANCU
Basaksehir vs. Kayseri Erciyesspor - Saturday December 27 - 2014,Basaksehir,hard,4-2-3-1,BABACAN;AYHAN;EPUREANU;ROTMAN;ERDEM;UCAR;TEKDEMIR;OZTURK;DOKA MADUREIRA;VISCA;SENTURK
Basaksehir vs. Kayseri Erciyesspor - Saturday December 27 - 2014,Kayseri Erciyesspor,hard,4-5-1,DEGIRMENCI;KARAER;OSMANPASA;OZTURK;ALKILIC;OZEN;CAN;MANDJECK;SYLLA;ATES;ZOUA
Fenerbahce vs. Mersin Idmanyurdu - Saturday December 27 - 2014,Fenerbahce,easy,4-2-3-1,DEMIREL;ALVES;KORKMAZ;ERKIN;GONUL;TOPAL;BELOZOGLU;MEIRELES;POTUK;KUYT;SOW
Fenerbahce vs. Mersin Idmanyurdu - Saturday December 27 - 2014,Mersin Idmanyurdu,hard,4-3-3,MIHAYLOV;CETIN;OZARSLAN;WEDERSON;BALCI;SADIKU;KHALILI;CEYLAN;TITA;FUTACS;NAKOULMA
Kardemir Karabukspor vs. Balikesirspor - Saturday December 27 - 2014,Balikesirspor,hard,4-2-3-1,SALK;HATIPOGLU;KULUSIC;CEVAHIR;AKDEMIR;CEVIKER;ATASEVEN;VARGAS;CALIK;YILDIRIM;UNAL
Kardemir Karabukspor vs. Balikesirspor - Saturday December 27 - 2014,Kardemir Karabukspor,hard,4-4-2,WATERMAN;AKCA;GUNGOR;MABIALA;KAYHAN;CAGIRAN;OZMERT;VIOLA;AYIK;AKPALA;KUMBELA
Akhisar Belediyespor vs. Rizespor - Sunday December 28 - 2014,Akhisar Belediyespor,hard,4-2-3-1,DAGLAROGLU;DOUGLAO;KONUK;VURAL;CEBE;YUCE;ZOKORA;KISA;OZER;BRUNO MEZENGA;GEKAS
Akhisar Belediyespor vs. Rizespor - Sunday December 28 - 2014,Rizespor,hard,4-4-2,KIRINTILI;KACAR;VIERA;ALBAYRAK;OVACIKLI;KARAKAS;SYLVESTRE;ABDI;HOLOSKO;KADAH;KWEUKE
Gaziantepspor vs. Bursaspor - Sunday December 28 - 2014,Bursaspor,hard,4-2-3-1,TEKIN;CIVELLI;BEHICH;OZBAYRAKLI;CINAZ;TUFAN;YILMAZ;BELLUSCHI;JOSUE;SEN;FERNANDAO
Gaziantepspor vs. Bursaspor - Sunday December 28 - 2014,Gaziantepspor,hard,4-2-3-1,KARCEMARSKAS;BINYA;SUME;CHICO;CAN;YARDIMCI;SEN;NEFIZ;TURK;DURAK;DEMIR
Kasimpasa vs. Sivasspor - Sunday December 28 - 2014,Kasimpasa,hard,4-2-3-1,ISAKSSON;BASDAS;DONK;OZTURK;KAPLAN;SAM;CASTRO;SCARIONE;BABEL;COLAK;TORUN
Kasimpasa vs. Sivasspor - Sunday December 28 - 2014,Sivasspor,hard,4-2-3-1,CELIKAY;KURT;DA COSTA;CICINHO;DERELI;BEKMEZCI;KOCAK;CHAHECHOUHE;ESER;YILMAZER;KARADENIZ
Konyaspor vs. Besiktas - Sunday December 28 - 2014,Besiktas,easy,4-2-3-1,ZENGIN;FRANCO;GULUM;KURTULUS;HUTCHINSON;KAVLAK;KOYBASI;SOSA;SAHAN;TORE;BA
Konyaspor vs. Besiktas - Sunday December 28 - 2014,Konyaspor,hard,4-3-3,BELEC;AY;KOKALOVIC;TURAN;USLU;SAHINER;CAMDALI;GUVEN;INCEMAN;DJALMA;KABZE
Trabzonspor vs. Eskisehirspor - Monday December 29 - 2014,Eskisehirspor,hard,4-4-2,BOFFIN;DABANLI;DIEGO ANGELO;KANAK;COREKCI;CAUSIC;KARA;SISSOKO;ZENGIN;FUNES MORI;SISMANOGLU
Trabzonspor vs. Eskisehirspor - Monday December 29 - 2014,Trabzonspor,easy,4-2-3-1,DEMIR;AKBAS;BELKALEM;MEDJANI;DOGAN;CONSTANT;BOSINGWA;AYDOGDU;HURMACI;ERDOGAN;CARDOZO
Bursaspor vs. Akhisar Belediyespor - Saturday January 3 - 2015,Akhisar Belediyespor,hard,4-2-3-1,TUNCEL;BIRINCI;DOUGLAO;KONUK;VURAL;ZENGIN;YUCE;NTIBAZONKIZA;KISA;OZER;GEKAS
Bursaspor vs. Akhisar Belediyespor - Saturday January 3 - 2015,Bursaspor,hard,4-2-3-1,TEKIN;CIVELLI;TASDEMIR;OZBAYRAKLI;CINAZ;HOLMEN;YILMAZ;TUFAN;JOSUE;SEN;FERNANDAO
Fenerbahce vs. Basaksehir - Saturday January 3 - 2015,Basaksehir,hard,4-2-3-1,BABACAN;AYHAN;EPUREANU;ROTMAN;OZTORUN;UCAR;TEKDEMIR;MARCIO MOSSORO;DOKA MADUREIRA;VISCA;SENTURK
Fenerbahce vs. Basaksehir - Saturday January 3 - 2015,Fenerbahce,easy,4-2-3-1,DEMIREL;IRTEGUN;KORKMAZ;ERKIN;GONUL;TOPAL;BELOZOGLU;MEIRELES;POTUK;KUYT;SOW
Rizespor vs. Konyaspor - Saturday January 3 - 2015,Konyaspor,hard,4-3-3,BELEC;AY;KOKALOVIC;TURAN;USLU;SAHINER;CAMDALI;INCEMAN;GUVEN;DJALMA;KABZE
Rizespor vs. Konyaspor - Saturday January 3 - 2015,Rizespor,hard,4-4-2,KIRINTILI;KACAR;VIERA;ALBAYRAK;OVACIKLI;KARAKAS;SYLVESTRE;ABDI;HOLOSKO;KADAH;KWEUKE
Besiktas vs. Galatasaray - Sunday January 4 - 2015,Besiktas,easy,4-2-3-1,ZENGIN;FRANCO;GULUM;RAMON;KURTULUS;OZYAKUP;KAVLAK;SOSA;SAHAN;TORE;BA
Besiktas vs. Galatasaray - Sunday January 4 - 2015,Galatasaray,easy,4-4-2,MUSLERA;CHEDJOU;KAYA;TELLES;SARIOGLU;FELIPE MELO;INAN;COLAK;SNEIJDER;BULUT;YILMAZ
Eskisehirspor vs. Gaziantepspor - Sunday January 4 - 2015,Eskisehirspor,hard,4-4-2,BOFFIN;DABANLI;DIEGO ANGELO;KANAK;COREKCI;CAUSIC;KARA;SISSOKO;GULERYUZ;FUNES MORI;SISMANOGLU
Eskisehirspor vs. Gaziantepspor - Sunday January 4 - 2015,Gaziantepspor,hard,4-2-3-1,KARCEMARSKAS;BINYA;SUME;CHICO;CAN;YARDIMCI;SEN;NEFIZ;DURAK;TURK;DEMIR
Kayseri Erciyesspor vs. Kasimpasa - Sunday January 4 - 2015,Kasimpasa,hard,4-2-3-1,ISAKSSON;DONK;EKER;OZTURK;KAPLAN;KARTAL;CASTRO;SCARIONE;BABEL;COLAK;BUYUK
Kayseri Erciyesspor vs. Kasimpasa - Sunday January 4 - 2015,Kayseri Erciyesspor,hard,4-4-2,DEGIRMENCI;KARAER;OSMANPASA;OZTURK;SYLLA;AKGUN;YILDIRIM;MEMIS;ATES;EDINHO;ZOUA
Sivasspor vs. Kardemir Karabukspor - Sunday January 4 - 2015,Kardemir Karabukspor,hard,4-4-2,WATERMAN;AKCA;MABIALA;OZGENC;KAYHAN;INCEDEMIR;OZMERT;TRAORE;AYIK;AKPALA;KUMBELA
Sivasspor vs. Kardemir Karabukspor - Sunday January 4 - 2015,Sivasspor,hard,4-4-2,TASKIRAN;KURT;CIPLAK;CICINHO;BEKMEZCI;KOCAK;TAOUIL;CHAHECHOUHE;ESER;ARAS;KARADENIZ
Balikesirspor vs. Trabzonspor - Monday January 5 - 2015,Balikesirspor,hard,4-2-3-1,SALK;HATIPOGLU;KULUSIC;CEVAHIR;AKDEMIR;ATASEVEN;CEVIKER;VARGAS;CALIK;YILDIRIM;UNAL
Balikesirspor vs. Trabzonspor - Monday January 5 - 2015,Trabzonspor,easy,4-2-3-1,DEMIR;AKBAS;DEMIR;NIZAM;BOSINGWA;YAZGAN;AYDOGDU;EKICI;HURMACI;ERDOGAN;YILMAZ
Mersin Idmanyurdu vs. Genclerbirligi - Monday January 5 - 2015,Genclerbirligi,hard,4-2-3-1,KOSE;CALIK;TOSIC;PETROVIC;PEHLIVAN;ASLANTAS;GOSSO;KAYA;KAHVECI;KOCER;TOSUN
Mersin Idmanyurdu vs. Genclerbirligi - Monday January 5 - 2015,Mersin Idmanyurdu,hard,4-3-3,SAHIN;CETIN;MITROVIC;WEDERSON;SADIKU;KHALILI;CEYLAN;VAROL;TITA;NAKOULMA;WELLITON
Konyaspor vs. Bursaspor - Friday January 23 - 2015,Bursaspor,hard,4-2-3-1,TEKIN;AZIZ;CIVELLI;TASDEMIR;OZBAYRAKLI;TUFAN;YILMAZ;BELLUSCHI;SEN;BAKAMBU;FERNANDAO
Konyaspor vs. Bursaspor - Friday January 23 - 2015,Konyaspor,hard,4-3-3,BELEC;KOKALOVIC;VUKOVIC;USLU;SAHINER;CAMDALI;INCEMAN;GUVEN;DJALMA;TORJE;KABZE
Trabzonspor vs. Sivasspor - Friday January 23 - 2015,Sivasspor,hard,4-2-3-1,CELIKAY;KURT;DA COSTA;ERDAL;CICINHO;BEKMEZCI;KOCAK;TAOUIL;CHAHECHOUHE;ESER;KARADENIZ
Trabzonspor vs. Sivasspor - Friday January 23 - 2015,Trabzonspor,easy,4-2-3-1,ARIKAN;DURSUN;NIZAM;DEMIR;BOSINGWA;ATIK;EKICI;HURMACI;ERDOGAN;YILMAZ;CARDOZO
Akhisar Belediyespor vs. Eskisehirspor - Saturday January 24 - 2015,Akhisar Belediyespor,hard,4-2-3-1,DAGLAROGLU;DOUGLAO;TASDELEN;VURAL;CEBE;CUSTODIO;YUCE;KISA;VARDAR;AKYUZ;GEKAS
Akhisar Belediyespor vs. Eskisehirspor - Saturday January 24 - 2015,Eskisehirspor,hard,4-2-3-1,BOFFIN;COSKUN;DABANLI;DIEGO ANGELO;CEK;COREKCI;GUCER;TOKO;BAYRAMOGLU;LAWAL;SISSOKO
Basaksehir vs. Mersin Idmanyurdu - Saturday January 24 - 2015,Basaksehir,hard,4-2-3-1,BABACAN;AYHAN;EPUREANU;ROTMAN;ERDEM;SAHIN;TEKDEMIR;MARCIO MOSSORO;PEKTURK;VISCA;SENTURK
Basaksehir vs. Mersin Idmanyurdu - Saturday January 24 - 2015,Mersin Idmanyurdu,hard,4-3-3,SAHIN;CETIN;MITROVIC;WEDERSON;BALCI;SADIKU;KHALILI;CEYLAN;VAROL;KALOGLU;WELLITON
Gaziantepspor vs. Balikesirspor - Saturday January 24 - 2015,Balikesirspor,hard,4-2-3-1,VUKOVIC;HATIPOGLU;KULUSIC;CEVAHIR;AKDEMIR;CEVIKER;SANTOS;VARGAS;YILDIRIM;CELIK;UNAL
Gaziantepspor vs. Balikesirspor - Saturday January 24 - 2015,Gaziantepspor,hard,4-4-2,KARCEMARSKAS;BINYA;CHICO;CAN;YARDIMCI;SEN;NEFIZ;TURK;DURAK;CHIBUIKE;DEMIR
Kasimpasa vs. Fenerbahce - Saturday January 24 - 2015,Fenerbahce,easy,4-2-3-1,DEMIREL;ALVES;KORKMAZ;ERKIN;GONUL;SAHIN;MEIRELES;DIEGO;POTUK;KUYT;EMENIKE
Kasimpasa vs. Fenerbahce - Saturday January 24 - 2015,Kasimpasa,hard,4-2-3-1,ISAKSSON;DONK;EKER;SARI;OZTURK;KAPLAN;CASTRO;SCARIONE;BABEL;TORUN;BUYUK
Galatasaray vs. Rizespor - Sunday January 25 - 2015,Galatasaray,easy,4-2-3-1,MUSLERA;GUNTER;BALTA;TELLES;SARIOGLU;FELIPE MELO;INAN;COLAK;SNEIJDER;BRUMA;BULUT
Galatasaray vs. Rizespor - Sunday January 25 - 2015,Rizespor,hard,4-4-2,KIRINTILI;ALBAYRAK;ALTINAY;OVACIKLI;KARAKAS;SYLVESTRE;OBRANIAK;KORKMAZ;HOLOSKO;KADAH;KOSE
Kardemir Karabukspor vs. Kayseri Erciyesspor - Sunday January 25 - 2015,Kardemir Karabukspor,hard,4-4-2,WATERMAN;GUNGOR;MABIALA;KAYHAN;OZGENC;CAGIRAN;OZCAL;VIOLA;AYIK;AKPALA;KUMBELA
Kardemir Karabukspor vs. Kayseri Erciyesspor - Sunday January 25 - 2015,Kayseri Erciyesspor,hard,4-4-2,DEGIRMENCI;OZTURK;OSMANPASA;DEMIRKOL;ALKILIC;PEHLIVAN;AKGUN;YILDIRIM;MEMIS;ATES;EDINHO
Genclerbirligi vs. Besiktas - Monday January 26 - 2015,Besiktas,easy,4-2-3-1,ZENGIN;FRANCO;GULUM;RAMON;KURTULUS;UYSAL;HUTCHINSON;OZYAKUP;SAHAN;TORE;BA
Genclerbirligi vs. Besiktas - Monday January 26 - 2015,Genclerbirligi,hard,4-2-3-1,KOSE;PETROVIC;TOSIC;CALIK;PEHLIVAN;ASLANTAS;GOSSO;KAYA;CELIK;KOCER;TOSUN
Akhisar Belediyespor vs. Balikesirspor - Friday January 30 - 2015,Akhisar Belediyespor,hard,4-2-3-1,DAGLAROGLU;DOUGLAO;KELES;TASDELEN;VURAL;CUSTODIO;ZOKORA;KOSNEK;KISA;VARDAR;GEKAS
Akhisar Belediyespor vs. Balikesirspor - Friday January 30 - 2015,Balikesirspor,hard,4-2-3-1,VUKOVIC;HATIPOGLU;KULUSIC;CEVAHIR;AKDEMIR;CEVIKER;GOMES;VARGAS;YILDIRIM;CELIK;UNAL
Trabzonspor vs. Kayseri Erciyesspor - Friday January 30 - 2015,Kayseri Erciyesspor,hard,4-4-2,DEGIRMENCI;KARAER;OSMANPASA;OZTURK;ALKILIC;PEHLIVAN;AKGUN;DRENTHE;MEMIS;ATES;EDINHO
Trabzonspor vs. Kayseri Erciyesspor - Friday January 30 - 2015,Trabzonspor,easy,4-2-3-1,ARIKAN;DEMIR;NIZAM;DURSUN;BOSINGWA;ATIK;EKICI;HURMACI;ZENGIN;YILMAZ;CARDOZO
Gaziantepspor vs. Sivasspor - Saturday January 31 - 2015,Gaziantepspor,hard,4-2-3-1,KARCEMARSKAS;BINYA;SUME;CHICO;CAN;YARDIMCI;SEN;NEFIZ;TURK;DURAK;DEMIR
Gaziantepspor vs. Sivasspor - Saturday January 31 - 2015,Sivasspor,hard,4-2-3-1,CELIKAY;KURT;DA COSTA;ERDAL;CICINHO;BEKMEZCI;KOCAK;CHAHECHOUHE;AKIN;ESER;KARADENIZ
Kardemir Karabukspor vs. Fenerbahce - Saturday January 31 - 2015,Fenerbahce,easy,4-2-3-1,DEMIREL;ALVES;KORKMAZ;ERKIN;GONUL;TOPAL;SAHIN;DIEGO;POTUK;KUYT;EMENIKE
Kardemir Karabukspor vs. Fenerbahce - Saturday January 31 - 2015,Kardemir Karabukspor,hard,4-2-3-1,WATERMAN;GUNGOR;MABIALA;KAS;KAYHAN;OZGENC;SOW;CAGIRAN;OZCAL;TRAORE;VIOLA
Kasimpasa vs. Basaksehir - Saturday January 31 - 2015,Basaksehir,hard,4-2-3-1,BABACAN;AYHAN;EPUREANU;ROTMAN;OZTORUN;UCAR;TEKDEMIR;MARCIO MOSSORO;DOKA MADUREIRA;VISCA;SENTURK
Kasimpasa vs. Basaksehir - Saturday January 31 - 2015,Kasimpasa,hard,4-2-3-1,ISAKSSON;DONK;EKER;OZTURK;SARI;KAPLAN;CASTRO;SCARIONE;BABEL;TORUN;BUYUK
Besiktas vs. Mersin Idmanyurdu - Sunday February 1 - 2015,Besiktas,easy,4-2-3-1,ZENGIN;FRANCO;GULUM;RAMON;KURTULUS;OZYAKUP;KAVLAK;SOSA;SAHAN;TORE;BA
Besiktas vs. Mersin Idmanyurdu - Sunday February 1 - 2015,Mersin Idmanyurdu,hard,4-2-3-1,MIHAYLOV;CETIN;MITROVIC;WEDERSON;BALCI;TAS;SADIKU;CEYLAN;VAROL;NAKOULMA;WELLITON
Galatasaray vs. Bursaspor - Sunday February 1 - 2015,Bursaspor,hard,4-2-3-1,TEKIN;AZIZ;CIVELLI;TASDEMIR;OZBAYRAKLI;TUFAN;YILMAZ;BELLUSCHI;SEN;BAKAMBU;FERNANDAO
Galatasaray vs. Bursaspor - Sunday February 1 - 2015,Galatasaray,easy,4-2-3-1,MUSLERA;CHEDJOU;GUNTER;BALTA;TELLES;SARIOGLU;FELIPE MELO;COLAK;SNEIJDER;ADIN;BULUT
Genclerbirligi vs. Rizespor - Sunday February 1 - 2015,Genclerbirligi,hard,4-2-3-1,KAPLAN;BAYRAK;TOSIC;PETROVIC;CIFTCI;PEHLIVAN;ASLANTAS;GOSSO;KOCER;STANCU;TOSUN
Genclerbirligi vs. Rizespor - Sunday February 1 - 2015,Rizespor,hard,4-2-3-1,KIRINTILI;KACAR;OBOABONA;ALBAYRAK;ALTINAY;KARAKAS;SYLVESTRE;OBRANIAK;KORKMAZ;KAYA;HOLOSKO
Konyaspor vs. Eskisehirspor - Sunday February 1 - 2015,Eskisehirspor,hard,4-2-3-1,BOFFIN;COSKUN;DIEGO ANGELO;KANAK;CEK;COREKCI;TOKO;GUCER;BAYRAMOGLU;CAUSIC;SISSOKO
Konyaspor vs. Eskisehirspor - Sunday February 1 - 2015,Konyaspor,hard,4-3-3,TARAKCI;AY;KOKALOVIC;VUKOVIC;SAHINER;CAMDALI;INCEMAN;GUVEN;DJALMA;TORJE;KABZE
Basaksehir vs. Kardemir Karabukspor - Friday February 6 - 2015,Basaksehir,hard,4-2-3-1,BABACAN;AYHAN;EPUREANU;ROTMAN;OZTORUN;UCAR;TEKDEMIR;MARCIO MOSSORO;DOKA MADUREIRA;VISCA;SENTURK
Basaksehir vs. Kardemir Karabukspor - Friday February 6 - 2015,Kardemir Karabukspor,hard,4-2-3-1,WATERMAN;AKCA;OZKAN;KAYHAN;INCEDEMIR;SOW;OZCAL;OZMERT;TRAORE;VIOLA;AKPALA
Fenerbahce vs. Trabzonspor - Saturday February 7 - 2015,Fenerbahce,easy,4-2-3-1,DEMIREL;ALVES;KORKMAZ;ERKIN;GONUL;TOPAL;SAHIN;DIEGO;POTUK;KUYT;EMENIKE
Fenerbahce vs. Trabzonspor - Saturday February 7 - 2015,Trabzonspor,easy,4-2-3-1,ARIKAN;DEMIR;DURSUN;MEDJANI;CONSTANT;EKICI;HURMACI;ERDOGAN;ZENGIN;YILMAZ;CARDOZO
Kayseri Erciyesspor vs. Gaziantepspor - Saturday February 7 - 2015,Gaziantepspor,hard,4-2-3-1,KARCEMARSKAS;SUME;VRANJES;CHICO;CAN;YARDIMCI;JOAO VITOR;SEN;TURK;CHIBUIKE;DEMIR
Kayseri Erciyesspor vs. Gaziantepspor - Saturday February 7 - 2015,Kayseri Erciyesspor,hard,4-2-3-1,DEGIRMENCI;KARAER;OSMANPASA;OZTURK;ALKILIC;PEHLIVAN;AKGUN;DRENTHE;MEMIS;ATES;ZOUA
Sivasspor vs. Akhisar Belediyespor - Saturday February 7 - 2015,Akhisar Belediyespor,hard,4-2-3-1,DAGLAROGLU;DOUGLAO;KELES;TASDELEN;VURAL;ARSLAN;CUSTODIO;YUCE;KISA;VARDAR;GEKAS
Sivasspor vs. Akhisar Belediyespor - Saturday February 7 - 2015,Sivasspor,hard,4-2-3-1,CELIKAY;KURT;DA COSTA;ERDAL;CICINHO;BEKMEZCI;KOCAK;CHAHECHOUHE;AKIN;ESER;ENERAMO
Balikesirspor vs. Konyaspor - Sunday February 8 - 2015,Balikesirspor,hard,4-2-3-1,VUKOVIC;HATIPOGLU;KULUSIC;CEVAHIR;AKDEMIR;GOMES;ATASEVEN;VARGAS;ZEC;CELIK;UNAL
Balikesirspor vs. Konyaspor - Sunday February 8 - 2015,Konyaspor,hard,4-4-2,TARAKCI;AY;KOKALOVIC;VUKOVIC;FUCHS;SAHINER;CAMDALI;INCEMAN;DJALMA;TORJE;KABZE
Bursaspor vs. Genclerbirligi - Sunday February 8 - 2015,Bursaspor,hard,4-2-3-1,TEKIN;AZIZ;TASDEMIR;OZBAYRAKLI;CINAZ;TUFAN;YILMAZ;BELLUSCHI;JOSUE;SEN;FERNANDAO
Bursaspor vs. Genclerbirligi - Sunday February 8 - 2015,Genclerbirligi,hard,4-2-3-1,KOSE;CALIK;TOSIC;CIFTCI;PEHLIVAN;ASLANTAS;LANDEL;KAYA;KAHVECI;STANCU;TOSUN
Mersin Idmanyurdu vs. Kasimpasa - Sunday February 8 - 2015,Kasimpasa,hard,4-4-2,ISAKSSON;SARI;EKER;DONK;KAPLAN;KIRAZ;SAM;CASTRO;BABEL;VIUDEZ;MALKI
Mersin Idmanyurdu vs. Kasimpasa - Sunday February 8 - 2015,Mersin Idmanyurdu,hard,4-3-3,SAHIN;CETIN;MITROVIC;WEDERSON;BALCI;SADIKU;KHALILI;CEYLAN;VAROL;NAKOULMA;WELLITON
Rizespor vs. Besiktas - Sunday February 8 - 2015,Besiktas,easy,4-2-3-1,ZENGIN;FRANCO;GULUM;RAMON;KURTULUS;KAVLAK;OZYAKUP;SOSA;SAHAN;TORE;BA
Rizespor vs. Besiktas - Sunday February 8 - 2015,Rizespor,hard,4-2-3-1,KIRINTILI;KACAR;OBOABONA;ALBAYRAK;ALTINAY;SYLVESTRE;KARAKAS;OBRANIAK;KORKMAZ;KAYA;HOLOSKO
Eskisehirspor vs. Galatasaray - Monday February 9 - 2015,Eskisehirspor,hard,4-2-3-1,BOFFIN;COSKUN;YUMLU;CEK;COREKCI;TOKO;LAWAL;SISSOKO;OZTURK;OZKAN;FUNES MORI
Eskisehirspor vs. Galatasaray - Monday February 9 - 2015,Galatasaray,easy,4-3-3,MUSLERA;CHEDJOU;BALTA;TELLES;CAMDAL;FELIPE MELO;KURTULUS;INAN;COLAK;SNEIJDER;BULUT
Akhisar Belediyespor vs. Kayseri Erciyesspor - Saturday February 14 - 2015,Akhisar Belediyespor,hard,4-2-3-1,DAGLAROGLU;DOUGLAO;KONUK;KELES;VURAL;YUCE;CUSTODIO;UNLU;KISA;BRUNO MEZENGA;GEKAS
Akhisar Belediyespor vs. Kayseri Erciyesspor - Saturday February 14 - 2015,Kayseri Erciyesspor,hard,4-2-3-1,OZER;BOYE;KARAER;ALKILIC;PEHLIVAN;SYLLA;AKGUN;DRENTHE;GURLER;MEMIS;ZOUA
Gaziantepspor vs. Fenerbahce - Saturday February 14 - 2015,Fenerbahce,easy,4-2-3-1,GUNOK;ALVES;KORKMAZ;ERKIN;GONUL;TOPAL;BELOZOGLU;DIEGO;KUYT;EMENIKE;SOW
Gaziantepspor vs. Fenerbahce - Saturday February 14 - 2015,Gaziantepspor,hard,4-2-3-1,KARCEMARSKAS;SUME;VRANJES;CHICO;CAN;YARDIMCI;JOAO VITOR;SEN;DURAK;CHIBUIKE;DEMIR
Kardemir Karabukspor vs. Kasimpasa - Saturday February 14 - 2015,Kardemir Karabukspor,hard,4-4-2,DEMIRCAN;MABIALA;OZKAN;KAYHAN;OZGENC;SOW;CAGIRAN;TRAORE;KUCA;OZEK;KUMBELA
Kardemir Karabukspor vs. Kasimpasa - Saturday February 14 - 2015,Kasimpasa,hard,4-2-3-1,OZBIR;DONK;DVALI;SARI;OZTURK;KAPLAN;SAM;CASTRO;BABEL;TORUN;MALKI
Besiktas vs. Bursaspor - Sunday February 15 - 2015,Besiktas,easy,4-2-3-1,ZENGIN;FRANCO;NUKAN;RAMON;KURTULUS;HUTCHINSON;KAVLAK;SOSA;SAHAN;TORE;BA
Besiktas vs. Bursaspor - Sunday February 15 - 2015,Bursaspor,hard,4-2-3-1,TEKIN;AZIZ;CIVELLI;BEHICH;OZBAYRAKLI;TUFAN;YILMAZ;BELLUSCHI;JOSUE;BAKAMBU;FERNANDAO
Konyaspor vs. Sivasspor - Sunday February 15 - 2015,Konyaspor,hard,4-3-3,TARAKCI;AY;KOKALOVIC;VUKOVIC;SAHINER;CAMDALI;GUVEN;INCEMAN;DJALMA;TORJE;KABZE
Konyaspor vs. Sivasspor - Sunday February 15 - 2015,Sivasspor,hard,4-2-3-1,CELIKAY;DA COSTA;OZTURK;ERDAL;CICINHO;KOCAK;TAOUIL;CHAHECHOUHE;AKIN;ESER;KARADENIZ
Rizespor vs. Mersin Idmanyurdu - Sunday February 15 - 2015,Mersin Idmanyurdu,hard,4-2-3-1,SAHIN;CETIN;MITROVIC;YANIK;WEDERSON;KHALILI;CEYLAN;VAROL;FUTACS;NAKOULMA;PEDRIEL
Rizespor vs. Mersin Idmanyurdu - Sunday February 15 - 2015,Rizespor,hard,4-2-3-1,KIRINTILI;KACAR;OBOABONA;ALBAYRAK;OVACIKLI;DURUER;SYLVESTRE;KARAKAS;OBRANIAK;KAYA;LAFFERTY
Trabzonspor vs. Basaksehir - Sunday February 15 - 2015,Basaksehir,hard,4-1-4-1,BABACAN;AYHAN;EPUREANU;ERDEM;OZTORUN;UCAR;BADJI;TEKDEMIR;DOKA MADUREIRA;VISCA;PERBET
Trabzonspor vs. Basaksehir - Sunday February 15 - 2015,Trabzonspor,easy,4-2-3-1,ARIKAN;DEMIR;MEDJANI;NIZAM;CONSTANT;KARA;ATIK;HURMACI;EKICI;YILMAZ;YATABARE
Galatasaray vs. Balikesirspor - Monday February 16 - 2015,Balikesirspor,hard,4-2-3-1,SALK;GLUMAC;HATIPOGLU;KULUSIC;AKDEMIR;GOMES;CEVIKER;ATASEVEN;PROMISE;YILDIRIM;CELIK
Galatasaray vs. Balikesirspor - Monday February 16 - 2015,Galatasaray,easy,4-2-3-1,MUSLERA;CHEDJOU;GUNTER;CAMDAL;FELIPE MELO;INAN;SNEIJDER;BRUMA;ADIN;OZTEKIN;YILMAZ
Genclerbirligi vs. Eskisehirspor - Monday February 16 - 2015,Eskisehirspor,hard,4-2-3-1,BOFFIN;COSKUN;DABANLI;YUMLU;CEK;COREKCI;TOKO;BAYRAMOGLU;LAWAL;SISSOKO;FUNES MORI
Genclerbirligi vs. Eskisehirspor - Monday February 16 - 2015,Genclerbirligi,hard,4-2-3-1,KAPLAN;CALIK;GORGULU;PETROVIC;PEHLIVAN;ASLANTAS;GOSSO;LANDEL;CELIK;EL KABIR;STANCU
Kayseri Erciyesspor vs. Konyaspor - Friday February 20 - 2015,Kayseri Erciyesspor,hard,4-4-2,OZER;BOYE;KARAER;OSMANPASA;ALKILIC;PEHLIVAN;YILDIRIM;DRENTHE;GURLER;ATES;VLEMINCKX
Kayseri Erciyesspor vs. Konyaspor - Friday February 20 - 2015,Konyaspor,hard,4-2-3-1,TARAKCI;AY;KOKALOVIC;VUKOVIC;SAHINER;CAMDALI;GUVEN;INCEMAN;OZER;KABZE;MARICA
Basaksehir vs. Gaziantepspor - Saturday February 21 - 2015,Basaksehir,hard,4-1-4-1,BABACAN;AYHAN;EPUREANU;ERDEM;OZTORUN;UCAR;BADJI;TEKDEMIR;DOKA MADUREIRA;VISCA;SENTURK
Basaksehir vs. Gaziantepspor - Saturday February 21 - 2015,Gaziantepspor,hard,4-2-3-1,KARCEMARSKAS;SUME;VRANJES;CHICO;SUZEN;YARDIMCI;SEN;JOAO VITOR;TURK;CHIBUIKE;DEMIR
Bursaspor vs. Rizespor - Saturday February 21 - 2015,Bursaspor,hard,4-2-3-1,TEKIN;AZIZ;CIVELLI;BEHICH;CINAZ;HOLMEN;TUFAN;JOSUE;BELLUSCHI;SEN;BAKAMBU
Bursaspor vs. Rizespor - Saturday February 21 - 2015,Rizespor,hard,4-2-3-1,ERCETIN;KACAR;OBOABONA;VIERA;ALBAYRAK;ALTINAY;KARAKAS;SYLVESTRE;OBRANIAK;KADAH;KWEUKE
Sivasspor vs. Galatasaray - Saturday February 21 - 2015,Galatasaray,easy,4-2-3-1,MUSLERA;CHEDJOU;GUNTER;SARIOGLU;INAN;ALTINTOP;SNEIJDER;BRUMA;ADIN;OZTEKIN;YILMAZ
Sivasspor vs. Galatasaray - Saturday February 21 - 2015,Sivasspor,hard,4-2-3-1,CELIKAY;DA COSTA;OZTURK;ERDAL;CICINHO;BEKMEZCI;KOCAK;TAOUIL;CHAHECHOUHE;AKIN;UTAKA
Balikesirspor vs. Genclerbirligi - Sunday February 22 - 2015,Balikesirspor,hard,4-2-3-1,SALK;HATIPOGLU;KULUSIC;EMIR;AKDEMIR;GOMES;SANTOS;VARGAS;ZEC;YILDIRIM;CELIK
Balikesirspor vs. Genclerbirligi - Sunday February 22 - 2015,Genclerbirligi,hard,4-2-3-1,KOSE;BAYRAK;TOSIC;PETROVIC;CIFTCI;ASLANTAS;KAYA;LANDEL;CELIK;EL KABIR;TOSUN
Eskisehirspor vs. Besiktas - Sunday February 22 - 2015,Besiktas,easy,4-2-3-1,GONEN;GULUM;RAMON;KURTULUS;UYSAL;KAVLAK;OZYAKUP;SOSA;FREI;SAHAN;PEKTEMEK
Eskisehirspor vs. Besiktas - Sunday February 22 - 2015,Eskisehirspor,hard,4-2-3-1,BOFFIN;YUMLU;DIEGO ANGELO;COSKUN;KANAK;CEK;COREKCI;CAUSIC;LAWAL;OZKAN;FUNES MORI
Kasimpasa vs. Trabzonspor - Sunday February 22 - 2015,Kasimpasa,hard,4-4-2,OZBIR;DONK;DVALI;OZTURK;KAPLAN;SAM;CASTRO;BABEL;TORUN;BUYUK;MALKI
Kasimpasa vs. Trabzonspor - Sunday February 22 - 2015,Trabzonspor,easy,4-2-3-1,ARIKAN;DEMIR;MEDJANI;CONSTANT;DOGAN;BOSINGWA;KARA;EKICI;ZENGIN;CARDOZO;YILMAZ
Mersin Idmanyurdu vs. Kardemir Karabukspor - Sunday February 22 - 2015,Kardemir Karabukspor,hard,4-4-2,DEMIRCAN;AKCA;MABIALA;OZKAN;OZGENC;SOW;CAGIRAN;TRAORE;VIOLA;OZEK;KUMBELA
Mersin Idmanyurdu vs. Kardemir Karabukspor - Sunday February 22 - 2015,Mersin Idmanyurdu,hard,4-3-3,SAHIN;CETIN;MITROVIC;YANIK;WEDERSON;SADIKU;KHALILI;CEYLAN;VAROL;NAKOULMA;WELLITON
Fenerbahce vs. Akhisar Belediyespor - Monday February 23 - 2015,Akhisar Belediyespor,hard,4-2-3-1,DAGLAROGLU;DOUGLAO;KONUK;KELES;VURAL;CUSTODIO;UNLU;KOSNEK;KISA;BRUNO MEZENGA;GEKAS
Fenerbahce vs. Akhisar Belediyespor - Monday February 23 - 2015,Fenerbahce,easy,4-2-3-1,GUNOK;ALVES;KORKMAZ;ERKIN;GONUL;TOPAL;BELOZOGLU;MEIRELES;KUYT;EMENIKE;SOW
Galatasaray vs. Kayseri Erciyesspor - Friday February 27 - 2015,Galatasaray,easy,4-2-3-1,MUSLERA;CHEDJOU;GUNTER;SARIOGLU;INAN;ALTINTOP;SNEIJDER;BRUMA;ADIN;OZTEKIN;BULUT
Galatasaray vs. Kayseri Erciyesspor - Friday February 27 - 2015,Kayseri Erciyesspor,hard,4-2-3-1,OZER;BOYE;DIAKHATE;KARAER;OSMANPASA;ALKILIC;PEHLIVAN;YILDIRIM;DRENTHE;GURLER;VLEMINCKX
Genclerbirligi vs. Sivasspor - Saturday February 28 - 2015,Genclerbirligi,hard,4-2-3-1,KOSE;BAYRAK;CALIK;TOSIC;PETROVIC;ASLANTAS;KAYA;LANDEL;KOCER;EL KABIR;TOSUN
Genclerbirligi vs. Sivasspor - Saturday February 28 - 2015,Sivasspor,hard,4-2-3-1,CELIKAY;KURT;DA COSTA;CIPLAK;CICINHO;BEKMEZCI;KOCAK;CHAHECHOUHE;AKIN;UTAKA;ESER
Konyaspor vs. Fenerbahce - Saturday February 28 - 2015,Fenerbahce,easy,4-2-3-1,GUNOK;IRTEGUN;KADLEC;KORKMAZ;GONUL;SAHIN;TOPAL;MEIRELES;KUYT;EMENIKE;SOW
Konyaspor vs. Fenerbahce - Saturday February 28 - 2015,Konyaspor,hard,4-2-3-1,TARAKCI;TURAN;VUKOVIC;USLU;SAHINER;GUVEN;MAHLANGU;INCEMAN;DJALMA;TORJE;KABZE
Rizespor vs. Eskisehirspor - Saturday February 28 - 2015,Eskisehirspor,hard,5-4-1,BOFFIN;COSKUN;DIEGO ANGELO;PARLAK;YUMLU;CEK;COREKCI;TOKO;LAWAL;OZKAN;FUNES MORI
Rizespor vs. Eskisehirspor - Saturday February 28 - 2015,Rizespor,hard,4-2-3-1,KIRINTILI;KACAR;VIERA;ALBAYRAK;ALTINAY;KARAKAS;SYLVESTRE;OBRANIAK;KAYA;KADAH;LAFFERTY
Akhisar Belediyespor vs. Basaksehir - Sunday March 1 - 2015,Akhisar Belediyespor,hard,4-2-3-1,DAGLAROGLU;DOUGLAO;KONUK;KELES;VURAL;CUSTODIO;YUCE;UNLU;KISA;BRUNO MEZENGA;GEKAS
Akhisar Belediyespor vs. Basaksehir - Sunday March 1 - 2015,Basaksehir,hard,4-2-3-1,BABACAN;CANSEV;EPUREANU;ERDEM;OZTORUN;UCAR;AGCAY;BADJI;TEKDEMIR;VISCA;SENTURK
Besiktas vs. Balikesirspor - Sunday March 1 - 2015,Balikesirspor,hard,4-2-3-1,VUKOVIC;GLUMAC;HATIPOGLU;EMIR;AKDEMIR;CEVIKER;GOMES;ATASEVEN;ZEC;YILDIRIM;UNAL
Besiktas vs. Balikesirspor - Sunday March 1 - 2015,Besiktas,easy,4-2-3-1,GONEN;FRANCO;GULUM;KURTULUS;OPARE;HUTCHINSON;KAVLAK;SOSA;SAHAN;TORE;BA
Bursaspor vs. Mersin Idmanyurdu - Sunday March 1 - 2015,Bursaspor,hard,4-2-3-1,TEKIN;CIVELLI;BEHICH;OZBAYRAKLI;CINAZ;YILMAZ;TUFAN;JOSUE;BELLUSCHI;BAKAMBU;FERNANDAO
Bursaspor vs. Mersin Idmanyurdu - Sunday March 1 - 2015,Mersin Idmanyurdu,hard,4-3-3,SAHIN;MITROVIC;OZARSLAN;WEDERSON;BALCI;SADIKU;KHALILI;CEYLAN;VAROL;NAKOULMA;WELLITON
Gaziantepspor vs. Kasimpasa - Sunday March 1 - 2015,Gaziantepspor,hard,4-2-3-1,KARCEMARSKAS;SUME;VRANJES;CHICO;CAN;JOAO VITOR;NEFIZ;KAYALI;ILDIZ;DEMIR;LEAL
Gaziantepspor vs. Kasimpasa - Sunday March 1 - 2015,Kasimpasa,hard,4-2-3-1,OZBIR;OZTURK;DVALI;DONK;KAPLAN;KIRAZ;SAM;CASTRO;SCARIONE;COLAK;BUYUK
Trabzonspor vs. Kardemir Karabukspor - Monday March 2 - 2015,Kardemir Karabukspor,hard,4-4-2,WATERMAN;AKCA;MABIALA;OZKAN;SOW;CAGIRAN;KOCABAS;TRAORE;AYIK;OZEK;AKPALA
Trabzonspor vs. Kardemir Karabukspor - Monday March 2 - 2015,Trabzonspor,easy,4-2-3-1,ARIKAN;DEMIR;DOGAN;BOSINGWA;KARA;ATIK;EKICI;HURMACI;ZENGIN;YILMAZ;CARDOZO
Kasimpasa vs. Akhisar Belediyespor - Friday March 6 - 2015,Akhisar Belediyespor,hard,4-2-3-1,TUNCEL;DOUGLAO;KONUK;KELES;VURAL;YUCE;KOSNEK;UNLU;KISA;BRUNO MEZENGA;LUALUA
Kasimpasa vs. Akhisar Belediyespor - Friday March 6 - 2015,Kasimpasa,hard,4-2-3-1,OZBIR;DONK;DVALI;SARI;OZTURK;KAPLAN;CASTRO;SCARIONE;COLAK;BUYUK;MALKI
Balikesirspor vs. Rizespor - Saturday March 7 - 2015,Balikesirspor,hard,4-2-3-1,VUKOVIC;GLUMAC;KULUSIC;EMIR;AKDEMIR;ATASEVEN;GOMES;CEVIKER;ZEC;YILDIRIM;UNAL
Balikesirspor vs. Rizespor - Saturday March 7 - 2015,Rizespor,hard,4-2-3-1,KIRINTILI;KACAR;VIERA;ALBAYRAK;ALTINAY;KARAKAS;SYLVESTRE;OBRANIAK;KAYA;KADAH;LAFFERTY
Eskisehirspor vs. Bursaspor - Saturday March 7 - 2015,Bursaspor,hard,4-2-3-1,TEKIN;AZIZ;CIVELLI;BEHICH;OZBAYRAKLI;CINAZ;HOLMEN;TUFAN;BELLUSCHI;JOSUE;FERNANDAO
Eskisehirspor vs. Bursaspor - Saturday March 7 - 2015,Eskisehirspor,hard,4-2-3-1,VURAL;DIEGO ANGELO;YUMLU;CEK;COREKCI;TOKO;CAUSIC;BAYRAMOGLU;SISSOKO;OZTURK;FUNES MORI
Kayseri Erciyesspor vs. Genclerbirligi - Saturday March 7 - 2015,Genclerbirligi,hard,4-2-3-1,KOSE;BAYRAK;CALIK;TOSIC;PETROVIC;ASLANTAS;KAYA;LANDEL;HLEB;KOCER;EL KABIR
Kayseri Erciyesspor vs. Genclerbirligi - Saturday March 7 - 2015,Kayseri Erciyesspor,hard,4-4-2,DEGIRMENCI;BOYE;DIAKHATE;KARAER;ALKILIC;SYLLA;YILDIRIM;GURLER;MEMIS;ATES;EDINHO
Basaksehir vs. Konyaspor - Sunday March 8 - 2015,Basaksehir,hard,4-1-4-1,BABACAN;CANSEV;ROTMAN;ERDEM;OZTORUN;UCAR;AGCAY;BADJI;TEKDEMIR;VISCA;SENTURK
Basaksehir vs. Konyaspor - Sunday March 8 - 2015,Konyaspor,hard,4-2-3-1,TARAKCI;TURAN;VUKOVIC;USLU;FUCHS;MAHLANGU;INCEMAN;GUVEN;OZER;TORJE;KABZE
Fenerbahce vs. Galatasaray - Sunday March 8 - 2015,Fenerbahce,easy,4-2-3-1,DEMIREL;ALVES;KORKMAZ;ERKIN;GONUL;TOPAL;BELOZOGLU;DIEGO;KUYT;EMENIKE;SOW
Fenerbahce vs. Galatasaray - Sunday March 8 - 2015,Galatasaray,easy,4-2-3-1,MUSLERA;CHEDJOU;BALTA;TELLES;SARIOGLU;INAN;ALTINTOP;SNEIJDER;ADIN;BULUT;YILMAZ
Kardemir Karabukspor vs. Gaziantepspor - Sunday March 8 - 2015,Gaziantepspor,hard,4-2-3-1,KARCEMARSKAS;SUME;VRANJES;CHICO;CAN;YARDIMCI;SEN;DURAK;TURK;CHIBUIKE;LEAL
Kardemir Karabukspor vs. Gaziantepspor - Sunday March 8 - 2015,Kardemir Karabukspor,hard,4-2-3-1,WATERMAN;AKCA;MABIALA;OZKAN;SOW;CAGIRAN;OZCAL;KOCABAS;AYIK;OZEK;AKPALA
Sivasspor vs. Besiktas - Sunday March 8 - 2015,Besiktas,easy,4-2-3-1,GONEN;GULUM;KURTULUS;OPARE;HUTCHINSON;UYSAL;KAVLAK;SOSA;SAHAN;TORE;BA
Sivasspor vs. Besiktas - Sunday March 8 - 2015,Sivasspor,hard,4-2-3-1,CELIKAY;KURT;DA COSTA;ERDAL;CICINHO;BEKMEZCI;ARSLAN;TAOUIL;CHAHECHOUHE;ESER;KARADENIZ
Mersin Idmanyurdu vs. Trabzonspor - Monday March 9 - 2015,Mersin Idmanyurdu,hard,4-2-3-1,SAHIN;CETIN;MITROVIC;DEMIRHAN;SADIKU;KHALILI;VAROL;DELIBALTA;TITA;NAKOULMA;WELLITON
Mersin Idmanyurdu vs. Trabzonspor - Monday March 9 - 2015,Trabzonspor,easy,4-2-3-1,ARIKAN;AKBAS;DEMIROK;MEDJANI;DURSUN;BOSINGWA;ATIK;EKICI;ZENGIN;YILMAZ;CARDOZO
Bursaspor vs. Balikesirspor - Friday March 13 - 2015,Balikesirspor,hard,4-2-3-1,VUKOVIC;GLUMAC;KULUSIC;EMIR;ALKAN;CEVIKER;GOMES;ATASEVEN;ZEC;YILDIRIM;UNAL
Bursaspor vs. Balikesirspor - Friday March 13 - 2015,Bursaspor,hard,4-2-3-1,TEKIN;AZIZ;CIVELLI;BEHICH;OZBAYRAKLI;HOLMEN;TUFAN;BELLUSCHI;JOSUE;IPEK;FERNANDAO
Konyaspor vs. Kasimpasa - Friday March 13 - 2015,Kasimpasa,hard,4-2-3-1,OZBIR;BASDAS;DONK;DVALI;SARI;KAPLAN;CASTRO;SCARIONE;BABEL;BUYUK;MALKI
Konyaspor vs. Kasimpasa - Friday March 13 - 2015,Konyaspor,hard,4-4-2,TARAKCI;TURAN;VUKOVIC;USLU;FUCHS;SAHINER;GUVEN;INCEMAN;DJALMA;TORJE;KABZE
Akhisar Belediyespor vs. Kardemir Karabukspor - Saturday March 14 - 2015,Akhisar Belediyespor,hard,4-2-3-1,TUNCEL;DOUGLAO;KELES;TASDELEN;VURAL;ZOKORA;CUSTODIO;UNLU;KISA;BRUNO MEZENGA;LUALUA
Akhisar Belediyespor vs. Kardemir Karabukspor - Saturday March 14 - 2015,Kardemir Karabukspor,hard,4-4-2,WATERMAN;AKCA;MABIALA;OZKAN;SOW;CAGIRAN;KOCABAS;TRAORE;AYIK;OZEK;AKPALA
Galatasaray vs. Basaksehir - Saturday March 14 - 2015,Basaksehir,hard,4-2-3-1,BABACAN;AYHAN;EPUREANU;ERDEM;OZTORUN;UCAR;BADJI;TEKDEMIR;MARCIO MOSSORO;VISCA;PERBET
Galatasaray vs. Basaksehir - Saturday March 14 - 2015,Galatasaray,easy,4-2-3-1,MUSLERA;CHEDJOU;GUNTER;SARIOGLU;INAN;ALTINTOP;SNEIJDER;BRUMA;ADIN;OZTEKIN;BULUT
Rizespor vs. Sivasspor - Saturday March 14 - 2015,Rizespor,hard,4-2-3-1,KIRINTILI;KACAR;VIERA;ALBAYRAK;OVACIKLI;KARAKAS;SYLVESTRE;OBRANIAK;KAYA;KADAH;KWEUKE
Rizespor vs. Sivasspor - Saturday March 14 - 2015,Sivasspor,hard,4-2-3-1,CELIKAY;KURT;OZTURK;ERDAL;CICINHO;ARSLAN;KOCAK;CHAHECHOUHE;TAOUIL;UTAKA;ESER
Besiktas vs. Kayseri Erciyesspor - Sunday March 15 - 2015,Besiktas,easy,4-4-2,GONEN;FRANCO;GULUM;RAMON;UYSAL;KAVLAK;ARSLAN;SAHAN;TORE;BA;PEKTEMEK
Besiktas vs. Kayseri Erciyesspor - Sunday March 15 - 2015,Kayseri Erciyesspor,hard,4-2-3-1,DEGIRMENCI;DIAKHATE;KARAER;OSMANPASA;ALKILIC;PEHLIVAN;AKGUN;YILDIRIM;DRENTHE;GURLER;EDINHO
Eskisehirspor vs. Mersin Idmanyurdu - Sunday March 15 - 2015,Eskisehirspor,hard,4-2-3-1,BOFFIN;DIEGO ANGELO;YUMLU;KANAK;TEBER;COREKCI;TOKO;CAUSIC;OZTURK;FUNES MORI;SISMANOGLU
Eskisehirspor vs. Mersin Idmanyurdu - Sunday March 15 - 2015,Mersin Idmanyurdu,hard,4-3-3,SAHIN;CETIN;MITROVIC;YANIK;WEDERSON;SADIKU;KHALILI;VAROL;TITA;NAKOULMA;WELLITON
Genclerbirligi vs. Fenerbahce - Sunday March 15 - 2015,Fenerbahce,easy,4-2-3-1,DEMIREL;ALVES;KORKMAZ;ERKIN;GONUL;TOPAL;BELOZOGLU;DIEGO;KUYT;EMENIKE;SOW
Genclerbirligi vs. Fenerbahce - Sunday March 15 - 2015,Genclerbirligi,hard,4-2-3-1,KOSE;BAYRAK;CALIK;TOSIC;PETROVIC;ASLANTAS;KAYA;LANDEL;HLEB;KOCER;EL KABIR
Gaziantepspor vs. Trabzonspor - Monday March 16 - 2015,Gaziantepspor,hard,4-2-3-1,KARCEMARSKAS;SUME;VRANJES;CHICO;CAN;YARDIMCI;SEN;JOAO VITOR;DURAK;CHIBUIKE;DEMIR
Gaziantepspor vs. Trabzonspor - Monday March 16 - 2015,Trabzonspor,easy,4-2-3-1,ARIKAN;DURSUN;MEDJANI;DEMIROK;AKBAS;BOSINGWA;ATIK;EKICI;ZENGIN;YILMAZ;CARDOZO
Balikesirspor vs. Eskisehirspor - Friday March 20 - 2015,Balikesirspor,hard,4-2-3-1,SALK;GLUMAC;KULUSIC;EMIR;ALKAN;GOMES;ATASEVEN;VARGAS;PROMISE;YILDIRIM;UNAL
Balikesirspor vs. Eskisehirspor - Friday March 20 - 2015,Eskisehirspor,hard,4-2-3-1,BOFFIN;DIEGO ANGELO;YUMLU;KANAK;TEBER;COREKCI;TOKO;CAUSIC;OZTURK;FUNES MORI;SISMANOGLU
Kardemir Karabukspor vs. Konyaspor - Friday March 20 - 2015,Kardemir Karabukspor,hard,4-4-2,DEMIRCAN;MABIALA;KAYHAN;OZGENC;CAGIRAN;INCEDEMIR;SOW;TRAORE;VIOLA;OZEK;AKPALA
Kardemir Karabukspor vs. Konyaspor - Friday March 20 - 2015,Konyaspor,hard,4-3-3,TARAKCI;TURAN;VUKOVIC;USLU;SAHINER;FUCHS;CAMDALI;GUVEN;INCEMAN;DJALMA;RANGELOV
Kasimpasa vs. Galatasaray - Saturday March 21 - 2015,Galatasaray,easy,4-2-3-1,MUSLERA;CHEDJOU;BALTA;TELLES;SARIOGLU;INAN;ALTINTOP;SNEIJDER;ADIN;OZTEKIN;BULUT
Kasimpasa vs. Galatasaray - Saturday March 21 - 2015,Kasimpasa,hard,4-2-3-1,OZBIR;DONK;DVALI;EKER;SARI;OZTURK;CASTRO;SCARIONE;BABEL;TORUN;BUYUK
Kayseri Erciyesspor vs. Rizespor - Saturday March 21 - 2015,Kayseri Erciyesspor,hard,4-2-3-1,DEGIRMENCI;DIAKHATE;KARAER;OSMANPASA;OZEN;PEHLIVAN;MANDJECK;YILDIRIM;DRENTHE;GURLER;VLEMINCKX
Kayseri Erciyesspor vs. Rizespor - Saturday March 21 - 2015,Rizespor,hard,4-2-3-1,KIRINTILI;KACAR;OBOABONA;ALBAYRAK;OVACIKLI;KARAKAS;SYLVESTRE;OBRANIAK;KAYA;KADAH;KWEUKE
Mersin Idmanyurdu vs. Gaziantepspor - Saturday March 21 - 2015,Gaziantepspor,hard,4-2-3-1,KARCEMARSKAS;SUME;VRANJES;CHICO;CAN;YARDIMCI;JOAO VITOR;SEN;NEFIZ;TURK;DEMIR
Mersin Idmanyurdu vs. Gaziantepspor - Saturday March 21 - 2015,Mersin Idmanyurdu,hard,4-4-2,MIHAYLOV;CETIN;MITROVIC;WEDERSON;BALCI;SADIKU;CEYLAN;TITA;KALOGLU;NAKOULMA;WELLITON
Sivasspor vs. Bursaspor - Saturday March 21 - 2015,Bursaspor,hard,4-2-3-1,TEKIN;AZIZ;CIVELLI;BEHICH;OZBAYRAKLI;CINAZ;HOLMEN;TUFAN;JOSUE;SEN;FERNANDAO
Sivasspor vs. Bursaspor - Saturday March 21 - 2015,Sivasspor,hard,4-2-3-1,CELIKAY;KURT;OZTURK;ERDAL;CICINHO;ARSLAN;KOCAK;CHAHECHOUHE;UTAKA;ESER;KARADENIZ
Basaksehir vs. Genclerbirligi - Sunday March 22 - 2015,Basaksehir,hard,4-2-3-1,BABACAN;AYHAN;EPUREANU;OZTORUN;UCAR;BADJI;TEKDEMIR;MARCIO MOSSORO;PEKTURK;VISCA;PERBET
Basaksehir vs. Genclerbirligi - Sunday March 22 - 2015,Genclerbirligi,hard,4-2-3-1,KOSE;BAYRAK;CALIK;TOSIC;PETROVIC;ASLANTAS;KAYA;LANDEL;HLEB;KOCER;EL KABIR
Fenerbahce vs. Besiktas - Sunday March 22 - 2015,Besiktas,easy,4-2-3-1,ZENGIN;GULUM;RAMON;KURTULUS;UYSAL;HUTCHINSON;KAVLAK;SOSA;ARSLAN;TORE;BA
Fenerbahce vs. Besiktas - Sunday March 22 - 2015,Fenerbahce,easy,4-2-3-1,DEMIREL;ALVES;KORKMAZ;ERKIN;TOPAL;BELOZOGLU;MEIRELES;TOPUZ;POTUK;KUYT;EMENIKE
Trabzonspor vs. Akhisar Belediyespor - Sunday March 22 - 2015,Akhisar Belediyespor,hard,4-2-3-1,TUNCEL;DOUGLAO;KONUK;KELES;VURAL;ZOKORA;CUSTODIO;UNLU;KISA;BRUNO MEZENGA;LUALUA
Trabzonspor vs. Akhisar Belediyespor - Sunday March 22 - 2015,Trabzonspor,easy,4-2-3-1,ARIKAN;DEMIROK;MEDJANI;DURSUN;DOGAN;KARA;ATIK;EKICI;HURMACI;CARDOZO;YILMAZ
Balikesirspor vs. Mersin Idmanyurdu - Saturday April 4 - 2015,Balikesirspor,hard,4-2-3-1,SALK;HATIPOGLU;KULUSIC;EMIR;ALKAN;GOMES;ATASEVEN;VARGAS;ZEC;PROMISE;UNAL
Balikesirspor vs. Mersin Idmanyurdu - Saturday April 4 - 2015,Mersin Idmanyurdu,hard,4-2-3-1,YILDIRIM;CETIN;WEDERSON;BALCI;SADIKU;KHALILI;CEYLAN;DELIBALTA;NAKOULMA;PEDRIEL;WELLITON
Eskisehirspor vs. Sivasspor - Saturday April 4 - 2015,Eskisehirspor,hard,4-2-3-1,BOFFIN;DIEGO ANGELO;YUMLU;KANAK;TEBER;COREKCI;GUCER;TOKO;LAWAL;OZTURK;FUNES MORI
Eskisehirspor vs. Sivasspor - Saturday April 4 - 2015,Sivasspor,hard,4-2-3-1,CELIKAY;KURT;OZTURK;ERDAL;CICINHO;BEKMEZCI;ARSLAN;KOCAK;CHAHECHOUHE;ESER;KARADENIZ
Genclerbirligi vs. Kasimpasa - Saturday April 4 - 2015,Genclerbirligi,hard,4-2-3-1,KOSE;GORGULU;TOSIC;PETROVIC;CIFTCI;ASLANTAS;LANDEL;HLEB;KAHVECI;CELIK;EL KABIR
Genclerbirligi vs. Kasimpasa - Saturday April 4 - 2015,Kasimpasa,hard,4-2-3-1,OZBIR;BASDAS;DONK;DVALI;EKER;OZTURK;CASTRO;SCARIONE;BABEL;TORUN;BUYUK
Rizespor vs. Fenerbahce - Saturday April 4 - 2015,Fenerbahce,easy,4-2-3-1,DEMIREL;ALVES;IRTEGUN;ERKIN;GONUL;TOPAL;BELOZOGLU;TOPUZ;POTUK;SOW;WEBO
Rizespor vs. Fenerbahce - Saturday April 4 - 2015,Rizespor,hard,4-2-3-1,KIRINTILI;KACAR;VIERA;ALBAYRAK;OVACIKLI;SYLVESTRE;KARAKAS;OBRANIAK;KAYA;KADAH;KWEUKE
Akhisar Belediyespor vs. Gaziantepspor - Sunday April 5 - 2015,Akhisar Belediyespor,hard,4-4-2,DAGLAROGLU;DOUGLAO;KELES;TASDELEN;VURAL;CUSTODIO;UNLU;KISA;VAZ TE;BRUNO MEZENGA;LUALUA
Akhisar Belediyespor vs. Gaziantepspor - Sunday April 5 - 2015,Gaziantepspor,hard,4-4-2,KARCEMARSKAS;SUME;VRANJES;CAN;YARDIMCI;JOAO VITOR;SEN;NEFIZ;TURK;CHIBUIKE;DEMIR
Bursaspor vs. Kayseri Erciyesspor - Sunday April 5 - 2015,Bursaspor,hard,4-2-3-1,TEKIN;AZIZ;CIVELLI;BEHICH;TASDEMIR;HOLMEN;TUFAN;JOSUE;BELLUSCHI;SEN;FERNANDAO
Bursaspor vs. Kayseri Erciyesspor - Sunday April 5 - 2015,Kayseri Erciyesspor,hard,4-4-2,DEGIRMENCI;BOYE;DIAKHATE;OZTURK;OZEN;PEHLIVAN;YILDIRIM;DRENTHE;GURLER;EDINHO;VLEMINCKX
Galatasaray vs. Kardemir Karabukspor - Sunday April 5 - 2015,Galatasaray,easy,4-2-3-1,MUSLERA;CHEDJOU;BALTA;TELLES;SARIOGLU;INAN;ALTINTOP;SNEIJDER;BRUMA;OZTEKIN;BULUT
Galatasaray vs. Kardemir Karabukspor - Sunday April 5 - 2015,Kardemir Karabukspor,hard,4-2-3-1,DEMIRCAN;MABIALA;KAYHAN;OZGENC;INCEDEMIR;CAGIRAN;OZCAL;OZMERT;TRAORE;OZEK;CANDAN
Konyaspor vs. Trabzonspor - Sunday April 5 - 2015,Konyaspor,hard,4-3-3,TARAKCI;TURAN;VUKOVIC;FUCHS;SAHINER;CAMDALI;INCEMAN;GUVEN;DJALMA;TORJE;RANGELOV
Konyaspor vs. Trabzonspor - Sunday April 5 - 2015,Trabzonspor,easy,4-2-3-1,ARIKAN;AKBAS;DEMIROK;MEDJANI;DURSUN;BOSINGWA;AYDOGDU;ATIK;HURMACI;CARDOZO;YILMAZ
Besiktas vs. Basaksehir - Monday April 6 - 2015,Basaksehir,hard,4-2-3-1,BABACAN;AYHAN;EPUREANU;OZTORUN;AGCAY;BADJI;TEKDEMIR;MARCIO MOSSORO;DOKA MADUREIRA;VISCA;BATDAL
Besiktas vs. Basaksehir - Monday April 6 - 2015,Besiktas,easy,4-2-3-1,GUVENC;GULUM;SIVOK;RAMON;KURTULUS;HUTCHINSON;SOSA;ARSLAN;SAHAN;TORE;BA
Gaziantepspor vs. Konyaspor - Friday April 17 - 2015,Gaziantepspor,hard,4-4-2,BIRNICAN;SUME;CHICO;CAN;YARDIMCI;SEN;TURK;AYAZ;CHIBUIKE;DEMIR;LEAL
Gaziantepspor vs. Konyaspor - Friday April 17 - 2015,Konyaspor,hard,4-3-3,TARAKCI;AY;KOKALOVIC;TURAN;USLU;CAMDALI;INCEMAN;GUVEN;OZER;TORJE;RANGELOV
Kardemir Karabukspor vs. Genclerbirligi - Saturday April 18 - 2015,Genclerbirligi,hard,4-2-3-1,KOSE;GORGULU;TOSIC;PETROVIC;PEHLIVAN;ASLANTAS;LANDEL;HLEB;KAHVECI;CELIK;EL KABIR
Kardemir Karabukspor vs. Genclerbirligi - Saturday April 18 - 2015,Kardemir Karabukspor,hard,4-2-3-1,WATERMAN;MABIALA;OZKAN;OZGENC;INCEDEMIR;CAGIRAN;OZCAL;OZMERT;TRAORE;VIOLA;CANDAN
Kasimpasa vs. Besiktas - Saturday April 18 - 2015,Besiktas,easy,4-4-2,GUVENC;SIVOK;GULUM;RAMON;KURTULUS;HUTCHINSON;ARSLAN;SOSA;SAHAN;BA;PEKTEMEK
Kasimpasa vs. Besiktas - Saturday April 18 - 2015,Kasimpasa,hard,4-2-3-1,ISAKSSON;BASDAS;DONK;EKER;SARI;KAPLAN;CASTRO;SCARIONE;BABEL;TORUN;BUYUK
Basaksehir vs. Rizespor - Sunday April 19 - 2015,Basaksehir,hard,4-2-3-1,BABACAN;AYHAN;EPUREANU;OZTORUN;UCAR;BADJI;TEKDEMIR;MARCIO MOSSORO;DOKA MADUREIRA;VISCA;BATDAL
Basaksehir vs. Rizespor - Sunday April 19 - 2015,Rizespor,hard,4-2-3-1,KIRINTILI;OBOABONA;VIERA;ALBAYRAK;ALTINAY;OVACIKLI;DURUER;KARAKAS;SYLVESTRE;OBRANIAK;KWEUKE
Kayseri Erciyesspor vs. Eskisehirspor - Sunday April 19 - 2015,Eskisehirspor,hard,4-2-3-1,VURAL;COSKUN;YUMLU;KANAK;CEK;COREKCI;TOKO;CAUSIC;BAYRAMOGLU;OZTURK;FUNES MORI
Kayseri Erciyesspor vs. Eskisehirspor - Sunday April 19 - 2015,Kayseri Erciyesspor,hard,4-2-3-1,DEGIRMENCI;BOYE;DIAKHATE;KARAER;OSMANPASA;MANDJECK;SYLLA;AKGUN;YILDIRIM;GURLER;VLEMINCKX
Sivasspor vs. Balikesirspor - Sunday April 19 - 2015,Balikesirspor,hard,4-2-3-1,SALK;GLUMAC;KULUSIC;EMIR;ALKAN;CEVIKER;GOMES;ATASEVEN;ZEC;PROMISE;YILDIRIM
Sivasspor vs. Balikesirspor - Sunday April 19 - 2015,Sivasspor,hard,4-2-3-1,CELIKAY;KURT;DA COSTA;OZTURK;CICINHO;KOCAK;CHAHECHOUHE;TAOUIL;UTAKA;ESER;KARADENIZ
Trabzonspor vs. Galatasaray - Sunday April 19 - 2015,Galatasaray,easy,4-2-3-1,MUSLERA;CHEDJOU;BALTA;TELLES;SARIOGLU;INAN;ALTINTOP;SNEIJDER;OZTEKIN;BULUT;YILMAZ
Trabzonspor vs. Galatasaray - Sunday April 19 - 2015,Trabzonspor,easy,4-2-3-1,ARIKAN;AKBAS;DEMIROK;MEDJANI;DURSUN;BOSINGWA;EKICI;HURMACI;ZENGIN;CARDOZO;YILMAZ
Fenerbahce vs. Bursaspor - Monday April 20 - 2015,Bursaspor,hard,4-2-3-1,TEKIN;AZIZ;BEHICH;TASDEMIR;OZBAYRAKLI;CINAZ;TUFAN;BELLUSCHI;JOSUE;SEN;FERNANDAO
Fenerbahce vs. Bursaspor - Monday April 20 - 2015,Fenerbahce,easy,4-2-3-1,DEMIREL;IRTEGUN;ALVES;ERKIN;GONUL;TOPAL;BELOZOGLU;POTUK;EMENIKE;SOW;WEBO
Mersin Idmanyurdu vs. Akhisar Belediyespor - Monday April 20 - 2015,Akhisar Belediyespor,hard,4-2-3-1,DAGLAROGLU;KONUK;KELES;TASDELEN;VURAL;LUAN SCAPOLAN;YUCE;UNLU;KISA;VAZ TE;BRUNO MEZENGA
Mersin Idmanyurdu vs. Akhisar Belediyespor - Monday April 20 - 2015,Mersin Idmanyurdu,hard,4-2-3-1,YILDIRIM;CETIN;WEDERSON;BALCI;SADIKU;KHALILI;CEYLAN;DELIBALTA;NAKOULMA;PEDRIEL;WELLITON
Sivasspor vs. Mersin Idmanyurdu - Friday April 24 - 2015,Mersin Idmanyurdu,hard,4-2-3-1,YILDIRIM;CETIN;WEDERSON;BALCI;SADIKU;KHALILI;CEYLAN;VAROL;DELIBALTA;NAKOULMA;WELLITON
Sivasspor vs. Mersin Idmanyurdu - Friday April 24 - 2015,Sivasspor,hard,4-2-3-1,CELIKAY;KURT;DA COSTA;OZTURK;CICINHO;BEKMEZCI;ARSLAN;KOCAK;CHAHECHOUHE;ESER;KARADENIZ
Bursaspor vs. Basaksehir - Saturday April 25 - 2015,Basaksehir,hard,4-2-3-1,BABACAN;AYHAN;EPUREANU;OZTORUN;UCAR;TEKDEMIR;AGCAY;MARCIO MOSSORO;DOKA MADUREIRA;VISCA;PERBET
Bursaspor vs. Basaksehir - Saturday April 25 - 2015,Bursaspor,hard,4-2-3-1,TEKIN;AZIZ;BEHICH;OZBAYRAKLI;CINAZ;TUFAN;JOSUE;BELLUSCHI;SEN;BAKAMBU;FERNANDAO
Eskisehirspor vs. Fenerbahce - Saturday April 25 - 2015,Eskisehirspor,hard,4-2-3-1,VURAL;COSKUN;YUMLU;CEK;KANAK;COREKCI;TOKO;CAUSIC;LAWAL;OZTURK;FUNES MORI
Eskisehirspor vs. Fenerbahce - Saturday April 25 - 2015,Fenerbahce,easy,4-2-3-1,DEMIREL;ALVES;IRTEGUN;ERKIN;KALDIRIM;GONUL;TOPAL;BELOZOGLU;POTUK;SOW;WEBO
Rizespor vs. Kasimpasa - Saturday April 25 - 2015,Kasimpasa,hard,4-2-3-1,ISAKSSON;DONK;EKER;SARI;OZTURK;KAPLAN;CASTRO;SCARIONE;BABEL;TORUN;MALKI
Rizespor vs. Kasimpasa - Saturday April 25 - 2015,Rizespor,hard,4-2-3-1,KIRINTILI;KACAR;VIERA;ALBAYRAK;OVACIKLI;KARAKAS;SYLVESTRE;OBRANIAK;BEKDEMIR;KAYA;KWEUKE
Balikesirspor vs. Kayseri Erciyesspor - Sunday April 26 - 2015,Balikesirspor,hard,4-2-3-1,SALK;GLUMAC;KULUSIC;EMIR;ALKAN;GOMES;ATASEVEN;VARGAS;PROMISE;YILDIRIM;CELIK
Balikesirspor vs. Kayseri Erciyesspor - Sunday April 26 - 2015,Kayseri Erciyesspor,hard,4-2-3-1,OZER;BOYE;KARAER;OSMANPASA;OZTURK;OZEN;SYLLA;PEHLIVAN;YILDIRIM;CAGLAYAN;VLEMINCKX
Galatasaray vs. Gaziantepspor - Sunday April 26 - 2015,Galatasaray,easy,4-2-3-1,MUSLERA;CHEDJOU;BALTA;TELLES;SARIOGLU;FELIPE MELO;INAN;COLAK;ADIN;BULUT;YILMAZ
Galatasaray vs. Gaziantepspor - Sunday April 26 - 2015,Gaziantepspor,hard,4-4-2,BIRNICAN;AROKOYO;SUME;CHICO;CAN;YARDIMCI;SEN;DURAK;CHIBUIKE;DEMIR;LEAL
Genclerbirligi vs. Trabzonspor - Sunday April 26 - 2015,Genclerbirligi,hard,4-2-3-1,KAPLAN;BAYRAK;CALIK;TOSIC;PETROVIC;ASLANTAS;KAYA;LANDEL;KAHVECI;CELIK;STANCU
Genclerbirligi vs. Trabzonspor - Sunday April 26 - 2015,Trabzonspor,easy,4-4-2,ARIKAN;AKBAS;DEMIROK;MEDJANI;DURSUN;BOSINGWA;ATIK;ZENGIN;WARIS;YATABARE;YILMAZ
Konyaspor vs. Akhisar Belediyespor - Sunday April 26 - 2015,Akhisar Belediyespor,hard,4-4-2,DAGLAROGLU;DOUGLAO;KELES;TASDELEN;VURAL;YUCE;CUSTODIO;UNLU;VAZ TE;BRUNO MEZENGA;LUALUA
Konyaspor vs. Akhisar Belediyespor - Sunday April 26 - 2015,Konyaspor,hard,4-4-2,TARAKCI;TURAN;VUKOVIC;USLU;SAHINER;CAMDALI;GUVEN;DJALMA;TORJE;KABZE;RANGELOV
Besiktas vs. Kardemir Karabukspor - Monday April 27 - 2015,Besiktas,easy,4-4-2,GUVENC;GULUM;SIVOK;RAMON;KURTULUS;HUTCHINSON;SOSA;ARSLAN;TORE;BA;PEKTEMEK
Besiktas vs. Kardemir Karabukspor - Monday April 27 - 2015,Kardemir Karabukspor,hard,4-2-3-1,WATERMAN;AKCA;KAYHAN;OZGENC;INCEDEMIR;CAGIRAN;OZCAL;OZMERT;VIOLA;OZEK;CANDAN
Basaksehir vs. Eskisehirspor - Saturday May 2 - 2015,Basaksehir,hard,4-2-3-1,BABACAN;AYHAN;EPUREANU;OZTORUN;UCAR;BADJI;TEKDEMIR;MARCIO MOSSORO;DOKA MADUREIRA;VISCA;BATDAL
Basaksehir vs. Eskisehirspor - Saturday May 2 - 2015,Eskisehirspor,hard,4-2-3-1,VURAL;DIEGO ANGELO;YUMLU;CEK;KANAK;COREKCI;TOKO;CAUSIC;LAWAL;OZKAN;FUNES MORI
Fenerbahce vs. Balikesirspor - Saturday May 2 - 2015,Balikesirspor,hard,4-2-3-1,SALK;GLUMAC;KULUSIC;EMIR;AKDEMIR;GOMES;ATASEVEN;VARGAS;PROMISE;YILDIRIM;CELIK
Fenerbahce vs. Balikesirspor - Saturday May 2 - 2015,Fenerbahce,easy,4-2-3-1,DEMIREL;ALVES;KORKMAZ;ERKIN;GONUL;TOPAL;DIEGO;POTUK;KUYT;SOW;WEBO
Kardemir Karabukspor vs. Rizespor - Saturday May 2 - 2015,Kardemir Karabukspor,hard,4-2-3-1,DEMIRCAN;MABIALA;KAYHAN;CAGIRAN;INCEDEMIR;OZCAL;OZMERT;KOCABAS;VIOLA;OZEK;CANDAN
Kardemir Karabukspor vs. Rizespor - Saturday May 2 - 2015,Rizespor,hard,4-2-3-1,KIRINTILI;KACAR;OBOABONA;VIERA;ALBAYRAK;OVACIKLI;SYLVESTRE;KARAKAS;OBRANIAK;KORKMAZ;KWEUKE
Mersin Idmanyurdu vs. Konyaspor - Saturday May 2 - 2015,Konyaspor,hard,4-2-3-1,TARAKCI;KOKALOVIC;TURAN;USLU;SAHINER;CAMDALI;GUVEN;MAHLANGU;TORJE;KABZE;RANGELOV
Mersin Idmanyurdu vs. Konyaspor - Saturday May 2 - 2015,Mersin Idmanyurdu,hard,4-2-3-1,YILDIRIM;CETIN;WEDERSON;BALCI;SADIKU;KHALILI;CEYLAN;DELIBALTA;NAKOULMA;PEDRIEL;WELLITON
Gaziantepspor vs. Genclerbirligi - Sunday May 3 - 2015,Gaziantepspor,hard,4-4-2,BIRNICAN;AROKOYO;VRANJES;CHICO;CAN;SUZEN;YARDIMCI;NEFIZ;CHIBUIKE;CAMARA;DEMIR
Gaziantepspor vs. Genclerbirligi - Sunday May 3 - 2015,Genclerbirligi,hard,4-4-2,KAPLAN;BAYRAK;CALIK;PETROVIC;CIFTCI;OGUZ;GOSSO;TOMIC;CELIK;EL KABIR;STANCU
Kasimpasa vs. Bursaspor - Sunday May 3 - 2015,Bursaspor,hard,4-2-3-1,TEKIN;ERSOY;BEHICH;OZBAYRAKLI;CINAZ;TUFAN;JOSUE;BELLUSCHI;SEN;BAKAMBU;FERNANDAO
Kasimpasa vs. Bursaspor - Sunday May 3 - 2015,Kasimpasa,hard,4-2-3-1,ISAKSSON;BASDAS;DONK;EKER;SARI;KAPLAN;CASTRO;SCARIONE;BABEL;TORUN;MALKI
Trabzonspor vs. Besiktas - Sunday May 3 - 2015,Besiktas,easy,4-2-3-1,GUVENC;GULUM;SIVOK;RAMON;OPARE;HUTCHINSON;ARSLAN;SOSA;SAHAN;TORE;PEKTEMEK
Trabzonspor vs. Besiktas - Sunday May 3 - 2015,Trabzonspor,easy,4-2-3-1,ARIKAN;MEDJANI;DEMIROK;DEMIR;AKBAS;BOSINGWA;ATIK;EKICI;HURMACI;ZENGIN;YILMAZ
Akhisar Belediyespor vs. Galatasaray - Monday May 4 - 2015,Akhisar Belediyespor,hard,4-2-3-1,DAGLAROGLU;DOUGLAO;KELES;TASDELEN;VURAL;CEBE;ZOKORA;CUSTODIO;KISA;BRUNO MEZENGA;LUALUA
Akhisar Belediyespor vs. Galatasaray - Monday May 4 - 2015,Galatasaray,easy,4-2-3-1,MUSLERA;KAYA;BALTA;TELLES;SARIOGLU;INAN;COLAK;SNEIJDER;BRUMA;OZTEKIN;YILMAZ
Kayseri Erciyesspor vs. Sivasspor - Monday May 4 - 2015,Kayseri Erciyesspor,hard,4-2-3-1,OZER;BOYE;KARAER;OSMANPASA;PULGIR;PEHLIVAN;SYLLA;YILDIRIM;CAGLAYAN;VLEMINCKX;ZOUA
Kayseri Erciyesspor vs. Sivasspor - Monday May 4 - 2015,Sivasspor,hard,4-2-3-1,TASKIRAN;KURT;OZTURK;ERDAL;CICINHO;BEKMEZCI;KOCAK;CHAHECHOUHE;UTAKA;ESER;KARADENIZ
Eskisehirspor vs. Kasimpasa - Friday May 8 - 2015,Eskisehirspor,hard,4-4-2,VURAL;DIEGO ANGELO;YUMLU;CEK;KANAK;COREKCI;GUCER;CAUSIC;SISSOKO;FUNES MORI;SISMANOGLU
Eskisehirspor vs. Kasimpasa - Friday May 8 - 2015,Kasimpasa,hard,4-2-3-1,ISAKSSON;BASDAS;DONK;DVALI;EKER;SARI;AYAZ;CASTRO;SCARIONE;TORUN;MALKI
Galatasaray vs. Konyaspor - Friday May 8 - 2015,Galatasaray,easy,4-2-3-1,MUSLERA;CHEDJOU;KAYA;SARIOGLU;FELIPE MELO;INAN;SNEIJDER;BRUMA;ADIN;OZTEKIN;YILMAZ
Galatasaray vs. Konyaspor - Friday May 8 - 2015,Konyaspor,hard,4-2-3-1,TARAKCI;AY;TURAN;USLU;SAHINER;CAMDALI;GUVEN;MAHLANGU;OZER;DJALMA;KABZE
Kayseri Erciyesspor vs. Mersin Idmanyurdu - Friday May 8 - 2015,Kayseri Erciyesspor,hard,4-2-3-1,OZER;BOYE;KARAER;OSMANPASA;PULGIR;PEHLIVAN;SYLLA;YILDIRIM;CAGLAYAN;VLEMINCKX;ZOUA
Kayseri Erciyesspor vs. Mersin Idmanyurdu - Friday May 8 - 2015,Mersin Idmanyurdu,hard,4-2-3-1,YILDIRIM;CETIN;WEDERSON;SADIKU;KHALILI;CEYLAN;VAROL;DELIBALTA;NAKOULMA;PEDRIEL;WELLITON
Balikesirspor vs. Basaksehir - Saturday May 9 - 2015,Balikesirspor,hard,4-4-2,VUKOVIC;YILDIZ;KULUSIC;GLUMAC;EMIR;ATASEVEN;CEVIKER;ZEC;PROMISE;YILDIRIM;CELIK
Balikesirspor vs. Basaksehir - Saturday May 9 - 2015,Basaksehir,hard,4-2-3-1,BABACAN;AYHAN;EPUREANU;OZTORUN;UCAR;BADJI;AGCAY;MARCIO MOSSORO;DOKA MADUREIRA;VISCA;BATDAL
Bursaspor vs. Kardemir Karabukspor - Saturday May 9 - 2015,Bursaspor,hard,4-2-3-1,TEKIN;AZIZ;TASDEMIR;CINAZ;HOLMEN;YILMAZ;JOSUE;BELLUSCHI;SEN;BAKAMBU;FERNANDAO
Bursaspor vs. Kardemir Karabukspor - Saturday May 9 - 2015,Kardemir Karabukspor,hard,4-4-2,WATERMAN;MABIALA;KAS;OZGENC;KAYHAN;CAGIRAN;INCEDEMIR;OZCAL;VIOLA;OZEK;CANDAN
Genclerbirligi vs. Akhisar Belediyespor - Saturday May 9 - 2015,Akhisar Belediyespor,hard,4-4-2,DAGLAROGLU;DOUGLAO;KONUK;VURAL;CUSTODIO;UNLU;KISA;VAZ TE;AKYUZ;BRUNO MEZENGA;LUALUA
Genclerbirligi vs. Akhisar Belediyespor - Saturday May 9 - 2015,Genclerbirligi,hard,4-2-3-1,KAPLAN;BAYRAK;CALIK;PETROVIC;CIFTCI;OGUZ;GOSSO;HLEB;CELIK;EL KABIR;STANCU
Sivasspor vs. Fenerbahce - Saturday May 9 - 2015,Fenerbahce,easy,4-2-3-1,DEMIREL;IRTEGUN;KORKMAZ;ERKIN;GONUL;TOPAL;BELOZOGLU;DIEGO;POTUK;EMENIKE;SOW
Sivasspor vs. Fenerbahce - Saturday May 9 - 2015,Sivasspor,hard,4-2-3-1,TASKIRAN;KURT;OZTURK;CIPLAK;CICINHO;BEKMEZCI;KOCAK;CHAHECHOUHE;TAOUIL;ESER;KARADENIZ
Besiktas vs. Gaziantepspor - Sunday May 10 - 2015,Besiktas,easy,4-2-3-1,GUVENC;GULUM;SIVOK;RAMON;KURTULUS;HUTCHINSON;SOSA;ARSLAN;SAHAN;TORE;BA
Besiktas vs. Gaziantepspor - Sunday May 10 - 2015,Gaziantepspor,hard,4-4-2,BIRNICAN;AROKOYO;VRANJES;CHICO;CAN;YARDIMCI;SEN;DURAK;CHIBUIKE;CAMARA;DEMIR
Rizespor vs. Trabzonspor - Sunday May 10 - 2015,Rizespor,hard,4-4-2,KIRINTILI;KACAR;VIERA;ALBAYRAK;ALTINAY;KARAKAS;SYLVESTRE;KAYA;HOLOSKO;KADAH;KWEUKE
Rizespor vs. Trabzonspor - Sunday May 10 - 2015,Trabzonspor,easy,4-2-3-1,ARIKAN;DEMIROK;MEDJANI;DURSUN;BOSINGWA;EKICI;HURMACI;ERDOGAN;ZENGIN;CARDOZO;YILMAZ
Basaksehir vs. Sivasspor - Tuesday May 12 - 2015,Basaksehir,hard,4-3-3,BABACAN;AYHAN;EPUREANU;ROTMAN;ERDEM;BADJI;TEKDEMIR;MARCIO MOSSORO;SAHIN;VISCA;BATDAL
Basaksehir vs. Sivasspor - Tuesday May 12 - 2015,Sivasspor,hard,4-2-3-1,TASKIRAN;KURT;OZTURK;CIPLAK;CICINHO;BEKMEZCI;ARSLAN;CHAHECHOUHE;TAOUIL;ESER;KARADENIZ
Kardemir Karabukspor vs. Eskisehirspor - Tuesday May 12 - 2015,Eskisehirspor,hard,4-2-3-1,VURAL;DABANLI;DIEGO ANGELO;PARLAK;KANAK;GUCER;TOKO;LAWAL;SISSOKO;OZKAN;SISMANOGLU
Kardemir Karabukspor vs. Eskisehirspor - Tuesday May 12 - 2015,Kardemir Karabukspor,hard,4-4-2,DEMIRCAN;MABIALA;OZGENC;KAYHAN;CAGIRAN;INCEDEMIR;OZCAL;TRAORE;VIOLA;OZEK;AKPALA
Kasimpasa vs. Balikesirspor - Tuesday May 12 - 2015,Balikesirspor,hard,4-2-3-1,VUKOVIC;YILDIZ;HATIPOGLU;GLUMAC;EMIR;CEVAHIR;ALKAN;ATASEVEN;ZEC;PROMISE;CELIK
Kasimpasa vs. Balikesirspor - Tuesday May 12 - 2015,Kasimpasa,hard,4-2-3-1,ISAKSSON;BASDAS;DONK;EKER;SARI;KAPLAN;CASTRO;SCARIONE;BABEL;TORUN;MALKI
Konyaspor vs. Genclerbirligi - Tuesday May 12 - 2015,Genclerbirligi,hard,4-2-3-1,KAPLAN;BAYRAK;GORGULU;PETROVIC;CIFTCI;ASLANTAS;GOSSO;HLEB;CELIK;EL KABIR;STANCU
Konyaspor vs. Genclerbirligi - Tuesday May 12 - 2015,Konyaspor,hard,4-2-3-1,TARAKCI;FINDIKLI;KOKALOVIC;OZKAYA;FUCHS;SAHINER;GUVEN;MAHLANGU;INCEMAN;AYDIN;RANGELOV
Mersin Idmanyurdu vs. Galatasaray - Tuesday May 12 - 2015,Galatasaray,easy,4-2-3-1,MUSLERA;KAYA;BALTA;TELLES;SARIOGLU;FELIPE MELO;INAN;COLAK;SNEIJDER;OZTEKIN;YILMAZ
Mersin Idmanyurdu vs. Galatasaray - Tuesday May 12 - 2015,Mersin Idmanyurdu,hard,4-2-3-1,YILDIRIM;CETIN;MITROVIC;WEDERSON;BALCI;KHALILI;CEYLAN;DELIBALTA;NAKOULMA;PEDRIEL;WELLITON
Fenerbahce vs. Kayseri Erciyesspor - Wednesday May 13 - 2015,Fenerbahce,easy,4-2-3-1,DEMIREL;ALVES;KORKMAZ;ERKIN;GONUL;SAHIN;TOPAL;DIEGO;KUYT;SOW;WEBO
Fenerbahce vs. Kayseri Erciyesspor - Wednesday May 13 - 2015,Kayseri Erciyesspor,hard,4-2-3-1,DEGIRMENCI;BOYE;KARAER;PULGIR;SYLLA;PEHLIVAN;AKGUN;YILDIRIM;CAGLAYAN;VLEMINCKX;ZOUA
Gaziantepspor vs. Rizespor - Wednesday May 13 - 2015,Gaziantepspor,hard,4-2-3-1,BIRNICAN;AROKOYO;CHICO;CAN;YARDIMCI;SEN;ILDIZ;TURK;AYAZ;CAMARA;DEMIR
Gaziantepspor vs. Rizespor - Wednesday May 13 - 2015,Rizespor,hard,4-2-3-1,KIRINTILI;OBOABONA;VIERA;ALBAYRAK;ALTINAY;OVACIKLI;SYLVESTRE;KAYA;HOLOSKO;KADAH;KWEUKE
Trabzonspor vs. Bursaspor - Wednesday May 13 - 2015,Bursaspor,hard,4-2-3-1,TEKIN;AZIZ;BEHICH;OZBAYRAKLI;CINAZ;TUFAN;JOSUE;BELLUSCHI;SEN;BAKAMBU;FERNANDAO
Trabzonspor vs. Bursaspor - Wednesday May 13 - 2015,Trabzonspor,easy,4-2-3-1,ARIKAN;DEMIROK;MEDJANI;DURSUN;BOSINGWA;EKICI;HURMACI;ERDOGAN;ZENGIN;CARDOZO;YILMAZ
Akhisar Belediyespor vs. Besiktas - Thursday May 14 - 2015,Akhisar Belediyespor,hard,4-4-2,DAGLAROGLU;DOUGLAO;KONUK;KELES;VURAL;LUAN SCAPOLAN;UNLU;KISA;AKYUZ;BRUNO MEZENGA;LUALUA
Akhisar Belediyespor vs. Besiktas - Thursday May 14 - 2015,Besiktas,easy,4-2-3-1,GUVENC;GULUM;SIVOK;RAMON;KURTULUS;HUTCHINSON;SOSA;ARSLAN;SAHAN;TORE;BA
Balikesirspor vs. Kardemir Karabukspor - Saturday May 16 - 2015,Balikesirspor,hard,4-4-2,VUKOVIC;GLUMAC;HATIPOGLU;YILDIZ;CEVAHIR;ATASEVEN;CEVIKER;ZEC;PROMISE;YILDIRIM;CELIK
Balikesirspor vs. Kardemir Karabukspor - Saturday May 16 - 2015,Kardemir Karabukspor,hard,4-4-2,DEMIRCAN;AKCA;MABIALA;KAYHAN;OZGENC;CAGIRAN;OZCAL;TRAORE;VIOLA;OZEK;AKPALA
Galatasaray vs. Genclerbirligi - Saturday May 16 - 2015,Galatasaray,easy,4-2-3-1,BOLAT;KAYA;BALTA;TELLES;SARIOGLU;FELIPE MELO;INAN;SNEIJDER;OZTEKIN;BULUT;YILMAZ
Galatasaray vs. Genclerbirligi - Saturday May 16 - 2015,Genclerbirligi,hard,4-2-3-1,KAPLAN;CALIK;GORGULU;PETROVIC;CIFTCI;ASLANTAS;GOSSO;HLEB;CELIK;EL KABIR;STANCU
Sivasspor vs. Kasimpasa - Saturday May 16 - 2015,Kasimpasa,hard,4-2-3-1,OZBIR;DONK;EKER;SARI;OZTURK;KAPLAN;KIRAZ;AYAZ;AKTAS;SCARIONE;BABEL
Sivasspor vs. Kasimpasa - Saturday May 16 - 2015,Sivasspor,hard,4-2-3-1,TASKIRAN;KURT;OZTURK;CIPLAK;CICINHO;ARSLAN;CHAHECHOUHE;TAOUIL;UTAKA;ESER;KARADENIZ
Bursaspor vs. Gaziantepspor - Sunday May 17 - 2015,Bursaspor,hard,4-2-3-1,TEKIN;TASDEMIR;OZBAYRAKLI;CINAZ;YILMAZ;TUFAN;BELLUSCHI;JOSUE;SEN;BAKAMBU;FERNANDAO
Bursaspor vs. Gaziantepspor - Sunday May 17 - 2015,Gaziantepspor,hard,4-4-2,BIRNICAN;AROKOYO;VRANJES;CHICO;CAN;YARDIMCI;SEN;DURAK;CHIBUIKE;CAMARA;DEMIR
Eskisehirspor vs. Trabzonspor - Sunday May 17 - 2015,Eskisehirspor,hard,4-4-2,VURAL;DIEGO ANGELO;YUMLU;KANAK;COREKCI;CAUSIC;LAWAL;SISSOKO;OZTURK;FUNES MORI;SISMANOGLU
Eskisehirspor vs. Trabzonspor - Sunday May 17 - 2015,Trabzonspor,easy,4-2-3-1,ARIKAN;DEMIR;DEMIROK;MEDJANI;DURSUN;EKICI;HURMACI;ERDOGAN;ZENGIN;WARIS;YILMAZ
Kayseri Erciyesspor vs. Basaksehir - Sunday May 17 - 2015,Basaksehir,hard,4-3-3,BABACAN;CANSEV;EPUREANU;ROTMAN;OZTORUN;BADJI;TEKDEMIR;MARCIO MOSSORO;SAHIN;VISCA;BATDAL
Kayseri Erciyesspor vs. Basaksehir - Sunday May 17 - 2015,Kayseri Erciyesspor,hard,4-2-3-1,OZER;KARAER;PULGIR;OZTURK;SYLLA;PEHLIVAN;AKGUN;YILDIRIM;CAGLAYAN;VLEMINCKX;ZOUA
Mersin Idmanyurdu vs. Fenerbahce - Sunday May 17 - 2015,Fenerbahce,easy,4-2-3-1,DEMIREL;KORKMAZ;ALVES;KALDIRIM;ERKIN;GONUL;TOPAL;MEIRELES;DIEGO;KUYT;SOW
Mersin Idmanyurdu vs. Fenerbahce - Sunday May 17 - 2015,Mersin Idmanyurdu,hard,4-2-3-1,YILDIRIM;CETIN;MITROVIC;WEDERSON;BALCI;KHALILI;CEYLAN;DELIBALTA;NAKOULMA;PEDRIEL;WELLITON
Rizespor vs. Akhisar Belediyespor - Monday May 18 - 2015,Akhisar Belediyespor,hard,4-4-2,DAGLAROGLU;DOUGLAO;KONUK;KELES;CUSTODIO;UNLU;KISA;VARDAR;AKYUZ;BRUNO MEZENGA;LUALUA
Rizespor vs. Akhisar Belediyespor - Monday May 18 - 2015,Rizespor,hard,4-2-3-1,KIRINTILI;KACAR;VIERA;ALBAYRAK;ALTINAY;OVACIKLI;KARAKAS;OBRANIAK;KADAH;KWEUKE;LAFFERTY
Genclerbirligi vs. Mersin Idmanyurdu - Friday May 22 - 2015,Genclerbirligi,hard,4-2-3-1,KAPLAN;CALIK;GORGULU;PETROVIC;PEHLIVAN;ASLANTAS;GOSSO;LANDEL;KAHVECI;TOMIC;STANCU
Genclerbirligi vs. Mersin Idmanyurdu - Friday May 22 - 2015,Mersin Idmanyurdu,hard,4-2-3-1,MIHAYLOV;CETIN;MITROVIC;WEDERSON;TAS;CEYLAN;KAYA;KHALILI;GUVEN;NAKOULMA;WELLITON
Kasimpasa vs. Kayseri Erciyesspor - Saturday May 23 - 2015,Kasimpasa,hard,4-2-3-1,OZBIR;DONK;DVALI;SARI;KAPLAN;AKTAS;CASTRO;SCARIONE;BABEL;TORUN;DERDIYOK
Kasimpasa vs. Kayseri Erciyesspor - Saturday May 23 - 2015,Kayseri Erciyesspor,hard,4-2-3-1,OZER;BOYE;PULGIR;ALKILIC;PEHLIVAN;SYLLA;AKGUN;YILDIRIM;CAGLAYAN;EDINHO;ZOUA
Konyaspor vs. Rizespor - Saturday May 23 - 2015,Konyaspor,hard,4-4-2,TARAKCI;TURAN;VUKOVIC;USLU;SAHINER;CAMDALI;GUVEN;OZER;DJALMA;TORJE;KABZE
Konyaspor vs. Rizespor - Saturday May 23 - 2015,Rizespor,hard,4-2-3-1,KIRINTILI;KACAR;VIERA;ALBAYRAK;ALTINAY;OVACIKLI;KARAKAS;SYLVESTRE;KAYA;KADAH;KWEUKE
Trabzonspor vs. Balikesirspor - Saturday May 23 - 2015,Balikesirspor,hard,4-3-3,VUKOVIC;YILDIZ;HATIPOGLU;GLUMAC;EMIR;CEVAHIR;ATASEVEN;CEVIKER;ZEC;PROMISE;CELIK
Trabzonspor vs. Balikesirspor - Saturday May 23 - 2015,Trabzonspor,easy,4-4-2,DEMIR;AKBAS;DEMIR;DEMIROK;MEDJANI;YAVRU;EKICI;HURMACI;ERDOGAN;CARDOZO;WARIS
Galatasaray vs. Besiktas - Sunday May 24 - 2015,Besiktas,easy,4-2-3-1,GUVENC;NUKAN;SIVOK;KURTULUS;OPARE;HUTCHINSON;UYSAL;ARSLAN;SOSA;FREI;BA
Galatasaray vs. Besiktas - Sunday May 24 - 2015,Galatasaray,easy,4-3-3,MUSLERA;KAYA;BALTA;TELLES;SARIOGLU;FELIPE MELO;INAN;ALTINTOP;SNEIJDER;OZTEKIN;YILMAZ
Gaziantepspor vs. Eskisehirspor - Sunday May 24 - 2015,Eskisehirspor,hard,4-2-3-1,VURAL;COSKUN;DABANLI;PARLAK;KANAK;GUCER;CAUSIC;LAWAL;OZTURK;OZKAN;GULERYUZ
Gaziantepspor vs. Eskisehirspor - Sunday May 24 - 2015,Gaziantepspor,hard,4-4-2,KARCEMARSKAS;CHICO;CAN;YARDIMCI;KAYALI;ILDIZ;TURK;CHIBUIKE;CAMARA;DEMIR;LEAL
Kardemir Karabukspor vs. Sivasspor - Sunday May 24 - 2015,Kardemir Karabukspor,hard,4-2-3-1,DEMIRCAN;AKCA;MABIALA;KAS;KAYHAN;OZGENC;CAGIRAN;SOW;OZMERT;OZEK;AKPALA
Kardemir Karabukspor vs. Sivasspor - Sunday May 24 - 2015,Sivasspor,hard,4-2-3-1,TASKIRAN;KURT;OZTURK;CIPLAK;CICINHO;BEKMEZCI;TAOUIL;CHAHECHOUHE;UTAKA;ESER;YILMAZER
Akhisar Belediyespor vs. Bursaspor - Monday May 25 - 2015,Akhisar Belediyespor,hard,4-2-3-1,DAGLAROGLU;DOUGLAO;KONUK;KELES;VURAL;CEBE;CUSTODIO;LUAN SCAPOLAN;KISA;BRUNO MEZENGA;LUALUA
Akhisar Belediyespor vs. Bursaspor - Monday May 25 - 2015,Bursaspor,hard,4-2-3-1,TEKIN;AZIZ;BEHICH;OZBAYRAKLI;CINAZ;TUFAN;BELLUSCHI;JOSUE;SEN;BAKAMBU;FERNANDAO
Basaksehir vs. Fenerbahce - Monday May 25 - 2015,Basaksehir,hard,4-2-3-1,BABACAN;AYHAN;EPUREANU;ERDEM;UCAR;BADJI;TEKDEMIR;MARCIO MOSSORO;DOKA MADUREIRA;VISCA;BATDAL
Basaksehir vs. Fenerbahce - Monday May 25 - 2015,Fenerbahce,easy,4-2-3-1,DEMIREL;ALVES;KORKMAZ;ERKIN;TOPAL;BELOZOGLU;TOPUZ;DIEGO;POTUK;KUYT;SOW
Balikesirspor vs. Gaziantepspor - Friday May 29 - 2015,Balikesirspor,hard,4-3-3,FURKAN;GLUMAC;KULUSIC;YILDIZ;CEVAHIR;EMIR;ATASEVEN;CEVIKER;ZEC;PROMISE;CELIK
Balikesirspor vs. Gaziantepspor - Friday May 29 - 2015,Gaziantepspor,hard,4-4-2,KARCEMARSKAS;CHICO;CAN;YARDIMCI;NEFIZ;DURAK;TURK;AYAZ;CINAR;CHIBUIKE;CAMARA
Besiktas vs. Genclerbirligi - Friday May 29 - 2015,Besiktas,easy,4-4-2,GUVENC;NUKAN;SIVOK;OPARE;UYSAL;OZYAKUP;ARSLAN;SAHAN;FREI;PEKTEMEK;TOSUN
Besiktas vs. Genclerbirligi - Friday May 29 - 2015,Genclerbirligi,hard,4-2-3-1,KAPLAN;BAYRAK;CALIK;PEHLIVAN;ASLANTAS;GOSSO;LANDEL;KAHVECI;TOMIC;EL KABIR;STANCU
Eskisehirspor vs. Akhisar Belediyespor - Friday May 29 - 2015,Akhisar Belediyespor,hard,4-4-2,AYVAZ;DOUGLAO;KONUK;TASDELEN;CEBE;CUSTODIO;ZOKORA;KOSNEK;VAZ TE;AKYUZ;BRUNO MEZENGA
Eskisehirspor vs. Akhisar Belediyespor - Friday May 29 - 2015,Eskisehirspor,hard,4-2-3-1,OREN;PARLAK;GULER;COSKUN;KANAK;TEBER;LAWAL;SENTURK;OZTURK;OZKAN;SISMANOGLU
Kayseri Erciyesspor vs. Kardemir Karabukspor - Friday May 29 - 2015,Kardemir Karabukspor,hard,4-2-3-1,CENIK;DEMIRCAN;MABIALA;KAS;OZGENC;KAYHAN;AKGUN;SOW;KOCABAS;OZEK;AKPALA
Kayseri Erciyesspor vs. Kardemir Karabukspor - Friday May 29 - 2015,Kayseri Erciyesspor,hard,4-2-3-1,BALCIOGLU;BOYE;PULGIR;ALKILIC;GULLE;SYLLA;AKGUN;YILDIRIM;SECME;EDINHO;ZOUA
Bursaspor vs. Konyaspor - Saturday May 30 - 2015,Bursaspor,hard,4-2-3-1,TEKIN;AZIZ;TASDEMIR;OZBAYRAKLI;HOLMEN;YILMAZ;TRAORE;TUFAN;SEN;BAKAMBU;FERNANDAO
Bursaspor vs. Konyaspor - Saturday May 30 - 2015,Konyaspor,hard,4-2-3-1,TARAKCI;FINDIKLI;TURAN;VUKOVIC;USLU;SAHINER;FUCHS;CAMDALI;GUVEN;OZER;RANGELOV
Fenerbahce vs. Kasimpasa - Saturday May 30 - 2015,Fenerbahce,easy,4-2-3-1,GUNOK;KADLEC;IRTEGUN;KALDIRIM;GONUL;TOPAL;BELOZOGLU;DIEGO;POTUK;KUYT;SOW
Fenerbahce vs. Kasimpasa - Saturday May 30 - 2015,Kasimpasa,hard,4-4-2,ISAKSSON;DONK;EKER;OZTURK;KAPLAN;KARTAL;CASTRO;SCARIONE;TORUN;DERDIYOK;MALKI
Mersin Idmanyurdu vs. Basaksehir - Saturday May 30 - 2015,Basaksehir,hard,4-2-3-1,BABACAN;AYHAN;EPUREANU;ERDEM;OZTORUN;UCAR;AGCAY;BADJI;MARCIO MOSSORO;VISCA;PERBET
Mersin Idmanyurdu vs. Basaksehir - Saturday May 30 - 2015,Mersin Idmanyurdu,hard,4-2-3-1,MIHAYLOV;CETIN;MITROVIC;OZARSLAN;WEDERSON;BALCI;CEYLAN;DELIBALTA;FUTACS;NAKOULMA;WELLITON
Rizespor vs. Galatasaray - Saturday May 30 - 2015,Galatasaray,easy,4-2-3-1,BOLAT;GUNTER;KAYA;CAMDAL;SARIOGLU;DZEMAILI;ALTINTOP;COLAK;BRUMA;YILMAZ;PANDEV
Rizespor vs. Galatasaray - Saturday May 30 - 2015,Rizespor,hard,4-2-3-1,KIRINTILI;OBOABONA;ALBAYRAK;ALTINAY;OVACIKLI;SYLVESTRE;KARAKAS;BALCILAR;KAYA;KADAH;KWEUKE
Sivasspor vs. Trabzonspor - Saturday May 30 - 2015,Sivasspor,hard,4-2-3-1,TASKIRAN;KURT;OZTURK;CIPLAK;CICINHO;BEKMEZCI;KOCAK;TAOUIL;CHAHECHOUHE;ESER;KARADENIZ
Sivasspor vs. Trabzonspor - Saturday May 30 - 2015,Trabzonspor,easy,4-2-3-1,ARIKAN;AKBAS;DEMIROK;MEDJANI;DURSUN;ATIK;AYDOGDU;EKICI;HURMACI;CARDOZO;WARIS
