game,team,difficulty,formation,lineup
Buyuksehir Belediyespor vs. Eskisehirspor - Saturday August 23 - 2008,Buyuksehir Belediyespor,hard,4-2-3-1,HASAGIC;DEPE;EKSIOGLU;TJIKUZU;ZENGIN;GULPINAR;INANC;TEKDEMIR;BURUK;KILIC;ADRIANO
Buyuksehir Belediyespor vs. Eskisehirspor - Saturday August 23 - 2008,Eskisehirspor,hard,4-4-2,IVESA;COSKUN;NADAREVIC;VUCKO;ONUR;ERTUGRUL;KAYA;POLJAK;OZBAYRAKTAR;ANDERSON;YOULA
Galatasaray vs. Denizlispor - Saturday August 23 - 2008,Denizlispor,hard,4-5-1,GONEN;BIRINCI;IRINEU;KRATOCHVIL;YIGEN;DANIEL BRAGA;ABRAHAM;OLGUN;KARAKOC;BAYDIL;ROBERTS
Galatasaray vs. Denizlispor - Saturday August 23 - 2008,Galatasaray,easy,4-2-3-1,ERCETIN;CETIN;MEIRA;BALTA;SARIOGLU;TOPAL;AKMAN;LINCOLN;KEWELL;SAS;NONDA
Gaziantepspor vs. Fenerbahce - Saturday August 23 - 2008,Fenerbahce,easy,4-2-3-1,DEMIREL;LUGANO;EDU DRACENA;ROBERTO CARLOS;GONUL;MALDONADO;BELOZOGLU;BORAL;ALEX;KAZIM-RICHARDS;GUIZA
Gaziantepspor vs. Fenerbahce - Saturday August 23 - 2008,Gaziantepspor,hard,4-2-3-1,SAHIN;DEUMI;POLAT;IVAN;SEKMAN;CEYLAN;ZURITA;OZGUR;TABATA;YOZGATLI;BETO
Hacettepe Spor vs. Bursaspor - Saturday August 23 - 2008,Bursaspor,hard,4-2-3-1,IVANKOV;ERDOGAN;LEANDRAO;OZTURK;KECELI;KIRITA;SARP;HAS;ACAR;SEN;ADRIANO MAGRAO
Hacettepe Spor vs. Bursaspor - Saturday August 23 - 2008,Hacettepe Spor,hard,4-4-2,BILER;MEGAHED;TELI;KALKAN;SAM;BEKMEZCI;TOZO;ATAK;MENDONCA;SAHIN;ZOKO
Sivasspor vs. Kayserispor - Saturday August 23 - 2008,Kayserispor,hard,4-4-2,HAMIDOU;GUNGOR;TOSCALI;TURAN;TOLEDO;SAIDOU;DURAK;TOPUZ;BOYRAZ;PUROVIC;AGHAHOWA
Sivasspor vs. Kayserispor - Saturday August 23 - 2008,Sivasspor,hard,4-4-2,PETKOVIC;DIALLO;SOZGELMEZ;DERELI;SYLLA;DAGASAN;TUNCER;BAYAR;AYDIN;YILDIZ;TUM
Antalyaspor vs. Besiktas - Sunday August 24 - 2008,Antalyaspor,hard,4-2-3-1,CATKIC;BIENIUK;DZIEWICKI;CAN;KAVUK;CETIN;AGCAY;ARSLAN;NGWENYA;ZITOUNI;DJIEHOUA
Antalyaspor vs. Besiktas - Sunday August 24 - 2008,Besiktas,easy,4-2-3-1,RECBER;SIVOK;ZAN;TANDOGAN;CISSE;INCEMAN;DELGADO;TELLO;HOLOSKO;KARABULUT;BOBO
Genclerbirligi vs. Kocaelispor - Sunday August 24 - 2008,Genclerbirligi,hard,4-2-3-1,PERIC;BALAK;EL SAKA;EKER;TEBER;SERAS;NAS;CUBUKCU;ESER;DJITE;PEKTEMEK
Genclerbirligi vs. Kocaelispor - Sunday August 24 - 2008,Kocaelispor,hard,4-4-2,KULBILGE;CAM;TUTORIC;ANDJELKOVIC;JULIO CESAR;BUYUK;ASLAN;NZEKOU;AKIN;GULLERI;JESTROVIC
Konyaspor vs. Ankaragucu - Sunday August 24 - 2008,Ankaragucu,hard,4-4-2,KIRINTILI;AYDIN;SUME;OZSARAC;OZKAYNAK;CAN;EGE;ERDOGAN;EMRECIKSIN;JABA;YILMAZ
Konyaspor vs. Ankaragucu - Sunday August 24 - 2008,Konyaspor,hard,4-4-2,JEFFERSON;COGUM;GULDUREN;MIHAJLOV;KAUE;KOCAK;DEMIR;HASPOLATLI;TATAN;KILICASLAN;CIHAN
Trabzonspor vs. Ankaraspor - Sunday August 24 - 2008,Ankaraspor,hard,4-3-3,SENECKY;BATAK;YOLDAS;AYDIN;GUVEN;BARIS;GUCER;KISA;WEEKS;TITA;CAKIR
Trabzonspor vs. Ankaraspor - Sunday August 24 - 2008,Trabzonspor,easy,4-3-3,ZENGIN;KORKMAZ;SONG;CALE;BALCI;CIMSIR;INAN;COLMAN;YATTARA;BULUT;UNAL
Ankaragucu vs. Trabzonspor - Friday August 29 - 2008,Ankaragucu,hard,4-4-2,KIRINTILI;CHAABANI;DOGANTEZ;SUME;OZKAYNAK;CAN;EGE;DURUER;EMRECIKSIN;JABA;YILMAZ
Ankaragucu vs. Trabzonspor - Friday August 29 - 2008,Trabzonspor,easy,4-2-3-1,ZENGIN;KORKMAZ;SONG;CALE;BALCI;CIMSIR;INAN;COLMAN;YATTARA;BULUT;UNAL
Ankaraspor vs. Gaziantepspor - Saturday August 30 - 2008,Ankaraspor,hard,4-2-3-1,SENECKY;BATAK;RISP;AYDIN;GUVEN;GUCER;KISA;HURMACI;TITA;DE NIGRIS;CAKIR
Ankaraspor vs. Gaziantepspor - Saturday August 30 - 2008,Gaziantepspor,hard,4-2-3-1,SAHIN;DEUMI;POLAT;IVAN;SEKMAN;CEYLAN;ZURITA;OZGUR;TABATA;YOZGATLI;BETO
Fenerbahce vs. Buyuksehir Belediyespor - Saturday August 30 - 2008,Buyuksehir Belediyespor,hard,4-2-3-1,HASAGIC;DEPE;MARCUS VINICIUS;EKSIOGLU;TJIKUZU;ZENGIN;GULPINAR;INANC;BURUK;KAHRAMAN;BEBBE
Fenerbahce vs. Buyuksehir Belediyespor - Saturday August 30 - 2008,Fenerbahce,easy,4-4-2,DEMIREL;CAKMAK;LUGANO;ROBERTO CARLOS;GONUL;MALDONADO;BORAL;ALEX;KAZIM-RICHARDS;GUIZA;SENTURK
Kocaelispor vs. Sivasspor - Saturday August 30 - 2008,Kocaelispor,hard,4-4-2,KULBILGE;CAM;TUTORIC;ANDJELKOVIC;BUYUK;ASLAN;MUTLU;NZEKOU;AKIN;JESTROVIC;GULLERI
Kocaelispor vs. Sivasspor - Saturday August 30 - 2008,Sivasspor,hard,4-4-2,PETKOVIC;FABIO BILICA;SOZGELMEZ;DERELI;DAGASAN;SYLLA;BAYAR;PACHECO;AYDIN;TUM;YILDIZ
Bursaspor vs. Genclerbirligi - Sunday August 31 - 2008,Bursaspor,hard,3-5-2,IVANKOV;ERDOGAN;LEANDRAO;OZTURK;SARP;KIRITA;ACAR;HAS;SEN;YILDIRIM;ADRIANO MAGRAO
Bursaspor vs. Genclerbirligi - Sunday August 31 - 2008,Genclerbirligi,hard,4-5-1,PERIC;EKER;EL SAKA;OZBEY;TEBER;AVCI;SERAS;NAS;ESER;DJITE;PEKTEMEK
Denizlispor vs. Antalyaspor - Sunday August 31 - 2008,Antalyaspor,hard,4-2-3-1,CATKIC;BIENIUK;DZIEWICKI;CAN;CETIN;KAVUK;ARSLAN;AGCAY;NGWENYA;ZITOUNI;OZKAN
Denizlispor vs. Antalyaspor - Sunday August 31 - 2008,Denizlispor,hard,4-2-3-1,GONEN;BIRINCI;IRINEU;KRATOCHVIL;YIGEN;DANIEL BRAGA;ABRAHAM;OLGUN;BAYDIL;KINALI;ROBERTS
Eskisehirspor vs. Hacettepe Spor - Sunday August 31 - 2008,Eskisehirspor,hard,4-4-2,IVESA;COSKUN;NADAREVIC;VUCKO;ONUR;OCAL;ERTUGRUL;KAYA;POLJAK;YOULA;ANDERSON
Eskisehirspor vs. Hacettepe Spor - Sunday August 31 - 2008,Hacettepe Spor,hard,4-4-2,BILER;KALKAN;MEGAHED;TELI;SAM;TOZO;BEKMEZCI;YAKUBU;MENDONCA;SAHIN;ZOKO
Kayserispor vs. Galatasaray - Sunday August 31 - 2008,Galatasaray,easy,4-2-3-1,DE SANCTIS;CETIN;MEIRA;BALTA;LINDEROTH;AKMAN;OZBEK;TURAN;KEWELL;YILMAZ;KARAN
Kayserispor vs. Galatasaray - Sunday August 31 - 2008,Kayserispor,hard,4-4-2,HAMIDOU;GUNGOR;TURAN;TOLEDO;BAYRAM;SAIDOU;DURAK;TOPUZ;OLEMBE;AGHAHOWA;BAHADIR
Besiktas vs. Konyaspor - Monday September 1 - 2008,Besiktas,easy,4-2-3-1,RECBER;TORAMAN;ZAPOTOCNY;KURTULUS;CISSE;INCEMAN;DELGADO;TELLO;OZKAN;HOLOSKO;BOBO
Besiktas vs. Konyaspor - Monday September 1 - 2008,Konyaspor,hard,4-5-1,JEFFERSON;COGUM;GULDUREN;MIHAJLOV;KAUE;KOCAK;HASPOLATLI;TATAN;DEMIR;KILICASLAN;CIHAN
Galatasaray vs. Antalyaspor - Saturday September 13 - 2008,Antalyaspor,hard,4-2-3-1,CATKIC;AYHAN;DZIEWICKI;CAN;KAVUK;AGCAY;ARSLAN;OZTURK;NGWENYA;ZITOUNI;DJIEHOUA
Galatasaray vs. Antalyaspor - Saturday September 13 - 2008,Galatasaray,easy,4-4-2,DE SANCTIS;CETIN;MEIRA;YAMAN;AKMAN;TURAN;KEWELL;YILMAZ;SAS;KARAN;NONDA
Hacettepe Spor vs. Fenerbahce - Saturday September 13 - 2008,Fenerbahce,easy,4-2-3-1,DEMIREL;ARAT;CAKMAK;ROBERTO CARLOS;GONUL;MALDONADO;JOSICO;BORAL;ALEX;GUIZA;KAZIM-RICHARDS
Hacettepe Spor vs. Fenerbahce - Saturday September 13 - 2008,Hacettepe Spor,hard,4-5-1,BILER;KALKAN;MEGAHED;TELI;SAM;TOZO;BEKMEZCI;ATAK;LIKA;MENDONCA;SAHIN
Kayserispor vs. Kocaelispor - Saturday September 13 - 2008,Kayserispor,hard,4-4-2,HAMIDOU;GUNGOR;TOSCALI;TURAN;TOLEDO;OZER;SAIDOU;DURAK;TOPUZ;AGHAHOWA;KOSE
Kayserispor vs. Kocaelispor - Saturday September 13 - 2008,Kocaelispor,hard,4-2-3-1,KULBILGE;CAM;TUTORIC;YANIK;ANDJELKOVIC;OZGUR;BOLUKBASI;ASLAN;TOPRAKTEPE;AKIN;GULLERI
Konyaspor vs. Denizlispor - Saturday September 13 - 2008,Denizlispor,hard,4-2-3-1,GONEN;BIRINCI;IRINEU;KRATOCHVIL;YIGEN;DANIEL BRAGA;ABRAHAM;OLGUN;KURTULUS;YILMAZER;ROBERTS
Konyaspor vs. Denizlispor - Saturday September 13 - 2008,Konyaspor,hard,4-4-2,JEFFERSON;COGUM;GULDUREN;MIHAJLOV;KAUE;KOCAK;DEMIR;TATAN;ASKAROGLU;KILICASLAN;CIHAN
Buyuksehir Belediyespor vs. Ankaraspor - Sunday September 14 - 2008,Ankaraspor,hard,4-2-3-1,SENECKY;BAHTIYAROGLU;YOLDAS;DEMIRKOL;BARIS;GUCER;WEEKS;NECA;HURMACI;TOSUN;CAKIR
Buyuksehir Belediyespor vs. Ankaraspor - Sunday September 14 - 2008,Buyuksehir Belediyespor,hard,4-2-3-1,HASAGIC;MARCUS VINICIUS;MARQUINHOS;EKSIOGLU;KUS;TJIKUZU;ZENGIN;INANC;KILIC;AKIN;BEBBE
Gaziantepspor vs. Ankaragucu - Sunday September 14 - 2008,Ankaragucu,hard,4-4-2,KIRINTILI;CHAABANI;SUME;OZSARAC;OZKAYNAK;CAN;ERDOGAN;EGE;DURUER;JABA;IGLESIAS
Gaziantepspor vs. Ankaragucu - Sunday September 14 - 2008,Gaziantepspor,hard,4-2-3-1,SAHIN;DEUMI;POLAT;IVAN;SEKMAN;CEYLAN;ZURITA;OZGUR;TABATA;YOZGATLI;BETO
Genclerbirligi vs. Eskisehirspor - Sunday September 14 - 2008,Eskisehirspor,hard,4-4-2,IVESA;COSKUN;NADAREVIC;VUCKO;ONUR;OCAL;ERTUGRUL;KAYA;POLJAK;YOULA;ANDERSON
Genclerbirligi vs. Eskisehirspor - Sunday September 14 - 2008,Genclerbirligi,hard,4-2-3-1,PERIC;EL SAKA;OZBEY;TRAORE;TEBER;SERAS;NAS;BAYTAR;ESER;PEKTEMEK;DJITE
Sivasspor vs. Bursaspor - Sunday September 14 - 2008,Bursaspor,hard,4-4-2,IVANKOV;ERDOGAN;LEANDRAO;OZTURK;KECELI;SARP;KIRITA;ACAR;FABRICIO;GULEC;ADRIANO MAGRAO
Sivasspor vs. Bursaspor - Sunday September 14 - 2008,Sivasspor,hard,4-4-2,PETKOVIC;FABIO BILICA;SOZGELMEZ;DERELI;DAGASAN;BADUR;BAYAR;PACHECO;AYDIN;TUM;YILDIZ
Trabzonspor vs. Besiktas - Sunday September 14 - 2008,Besiktas,easy,4-2-3-1,RECBER;SIVOK;ZAPOTOCNY;KURTULUS;CISSE;INCEMAN;DELGADO;TELLO;OZKAN;KARABULUT;BOBO
Trabzonspor vs. Besiktas - Sunday September 14 - 2008,Trabzonspor,easy,4-2-3-1,ZENGIN;CORA;KORKMAZ;SONG;CALE;BALCI;CIMSIR;INAN;COLMAN;UNAL;BULUT
Denizlispor vs. Trabzonspor - Friday September 19 - 2008,Denizlispor,hard,4-5-1,GONEN;BIRINCI;IRINEU;KRATOCHVIL;OLGUN;ABRAHAM;DANIEL BRAGA;YIGEN;BAYDIL;LIETAVA;ROBERTS
Denizlispor vs. Trabzonspor - Friday September 19 - 2008,Trabzonspor,easy,4-2-3-1,ZENGIN;CORA;KORKMAZ;SONG;CALE;BALCI;CIMSIR;COLMAN;INAN;UNAL;BULUT
Ankaragucu vs. Buyuksehir Belediyespor - Saturday September 20 - 2008,Ankaragucu,hard,4-4-2,KIRINTILI;DOGANTEZ;SUME;OZSARAC;OZKAYNAK;CAN;BARUT;ERDOGAN;EMRECIKSIN;YILMAZ;JABA
Ankaragucu vs. Buyuksehir Belediyespor - Saturday September 20 - 2008,Buyuksehir Belediyespor,hard,4-2-3-1,TUNC;MARCUS VINICIUS;MARQUINHOS;SUZEN;KUS;ZENGIN;GULPINAR;INANC;KORKMAZ;AKIN;BEBBE
Eskisehirspor vs. Sivasspor - Saturday September 20 - 2008,Eskisehirspor,hard,4-4-2,IVESA;COSKUN;NADAREVIC;VUCKO;ONUR;ARSLAN;OCAL;ERTUGRUL;POLJAK;LOVREK;YOULA
Eskisehirspor vs. Sivasspor - Saturday September 20 - 2008,Sivasspor,hard,4-4-2,PETKOVIC;FABIO BILICA;DIALLO;DERELI;SYLLA;DAGASAN;BADUR;BAYAR;AYDIN;BALILI;YILDIZ
Fenerbahce vs. Genclerbirligi - Saturday September 20 - 2008,Fenerbahce,easy,4-2-3-1,BABACAN;LUGANO;TURACI;ROBERTO CARLOS;GONUL;MALDONADO;BELOZOGLU;BORAL;ALEX;GUIZA;YILMAZ
Fenerbahce vs. Genclerbirligi - Saturday September 20 - 2008,Genclerbirligi,hard,4-5-1,PERIC;EL SAKA;OZBEY;TRAORE;TEBER;AVCI;SERAS;NAS;BAYTAR;ESER;PEKTEMEK
Ankaraspor vs. Hacettepe Spor - Sunday September 21 - 2008,Ankaraspor,hard,4-2-3-1,SENECKY;BATAK;YOLDAS;AYDIN;GUVEN;GUCER;WEEKS;NECA;HURMACI;TOSUN;CAKIR
Ankaraspor vs. Hacettepe Spor - Sunday September 21 - 2008,Hacettepe Spor,hard,4-2-3-1,BILER;KALKAN;MEGAHED;TELI;SAM;BEKMEZCI;TOZO;ATAK;LIKA;MENDONCA;SAHIN
Antalyaspor vs. Konyaspor - Sunday September 21 - 2008,Antalyaspor,hard,4-2-3-1,ELMAS;AK;DZIEWICKI;YILDIZ;KAVUK;AGCAY;ARSLAN;OZTURK;NGWENYA;ZITOUNI;DJIEHOUA
Antalyaspor vs. Konyaspor - Sunday September 21 - 2008,Konyaspor,hard,4-4-2,JEFFERSON;GUNDOSTU;MIHAJLOV;KAUE;KOCAK;DEMIR;HASPOLATLI;TATAN;ASKAROGLU;KILICASLAN;CIHAN
Besiktas vs. Gaziantepspor - Sunday September 21 - 2008,Besiktas,easy,4-4-2,ARIKAN;SIVOK;TORAMAN;ZAPOTOCNY;UZULMEZ;KURTULUS;CISSE;TELLO;OZKAN;NOBRE;BOBO
Besiktas vs. Gaziantepspor - Sunday September 21 - 2008,Gaziantepspor,hard,4-2-3-1,SAHIN;IRTEGUN;POLAT;IVAN;EREN;ZURITA;CEYLAN;OZGUR;TABATA;ARI;EDU
Bursaspor vs. Kayserispor - Sunday September 21 - 2008,Bursaspor,hard,4-4-2,IVANKOV;ERDOGAN;OZTURK;KECELI;SARP;ACAR;FABRICIO;HAS;SIMSEK;YILDIRIM;GULEC
Bursaspor vs. Kayserispor - Sunday September 21 - 2008,Kayserispor,hard,4-5-1,HAMIDOU;GUNGOR;TURAN;TOLEDO;BAYRAM;SAIDOU;DURAK;TOPUZ;KOCIN;BOYRAZ;AGHAHOWA
Kocaelispor vs. Galatasaray - Sunday September 21 - 2008,Galatasaray,easy,4-4-2,DE SANCTIS;CETIN;MEIRA;YAMAN;AKMAN;LINCOLN;KEWELL;YILMAZ;SAS;BAROS;NONDA
Kocaelispor vs. Galatasaray - Sunday September 21 - 2008,Kocaelispor,hard,4-5-1,KULBILGE;CAM;TUTORIC;YANIK;ANDJELKOVIC;BUYUK;OZGUR;BOLUKBASI;ASLAN;TOPRAKTEPE;GULLERI
Sivasspor vs. Fenerbahce - Friday September 26 - 2008,Fenerbahce,easy,4-2-3-1,BABACAN;LUGANO;TURACI;ROBERTO CARLOS;GONUL;MALDONADO;SAHIN;BELOZOGLU;ALEX;GUIZA;KAZIM-RICHARDS
Sivasspor vs. Fenerbahce - Friday September 26 - 2008,Sivasspor,hard,4-2-3-1,PETKOVIC;FABIO BILICA;DIALLO;SOZGELMEZ;YERLIKAYA;SYLLA;BADUR;BAYAR;PACHECO;AYDIN;YILDIZ
Buyuksehir Belediyespor vs. Besiktas - Saturday September 27 - 2008,Besiktas,easy,4-4-2,RECBER;SIVOK;ZAPOTOCNY;UZULMEZ;KURTULUS;DAG;CISSE;DELGADO;TELLO;HOLOSKO;NOBRE
Buyuksehir Belediyespor vs. Besiktas - Saturday September 27 - 2008,Buyuksehir Belediyespor,hard,4-3-3,TUNC;MARQUINHOS;EKSIOGLU;KUS;TJIKUZU;ZENGIN;TEKDEMIR;INANC;KORKMAZ;AKIN;ADRIANO
Genclerbirligi vs. Ankaraspor - Saturday September 27 - 2008,Ankaraspor,hard,4-2-3-1,SENECKY;BAHTIYAROGLU;YOLDAS;AYDIN;GUVEN;GUCER;WEEKS;NECA;HURMACI;TOSUN;CAKIR
Genclerbirligi vs. Ankaraspor - Saturday September 27 - 2008,Genclerbirligi,hard,4-2-3-1,PERIC;EL SAKA;OZBEY;TRAORE;TEBER;AVCI;NAS;BAYTAR;ESER;PEKTEMEK;KAHE
Kocaelispor vs. Bursaspor - Saturday September 27 - 2008,Bursaspor,hard,4-4-2,IVANKOV;ERDOGAN;OZTURK;KECELI;SARP;ACAR;FABRICIO;HAS;SIMSEK;YILDIRIM;GULEC
Kocaelispor vs. Bursaspor - Saturday September 27 - 2008,Kocaelispor,hard,4-2-3-1,KULBILGE;CAM;TUTORIC;YANIK;ANDJELKOVIC;MUTLU;OZGUR;BOLUKBASI;ASLAN;TOPRAKTEPE;GULLERI
Trabzonspor vs. Antalyaspor - Saturday September 27 - 2008,Antalyaspor,hard,4-2-3-1,CATKIC;AK;AYHAN;DZIEWICKI;YILDIZ;KAVUK;ARSLAN;AGCAY;ARSLAN;ZITOUNI;DJIEHOUA
Trabzonspor vs. Antalyaspor - Saturday September 27 - 2008,Trabzonspor,easy,4-2-3-1,ZENGIN;CORA;KORKMAZ;SONG;CALE;CIMSIR;INAN;COLMAN;PROMISE;BULUT;UNAL
Galatasaray vs. Konyaspor - Sunday September 28 - 2008,Galatasaray,easy,4-2-3-1,DE SANCTIS;CETIN;MEIRA;BALTA;GUVEN;AKMAN;LINCOLN;TURAN;KEWELL;SAS;BAROS
Galatasaray vs. Konyaspor - Sunday September 28 - 2008,Konyaspor,hard,4-2-3-1,JEFFERSON;COGUM;GUNDOSTU;MIHAJLOV;KAUE;DEMIR;HASPOLATLI;TATAN;ASKAROGLU;ALBAYRAK;CIHAN
Gaziantepspor vs. Denizlispor - Sunday September 28 - 2008,Denizlispor,hard,4-5-1,GONEN;BIRINCI;IRINEU;KRATOCHVIL;SUNGUR;ABRAHAM;DANIEL BRAGA;KURTULUS;KARAKOC;LIETAVA;ROBERTS
Gaziantepspor vs. Denizlispor - Sunday September 28 - 2008,Gaziantepspor,hard,4-2-3-1,SAHIN;DEUMI;POLAT;IVAN;EREN;ZURITA;CEYLAN;TABATA;OZGUR;YOZGATLI;EDU
Hacettepe Spor vs. Ankaragucu - Sunday September 28 - 2008,Ankaragucu,hard,4-2-3-1,KIRINTILI;CHAABANI;SUME;OZSARAC;OZKAYNAK;CAN;BARUT;ERDOGAN;DURUER;EMRECIKSIN;YILMAZ
Hacettepe Spor vs. Ankaragucu - Sunday September 28 - 2008,Hacettepe Spor,hard,4-4-2,BILER;KALKAN;TELI;ARSLAN;SAM;BEKMEZCI;COSKUN;LIKA;MENDONCA;ZOKO;SAHIN
Kayserispor vs. Eskisehirspor - Sunday September 28 - 2008,Eskisehirspor,hard,4-4-2,IVESA;COSKUN;NADAREVIC;VUCKO;ONUR;ARSLAN;ERTUGRUL;POLJAK;OZDEMIR;LOVREK;YOULA
Kayserispor vs. Eskisehirspor - Sunday September 28 - 2008,Kayserispor,hard,4-4-2,HAMIDOU;GUNGOR;TURAN;OZER;BAYRAM;SAIDOU;DURAK;TOPUZ;BOYRAZ;AGHAHOWA;BAHADIR
Ankaraspor vs. Sivasspor - Saturday October 4 - 2008,Ankaraspor,hard,4-2-3-1,SENECKY;BAHTIYAROGLU;MERCIMEK;YOLDAS;GUVEN;GUCER;NECA;WEEKS;HURMACI;TOSUN;CAKIR
Ankaraspor vs. Sivasspor - Saturday October 4 - 2008,Sivasspor,hard,4-4-2,PETKOVIC;FABIO BILICA;SOZGELMEZ;DIALLO;YERLIKAYA;SYLLA;BADUR;BAYAR;AYDIN;TUM;YILDIZ
Antalyaspor vs. Gaziantepspor - Saturday October 4 - 2008,Antalyaspor,hard,4-4-2,CATKIC;AK;AYHAN;ISIK;YILDIZ;CAN;KAVUK;ARSLAN;NGWENYA;ZITOUNI;DJIEHOUA
Antalyaspor vs. Gaziantepspor - Saturday October 4 - 2008,Gaziantepspor,hard,4-2-3-1,SAHIN;DEUMI;POLAT;IVAN;EREN;CEYLAN;ZURITA;OZGUR;TABATA;YOZGATLI;EDU
Konyaspor vs. Trabzonspor - Saturday October 4 - 2008,Konyaspor,hard,4-5-1,JEFFERSON;GULDUREN;GUNDOSTU;MIHAJLOV;KAUE;DEMIR;HASPOLATLI;TATAN;ALBAYRAK;KILICASLAN;CIHAN
Konyaspor vs. Trabzonspor - Saturday October 4 - 2008,Trabzonspor,easy,4-2-3-1,ZENGIN;KORKMAZ;SONG;CALE;BALCI;CIMSIR;INAN;COLMAN;PROMISE;BULUT;UNAL
Ankaragucu vs. Genclerbirligi - Sunday October 5 - 2008,Ankaragucu,hard,4-2-3-1,KIRINTILI;CHAABANI;SUME;OZSARAC;OZKAYNAK;CAN;BARUT;ERDOGAN;DURUER;EMRECIKSIN;YILMAZ
Ankaragucu vs. Genclerbirligi - Sunday October 5 - 2008,Genclerbirligi,hard,4-4-2,PERIC;EL SAKA;OZBEY;TRAORE;TEBER;ASLANTAS;NAS;BAYTAR;ESER;KAHE;PEKTEMEK
Bursaspor vs. Galatasaray - Sunday October 5 - 2008,Bursaspor,hard,4-5-1,IVANKOV;ERDOGAN;OZTURK;KECELI;SARP;ACAR;HAS;ROMASHCHENKO;SIMSEK;YILDIRIM;ADRIANO MAGRAO
Bursaspor vs. Galatasaray - Sunday October 5 - 2008,Galatasaray,easy,4-4-2,DE SANCTIS;CETIN;MEIRA;BALTA;YAMAN;SARIOGLU;AKMAN;LINCOLN;TURAN;NONDA;BAROS
Denizlispor vs. Buyuksehir Belediyespor - Sunday October 5 - 2008,Buyuksehir Belediyespor,hard,4-5-1,TUNC;MARQUINHOS;EKSIOGLU;KUS;TJIKUZU;TEKDEMIR;GULPINAR;INANC;KORKMAZ;AKIN;ADRIANO
Denizlispor vs. Buyuksehir Belediyespor - Sunday October 5 - 2008,Denizlispor,hard,4-4-2,GONEN;AKYILDIZ;BIRINCI;KRATOCHVIL;CARLOS ALBERTO;SUNGUR;ABRAHAM;DANIEL BRAGA;KURTULUS;ROBERTS;AKGUL
Eskisehirspor vs. Kocaelispor - Sunday October 5 - 2008,Eskisehirspor,hard,4-4-2,IVESA;COSKUN;NADAREVIC;VUCKO;ERTUGRUL;KAYA;POLJAK;OZBAYRAKTAR;OZDEMIR;LOVREK;YOULA
Eskisehirspor vs. Kocaelispor - Sunday October 5 - 2008,Kocaelispor,hard,4-4-2,KULBILGE;SEYHAN;TUTORIC;JULIO CESAR;BEKIROGLU;OZGUR;FRANSERGIO;BOLUKBASI;TOPRAKTEPE;GULLERI;JESTROVIC
Fenerbahce vs. Kayserispor - Sunday October 5 - 2008,Fenerbahce,easy,4-2-3-1,DEMIREL;EDU DRACENA;TURACI;ROBERTO CARLOS;GONUL;MALDONADO;SAHIN;BELOZOGLU;BORAL;GUIZA;KAZIM-RICHARDS
Fenerbahce vs. Kayserispor - Sunday October 5 - 2008,Kayserispor,hard,4-5-1,HAMIDOU;GUNGOR;TURAN;OZER;BAYRAM;SAIDOU;BASDAG;TOPUZ;BOYRAZ;AGHAHOWA;BAHADIR
Besiktas vs. Hacettepe Spor - Monday October 6 - 2008,Besiktas,easy,4-4-2,ARIKAN;SIVOK;ZAPOTOCNY;SERIC;KURTULUS;CISSE;DELGADO;OZKAN;KARABULUT;KARADENIZ;NOBRE
Besiktas vs. Hacettepe Spor - Monday October 6 - 2008,Hacettepe Spor,hard,4-5-1,BILER;KALKAN;MEGAHED;TELI;ARSLAN;TOZO;COSKUN;BEKMEZCI;LIKA;SAHIN;ZOKO
Bursaspor vs. Eskisehirspor - Saturday October 18 - 2008,Bursaspor,hard,4-4-2,IVANKOV;ERDOGAN;OZTURK;KECELI;SARP;ACAR;FABRICIO;HAS;SIMSEK;YILDIRIM;ADRIANO MAGRAO
Bursaspor vs. Eskisehirspor - Saturday October 18 - 2008,Eskisehirspor,hard,4-4-2,IVESA;COSKUN;VUCKO;ERTUGRUL;KOCABEY;POLJAK;OZBAYRAKTAR;OZDEMIR;YOULA;ANDERSON;TURKMEN
Buyuksehir Belediyespor vs. Antalyaspor - Saturday October 18 - 2008,Antalyaspor,hard,4-4-2,CATKIC;AYHAN;ISIK;YILDIZ;CAN;CETIN;ARSLAN;AGCAY;NGWENYA;ZITOUNI;DJIEHOUA
Buyuksehir Belediyespor vs. Antalyaspor - Saturday October 18 - 2008,Buyuksehir Belediyespor,hard,4-2-3-1,ZULALOGLU;MARQUINHOS;EKSIOGLU;TJIKUZU;ZENGIN;SAHIN;INANC;TEKDEMIR;KILIC;AKIN;KABA
Hacettepe Spor vs. Denizlispor - Saturday October 18 - 2008,Denizlispor,hard,4-5-1,GONEN;AKYILDIZ;KRATOCHVIL;BIRINCI;CARLOS ALBERTO;SUNGUR;ABRAHAM;DANIEL BRAGA;KURTULUS;ROBERTS;AKGUL
Hacettepe Spor vs. Denizlispor - Saturday October 18 - 2008,Hacettepe Spor,hard,4-4-2,BILER;KALKAN;MEGAHED;TELI;ARSLAN;COSKUN;BEKMEZCI;LIKA;MENDONCA;ZOKO;SAHIN
Kocaelispor vs. Fenerbahce - Saturday October 18 - 2008,Fenerbahce,easy,4-4-2,DEMIREL;LUGANO;EDU DRACENA;TURACI;ROBERTO CARLOS;SAHIN;BORAL;ALEX;GUIZA;SENTURK;KAZIM-RICHARDS
Kocaelispor vs. Fenerbahce - Saturday October 18 - 2008,Kocaelispor,hard,4-2-3-1,KULBILGE;SEYHAN;TUTORIC;BEKIROGLU;BUYUK;OZGUR;BOLUKBASI;ASLAN;TOPRAKTEPE;AKIN;GULLERI
Galatasaray vs. Trabzonspor - Sunday October 19 - 2008,Galatasaray,easy,4-2-3-1,DE SANCTIS;ASIK;CETIN;MEIRA;BALTA;SARIOGLU;AKMAN;LINCOLN;TURAN;KEWELL;BAROS
Galatasaray vs. Trabzonspor - Sunday October 19 - 2008,Trabzonspor,easy,4-2-3-1,ZENGIN;CORA;KORKMAZ;SONG;CALE;BALCI;CIMSIR;INAN;PROMISE;BULUT;UNAL
Gaziantepspor vs. Konyaspor - Sunday October 19 - 2008,Gaziantepspor,hard,4-2-3-1,SAHIN;DEUMI;IRTEGUN;POLAT;EREN;ZURITA;CEYLAN;OZGUR;TABATA;YOZGATLI;BETO
Gaziantepspor vs. Konyaspor - Sunday October 19 - 2008,Konyaspor,hard,4-4-2,JEFFERSON;GULDUREN;GUNDOSTU;KAUE;HASPOLATLI;TATAN;ER;ALBAYRAK;KILICASLAN;TEHOUE;CIHAN
Genclerbirligi vs. Besiktas - Sunday October 19 - 2008,Besiktas,easy,4-4-2,RECBER;SIVOK;TORAMAN;ZAPOTOCNY;UZULMEZ;KURTULUS;CISSE;DELGADO;TELLO;HOLOSKO;NOBRE
Genclerbirligi vs. Besiktas - Sunday October 19 - 2008,Genclerbirligi,hard,4-2-3-1,PERIC;OZBEY;TRAORE;TEBER;ASLANTAS;AVCI;NAS;BAYTAR;ESER;KAHE;PEKTEMEK
Kayserispor vs. Ankaraspor - Sunday October 19 - 2008,Ankaraspor,hard,4-2-3-1,SENECKY;BAHTIYAROGLU;MERCIMEK;YOLDAS;GUVEN;GUCER;WEEKS;NECA;HURMACI;TOSUN;CAKIR
Kayserispor vs. Ankaraspor - Sunday October 19 - 2008,Kayserispor,hard,4-4-2,HAMIDOU;GUNGOR;TURAN;TOLEDO;BAYRAM;SAIDOU;BASDAG;TOPUZ;BOYRAZ;AGHAHOWA;BAHADIR
Sivasspor vs. Ankaragucu - Sunday October 19 - 2008,Ankaragucu,hard,4-4-2,KIRINTILI;CHAABANI;SUME;OZSARAC;OZKAYNAK;CAN;KARADUMAN;ERDOGAN;EMRECIKSIN;AKAN;YILMAZ
Sivasspor vs. Ankaragucu - Sunday October 19 - 2008,Sivasspor,hard,4-4-2,PETKOVIC;BAYRAK;FABIO BILICA;YERLIKAYA;DERELI;DAGASAN;BADUR;AYDIN;TUM;BALILI;YILDIZ
Besiktas vs. Sivasspor - Friday October 24 - 2008,Besiktas,easy,4-4-2,RECBER;SIVOK;TORAMAN;ZAPOTOCNY;UZULMEZ;KURTULUS;CISSE;DELGADO;TELLO;NOBRE;BOBO
Besiktas vs. Sivasspor - Friday October 24 - 2008,Sivasspor,hard,4-4-2,VARDAR;FABIO BILICA;DIALLO;YERLIKAYA;DERELI;DAGASAN;SYLLA;BADUR;AYDIN;TUM;YILDIZ
Ankaraspor vs. Kocaelispor - Saturday October 25 - 2008,Ankaraspor,hard,4-2-3-1,SENECKY;BAHTIYAROGLU;YOLDAS;DEMIRKOL;GUVEN;GUCER;NECA;WEEKS;HURMACI;DE NIGRIS;CAKIR
Ankaraspor vs. Kocaelispor - Saturday October 25 - 2008,Kocaelispor,hard,4-2-3-1,KOPUZ;SEYHAN;TUTORIC;BEKIROGLU;BUYUK;ASLAN;BOLUKBASI;OZGUR;TOPRAKTEPE;AKIN;GULLERI
Denizlispor vs. Genclerbirligi - Saturday October 25 - 2008,Denizlispor,hard,4-4-2,GONEN;AKYILDIZ;BIRINCI;KRATOCHVIL;SUNGUR;ABRAHAM;KURTULUS;YILMAZER;ROBERTS;KINALI;AKGUL
Denizlispor vs. Genclerbirligi - Saturday October 25 - 2008,Genclerbirligi,hard,4-2-3-1,PERIC;BALAK;OZBEY;TRAORE;ASLANTAS;NAS;TROISI;BAYTAR;ESER;DJITE;PEKTEMEK
Fenerbahce vs. Bursaspor - Saturday October 25 - 2008,Bursaspor,hard,4-2-3-1,IVANKOV;AZIZ;ERDOGAN;KECELI;SARP;HAS;ACAR;ROMASHCHENKO;SIMSEK;YILDIRIM;GULEC
Fenerbahce vs. Bursaspor - Saturday October 25 - 2008,Fenerbahce,easy,4-4-2,DEMIREL;LUGANO;EDU DRACENA;ROBERTO CARLOS;GONUL;JOSICO;SAHIN;BORAL;ALEX;SENTURK;GUIZA
Ankaragucu vs. Kayserispor - Sunday October 26 - 2008,Ankaragucu,hard,4-4-2,KIRINTILI;DOGANTEZ;SUME;OZSARAC;CAN;ERDOGAN;DURUER;EMRECIKSIN;JABA;IGLESIAS;YILMAZ
Ankaragucu vs. Kayserispor - Sunday October 26 - 2008,Kayserispor,hard,4-4-2,HAMIDOU;GUNGOR;TOSCALI;TURAN;TOLEDO;BASDAG;DURAK;TOPUZ;BOYRAZ;CANGELE;BAHADIR
Antalyaspor vs. Hacettepe Spor - Sunday October 26 - 2008,Antalyaspor,hard,4-2-3-1,CATKIC;AYHAN;ISIK;YILDIZ;CAN;CETIN;AGCAY;ARSLAN;OZTURK;ZITOUNI;DJIEHOUA
Antalyaspor vs. Hacettepe Spor - Sunday October 26 - 2008,Hacettepe Spor,hard,4-4-2,BILER;KALKAN;MEGAHED;TELI;SAM;BEKMEZCI;TOZO;LIKA;MENDONCA;ZOKO;SAHIN
Eskisehirspor vs. Galatasaray - Sunday October 26 - 2008,Eskisehirspor,hard,4-4-2,IVESA;COSKUN;VUCKO;ONUR;ERTUGRUL;POLJAK;KOCABEY;OZBAYRAKTAR;YOULA;ANDERSON;TURKMEN
Eskisehirspor vs. Galatasaray - Sunday October 26 - 2008,Galatasaray,easy,4-4-2,DE SANCTIS;ASIK;CETIN;MEIRA;BALTA;SARIOGLU;AKMAN;TURAN;KEWELL;NONDA;BAROS
Konyaspor vs. Buyuksehir Belediyespor - Sunday October 26 - 2008,Buyuksehir Belediyespor,hard,4-2-3-1,ZULALOGLU;MARQUINHOS;SUZEN;TJIKUZU;ZENGIN;SAHIN;INANC;TEKDEMIR;KILIC;AKIN;KABA
Konyaspor vs. Buyuksehir Belediyespor - Sunday October 26 - 2008,Konyaspor,hard,4-5-1,JEFFERSON;COGUM;GULDUREN;GUNDOSTU;KAUE;HASPOLATLI;TATAN;ER;ALBAYRAK;KILICASLAN;CIHAN
Trabzonspor vs. Gaziantepspor - Sunday October 26 - 2008,Gaziantepspor,hard,4-2-3-1,SAHIN;DEUMI;POLAT;SEKMAN;CEYLAN;ZURITA;KOYBASI;OZGUR;TABATA;YOZGATLI;BETO
Trabzonspor vs. Gaziantepspor - Sunday October 26 - 2008,Trabzonspor,easy,4-2-3-1,SYLVA;KORKMAZ;SONG;CALE;BALCI;CIMSIR;INAN;COLMAN;YATTARA;UNAL;BULUT
Buyuksehir Belediyespor vs. Trabzonspor - Saturday November 1 - 2008,Buyuksehir Belediyespor,hard,4-5-1,ZULALOGLU;MARCUS VINICIUS;SUZEN;TJIKUZU;SAHIN;INANC;GULPINAR;TEKDEMIR;KILIC;AKIN;KABA
Buyuksehir Belediyespor vs. Trabzonspor - Saturday November 1 - 2008,Trabzonspor,easy,4-3-3,SYLVA;CORA;KACAR;KORKMAZ;SONG;BALCI;COLMAN;INAN;PROMISE;UNAL;BULUT
Eskisehirspor vs. Fenerbahce - Saturday November 1 - 2008,Eskisehirspor,hard,4-4-2,IVESA;COSKUN;VUCKO;ONUR;ERTUGRUL;POLJAK;KOCABEY;OZBAYRAKTAR;ANDERSON;YOULA;TURKMEN
Eskisehirspor vs. Fenerbahce - Saturday November 1 - 2008,Fenerbahce,easy,4-2-3-1,DEMIREL;LUGANO;EDU DRACENA;ROBERTO CARLOS;GONUL;SAHIN;MALDONADO;BORAL;ALEX;GUIZA;SENTURK
Hacettepe Spor vs. Konyaspor - Saturday November 1 - 2008,Hacettepe Spor,hard,4-5-1,GULER;KALKAN;TELI;MEGAHED;SAM;BEKMEZCI;TOZO;ATAK;LIKA;MENDONCA;SAHIN
Hacettepe Spor vs. Konyaspor - Saturday November 1 - 2008,Konyaspor,hard,4-5-1,JEFFERSON;AKYUZ;GULDUREN;KAUE;HASPOLATLI;TATAN;EGEDIK;ER;ALBAYRAK;KILICASLAN;CIHAN
Bursaspor vs. Ankaraspor - Sunday November 2 - 2008,Ankaraspor,hard,4-2-3-1,SENECKY;BAHTIYAROGLU;YOLDAS;DEMIRKOL;GUVEN;KOCAK;KISA;WEEKS;HURMACI;DE NIGRIS;CAKIR
Bursaspor vs. Ankaraspor - Sunday November 2 - 2008,Bursaspor,hard,4-4-2,ERAYDIN;AZIZ;ERDOGAN;OZTURK;KECELI;SARP;ACAR;ROMASHCHENKO;SIMSEK;YILDIRIM;ZUNIGA
Galatasaray vs. Gaziantepspor - Sunday November 2 - 2008,Galatasaray,easy,4-2-3-1,DE SANCTIS;ASIK;CETIN;MEIRA;BALTA;SARIOGLU;AKMAN;LINCOLN;TURAN;KEWELL;BAROS
Galatasaray vs. Gaziantepspor - Sunday November 2 - 2008,Gaziantepspor,hard,4-2-3-1,ACAR;DEUMI;IRTEGUN;IVAN;SEKMAN;BAYRAKTAR;ZURITA;TABATA;OZGUR;YOZGATLI;EDU
Genclerbirligi vs. Antalyaspor - Sunday November 2 - 2008,Antalyaspor,hard,4-2-3-1,CATKIC;AK;AYHAN;CAN;CETIN;KAVUK;ARSLAN;OZTURK;ZITOUNI;OZKAN;DJIEHOUA
Genclerbirligi vs. Antalyaspor - Sunday November 2 - 2008,Genclerbirligi,hard,4-2-3-1,OZTURK;BALAK;EL SAKA;TRAORE;ASLANTAS;SERAS;NAS;TROISI;ESER;DJITE;PEKTEMEK
Kayserispor vs. Besiktas - Sunday November 2 - 2008,Besiktas,easy,4-4-2,RECBER;SIVOK;TORAMAN;ZAPOTOCNY;UZULMEZ;KURTULUS;CISSE;DELGADO;TELLO;HOLOSKO;NOBRE
Kayserispor vs. Besiktas - Sunday November 2 - 2008,Kayserispor,hard,4-4-2,HAMIDOU;GUNGOR;TOSCALI;TURAN;TOLEDO;BASDAG;SAIDOU;TOPUZ;BOYRAZ;AGHAHOWA;BAHADIR
Kocaelispor vs. Ankaragucu - Sunday November 2 - 2008,Ankaragucu,hard,4-2-3-1,KIRINTILI;CHAABANI;SUME;LUIZ HENRIQUE;CAN;BARUT;ERDOGAN;DURUER;LEANDRO CHAVES;EMRECIKSIN;JABA
Kocaelispor vs. Ankaragucu - Sunday November 2 - 2008,Kocaelispor,hard,4-3-3,KULBILGE;CAM;SEYHAN;JULIO CESAR;BEKIROGLU;BUYUK;OZGUR;BOLUKBASI;AKIN;HACIOGLU;GULLERI
Sivasspor vs. Denizlispor - Sunday November 2 - 2008,Denizlispor,hard,4-2-3-1,GONEN;IRINEU;KRATOCHVIL;CELEP;CARLOS ALBERTO;SUNGUR;DANIEL BRAGA;OLGUN;KURTULUS;MEMISLER;AKGUL
Sivasspor vs. Denizlispor - Sunday November 2 - 2008,Sivasspor,hard,4-4-2,VARDAR;BAYRAK;FABIO BILICA;YERLIKAYA;DERELI;SYLLA;BADUR;AYDIN;TUM;BALILI;YILDIZ
Besiktas vs. Kocaelispor - Friday November 7 - 2008,Besiktas,easy,4-4-2,RECBER;TORAMAN;ZAPOTOCNY;SIVOK;UZULMEZ;DAG;CISSE;DELGADO;TELLO;HOLOSKO;NOBRE
Besiktas vs. Kocaelispor - Friday November 7 - 2008,Kocaelispor,hard,4-2-3-1,KULBILGE;SEYHAN;CAM;BEKIROGLU;BUYUK;OZGUR;ASLAN;MUTLU;TOPRAKTEPE;HACIOGLU;GULLERI
Ankaragucu vs. Bursaspor - Saturday November 8 - 2008,Ankaragucu,hard,4-5-1,KIRINTILI;CHAABANI;SUME;LUIZ HENRIQUE;CAN;BARUT;ERDOGAN;DURUER;LEANDRO CHAVES;EMRECIKSIN;JABA
Ankaragucu vs. Bursaspor - Saturday November 8 - 2008,Bursaspor,hard,4-5-1,IVANKOV;ERDOGAN;OZTURK;KECELI;TUNCER;ACAR;ROMASHCHENKO;SIMSEK;SEN;YILDIRIM;GULEC
Trabzonspor vs. Hacettepe Spor - Saturday November 8 - 2008,Hacettepe Spor,hard,4-2-3-1,GULER;KALKAN;TELI;MEGAHED;SAM;BEKMEZCI;TOZO;ATAK;LIKA;MENDONCA;SAHIN
Trabzonspor vs. Hacettepe Spor - Saturday November 8 - 2008,Trabzonspor,easy,4-2-3-1,SYLVA;KACAR;SONG;CALE;BALCI;CIMSIR;INAN;COLMAN;PROMISE;YATTARA;UNAL
Ankaraspor vs. Eskisehirspor - Sunday November 9 - 2008,Ankaraspor,hard,4-2-3-1,SENECKY;BATAK;YOLDAS;DEMIRKOL;GUVEN;KOCAK;WEEKS;KISA;HURMACI;DE NIGRIS;CAKIR
Ankaraspor vs. Eskisehirspor - Sunday November 9 - 2008,Eskisehirspor,hard,4-4-2,OREN;BOZACI;COSKUN;VUCKO;ONUR;TORAMAN;POLJAK;KOCABEY;LOVREK;ANDERSON;TURKMEN
Antalyaspor vs. Sivasspor - Sunday November 9 - 2008,Antalyaspor,hard,4-4-2,CATKIC;AK;ISIK;CAN;KAVUK;CETIN;ARSLAN;OZTURK;ZITOUNI;DJIEHOUA;OZKAN
Antalyaspor vs. Sivasspor - Sunday November 9 - 2008,Sivasspor,hard,4-4-2,PETKOVIC;BAYRAK;FABIO BILICA;YERLIKAYA;DERELI;DAGASAN;SYLLA;BADUR;AYDIN;TUM;YILDIZ
Denizlispor vs. Kayserispor - Sunday November 9 - 2008,Denizlispor,hard,4-4-2,GONEN;BIRINCI;KRATOCHVIL;CARLOS ALBERTO;OLGUN;ABRAHAM;DANIEL BRAGA;ROBERTS;LIETAVA;KINALI;AKGUL
Denizlispor vs. Kayserispor - Sunday November 9 - 2008,Kayserispor,hard,4-4-2,HAMIDOU;GUNGOR;TOSCALI;TOLEDO;BAYRAM;BASDAG;SAIDOU;TOPUZ;BOYRAZ;AGHAHOWA;BAHADIR
Fenerbahce vs. Galatasaray - Sunday November 9 - 2008,Fenerbahce,easy,4-4-2,DEMIREL;LUGANO;EDU DRACENA;ROBERTO CARLOS;GONUL;SAHIN;JOSICO;BORAL;GUIZA;SENTURK;DEIVID
Fenerbahce vs. Galatasaray - Sunday November 9 - 2008,Galatasaray,easy,4-2-3-1,DE SANCTIS;ASIK;CETIN;MEIRA;BALTA;SARIOGLU;AKMAN;LINCOLN;TURAN;BAROS;KARAN
Gaziantepspor vs. Buyuksehir Belediyespor - Sunday November 9 - 2008,Buyuksehir Belediyespor,hard,4-2-3-1,ZULALOGLU;MARCUS VINICIUS;EKSIOGLU;KUS;TJIKUZU;ZENGIN;TEKDEMIR;GULPINAR;INANC;AKIN;BEBBE
Gaziantepspor vs. Buyuksehir Belediyespor - Sunday November 9 - 2008,Gaziantepspor,hard,4-2-3-1,ACAR;DEUMI;IRTEGUN;IVAN;SEKMAN;CEYLAN;ZURITA;OZGUR;TABATA;YOZGATLI;EDU
Konyaspor vs. Genclerbirligi - Sunday November 9 - 2008,Genclerbirligi,hard,4-4-2,OZTURK;BALAK;EL SAKA;TRAORE;ASLANTAS;SERAS;AVCI;TROISI;BAYTAR;DJITE;KAHE
Konyaspor vs. Genclerbirligi - Sunday November 9 - 2008,Konyaspor,hard,4-4-2,JEFFERSON;AKYUZ;GULDUREN;KOCAK;HASPOLATLI;TATAN;ER;ALBAYRAK;KILICASLAN;CIHAN;TEHOUE
Genclerbirligi vs. Trabzonspor - Friday November 14 - 2008,Genclerbirligi,hard,4-2-3-1,OZTURK;BALAK;EL SAKA;TRAORE;ADDO;ASLANTAS;NAS;TROISI;BAYTAR;ESER;KAHE
Genclerbirligi vs. Trabzonspor - Friday November 14 - 2008,Trabzonspor,easy,4-2-3-1,SYLVA;CORA;KORKMAZ;SONG;CALE;CIMSIR;GULSELAM;COLMAN;YATTARA;UNAL;BULUT
Fenerbahce vs. Ankaraspor - Saturday November 15 - 2008,Ankaraspor,hard,4-2-3-1,SENECKY;BATAK;YOLDAS;DEMIRKOL;GUVEN;GUCER;KOCAK;HURMACI;WEEKS;TOSUN;CAKIR
Fenerbahce vs. Ankaraspor - Saturday November 15 - 2008,Fenerbahce,easy,4-4-2,DEMIREL;LUGANO;EDU DRACENA;ROBERTO CARLOS;GONUL;JOSICO;SAHIN;BORAL;GUIZA;SENTURK;DEIVID
Kocaelispor vs. Denizlispor - Saturday November 15 - 2008,Denizlispor,hard,4-4-2,GONEN;BIRINCI;KRATOCHVIL;CARLOS ALBERTO;OLGUN;ABRAHAM;DANIEL BRAGA;ROBERTS;LIETAVA;KINALI;AKGUL
Kocaelispor vs. Denizlispor - Saturday November 15 - 2008,Kocaelispor,hard,4-4-2,KULBILGE;SEYHAN;YANIK;OZDIN;BEKIROGLU;BUYUK;OZGUR;ASLAN;HACIOGLU;GULLERI;DURSUN
Bursaspor vs. Besiktas - Sunday November 16 - 2008,Besiktas,easy,4-4-2,RECBER;TORAMAN;ZAN;ZAPOTOCNY;UZULMEZ;TANDOGAN;DAG;DELGADO;TELLO;HOLOSKO;NOBRE
Bursaspor vs. Besiktas - Sunday November 16 - 2008,Bursaspor,hard,4-2-3-1,IVANKOV;ERDOGAN;OZTURK;KECELI;SARP;FABRICIO;HAS;ROMASHCHENKO;SIMSEK;YILDIRIM;GULEC
Eskisehirspor vs. Ankaragucu - Sunday November 16 - 2008,Ankaragucu,hard,4-4-2,KIRINTILI;CHAABANI;SUME;LUIZ HENRIQUE;OZKAYNAK;CAN;DURUER;ERDOGAN;EMRECIKSIN;YILMAZ;JABA
Eskisehirspor vs. Ankaragucu - Sunday November 16 - 2008,Eskisehirspor,hard,4-4-2,IVESA;COSKUN;VUCKO;ONUR;ERTUGRUL;POLJAK;KOCABEY;OZBAYRAKTAR;ANDERSON;YOULA;TURKMEN
Galatasaray vs. Buyuksehir Belediyespor - Sunday November 16 - 2008,Buyuksehir Belediyespor,hard,4-2-3-1,ZULALOGLU;MARCUS VINICIUS;EKSIOGLU;KUS;TJIKUZU;TEKDEMIR;GULPINAR;INANC;BURUK;KILIC;BEBBE
Galatasaray vs. Buyuksehir Belediyespor - Sunday November 16 - 2008,Galatasaray,easy,4-2-3-1,DE SANCTIS;ASIK;CETIN;MEIRA;BALTA;SARIOGLU;AKMAN;LINCOLN;TURAN;KEWELL;BAROS
Hacettepe Spor vs. Gaziantepspor - Sunday November 16 - 2008,Gaziantepspor,hard,4-2-3-1,ACAR;DEUMI;IRTEGUN;IVAN;EREN;ZURITA;CEYLAN;OZGUR;TABATA;YOZGATLI;EDU
Hacettepe Spor vs. Gaziantepspor - Sunday November 16 - 2008,Hacettepe Spor,hard,4-4-2,GULER;KALKAN;MEGAHED;TELI;ARSLAN;SAM;BEKMEZCI;TOZO;LIKA;MENDONCA;SAHIN
Kayserispor vs. Antalyaspor - Sunday November 16 - 2008,Antalyaspor,hard,4-4-2,CATKIC;AK;ISIK;CAN;KAVUK;CETIN;OZMERT;OZTURK;NGWENYA;ZITOUNI;OZKAN
Kayserispor vs. Antalyaspor - Sunday November 16 - 2008,Kayserispor,hard,4-4-2,HAMIDOU;GUNGOR;TURAN;TOLEDO;SAIDOU;BASDAG;TOPUZ;OLEMBE;BOYRAZ;AGHAHOWA;BAHADIR
Sivasspor vs. Konyaspor - Sunday November 16 - 2008,Konyaspor,hard,4-4-2,JEFFERSON;AKYUZ;GULDUREN;KOCAK;HASPOLATLI;EGEDIK;TATAN;ER;ALBAYRAK;KILICASLAN;TEHOUE
Sivasspor vs. Konyaspor - Sunday November 16 - 2008,Sivasspor,hard,4-4-2,PETKOVIC;BAYRAK;FABIO BILICA;YERLIKAYA;DERELI;SYLLA;BADUR;AYDIN;TUM;BALILI;YILDIZ
Ankaragucu vs. Fenerbahce - Saturday November 22 - 2008,Ankaragucu,hard,4-4-2,KIRINTILI;DOGANTEZ;SUME;LUIZ HENRIQUE;OZKAYNAK;CAN;EGE;ERDOGAN;EMRECIKSIN;YILMAZ;JABA
Ankaragucu vs. Fenerbahce - Saturday November 22 - 2008,Fenerbahce,easy,4-2-3-1,DEMIREL;LUGANO;EDU DRACENA;WEDERSON;GONUL;JOSICO;SAHIN;BELOZOGLU;ALEX;DEIVID;GUIZA
Ankaraspor vs. Galatasaray - Saturday November 22 - 2008,Ankaraspor,hard,4-5-1,SENECKY;BAHTIYAROGLU;BATAK;YOLDAS;DEMIRKOL;GUVEN;KOCAK;WEEKS;TOSUN;DE NIGRIS;CAKIR
Ankaraspor vs. Galatasaray - Saturday November 22 - 2008,Galatasaray,easy,5-4-1,DE SANCTIS;ASIK;CETIN;MEIRA;BALTA;YAMAN;SARIOGLU;AKMAN;TURAN;KEWELL;KARAN
Antalyaspor vs. Kocaelispor - Saturday November 22 - 2008,Antalyaspor,hard,4-4-2,CATKIC;AK;ISIK;CAN;KAVUK;CETIN;ARSLAN;OZTURK;NGWENYA;ZITOUNI;STRAKA
Antalyaspor vs. Kocaelispor - Saturday November 22 - 2008,Kocaelispor,hard,4-4-2,KULBILGE;OZDIN;SEYHAN;BEKIROGLU;BUYUK;OZGUR;KEKILLI;AKIN;HACIOGLU;DURSUN;GULLERI
Gaziantepspor vs. Genclerbirligi - Saturday November 22 - 2008,Gaziantepspor,hard,4-2-3-1,SAHIN;DEUMI;IRTEGUN;IVAN;EREN;CEYLAN;ZURITA;OZGUR;TABATA;YOZGATLI;EDU
Gaziantepspor vs. Genclerbirligi - Saturday November 22 - 2008,Genclerbirligi,hard,4-1-4-1,KOSE;BALAK;EL SAKA;TRAORE;ASLANTAS;AVCI;NAS;AYDOGDU;TROISI;BAYTAR;KAHE
Besiktas vs. Eskisehirspor - Sunday November 23 - 2008,Besiktas,easy,4-4-2,RECBER;SIVOK;TORAMAN;ZAPOTOCNY;UZULMEZ;DAG;CISSE;DELGADO;TELLO;HOLOSKO;NOBRE
Besiktas vs. Eskisehirspor - Sunday November 23 - 2008,Eskisehirspor,hard,4-4-2,IVESA;COSKUN;NADAREVIC;VUCKO;ONUR;TORAMAN;KAYA;POLJAK;OZBAYRAKTAR;YOULA;TURKMEN
Buyuksehir Belediyespor vs. Hacettepe Spor - Sunday November 23 - 2008,Buyuksehir Belediyespor,hard,4-4-2,HASAGIC;MARCUS VINICIUS;EKSIOGLU;KUS;TJIKUZU;TEKDEMIR;GULPINAR;KILIC;ISIKAL;ADRIANO;BEBBE
Buyuksehir Belediyespor vs. Hacettepe Spor - Sunday November 23 - 2008,Hacettepe Spor,hard,4-5-1,GULER;KALKAN;TELI;ARSLAN;SAM;TOZO;COSKUN;BEKMEZCI;ATAK;MENDONCA;ZOKO
Denizlispor vs. Bursaspor - Sunday November 23 - 2008,Bursaspor,hard,4-5-1,IVANKOV;ERDOGAN;OZTURK;TUNCER;SARP;ACAR;FABRICIO;HAS;ROMASHCHENKO;SIMSEK;YILDIRIM
Denizlispor vs. Bursaspor - Sunday November 23 - 2008,Denizlispor,hard,4-4-2,GONEN;AKYILDIZ;BIRINCI;KRATOCHVIL;DANIEL BRAGA;ABRAHAM;OLGUN;KURTULUS;KINALI;LIETAVA;ROBERTS
Konyaspor vs. Kayserispor - Sunday November 23 - 2008,Kayserispor,hard,4-5-1,HAMIDOU;GUNGOR;TOSCALI;TURAN;TOLEDO;OZER;BASDAG;SAIDOU;TOPUZ;BOYRAZ;CANGELE
Konyaspor vs. Kayserispor - Sunday November 23 - 2008,Konyaspor,hard,4-4-2,JEFFERSON;AKYUZ;GULDUREN;KAUE;KOCAK;HASPOLATLI;TATAN;DEMIR;ALBAYRAK;KILICASLAN;TEHOUE
Trabzonspor vs. Sivasspor - Sunday November 23 - 2008,Sivasspor,hard,4-4-2,PETKOVIC;BAYRAK;FABIO BILICA;YERLIKAYA;DERELI;DAGASAN;BADUR;AYDIN;YILDIZ;BALILI;TUM
Trabzonspor vs. Sivasspor - Sunday November 23 - 2008,Trabzonspor,easy,4-3-3,SYLVA;KORKMAZ;SONG;CALE;BALCI;CIMSIR;INAN;COLMAN;YATTARA;UNAL;BULUT
Kayserispor vs. Trabzonspor - Friday November 28 - 2008,Kayserispor,hard,4-5-1,HAMIDOU;GUNGOR;TOSCALI;TURAN;TOLEDO;BASDAG;SAIDOU;TOPUZ;OLEMBE;BOYRAZ;CANGELE
Kayserispor vs. Trabzonspor - Friday November 28 - 2008,Trabzonspor,easy,4-3-3,SYLVA;KORKMAZ;SONG;CALE;BALCI;CIMSIR;COLMAN;INAN;YATTARA;UNAL;BULUT
Ankaraspor vs. Ankaragucu - Saturday November 29 - 2008,Ankaragucu,hard,4-4-2,KIRINTILI;DOGANTEZ;SUME;LUIZ HENRIQUE;OZKAYNAK;CAN;EGE;ERDOGAN;EMRECIKSIN;YILMAZ;JABA
Ankaraspor vs. Ankaragucu - Saturday November 29 - 2008,Ankaraspor,hard,4-5-1,SENECKY;BAHTIYAROGLU;YOLDAS;DEMIRKOL;GUVEN;KOCAK;WEEKS;NECA;HURMACI;TOSUN;KONATE
Eskisehirspor vs. Denizlispor - Saturday November 29 - 2008,Denizlispor,hard,4-4-2,GONEN;BIRINCI;KRATOCHVIL;CELEP;SUNGUR;ABRAHAM;DANIEL BRAGA;YIGEN;ROBERTS;LIETAVA;KINALI
Eskisehirspor vs. Denizlispor - Saturday November 29 - 2008,Eskisehirspor,hard,4-4-2,IVESA;COSKUN;NADAREVIC;VUCKO;ERTUGRUL;TORAMAN;KOCABEY;OZBAYRAKTAR;OZDEMIR;YOULA;ANDERSON
Fenerbahce vs. Besiktas - Saturday November 29 - 2008,Besiktas,easy,4-2-3-1,RECBER;SIVOK;TORAMAN;ZAN;ZAPOTOCNY;UZULMEZ;DAG;CISSE;DELGADO;OZKAN;NOBRE
Fenerbahce vs. Besiktas - Saturday November 29 - 2008,Fenerbahce,easy,4-2-3-1,DEMIREL;LUGANO;EDU DRACENA;ROBERTO CARLOS;GONUL;SAHIN;BORAL;ALEX;KAZIM-RICHARDS;DEIVID;GUIZA
Sivasspor vs. Gaziantepspor - Saturday November 29 - 2008,Gaziantepspor,hard,4-5-1,BEZGIN;DEUMI;IRTEGUN;POLAT;IVAN;EREN;ZURITA;CEYLAN;OZGUR;TABATA;BETO
Sivasspor vs. Gaziantepspor - Saturday November 29 - 2008,Sivasspor,hard,4-4-2,PETKOVIC;BAYRAK;FABIO BILICA;YERLIKAYA;DERELI;DAGASAN;SYLLA;MOHAMED ALI;AYDIN;TUM;YILDIZ
Bursaspor vs. Antalyaspor - Sunday November 30 - 2008,Antalyaspor,hard,4-4-2,CATKIC;AK;ISIK;CAN;KAVUK;CETIN;AGCAY;ARSLAN;OZTURK;STRAKA;DJIEHOUA
Bursaspor vs. Antalyaspor - Sunday November 30 - 2008,Bursaspor,hard,4-4-2,IVANKOV;ERDOGAN;OZTURK;KECELI;SARP;ACAR;HAS;ROMASHCHENKO;YILDIRIM;ZUNIGA;GULEC
Galatasaray vs. Hacettepe Spor - Sunday November 30 - 2008,Galatasaray,easy,4-5-1,DE SANCTIS;CETIN;MEIRA;YAMAN;SARIOGLU;OZBEK;AKMAN;LINCOLN;TURAN;KEWELL;BAROS
Galatasaray vs. Hacettepe Spor - Sunday November 30 - 2008,Hacettepe Spor,hard,4-5-1,BILER;KALKAN;TELI;ARSLAN;SAM;COSKUN;TOZO;BEKMEZCI;ATAK;MENDONCA;ZOKO
Genclerbirligi vs. Buyuksehir Belediyespor - Sunday November 30 - 2008,Buyuksehir Belediyespor,hard,4-2-3-1,HASAGIC;MARCUS VINICIUS;EKSIOGLU;KUS;TJIKUZU;ZENGIN;TEKDEMIR;GULPINAR;INANC;KILIC;BEBBE
Genclerbirligi vs. Buyuksehir Belediyespor - Sunday November 30 - 2008,Genclerbirligi,hard,4-4-2,OZTURK;TRAORE;ADDO;TEBER;ASLANTAS;SERAS;NAS;TROISI;ESER;KAHE;DJITE
Kocaelispor vs. Konyaspor - Sunday November 30 - 2008,Kocaelispor,hard,4-4-2,KULBILGE;OZDIN;SEYHAN;BEKIROGLU;BUYUK;ASLAN;KEKILLI;AKIN;HACIOGLU;GULLERI;DURSUN
Kocaelispor vs. Konyaspor - Sunday November 30 - 2008,Konyaspor,hard,4-4-2,JEFFERSON;AKYUZ;GULDUREN;KAUE;TATAN;HASPOLATLI;DEMIR;ALBAYRAK;KILICASLAN;BASODA;CIHAN
Denizlispor vs. Fenerbahce - Friday December 5 - 2008,Denizlispor,hard,4-4-2,GONEN;BIRINCI;KRATOCHVIL;CELEP;SUNGUR;YIGEN;ABRAHAM;OLGUN;KINALI;LIETAVA;ROBERTS
Denizlispor vs. Fenerbahce - Friday December 5 - 2008,Fenerbahce,easy,4-2-3-1,DEMIREL;LUGANO;EDU DRACENA;ROBERTO CARLOS;WEDERSON;GONUL;JOSICO;SAHIN;ALEX;KAZIM-RICHARDS;GUIZA
Antalyaspor vs. Eskisehirspor - Saturday December 6 - 2008,Antalyaspor,hard,4-4-2,CATKIC;AYHAN;ISIK;CAN;KAVUK;CETIN;ARSLAN;OZTURK;ZITOUNI;STRAKA;DJIEHOUA
Antalyaspor vs. Eskisehirspor - Saturday December 6 - 2008,Eskisehirspor,hard,4-4-2,IVESA;NADAREVIC;VUCKO;ARSLAN;TORAMAN;KOCABEY;POLJAK;OZBAYRAKTAR;OZDEMIR;YOULA;ANDERSON
Besiktas vs. Ankaraspor - Saturday December 6 - 2008,Ankaraspor,hard,4-2-3-1,SENECKY;BAHTIYAROGLU;BATAK;DEMIRKOL;GUVEN;GUCER;KOCAK;NECA;KISA;HURMACI;TOSUN
Besiktas vs. Ankaraspor - Saturday December 6 - 2008,Besiktas,easy,4-4-2,RECBER;SIVOK;TORAMAN;ZAPOTOCNY;UZULMEZ;DAG;INCEMAN;DELGADO;TELLO;NOBRE;BOBO
Gaziantepspor vs. Kayserispor - Saturday December 6 - 2008,Gaziantepspor,hard,4-2-3-1,BEZGIN;DEUMI;IRTEGUN;IVAN;SEKMAN;BAYRAKTAR;CEYLAN;KOYBASI;OZGUR;YOZGATLI;BETO
Gaziantepspor vs. Kayserispor - Saturday December 6 - 2008,Kayserispor,hard,4-4-2,HAMIDOU;GUNGOR;TURAN;TOLEDO;BASDAG;SAIDOU;TOPUZ;OLEMBE;BOYRAZ;CANGELE;AGHAHOWA
Hacettepe Spor vs. Genclerbirligi - Saturday December 6 - 2008,Genclerbirligi,hard,4-4-2,OZTURK;TRAORE;ADDO;TEBER;ASLANTAS;SERAS;NAS;BAYTAR;ESER;KAHE;DJITE
Hacettepe Spor vs. Genclerbirligi - Saturday December 6 - 2008,Hacettepe Spor,hard,4-2-3-1,BILER;KALKAN;TELI;ARSLAN;SAM;COSKUN;BEKMEZCI;ATAK;LIKA;SUKAJ;ZOKO
Ankaragucu vs. Galatasaray - Sunday December 7 - 2008,Ankaragucu,hard,4-4-2,KIRINTILI;DOGANTEZ;LUIZ HENRIQUE;SUME;OZKAYNAK;CAN;EGE;ERDOGAN;EMRECIKSIN;JABA;YILMAZ
Ankaragucu vs. Galatasaray - Sunday December 7 - 2008,Galatasaray,easy,4-2-3-1,DE SANCTIS;CETIN;MEIRA;BALTA;TOPAL;OZBEK;AKMAN;LINCOLN;TURAN;KEWELL;BAROS
Buyuksehir Belediyespor vs. Sivasspor - Sunday December 7 - 2008,Buyuksehir Belediyespor,hard,4-2-3-1,HASAGIC;MARCUS VINICIUS;MARQUINHOS;EKSIOGLU;SUZEN;KUS;TEKDEMIR;GULPINAR;KILIC;KAHRAMAN;BEBBE
Buyuksehir Belediyespor vs. Sivasspor - Sunday December 7 - 2008,Sivasspor,hard,4-4-2,PETKOVIC;FABIO BILICA;DIALLO;YERLIKAYA;DERELI;SYLLA;BADUR;MOHAMED ALI;AYDIN;TUM;YILDIZ
Konyaspor vs. Bursaspor - Sunday December 7 - 2008,Bursaspor,hard,4-5-1,IVANKOV;ERDOGAN;OZTURK;KECELI;SARP;ACAR;FABRICIO;HAS;ROMASHCHENKO;SEN;ZUNIGA
Konyaspor vs. Bursaspor - Sunday December 7 - 2008,Konyaspor,hard,4-4-2,BAHADIR;COGUM;GULDUREN;GUNDOSTU;KAUE;DEMIR;HASPOLATLI;ALBAYRAK;KILICASLAN;CIHAN;ALTIN
Trabzonspor vs. Kocaelispor - Sunday December 7 - 2008,Kocaelispor,hard,4-4-2,KOPUZ;BAYER;SEYHAN;BEKIROGLU;BOLUKBASI;ASLAN;KEKILLI;CALIK;HACIOGLU;DURSUN;GULLERI
Trabzonspor vs. Kocaelispor - Sunday December 7 - 2008,Trabzonspor,easy,4-3-3,SYLVA;CORA;KACAR;SONG;CALE;BALCI;CIMSIR;INAN;YATTARA;UNAL;BULUT
Genclerbirligi vs. Galatasaray - Friday December 12 - 2008,Galatasaray,easy,4-5-1,DE SANCTIS;CETIN;MEIRA;BALTA;TOPAL;GUVEN;OZBEK;LINCOLN;TURAN;NONDA;BAROS
Genclerbirligi vs. Galatasaray - Friday December 12 - 2008,Genclerbirligi,hard,4-5-1,OZTURK;TRAORE;ADDO;TEBER;ASLANTAS;SERAS;NAS;BAYTAR;ESER;DJITE;KAHE
Besiktas vs. Ankaragucu - Saturday December 13 - 2008,Ankaragucu,hard,4-2-3-1,KIRINTILI;DOGANTEZ;SUME;LUIZ HENRIQUE;OZKAYNAK;CAN;ERDOGAN;EGE;DURUER;EMRECIKSIN;YILMAZ
Besiktas vs. Ankaragucu - Saturday December 13 - 2008,Besiktas,easy,4-4-2,RECBER;TORAMAN;ZAN;ZAPOTOCNY;DAG;TANDOGAN;CISSE;DELGADO;OZKAN;HOLOSKO;NOBRE
Bursaspor vs. Trabzonspor - Saturday December 13 - 2008,Bursaspor,hard,4-3-3,IVANKOV;ERDOGAN;OZTURK;TUNCER;SARP;ACAR;FABRICIO;HAS;ROMASHCHENKO;SEN;GULEC
Bursaspor vs. Trabzonspor - Saturday December 13 - 2008,Trabzonspor,easy,4-3-3,SYLVA;CORA;KACAR;SONG;CALE;BALCI;CIMSIR;INAN;YATTARA;UNAL;BULUT
Kayserispor vs. Buyuksehir Belediyespor - Saturday December 13 - 2008,Buyuksehir Belediyespor,hard,4-5-1,HASAGIC;MARCUS VINICIUS;MARQUINHOS;EKSIOGLU;SUZEN;KUS;GULPINAR;TEKDEMIR;BURUK;AKIN;KABA
Kayserispor vs. Buyuksehir Belediyespor - Saturday December 13 - 2008,Kayserispor,hard,4-4-2,HAMIDOU;GUNGOR;TOSCALI;TOLEDO;OZER;BASDAG;SAIDOU;TOPUZ;BOYRAZ;CANGELE;AGHAHOWA
Sivasspor vs. Hacettepe Spor - Saturday December 13 - 2008,Hacettepe Spor,hard,4-5-1,BILER;BOZKURT;TELI;SAM;TOZO;COSKUN;BEKMEZCI;ATAK;LIKA;MENDONCA;ZOKO
Sivasspor vs. Hacettepe Spor - Saturday December 13 - 2008,Sivasspor,hard,4-4-2,PETKOVIC;BAYRAK;FABIO BILICA;YERLIKAYA;DERELI;SYLLA;MOHAMED ALI;AYDIN;YILDIZ;BALILI;TUM
Ankaraspor vs. Denizlispor - Sunday December 14 - 2008,Ankaraspor,hard,4-4-2,SENECKY;BATAK;YOLDAS;DEMIRKOL;GUVEN;GUCER;KOCAK;KISA;HURMACI;TOSUN;OZDEMIR
Ankaraspor vs. Denizlispor - Sunday December 14 - 2008,Denizlispor,hard,4-5-1,GONEN;BIRINCI;KRATOCHVIL;CARLOS ALBERTO;VURAL;YIGEN;DANIEL BRAGA;ALADAG;ABRAHAM;LIETAVA;ROBERTS
Eskisehirspor vs. Konyaspor - Sunday December 14 - 2008,Eskisehirspor,hard,4-4-2,IVESA;COSKUN;NADAREVIC;ERTUGRUL;KAYA;POLJAK;OZBAYRAKTAR;OZDEMIR;YOULA;LOVREK;TURKMEN
Eskisehirspor vs. Konyaspor - Sunday December 14 - 2008,Konyaspor,hard,4-2-3-1,BAHADIR;AKYUZ;MIHAJLOV;GULDUREN;COGUM;KAUE;KOCAK;HASPOLATLI;ALBAYRAK;KILICASLAN;CIHAN
Fenerbahce vs. Antalyaspor - Sunday December 14 - 2008,Antalyaspor,hard,4-4-2,CATKIC;AYHAN;ISIK;CAN;CETIN;AGCAY;ARSLAN;ARSLAN;ZITOUNI;STRAKA;DJIEHOUA
Fenerbahce vs. Antalyaspor - Sunday December 14 - 2008,Fenerbahce,easy,4-2-3-1,DEMIREL;LUGANO;EDU DRACENA;ROBERTO CARLOS;GONUL;JOSICO;BELOZOGLU;BORAL;ALEX;KAZIM-RICHARDS;GUIZA
Kocaelispor vs. Gaziantepspor - Sunday December 14 - 2008,Gaziantepspor,hard,4-2-3-1,BEZGIN;DEUMI;IRTEGUN;IVAN;SEKMAN;BAYRAKTAR;ZURITA;KOYBASI;OZGUR;TABATA;BETO
Kocaelispor vs. Gaziantepspor - Sunday December 14 - 2008,Kocaelispor,hard,4-4-2,KULBILGE;BAYER;SEYHAN;BEKIROGLU;BUYUK;ASLAN;KEKILLI;AKIN;HACIOGLU;DURSUN;GULLERI
Konyaspor vs. Fenerbahce - Friday December 19 - 2008,Fenerbahce,easy,4-2-3-1,DEMIREL;CAKMAK;TURACI;ROBERTO CARLOS;GONUL;JOSICO;BELOZOGLU;BORAL;ALEX;GUIZA;DEIVID
Konyaspor vs. Fenerbahce - Friday December 19 - 2008,Konyaspor,hard,4-4-2,BAHADIR;AKYUZ;GULDUREN;MIHAJLOV;KAUE;KOCAK;TATAN;DEMIR;KILICASLAN;ALTIN;CIHAN
Buyuksehir Belediyespor vs. Kocaelispor - Saturday December 20 - 2008,Buyuksehir Belediyespor,hard,4-2-3-1,HASAGIC;MARCUS VINICIUS;MARQUINHOS;EKSIOGLU;KUS;INANC;TEKDEMIR;BURUK;KILIC;AKIN;ADRIANO
Buyuksehir Belediyespor vs. Kocaelispor - Saturday December 20 - 2008,Kocaelispor,hard,4-2-3-1,KULBILGE;BAYER;CAM;BEKIROGLU;BUYUK;FRANSERGIO;BOLUKBASI;ASLAN;TOPRAKTEPE;HACIOGLU;GULLERI
Hacettepe Spor vs. Kayserispor - Saturday December 20 - 2008,Hacettepe Spor,hard,4-5-1,BILER;BOZKURT;TELI;SAM;BEKMEZCI;COSKUN;TOZO;ATAK;LIKA;MENDONCA;ZOKO
Hacettepe Spor vs. Kayserispor - Saturday December 20 - 2008,Kayserispor,hard,4-4-2,HAMIDOU;GUNGOR;TOSCALI;TURAN;OZER;SAIDOU;DURAK;TOPUZ;BOYRAZ;CANGELE;AGHAHOWA
Trabzonspor vs. Eskisehirspor - Saturday December 20 - 2008,Eskisehirspor,hard,4-4-2,IVESA;COSKUN;SAGLAM;ARSLAN;TORAMAN;ERTUGRUL;KAYA;OZBAYRAKTAR;ANDERSON;YOULA;TURKMEN
Trabzonspor vs. Eskisehirspor - Saturday December 20 - 2008,Trabzonspor,easy,4-2-3-1,SYLVA;KORKMAZ;SONG;CALE;BALCI;CIMSIR;INAN;COLMAN;YATTARA;BULUT;UNAL
Antalyaspor vs. Ankaraspor - Sunday December 21 - 2008,Ankaraspor,hard,4-2-3-1,SENECKY;BAHTIYAROGLU;YOLDAS;DEMIRKOL;GUVEN;GUCER;HURMACI;KISA;TASDEMIR;WEEKS;TOSUN
Antalyaspor vs. Ankaraspor - Sunday December 21 - 2008,Antalyaspor,hard,4-4-2,CATKIC;AYHAN;ISIK;CAN;KAVUK;ARSLAN;OZTURK;ZITOUNI;STRAKA;DJIEHOUA;OZKAN
Denizlispor vs. Ankaragucu - Sunday December 21 - 2008,Ankaragucu,hard,4-4-2,KIRINTILI;CHAABANI;SUME;LUIZ HENRIQUE;BARUT;ERDOGAN;EGE;DURUER;EMRECIKSIN;JABA;YILMAZ
Denizlispor vs. Ankaragucu - Sunday December 21 - 2008,Denizlispor,hard,4-2-3-1,GONEN;BIRINCI;KRATOCHVIL;CARLOS ALBERTO;CELEP;VURAL;DANIEL BRAGA;ALADAG;OLGUN;AKGUL;ROBERTS
Galatasaray vs. Besiktas - Sunday December 21 - 2008,Besiktas,easy,4-4-2,RECBER;TORAMAN;ZAN;ZAPOTOCNY;SERIC;DAG;CISSE;DELGADO;TELLO;HOLOSKO;NOBRE
Galatasaray vs. Besiktas - Sunday December 21 - 2008,Galatasaray,easy,3-5-2,DE SANCTIS;CETIN;MEIRA;BALTA;TOPAL;OZBEK;AKMAN;LINCOLN;TURAN;BAROS;NONDA
Gaziantepspor vs. Bursaspor - Sunday December 21 - 2008,Bursaspor,hard,4-4-2,IVANKOV;ERDOGAN;OZTURK;KECELI;TUNCER;SARP;HAS;ACAR;ROMASHCHENKO;YILDIRIM;GULEC
Gaziantepspor vs. Bursaspor - Sunday December 21 - 2008,Gaziantepspor,hard,4-2-3-1,BEZGIN;DEUMI;IRTEGUN;IVAN;SEKMAN;BAYRAKTAR;ZURITA;KOYBASI;OZGUR;TABATA;BETO
Genclerbirligi vs. Sivasspor - Sunday December 21 - 2008,Genclerbirligi,hard,4-4-2,OZTURK;ADDO;BALAK;TRAORE;ASLANTAS;SERAS;AYDOGDU;NAS;TROISI;KAHE;DJITE
Genclerbirligi vs. Sivasspor - Sunday December 21 - 2008,Sivasspor,hard,4-4-2,PETKOVIC;BAYRAK;FABIO BILICA;YERLIKAYA;DERELI;SYLLA;BADUR;MOHAMED ALI;AYDIN;TUM;YILDIZ
Ankaraspor vs. Konyaspor - Friday January 23 - 2009,Ankaraspor,hard,4-2-3-1,SENECKY;BAHTIYAROGLU;BATAK;DEMIRKOL;GUVEN;GUCER;KOCAK;KISA;HURMACI;KONATE;CAKIR
Ankaraspor vs. Konyaspor - Friday January 23 - 2009,Konyaspor,hard,4-5-1,BAHADIR;COGUM;GULDUREN;GUNDOSTU;KOCAK;DEMIR;HASPOLATLI;TATAN;KILICASLAN;POLJAC;CIHAN
Ankaragucu vs. Antalyaspor - Saturday January 24 - 2009,Ankaragucu,hard,4-4-2,KIRINTILI;BAYER;BOUZID;LUIZ HENRIQUE;BARUT;UCUNCU;DURUER;ERDOGAN;AKAN;YILMAZ;IGLESIAS
Ankaragucu vs. Antalyaspor - Saturday January 24 - 2009,Antalyaspor,hard,4-4-2,CATKIC;AYHAN;ISIK;CAN;KAVUK;AGCAY;ARSLAN;CEYLAN;TITA;ZITOUNI;DJIEHOUA
Besiktas vs. Denizlispor - Saturday January 24 - 2009,Besiktas,easy,4-4-2,RECBER;SIVOK;TORAMAN;ZAPOTOCNY;UZULMEZ;DAG;SIMSEK;TELLO;OZKAN;HOLOSKO;NOBRE
Besiktas vs. Denizlispor - Saturday January 24 - 2009,Denizlispor,hard,4-2-3-1,GONEN;BIRINCI;IRINEU;KRATOCHVIL;CELEP;SUNGUR;ALADAG;ABRAHAM;CEVIK;YILMAZER;ROBERTS
Eskisehirspor vs. Gaziantepspor - Saturday January 24 - 2009,Eskisehirspor,hard,4-4-2,IVESA;COSKUN;EL SAKA;NADAREVIC;ERTUGRUL;TORAMAN;KOCABEY;OZBAYRAKTAR;OZDEMIR;KARADENIZ;YOULA
Eskisehirspor vs. Gaziantepspor - Saturday January 24 - 2009,Gaziantepspor,hard,4-2-3-1,SAHIN;DEUMI;IRTEGUN;IVAN;SEKMAN;BAYRAKTAR;CEYLAN;KOYBASI;TABATA;OZGUR;BETO
Kayserispor vs. Genclerbirligi - Saturday January 24 - 2009,Genclerbirligi,hard,4-2-3-1,ISAILOVIC;EKER;MOMHA;ASLANTAS;JEDINAK;AVCI;NAS;AYDOGDU;TROISI;ESER;KAHE
Kayserispor vs. Genclerbirligi - Saturday January 24 - 2009,Kayserispor,hard,4-4-2,HAMIDOU;GUNGOR;TURAN;OZER;SAIDOU;DURAK;TOPUZ;KOCIN;BOYRAZ;CANGELE;AGHAHOWA
Sivasspor vs. Galatasaray - Saturday January 24 - 2009,Galatasaray,easy,4-4-2,DE SANCTIS;ASIK;BALTA;YAMAN;SARIOGLU;TOPAL;OZBEK;AKMAN;TURAN;BAROS;KARAN
Sivasspor vs. Galatasaray - Saturday January 24 - 2009,Sivasspor,hard,4-4-2,PETKOVIC;BAYRAK;FABIO BILICA;SOZGELMEZ;DERELI;DAGASAN;TUNCER;MOHAMED ALI;AYDIN;YILDIZ;TUM
Bursaspor vs. Buyuksehir Belediyespor - Sunday January 25 - 2009,Bursaspor,hard,4-4-2,IVANKOV;ERDOGAN;OZTURK;KECELI;TANDOGAN;SARP;HAS;ROMASHCHENKO;SEN;YILDIRIM;GULEC
Bursaspor vs. Buyuksehir Belediyespor - Sunday January 25 - 2009,Buyuksehir Belediyespor,hard,4-4-2,HASAGIC;DEPE;MARCUS VINICIUS;SUZEN;KUS;GULPINAR;TEKDEMIR;KILIC;ALIN;BEBBE;KABA
Fenerbahce vs. Trabzonspor - Sunday January 25 - 2009,Fenerbahce,easy,4-5-1,DEMIREL;LUGANO;EDU DRACENA;ROBERTO CARLOS;GONUL;SAHIN;BELOZOGLU;BORAL;ALEX;DEIVID;GUIZA
Fenerbahce vs. Trabzonspor - Sunday January 25 - 2009,Trabzonspor,easy,4-3-3,SYLVA;KORKMAZ;SONG;CALE;BALCI;CIMSIR;INAN;COLMAN;YATTARA;UNAL;BULUT
Kocaelispor vs. Hacettepe Spor - Sunday January 25 - 2009,Hacettepe Spor,hard,4-5-1,BILER;BOZKURT;KULUSIC;SAHIN;SAM;BEKMEZCI;COSKUN;TOZO;GUNGOR;MENDONCA;TAMBWE
Kocaelispor vs. Hacettepe Spor - Sunday January 25 - 2009,Kocaelispor,hard,4-4-2,KOPUZ;KIRAZ;YANIK;SADYQOV;JULIO CESAR;DASDEMIR;UGUR;ZINKO;AKEEM AGBETU;HACIOGLU;GULLERI
Ankaraspor vs. Trabzonspor - Saturday January 31 - 2009,Ankaraspor,hard,4-2-3-1,SENECKY;BAHTIYAROGLU;BATAK;KAHYA;GUVEN;GUCER;KOCAK;NECA;HURMACI;MEYE;CAKIR
Ankaraspor vs. Trabzonspor - Saturday January 31 - 2009,Trabzonspor,easy,4-3-3,SYLVA;KORKMAZ;SONG;CALE;BALCI;CIMSIR;INAN;COLMAN;YATTARA;BULUT;UNAL
Denizlispor vs. Galatasaray - Saturday January 31 - 2009,Denizlispor,hard,4-4-2,GONEN;AKYILDIZ;BIRINCI;IRINEU;SUNGUR;DANIEL BRAGA;ALADAG;BERBEROVIC;YILMAZER;BANGOURA;ROBERTS
Denizlispor vs. Galatasaray - Saturday January 31 - 2009,Galatasaray,easy,4-4-2,DE SANCTIS;CETIN;MEIRA;BALTA;SARIOGLU;TOPAL;OZBEK;AKMAN;TURAN;BAROS;NONDA
Kayserispor vs. Sivasspor - Saturday January 31 - 2009,Kayserispor,hard,4-4-2,HAMIDOU;CETIN;GUNGOR;OZER;BASDAG;SAIDOU;DURAK;TOPUZ;BOYRAZ;CANGELE;AGHAHOWA
Kayserispor vs. Sivasspor - Saturday January 31 - 2009,Sivasspor,hard,4-4-2,PETKOVIC;BAYRAK;FABIO BILICA;DERELI;DAGASAN;BADUR;BAYAR;MOHAMED ALI;AYDIN;KAMANAN;YILDIZ
Kocaelispor vs. Genclerbirligi - Saturday January 31 - 2009,Genclerbirligi,hard,4-2-3-1,ISAILOVIC;EKER;MOMHA;ASLANTAS;JEDINAK;AVCI;NAS;AYDOGDU;TROISI;ESER;KAHE
Kocaelispor vs. Genclerbirligi - Saturday January 31 - 2009,Kocaelispor,hard,4-5-1,KOPUZ;KIRAZ;SADYQOV;JULIO CESAR;DASDEMIR;ZINKO;UGUR;NSUMBU;AKEEM AGBETU;HACIOGLU;GULLERI
Ankaragucu vs. Konyaspor - Sunday February 1 - 2009,Ankaragucu,hard,4-4-2,KIRINTILI;BAYER;BOUZID;LUIZ HENRIQUE;UCUNCU;OZGUR;ERDOGAN;DURUER;AKAN;DE NIGRIS;YILMAZ
Ankaragucu vs. Konyaspor - Sunday February 1 - 2009,Konyaspor,hard,4-4-2,JEFFERSON;GULDUREN;GUNDOSTU;MIHAJLOV;KOCAK;DEMIR;HASPOLATLI;ALBAYRAK;POLJAC;CIHAN;ALTIN
Besiktas vs. Antalyaspor - Sunday February 1 - 2009,Antalyaspor,hard,4-4-2,CATKIC;AYHAN;NIZAM;CAN;KAVUK;AGCAY;ARSLAN;CEYLAN;TITA;ZITOUNI;DJIEHOUA
Besiktas vs. Antalyaspor - Sunday February 1 - 2009,Besiktas,easy,4-2-3-1,RECBER;SIVOK;TORAMAN;ZAN;KURTULUS;DAG;CISSE;SIMSEK;TELLO;OZKAN;NOBRE
Bursaspor vs. Hacettepe Spor - Sunday February 1 - 2009,Bursaspor,hard,4-4-2,IVANKOV;ERDOGAN;OZTURK;KECELI;TANDOGAN;KIRITA;HAS;ROMASHCHENKO;SEN;YILDIRIM;GULEC
Bursaspor vs. Hacettepe Spor - Sunday February 1 - 2009,Hacettepe Spor,hard,4-5-1,GULER;SEYHAN;YILMAZTAS;SAM;GUNGOR;TOZO;COSKUN;BEKMEZCI;LIKA;MENDONCA;TAMBWE
Eskisehirspor vs. Buyuksehir Belediyespor - Sunday February 1 - 2009,Buyuksehir Belediyespor,hard,4-4-2,ZULALOGLU;MARCUS VINICIUS;MARQUINHOS;EKSIOGLU;KUS;TJIKUZU;TEKDEMIR;KILIC;AKIN;BEBBE;ALIN
Eskisehirspor vs. Buyuksehir Belediyespor - Sunday February 1 - 2009,Eskisehirspor,hard,4-4-2,IVESA;EL SAKA;NADAREVIC;OZKAN;ARSLAN;ERTUGRUL;TORAMAN;KOCABEY;BAYTAR;KARADENIZ;YOULA
Fenerbahce vs. Gaziantepspor - Sunday February 1 - 2009,Fenerbahce,easy,4-2-3-1,DEMIREL;CAKMAK;LUGANO;TURACI;ROBERTO CARLOS;SAHIN;BELOZOGLU;BORAL;ALEX;GUIZA;DEIVID
Fenerbahce vs. Gaziantepspor - Sunday February 1 - 2009,Gaziantepspor,hard,4-2-3-1,SAHIN;DEUMI;IRTEGUN;IVAN;SEKMAN;BAYRAKTAR;CEYLAN;OZBAY;KOYBASI;TABATA;BETO
Trabzonspor vs. Ankaragucu - Friday February 6 - 2009,Ankaragucu,hard,4-2-3-1,KORK;BOUZID;SUME;LUIZ HENRIQUE;OZKAYNAK;UCUNCU;BARUT;OZGUR;DURUER;DE NIGRIS;JABA
Trabzonspor vs. Ankaragucu - Friday February 6 - 2009,Trabzonspor,easy,4-3-3,SYLVA;CORA;KORKMAZ;SONG;CALE;CIMSIR;COLMAN;INAN;YATTARA;UNAL;BULUT
Galatasaray vs. Kayserispor - Saturday February 7 - 2009,Galatasaray,easy,4-4-2,DE SANCTIS;ASIK;CETIN;SARIOGLU;TOPAL;GUVEN;AKMAN;LINCOLN;TURAN;BAROS;NONDA
Galatasaray vs. Kayserispor - Saturday February 7 - 2009,Kayserispor,hard,4-4-2,HAMIDOU;GUNGOR;TURAN;TOLEDO;BASDAG;SAIDOU;DURAK;TOPUZ;BOYRAZ;CANGELE;AGHAHOWA
Hacettepe Spor vs. Eskisehirspor - Saturday February 7 - 2009,Eskisehirspor,hard,4-4-2,IVESA;NADAREVIC;OZKAN;ARSLAN;ERTUGRUL;TORAMAN;KOCABEY;OZBAYRAKTAR;KARADENIZ;YOULA;TURKMEN
Hacettepe Spor vs. Eskisehirspor - Saturday February 7 - 2009,Hacettepe Spor,hard,4-5-1,GULER;KALKAN;SEYHAN;YILMAZTAS;SAM;GUNGOR;COSKUN;TOZO;ATAK;MENDONCA;TAMBWE
Sivasspor vs. Kocaelispor - Saturday February 7 - 2009,Kocaelispor,hard,4-4-2,KOPUZ;KIRAZ;OZDIN;TEBER;JULIO CESAR;UGUR;ZINKO;NSUMBU;MUTLU;AKEEM AGBETU;GULLERI
Sivasspor vs. Kocaelispor - Saturday February 7 - 2009,Sivasspor,hard,4-4-2,PETKOVIC;BAYRAK;FABIO BILICA;DERELI;SYLLA;BADUR;BAYAR;MOHAMED ALI;AYDIN;KAMANAN;BALILI
Antalyaspor vs. Denizlispor - Sunday February 8 - 2009,Antalyaspor,hard,4-4-2,CATKIC;AYHAN;ISIK;CAN;KAVUK;AGCAY;ARSLAN;CEYLAN;TITA;ZITOUNI;DJIEHOUA
Antalyaspor vs. Denizlispor - Sunday February 8 - 2009,Denizlispor,hard,4-4-2,GONEN;BIRINCI;CARLOS ALBERTO;VURAL;BERBEROVIC;DANIEL BRAGA;YIGEN;ASKAROGLU;YILMAZER;ROBERTS;ANGELOV
Buyuksehir Belediyespor vs. Fenerbahce - Sunday February 8 - 2009,Buyuksehir Belediyespor,hard,4-2-3-1,TUNC;MARQUINHOS;SUZEN;TJIKUZU;KUS;GULPINAR;INANC;TEKDEMIR;KILIC;ADRIANO;ALIN
Buyuksehir Belediyespor vs. Fenerbahce - Sunday February 8 - 2009,Fenerbahce,easy,4-2-3-1,DEMIREL;LUGANO;TURACI;BARIS;ROBERTO CARLOS;WEDERSON;GONUL;BELOZOGLU;ALEX;GUIZA;DEIVID
Gaziantepspor vs. Ankaraspor - Sunday February 8 - 2009,Ankaraspor,hard,4-4-2,SENECKY;BAHTIYAROGLU;BATAK;DEMIRKOL;GUVEN;KOCAK;HURMACI;KISA;WEEKS;CAKIR;MEYE
Gaziantepspor vs. Ankaraspor - Sunday February 8 - 2009,Gaziantepspor,hard,4-2-3-1,SAHIN;DEUMI;IRTEGUN;IVAN;SEKMAN;BAYRAKTAR;CEYLAN;KOYBASI;OZGUR;TABATA;BETO
Genclerbirligi vs. Bursaspor - Sunday February 8 - 2009,Bursaspor,hard,4-4-2,IVANKOV;ERDOGAN;UZUMCU;BEKIROGLU;TANDOGAN;SARP;ACAR;HAS;SEN;GULEC;SHIN
Genclerbirligi vs. Bursaspor - Sunday February 8 - 2009,Genclerbirligi,hard,4-4-2,ISAILOVIC;EKER;MOMHA;ASLANTAS;JEDINAK;AVCI;AYDOGDU;NAS;TROISI;KAHE;DJITE
Konyaspor vs. Besiktas - Sunday February 8 - 2009,Besiktas,easy,4-4-2,ARIKAN;SIVOK;ZAN;ZAPOTOCNY;UZULMEZ;KURTULUS;ERNST;SIMSEK;TELLO;HOLOSKO;BOBO
Konyaspor vs. Besiktas - Sunday February 8 - 2009,Konyaspor,hard,4-4-2,JEFFERSON;GULDUREN;KRATOCHVIL;MIHAJLOV;KAUE;KOCAK;ABDELAZIZ;HASPOLATLI;AKIN;POLJAC;CIHAN
Ankaragucu vs. Gaziantepspor - Saturday February 14 - 2009,Ankaragucu,hard,4-4-2,KIRINTILI;BAYER;SUME;LUIZ HENRIQUE;OZSARAC;SERAS;BARUT;DURUER;OZGUR;DE NIGRIS;JABA
Ankaragucu vs. Gaziantepspor - Saturday February 14 - 2009,Gaziantepspor,hard,4-2-3-1,SAHIN;DEUMI;IRTEGUN;IVAN;BAYRAKTAR;CEYLAN;OZBAY;KOYBASI;OZGUR;TABATA;BETO
Antalyaspor vs. Galatasaray - Saturday February 14 - 2009,Antalyaspor,hard,4-4-2,CATKIC;AYHAN;ISIK;CAN;AGCAY;ARSLAN;OZTURK;CEYLAN;TITA;ZITOUNI;KURU
Antalyaspor vs. Galatasaray - Saturday February 14 - 2009,Galatasaray,easy,4-4-2,DE SANCTIS;CETIN;MEIRA;YAMAN;SARIOGLU;TOPAL;AKMAN;OZBEK;TURAN;NONDA;BAROS
Eskisehirspor vs. Genclerbirligi - Saturday February 14 - 2009,Eskisehirspor,hard,4-4-2,IVESA;COSKUN;EL SAKA;NADAREVIC;ARSLAN;ERTUGRUL;TORAMAN;KOCABEY;OZBAYRAKTAR;KARADENIZ;YOULA
Eskisehirspor vs. Genclerbirligi - Saturday February 14 - 2009,Genclerbirligi,hard,4-2-3-1,ISAILOVIC;EKER;MOMHA;ASLANTAS;AVCI;JEDINAK;NAS;AYDOGDU;TROISI;ESER;KAHE
Fenerbahce vs. Hacettepe Spor - Saturday February 14 - 2009,Fenerbahce,easy,4-2-3-1,DEMIREL;LUGANO;TURACI;BARIS;ROBERTO CARLOS;BELOZOGLU;BILGIN;BORAL;ALEX;SENTURK;DEIVID
Fenerbahce vs. Hacettepe Spor - Saturday February 14 - 2009,Hacettepe Spor,hard,4-4-2,GULER;KALKAN;YILMAZTAS;ARSLAN;SAM;BEKMEZCI;TOZO;COSKUN;GUNGOR;TAMBWE;TUTUNCI
Ankaraspor vs. Buyuksehir Belediyespor - Sunday February 15 - 2009,Ankaraspor,hard,4-2-3-1,SENECKY;BAHTIYAROGLU;YOLDAS;KAHYA;GUVEN;GUCER;KOCAK;NECA;HURMACI;KONATE;CAKIR
Ankaraspor vs. Buyuksehir Belediyespor - Sunday February 15 - 2009,Buyuksehir Belediyespor,hard,4-4-2,TUNC;DEPE;MARCUS VINICIUS;SUZEN;KUS;GULPINAR;INANC;BURUK;KILIC;ALIN;ADRIANO
Besiktas vs. Trabzonspor - Sunday February 15 - 2009,Besiktas,easy,4-2-3-1,RECBER;SIVOK;TORAMAN;ZAN;UZULMEZ;CISSE;ERNST;SIMSEK;TELLO;OZKAN;NOBRE
Besiktas vs. Trabzonspor - Sunday February 15 - 2009,Trabzonspor,easy,4-3-3,SYLVA;CORA;KORKMAZ;SONG;CALE;CIMSIR;INAN;COLMAN;YATTARA;BULUT;UNAL
Bursaspor vs. Sivasspor - Sunday February 15 - 2009,Bursaspor,hard,4-4-2,IVANKOV;ERDOGAN;OZTURK;BEKIROGLU;TANDOGAN;SARP;HAS;ACAR;ROMASHCHENKO;YILDIRIM;TADEU
Bursaspor vs. Sivasspor - Sunday February 15 - 2009,Sivasspor,hard,4-4-2,PETKOVIC;BAYRAK;FABIO BILICA;SOZGELMEZ;DERELI;DAGASAN;BADUR;ERDOGAN;AYDIN;KAMANAN;TUM
Denizlispor vs. Konyaspor - Sunday February 15 - 2009,Denizlispor,hard,4-4-2,GONEN;AKYILDIZ;BIRINCI;WESCLEY;VURAL;OZKAN;DANIEL BRAGA;BERBEROVIC;BANGOURA;ANGELOV;ROBERTS
Denizlispor vs. Konyaspor - Sunday February 15 - 2009,Konyaspor,hard,4-4-2,JEFFERSON;GULDUREN;KRATOCHVIL;MIHAJLOV;KAUE;KOCAK;HASPOLATLI;ABDELAZIZ;POLJAC;AKIN;CIHAN
Kocaelispor vs. Kayserispor - Sunday February 15 - 2009,Kayserispor,hard,4-4-2,HAMIDOU;GUNGOR;TURAN;TOLEDO;OZER;SAIDOU;DURAK;TOPUZ;BOYRAZ;CANGELE;AGHAHOWA
Kocaelispor vs. Kayserispor - Sunday February 15 - 2009,Kocaelispor,hard,4-4-2,KOPUZ;KIRAZ;SADYQOV;TEBER;JULIO CESAR;ROSS;NSUMBU;KARTOP;AKEEM AGBETU;CALIK;GULLERI
Gaziantepspor vs. Besiktas - Friday February 20 - 2009,Besiktas,easy,4-4-2,RECBER;SIVOK;TORAMAN;ZAN;UZULMEZ;CISSE;ERNST;TELLO;OZKAN;NOBRE;BOBO
Gaziantepspor vs. Besiktas - Friday February 20 - 2009,Gaziantepspor,hard,4-2-3-1,SAHIN;DEUMI;JULIO CESAR;IVAN;BAYRAKTAR;CEYLAN;ZURITA;OZBAY;KOYBASI;YOZGATLI;BETO
Buyuksehir Belediyespor vs. Ankaragucu - Saturday February 21 - 2009,Ankaragucu,hard,4-4-2,KIRINTILI;SUME;LUIZ HENRIQUE;OZSARAC;OZKAYNAK;BARUT;SERAS;OZGUR;DURUER;JABA;DE NIGRIS
Buyuksehir Belediyespor vs. Ankaragucu - Saturday February 21 - 2009,Buyuksehir Belediyespor,hard,4-4-2,TUNC;MARCUS VINICIUS;MARQUINHOS;SUZEN;KUS;TJIKUZU;INANC;GULPINAR;KILIC;ADRIANO;ALIN
Genclerbirligi vs. Fenerbahce - Saturday February 21 - 2009,Fenerbahce,easy,4-5-1,DEMIREL;LUGANO;TURACI;BARIS;ROBERTO CARLOS;GONUL;BELOZOGLU;BORAL;ALEX;SENTURK;DEIVID
Genclerbirligi vs. Fenerbahce - Saturday February 21 - 2009,Genclerbirligi,hard,4-4-2,ISAILOVIC;EKER;MOMHA;ASLANTAS;CAN;AVCI;JEDINAK;AYDOGDU;ESER;DJITE;PEKTEMEK
Kayserispor vs. Bursaspor - Saturday February 21 - 2009,Bursaspor,hard,4-4-2,IVANKOV;ERDOGAN;OZTURK;BEKIROGLU;TANDOGAN;KIRITA;HAS;ACAR;SEN;SHIN;TADEU
Kayserispor vs. Bursaspor - Saturday February 21 - 2009,Kayserispor,hard,4-4-2,HAMIDOU;GUNGOR;TURAN;TOLEDO;BAYRAM;SAIDOU;BASDAG;TOPUZ;BOYRAZ;CANGELE;BAHADIR
Konyaspor vs. Antalyaspor - Saturday February 21 - 2009,Antalyaspor,hard,4-4-2,CATKIC;ISIK;CAN;AGCAY;ARSLAN;ARSLAN;OZTURK;CEYLAN;TITA;DJIEHOUA;KURU
Konyaspor vs. Antalyaspor - Saturday February 21 - 2009,Konyaspor,hard,4-5-1,JEFFERSON;GULDUREN;GUNDOSTU;KRATOCHVIL;MIHAJLOV;KOCAK;ABDELAZIZ;DEMIR;HASPOLATLI;POLJAC;CIHAN
Trabzonspor vs. Denizlispor - Saturday February 21 - 2009,Denizlispor,hard,4-4-2,ONGUN;AKYILDIZ;BIRINCI;WESCLEY;VURAL;OZKAN;DANIEL BRAGA;BERBEROVIC;BANGOURA;ANGELOV;ROBERTS
Trabzonspor vs. Denizlispor - Saturday February 21 - 2009,Trabzonspor,easy,4-2-3-1,SYLVA;CORA;KORKMAZ;SONG;CALE;BALCI;INAN;COLMAN;ALANZINHO;PROMISE;UNAL
Galatasaray vs. Kocaelispor - Sunday February 22 - 2009,Galatasaray,easy,3-5-2,DE SANCTIS;CETIN;GUNGOR;MEIRA;SARIOGLU;TOPAL;GUVEN;LINCOLN;KEWELL;KARAN;NONDA
Galatasaray vs. Kocaelispor - Sunday February 22 - 2009,Kocaelispor,hard,4-4-2,KULBILGE;KIRAZ;SADYQOV;TEBER;ROSS;NSUMBU;KARTOP;AKEEM AGBETU;CALIK;HACIOGLU;GULLERI
Hacettepe Spor vs. Ankaraspor - Sunday February 22 - 2009,Ankaraspor,hard,4-2-3-1,SENECKY;BATAK;YOLDAS;DEMIRKOL;GUVEN;KOCAK;NECA;WEEKS;HURMACI;TOSUN;CAKIR
Hacettepe Spor vs. Ankaraspor - Sunday February 22 - 2009,Hacettepe Spor,hard,4-4-2,BILER;BOZKURT;KALKAN;KULUSIC;SAM;COSKUN;TOZO;ATAK;LIKA;TAMBWE;ZOKO
Sivasspor vs. Eskisehirspor - Sunday February 22 - 2009,Eskisehirspor,hard,4-5-1,IVESA;COSKUN;EL SAKA;NADAREVIC;VUCKO;ARSLAN;ERTUGRUL;TORAMAN;KOCABEY;BAYTAR;ANDERSON
Sivasspor vs. Eskisehirspor - Sunday February 22 - 2009,Sivasspor,hard,4-4-2,PETKOVIC;FABIO BILICA;DIALLO;DERELI;DAGASAN;ERDOGAN;BADUR;BAYAR;AYDIN;KAMANAN;YILDIZ
Besiktas vs. Buyuksehir Belediyespor - Friday February 27 - 2009,Besiktas,easy,4-4-2,ARIKAN;SIVOK;TORAMAN;ZAN;UZULMEZ;DAG;ERNST;DELGADO;TELLO;NOBRE;BOBO
Besiktas vs. Buyuksehir Belediyespor - Friday February 27 - 2009,Buyuksehir Belediyespor,hard,4-4-2,HASAGIC;MARCUS VINICIUS;MARQUINHOS;EKSIOGLU;TJIKUZU;ZENGIN;KUS;INANC;KILIC;ADRIANO;ALIN
Ankaraspor vs. Genclerbirligi - Saturday February 28 - 2009,Ankaraspor,hard,4-2-3-1,OZYIGIT;BATAK;YOLDAS;DEMIRKOL;GUVEN;KOCAK;KISA;WEEKS;NECA;AGCA;MEYE
Ankaraspor vs. Genclerbirligi - Saturday February 28 - 2009,Genclerbirligi,hard,4-4-2,ISAILOVIC;EKER;MOMHA;ASLANTAS;CAN;JEDINAK;AVCI;AYDOGDU;ESER;DJITE;PEKTEMEK
Denizlispor vs. Gaziantepspor - Saturday February 28 - 2009,Denizlispor,hard,4-5-1,ONGUN;AKYILDIZ;BIRINCI;VURAL;DANIEL BRAGA;ALADAG;YIGEN;BERBEROVIC;ASKAROGLU;BANGOURA;ANGELOV
Denizlispor vs. Gaziantepspor - Saturday February 28 - 2009,Gaziantepspor,hard,4-2-3-1,SAHIN;DEUMI;IRTEGUN;JULIO CESAR;IVAN;SEKMAN;BAYRAKTAR;ZURITA;OZGUR;TABATA;BETO
Eskisehirspor vs. Kayserispor - Saturday February 28 - 2009,Eskisehirspor,hard,4-4-2,IVESA;COSKUN;EL SAKA;VUCKO;ARSLAN;ERTUGRUL;TORAMAN;BAYTAR;KOCABEY;YOULA;KARADENIZ
Eskisehirspor vs. Kayserispor - Saturday February 28 - 2009,Kayserispor,hard,4-4-2,HAMIDOU;GUNGOR;TURAN;TOLEDO;BAYRAM;SAIDOU;BASDAG;TOPUZ;BOYRAZ;CANGELE;PUROVIC
Fenerbahce vs. Sivasspor - Saturday February 28 - 2009,Fenerbahce,easy,4-2-3-1,DEMIREL;LUGANO;TURACI;BARIS;WEDERSON;GONUL;BELOZOGLU;BORAL;ALEX;SENTURK;DEIVID
Fenerbahce vs. Sivasspor - Saturday February 28 - 2009,Sivasspor,hard,4-4-2,PETKOVIC;BAYRAK;FABIO BILICA;SOZGELMEZ;DERELI;SYLLA;DAGASAN;BADUR;AYDIN;KAMANAN;YILDIZ
Ankaragucu vs. Hacettepe Spor - Sunday March 1 - 2009,Ankaragucu,hard,4-4-2,KIRINTILI;BAYER;BOUZID;LUIZ HENRIQUE;OZSARAC;OZKAYNAK;BARUT;DURUER;OZGUR;JABA;DE NIGRIS
Ankaragucu vs. Hacettepe Spor - Sunday March 1 - 2009,Hacettepe Spor,hard,4-4-2,BILER;BOZKURT;KALKAN;KULUSIC;SAM;TOZO;COSKUN;ATAK;LIKA;TAMBWE;TUTUNCI
Antalyaspor vs. Trabzonspor - Sunday March 1 - 2009,Antalyaspor,hard,4-2-3-1,CATKIC;AYHAN;ISIK;CAN;AGCAY;ARSLAN;OZTURK;CEYLAN;TITA;ZITOUNI;DJIEHOUA
Antalyaspor vs. Trabzonspor - Sunday March 1 - 2009,Trabzonspor,easy,4-3-3,SYLVA;CORA;KORKMAZ;SONG;CALE;CIMSIR;INAN;COLMAN;YATTARA;BULUT;UNAL
Bursaspor vs. Kocaelispor - Sunday March 1 - 2009,Bursaspor,hard,4-4-2,IVANKOV;ERDOGAN;OZTURK;BEKIROGLU;TANDOGAN;SARP;HAS;ACAR;SEN;YILDIRIM;TADEU
Bursaspor vs. Kocaelispor - Sunday March 1 - 2009,Kocaelispor,hard,4-4-2,KOPUZ;KIRAZ;SADYQOV;TEBER;ROSS;NSUMBU;KARTOP;AKEEM AGBETU;CALIK;HACIOGLU;GULLERI
Konyaspor vs. Galatasaray - Sunday March 1 - 2009,Galatasaray,easy,4-2-3-1,DE SANCTIS;ASIK;MEIRA;BALTA;SARIOGLU;OZBEK;AKMAN;LINCOLN;TURAN;KEWELL;BAROS
Konyaspor vs. Galatasaray - Sunday March 1 - 2009,Konyaspor,hard,4-2-3-1,JEFFERSON;GUNDOSTU;KRATOCHVIL;MIHAJLOV;KOCAK;ABDELAZIZ;DEMIR;HASPOLATLI;BOLUKBASI;POLJAC;CIHAN
Galatasaray vs. Bursaspor - Friday March 6 - 2009,Bursaspor,hard,4-4-2,IVANKOV;ERDOGAN;OZTURK;BEKIROGLU;TANDOGAN;SARP;HAS;ACAR;SEN;YILDIRIM;TADEU
Galatasaray vs. Bursaspor - Friday March 6 - 2009,Galatasaray,easy,4-2-3-1,DE SANCTIS;ASIK;MEIRA;BALTA;KURTULUS;AKMAN;OZBEK;LINCOLN;KEWELL;YILMAZ;BAROS
Buyuksehir Belediyespor vs. Denizlispor - Saturday March 7 - 2009,Buyuksehir Belediyespor,hard,4-2-3-1,ZULALOGLU;MARCUS VINICIUS;SUZEN;KUS;ZENGIN;TJIKUZU;INANC;TEKDEMIR;KILIC;AKIN;ADRIANO
Buyuksehir Belediyespor vs. Denizlispor - Saturday March 7 - 2009,Denizlispor,hard,4-5-1,ONGUN;AKYILDIZ;VURAL;CARLOS ALBERTO;ALADAG;DANIEL BRAGA;YIGEN;BERBEROVIC;ASKAROGLU;YILMAZER;ANGELOV
Gaziantepspor vs. Antalyaspor - Saturday March 7 - 2009,Antalyaspor,hard,4-4-2,CATKIC;AYHAN;ISIK;CAN;KAVUK;AGCAY;ARSLAN;CEYLAN;TITA;ZITOUNI;DJIEHOUA
Gaziantepspor vs. Antalyaspor - Saturday March 7 - 2009,Gaziantepspor,hard,4-2-3-1,SAHIN;DEUMI;IRTEGUN;SEKMAN;CEYLAN;ZURITA;KOYBASI;OZGUR;COSKUN;ARI;BETO
Hacettepe Spor vs. Besiktas - Saturday March 7 - 2009,Besiktas,easy,4-4-2,ARIKAN;SIVOK;TORAMAN;ZAPOTOCNY;UZULMEZ;DAG;ERNST;DELGADO;TELLO;BOBO;NOBRE
Hacettepe Spor vs. Besiktas - Saturday March 7 - 2009,Hacettepe Spor,hard,4-4-2,BILER;BOZKURT;KALKAN;KULUSIC;SAHIN;SAM;TOZO;BEKMEZCI;GUNGOR;ZOKO;TAMBWE
Trabzonspor vs. Konyaspor - Saturday March 7 - 2009,Konyaspor,hard,4-4-2,BAHADIR;GUNDOSTU;KRATOCHVIL;MIHAJLOV;KOCAK;ABDELAZIZ;DEMIR;HASPOLATLI;BOLUKBASI;AKIN;CIHAN
Trabzonspor vs. Konyaspor - Saturday March 7 - 2009,Trabzonspor,easy,4-3-3,SYLVA;CORA;KACAR;KORKMAZ;SONG;CIMSIR;COLMAN;INAN;YATTARA;UNAL;BULUT
Genclerbirligi vs. Ankaragucu - Sunday March 8 - 2009,Ankaragucu,hard,4-4-2,KIRINTILI;BAYER;BOUZID;SUME;LUIZ HENRIQUE;OZSARAC;OZGUR;ERDOGAN;DURUER;DE NIGRIS;JABA
Genclerbirligi vs. Ankaragucu - Sunday March 8 - 2009,Genclerbirligi,hard,4-4-2,ISAILOVIC;ADDO;EKER;MOMHA;ASLANTAS;JEDINAK;AYDOGDU;TROISI;CUBUKCU;KAHE;PEKTEMEK
Kayserispor vs. Fenerbahce - Sunday March 8 - 2009,Fenerbahce,easy,4-5-1,DEMIREL;LUGANO;EDU DRACENA;BARIS;ROBERTO CARLOS;GONUL;BELOZOGLU;BORAL;ALEX;SENTURK;DEIVID
Kayserispor vs. Fenerbahce - Sunday March 8 - 2009,Kayserispor,hard,4-4-2,HAMIDOU;GUNGOR;TOSCALI;TURAN;TOLEDO;SAIDOU;OZCAL;TOPUZ;BOYRAZ;CANGELE;AGHAHOWA
Kocaelispor vs. Eskisehirspor - Sunday March 8 - 2009,Eskisehirspor,hard,4-4-2,IVESA;COSKUN;EL SAKA;VUCKO;ONUR;ARSLAN;ERTUGRUL;TORAMAN;KOCABEY;KARADENIZ;YOULA
Kocaelispor vs. Eskisehirspor - Sunday March 8 - 2009,Kocaelispor,hard,4-4-2,KOPUZ;OZDIN;SADYQOV;TEBER;ROSS;NSUMBU;KARTOP;AKEEM AGBETU;CALIK;HACIOGLU;GULLERI
Sivasspor vs. Ankaraspor - Sunday March 8 - 2009,Ankaraspor,hard,4-4-2,SENECKY;BAHTIYAROGLU;YOLDAS;DEMIRKOL;GUVEN;GUCER;KOCAK;KISA;TOSUN;KONATE;CAKIR
Sivasspor vs. Ankaraspor - Sunday March 8 - 2009,Sivasspor,hard,4-4-2,PETKOVIC;BAYRAK;FABIO BILICA;SOZGELMEZ;DERELI;SYLLA;MOHAMED ALI;AYDIN;TUM;KAMANAN;YILDIZ
Fenerbahce vs. Kocaelispor - Friday March 13 - 2009,Fenerbahce,easy,4-5-1,BABACAN;LUGANO;EDU DRACENA;BARIS;ROBERTO CARLOS;GONUL;SAHIN;BORAL;ALEX;SENTURK;KAZIM-RICHARDS
Fenerbahce vs. Kocaelispor - Friday March 13 - 2009,Kocaelispor,hard,4-4-2,KOPUZ;OZDIN;SADYQOV;TEBER;ROSS;NSUMBU;KARTOP;AKEEM AGBETU;CALIK;HACIOGLU;GULLERI
Ankaragucu vs. Sivasspor - Saturday March 14 - 2009,Ankaragucu,hard,4-4-2,KIRINTILI;BAYER;SUME;LUIZ HENRIQUE;OZSARAC;SERAS;BARUT;OZGUR;DURUER;DE NIGRIS;JABA
Ankaragucu vs. Sivasspor - Saturday March 14 - 2009,Sivasspor,hard,4-4-2,PETKOVIC;BAYRAK;FABIO BILICA;SOZGELMEZ;DAGASAN;SYLLA;ERDOGAN;MOHAMED ALI;AYDIN;YILDIZ;TUM
Antalyaspor vs. Buyuksehir Belediyespor - Saturday March 14 - 2009,Antalyaspor,hard,4-4-2,CATKIC;AK;AYHAN;CAN;KAVUK;AGCAY;ARSLAN;CEYLAN;TITA;ZITOUNI;DJIEHOUA
Antalyaspor vs. Buyuksehir Belediyespor - Saturday March 14 - 2009,Buyuksehir Belediyespor,hard,4-4-2,ZULALOGLU;MARCUS VINICIUS;SUZEN;ZENGIN;GULPINAR;INANC;TEKDEMIR;BURUK;KILIC;ADRIANO;ALIN
Besiktas vs. Genclerbirligi - Saturday March 14 - 2009,Besiktas,easy,4-4-2,RECBER;SIVOK;TORAMAN;UZULMEZ;DAG;CISSE;ERNST;DELGADO;TELLO;NOBRE;BOBO
Besiktas vs. Genclerbirligi - Saturday March 14 - 2009,Genclerbirligi,hard,4-4-2,ISAILOVIC;EKER;MOMHA;ASLANTAS;CAN;JEDINAK;AVCI;TROISI;CUBUKCU;PEKTEMEK;KAHE
Konyaspor vs. Gaziantepspor - Saturday March 14 - 2009,Gaziantepspor,hard,4-5-1,SAHIN;DEUMI;JULIO CESAR;SEKMAN;BAYRAKTAR;CEYLAN;ZURITA;KOYBASI;TABATA;YOZGATLI;BETO
Konyaspor vs. Gaziantepspor - Saturday March 14 - 2009,Konyaspor,hard,4-2-3-1,BAHADIR;GULDUREN;GUNDOSTU;KRATOCHVIL;MIHAJLOV;KOCAK;HASPOLATLI;DEMIR;ABDELAZIZ;BOLUKBASI;CIHAN
Ankaraspor vs. Kayserispor - Sunday March 15 - 2009,Ankaraspor,hard,4-4-2,SENECKY;BAHTIYAROGLU;YOLDAS;DEMIRKOL;GUVEN;GUCER;KOCAK;KISA;TOSUN;KONATE;CAKIR
Ankaraspor vs. Kayserispor - Sunday March 15 - 2009,Kayserispor,hard,4-4-2,HAMIDOU;GUNGOR;TOSCALI;TURAN;TOLEDO;SAIDOU;OZCAL;DURAK;BOYRAZ;CANGELE;AGHAHOWA
Denizlispor vs. Hacettepe Spor - Sunday March 15 - 2009,Denizlispor,hard,4-5-1,ONGUN;AKYILDIZ;BIRINCI;VURAL;CELEP;DANIEL BRAGA;YIGEN;BERBEROVIC;ASKAROGLU;YILMAZER;ANGELOV
Denizlispor vs. Hacettepe Spor - Sunday March 15 - 2009,Hacettepe Spor,hard,4-4-2,BILER;BOZKURT;KULUSIC;SAHIN;YAVUZ;BEKMEZCI;COSKUN;TOZO;GUNGOR;ZOKO;TAMBWE
Eskisehirspor vs. Bursaspor - Sunday March 15 - 2009,Bursaspor,hard,4-4-2,IVANKOV;ERDOGAN;OZTURK;UZUMCU;BEKIROGLU;TANDOGAN;KIRITA;ASLAN;ACAR;SHIN;TADEU
Eskisehirspor vs. Bursaspor - Sunday March 15 - 2009,Eskisehirspor,hard,4-4-2,IVESA;COSKUN;NADAREVIC;VUCKO;ARSLAN;ERTUGRUL;TORAMAN;BAYTAR;KOCABEY;YOULA;KARADENIZ
Trabzonspor vs. Galatasaray - Sunday March 15 - 2009,Galatasaray,easy,4-4-2,DE SANCTIS;ASIK;BALTA;YAMAN;SARIOGLU;OZBEK;GUVEN;AKMAN;TURAN;BAROS;KARAN
Trabzonspor vs. Galatasaray - Sunday March 15 - 2009,Trabzonspor,easy,4-3-3,SYLVA;CORA;KORKMAZ;SONG;CALE;CIMSIR;INAN;COLMAN;ALANZINHO;UNAL;BULUT
Bursaspor vs. Fenerbahce - Friday March 20 - 2009,Bursaspor,hard,4-4-2,IVANKOV;ERDOGAN;OZTURK;UZUMCU;KECELI;SARP;ACAR;HAS;SEN;YILDIRIM;SHIN
Bursaspor vs. Fenerbahce - Friday March 20 - 2009,Fenerbahce,easy,4-4-2,DEMIREL;LUGANO;EDU DRACENA;ROBERTO CARLOS;GONUL;SAHIN;BELOZOGLU;BORAL;GUIZA;SENTURK;DEIVID
Buyuksehir Belediyespor vs. Konyaspor - Saturday March 21 - 2009,Buyuksehir Belediyespor,hard,4-4-2,ZULALOGLU;DEPE;MARCUS VINICIUS;EKSIOGLU;KUS;TJIKUZU;INANC;KORKMAZ;AKIN;ALIN;BEBBE
Buyuksehir Belediyespor vs. Konyaspor - Saturday March 21 - 2009,Konyaspor,hard,4-5-1,BAHADIR;GULDUREN;GUNDOSTU;KRATOCHVIL;MIHAJLOV;DEMIR;HASPOLATLI;TATAN;BOLUKBASI;POLJAC;CIHAN
Gaziantepspor vs. Trabzonspor - Saturday March 21 - 2009,Gaziantepspor,hard,4-5-1,SAHIN;DEUMI;IRTEGUN;JULIO CESAR;BAYRAKTAR;CEYLAN;ZURITA;KOYBASI;TABATA;YOZGATLI;BETO
Gaziantepspor vs. Trabzonspor - Saturday March 21 - 2009,Trabzonspor,easy,4-3-3,SYLVA;KORKMAZ;SONG;CALE;BALCI;CIMSIR;COLMAN;INAN;ALANZINHO;BULUT;UNAL
Hacettepe Spor vs. Antalyaspor - Saturday March 21 - 2009,Antalyaspor,hard,4-4-2,CATKIC;AYHAN;NIZAM;CAN;KAVUK;AGCAY;ARSLAN;CEYLAN;TITA;ZITOUNI;DJIEHOUA
Hacettepe Spor vs. Antalyaspor - Saturday March 21 - 2009,Hacettepe Spor,hard,4-4-2,BILER;KALKAN;KULUSIC;SAHIN;SAM;YAVUZ;GUNGOR;TOZO;COSKUN;ZOKO;TAMBWE
Kayserispor vs. Ankaragucu - Saturday March 21 - 2009,Ankaragucu,hard,4-4-2,KIRINTILI;BOUZID;SUME;OZSARAC;OZKAYNAK;BARUT;SERAS;OZGUR;DURUER;JABA;DE NIGRIS
Kayserispor vs. Ankaragucu - Saturday March 21 - 2009,Kayserispor,hard,4-5-1,HAMIDOU;GUNGOR;TOSCALI;TURAN;OZER;OZCAL;DURAK;TOPUZ;BOYRAZ;CANGELE;BAHADIR
Kocaelispor vs. Ankaraspor - Saturday March 21 - 2009,Ankaraspor,hard,4-4-2,SENECKY;BATAK;YOLDAS;KAHYA;GUVEN;GUCER;KOCAK;KISA;TOSUN;KONATE;CAKIR
Kocaelispor vs. Ankaraspor - Saturday March 21 - 2009,Kocaelispor,hard,4-4-2,KOPUZ;OZDIN;SADYQOV;TEBER;ROSS;NSUMBU;KARTOP;AKEEM AGBETU;CALIK;HACIOGLU;GULLERI
Sivasspor vs. Besiktas - Saturday March 21 - 2009,Besiktas,easy,4-4-2,RECBER;SIVOK;TORAMAN;ZAPOTOCNY;UZULMEZ;DAG;ERNST;SIMSEK;TELLO;HOLOSKO;BOBO
Sivasspor vs. Besiktas - Saturday March 21 - 2009,Sivasspor,hard,4-4-2,PETKOVIC;BAYRAK;SOZGELMEZ;FABIO BILICA;DAGASAN;SYLLA;BADUR;ERDOGAN;AYDIN;TUM;YILDIZ
Galatasaray vs. Eskisehirspor - Sunday March 22 - 2009,Eskisehirspor,hard,4-4-2,IVESA;COSKUN;EL SAKA;NADAREVIC;ARSLAN;ERTUGRUL;KAYA;BAYTAR;OZBAYRAKTAR;KARADENIZ;YOULA
Galatasaray vs. Eskisehirspor - Sunday March 22 - 2009,Galatasaray,easy,4-4-2,DE SANCTIS;ASIK;BALTA;YAMAN;SARIOGLU;KURTULUS;AKMAN;OZBEK;KEWELL;TURAN;KARAN
Genclerbirligi vs. Denizlispor - Sunday March 22 - 2009,Denizlispor,hard,4-4-2,ONGUN;AKYILDIZ;BIRINCI;VURAL;DANIEL BRAGA;YIGEN;ALADAG;ASKAROGLU;BANGOURA;ANGELOV;ROBERTS
Genclerbirligi vs. Denizlispor - Sunday March 22 - 2009,Genclerbirligi,hard,4-2-3-1,ISAILOVIC;EKER;MOMHA;CAN;JEDINAK;AVCI;AYDOGDU;TROISI;CUBUKCU;ESER;PEKTEMEK
Ankaraspor vs. Bursaspor - Saturday April 4 - 2009,Ankaraspor,hard,4-2-3-1,SENECKY;BAHTIYAROGLU;BATAK;KAHYA;GUVEN;GUCER;KOCAK;NECA;KISA;TOSUN;CAKIR
Ankaraspor vs. Bursaspor - Saturday April 4 - 2009,Bursaspor,hard,4-4-2,IVANKOV;ERDOGAN;UZUMCU;KECELI;TANDOGAN;SARP;KIRITA;ROMASHCHENKO;SEN;YILDIRIM;SHIN
Besiktas vs. Kayserispor - Saturday April 4 - 2009,Besiktas,easy,4-4-2,RECBER;SIVOK;TORAMAN;UZULMEZ;DAG;CISSE;ERNST;SIMSEK;OZKAN;NOBRE;BOBO
Besiktas vs. Kayserispor - Saturday April 4 - 2009,Kayserispor,hard,4-4-2,HAMIDOU;GUNGOR;TOSCALI;TURAN;OZER;SAIDOU;DURAK;TOPUZ;CANGELE;AGHAHOWA;BAHADIR
Denizlispor vs. Sivasspor - Saturday April 4 - 2009,Denizlispor,hard,4-4-2,ONGUN;BIRINCI;IRINEU;CARLOS ALBERTO;VURAL;BERBEROVIC;ALADAG;YIGEN;ASKAROGLU;BANGOURA;ROBERTS
Denizlispor vs. Sivasspor - Saturday April 4 - 2009,Sivasspor,hard,4-4-2,PETKOVIC;BAYRAK;FABIO BILICA;SOZGELMEZ;SYLLA;DAGASAN;ERDOGAN;AYDIN;TUM;KAMANAN;YILDIZ
Konyaspor vs. Hacettepe Spor - Saturday April 4 - 2009,Hacettepe Spor,hard,4-5-1,BILER;BOZKURT;SEYHAN;SAHIN;SAM;TOZO;BEKMEZCI;GUNGOR;LIKA;ZOKO;TUTUNCI
Konyaspor vs. Hacettepe Spor - Saturday April 4 - 2009,Konyaspor,hard,4-4-2,BAHADIR;COGUM;GULDUREN;KRATOCHVIL;BUYUK;TATAN;HASPOLATLI;ABDELAZIZ;BOLUKBASI;AKIN;CIHAN
Ankaragucu vs. Kocaelispor - Sunday April 5 - 2009,Ankaragucu,hard,4-4-2,KIRINTILI;BAYER;BOUZID;LUIZ HENRIQUE;OZKAYNAK;SERAS;BARUT;OZGUR;ERIS;DE NIGRIS;JABA
Ankaragucu vs. Kocaelispor - Sunday April 5 - 2009,Kocaelispor,hard,4-4-2,KOPUZ;OZDIN;SADYQOV;TEBER;ROSS;NSUMBU;KARTOP;AKEEM AGBETU;CALIK;HACIOGLU;GULLERI
Antalyaspor vs. Genclerbirligi - Sunday April 5 - 2009,Antalyaspor,hard,4-4-2,CATKIC;AK;AYHAN;CAN;KAVUK;AGCAY;OZTURK;CEYLAN;TITA;ZITOUNI;DJIEHOUA
Antalyaspor vs. Genclerbirligi - Sunday April 5 - 2009,Genclerbirligi,hard,4-4-2,ISAILOVIC;ADDO;MOMHA;CAN;JEDINAK;AVCI;NAS;AYDOGDU;TROISI;DJITE;PEKTEMEK
Fenerbahce vs. Eskisehirspor - Sunday April 5 - 2009,Eskisehirspor,hard,4-4-2,IVESA;COSKUN;EL SAKA;VUCKO;ARSLAN;TORAMAN;KAYA;BAYTAR;OZBAYRAKTAR;YOULA;KARADENIZ
Fenerbahce vs. Eskisehirspor - Sunday April 5 - 2009,Fenerbahce,easy,4-4-2,DEMIREL;EDU DRACENA;TURACI;ROBERTO CARLOS;GONUL;JOSICO;SAHIN;BORAL;SENTURK;GUIZA;DEIVID
Trabzonspor vs. Buyuksehir Belediyespor - Sunday April 5 - 2009,Buyuksehir Belediyespor,hard,4-2-3-1,ZULALOGLU;MARCUS VINICIUS;MARQUINHOS;SUZEN;KUS;TJIKUZU;INANC;KORKMAZ;KILIC;AKIN;BEBBE
Trabzonspor vs. Buyuksehir Belediyespor - Sunday April 5 - 2009,Trabzonspor,easy,4-3-3,SYLVA;CORA;KORKMAZ;SONG;CALE;BALCI;INAN;COLMAN;YATTARA;BULUT;UNAL
Gaziantepspor vs. Galatasaray - Monday April 6 - 2009,Galatasaray,easy,4-4-2,DE SANCTIS;ASIK;BALTA;YAMAN;SARIOGLU;OZBEK;AKMAN;KEWELL;TURAN;BAROS;KARAN
Gaziantepspor vs. Galatasaray - Monday April 6 - 2009,Gaziantepspor,hard,4-2-3-1,SAHIN;DEUMI;IRTEGUN;JULIO CESAR;BAYRAKTAR;CEYLAN;ZURITA;KOYBASI;TABATA;YOZGATLI;BETO
Kocaelispor vs. Besiktas - Friday April 10 - 2009,Besiktas,easy,4-2-3-1,RECBER;SIVOK;ZAPOTOCNY;UZULMEZ;DAG;CISSE;ERNST;SIMSEK;TELLO;ZENGIN;BOBO
Kocaelispor vs. Besiktas - Friday April 10 - 2009,Kocaelispor,hard,4-4-2,KULBILGE;OZDIN;SADYQOV;JULIO CESAR;UGUR;NSUMBU;KARTOP;AKEEM AGBETU;CALIK;HACIOGLU;GULLERI
Bursaspor vs. Ankaragucu - Saturday April 11 - 2009,Ankaragucu,hard,4-2-3-1,KIRINTILI;BAYER;BOUZID;LUIZ HENRIQUE;OZKAYNAK;SERAS;OZGUR;DURUER;ERIS;AKAN;JABA
Bursaspor vs. Ankaragucu - Saturday April 11 - 2009,Bursaspor,hard,4-4-2,IVANKOV;ERDOGAN;OZTURK;BEKIROGLU;TANDOGAN;KIRITA;SARP;ROMASHCHENKO;SEN;YILDIRIM;SHIN
Buyuksehir Belediyespor vs. Gaziantepspor - Saturday April 11 - 2009,Buyuksehir Belediyespor,hard,4-5-1,TUNC;MARCUS VINICIUS;MARQUINHOS;SUZEN;KUS;TJIKUZU;INANC;KORKMAZ;KILIC;AKIN;BEBBE
Buyuksehir Belediyespor vs. Gaziantepspor - Saturday April 11 - 2009,Gaziantepspor,hard,4-5-1,SAHIN;DEUMI;IRTEGUN;JULIO CESAR;IVAN;BAYRAKTAR;CEYLAN;KOYBASI;TABATA;ARI;EDU
Hacettepe Spor vs. Trabzonspor - Saturday April 11 - 2009,Hacettepe Spor,hard,4-4-2,BILER;KALKAN;KULUSIC;SEYHAN;SAHIN;SAM;GUNGOR;TOZO;ATAK;TUTUNCI;ZOKO
Hacettepe Spor vs. Trabzonspor - Saturday April 11 - 2009,Trabzonspor,easy,4-3-3,SYLVA;KACAR;KORKMAZ;CALE;BALCI;CIMSIR;INAN;COLMAN;ALANZINHO;YATTARA;BULUT
Sivasspor vs. Antalyaspor - Saturday April 11 - 2009,Antalyaspor,hard,4-4-2,CATKIC;AYHAN;NIZAM;CAN;KAVUK;ARSLAN;OZMERT;CEYLAN;TITA;ZITOUNI;DJIEHOUA
Sivasspor vs. Antalyaspor - Saturday April 11 - 2009,Sivasspor,hard,4-4-2,PETKOVIC;BAYRAK;FABIO BILICA;YERLIKAYA;DERELI;DAGASAN;SYLLA;ERDOGAN;TUM;BALILI;YILDIZ
Eskisehirspor vs. Ankaraspor - Sunday April 12 - 2009,Ankaraspor,hard,4-2-3-1,KURSUNLU;BAHTIYAROGLU;BATAK;BARIS;GUVEN;GUCER;KOCAK;KISA;NECA;CAKIR;MEYE
Eskisehirspor vs. Ankaraspor - Sunday April 12 - 2009,Eskisehirspor,hard,4-4-2,IVESA;COSKUN;EL SAKA;NADAREVIC;ARSLAN;TORAMAN;POLJAK;KOCABEY;OZBAYRAKTAR;ANDERSON;YOULA
Galatasaray vs. Fenerbahce - Sunday April 12 - 2009,Fenerbahce,easy,4-4-2,DEMIREL;LUGANO;TURACI;ROBERTO CARLOS;GONUL;SAHIN;BELOZOGLU;BORAL;DEIVID;GUIZA;SENTURK
Galatasaray vs. Fenerbahce - Sunday April 12 - 2009,Galatasaray,easy,4-4-2,DE SANCTIS;ASIK;BALTA;SARIOGLU;TOPAL;AKMAN;OZBEK;KEWELL;TURAN;BAROS;KARAN
Genclerbirligi vs. Konyaspor - Sunday April 12 - 2009,Genclerbirligi,hard,4-4-2,ISAILOVIC;EKER;MOMHA;ASLANTAS;CAN;AVCI;JEDINAK;AYDOGDU;TROISI;KAHE;PEKTEMEK
Genclerbirligi vs. Konyaspor - Sunday April 12 - 2009,Konyaspor,hard,4-4-2,BAHADIR;COGUM;KRATOCHVIL;MIHAJLOV;KOCAK;BUYUK;HASPOLATLI;ABDELAZIZ;ER;AKIN;CIHAN
Kayserispor vs. Denizlispor - Sunday April 12 - 2009,Denizlispor,hard,4-4-2,ONGUN;BIRINCI;IRINEU;CARLOS ALBERTO;CELEP;DANIEL BRAGA;ALADAG;BERBEROVIC;ASKAROGLU;ANGELOV;ROBERTS
Kayserispor vs. Denizlispor - Sunday April 12 - 2009,Kayserispor,hard,4-4-2,HAMIDOU;COLGECEN;GUNGOR;TOSCALI;TOLEDO;OZER;DURAK;OZCAL;TOPUZ;CANGELE;BAHADIR
Trabzonspor vs. Genclerbirligi - Friday April 17 - 2009,Genclerbirligi,hard,4-4-2,ISAILOVIC;EKER;POLAT;MOMHA;ASLANTAS;CAN;JEDINAK;NAS;TROISI;KAHE;PEKTEMEK
Trabzonspor vs. Genclerbirligi - Friday April 17 - 2009,Trabzonspor,easy,4-3-3,SYLVA;KORKMAZ;SONG;CALE;BALCI;CIMSIR;INAN;COLMAN;ALANZINHO;YATTARA;BULUT
Ankaraspor vs. Fenerbahce - Saturday April 18 - 2009,Ankaraspor,hard,4-2-3-1,SENECKY;BAHTIYAROGLU;MERCIMEK;GUVEN;BARIS;GUCER;KOCAK;NECA;KISA;TOSUN;CAKIR
Ankaraspor vs. Fenerbahce - Saturday April 18 - 2009,Fenerbahce,easy,4-4-2,BABACAN;CAKMAK;TURACI;ROBERTO CARLOS;SAHIN;BILGIN;BELOZOGLU;BORAL;KAZIM-RICHARDS;GUIZA;DEIVID
Konyaspor vs. Sivasspor - Saturday April 18 - 2009,Konyaspor,hard,4-4-2,BAHADIR;AKYUZ;COGUM;KRATOCHVIL;MIHAJLOV;KOCAK;ABDELAZIZ;HASPOLATLI;ER;AKIN;CIHAN
Konyaspor vs. Sivasspor - Saturday April 18 - 2009,Sivasspor,hard,4-4-2,PETKOVIC;BAYRAK;FABIO BILICA;YERLIKAYA;DAGASAN;SYLLA;BADUR;ERDOGAN;AYDIN;TUM;YILDIZ
Ankaragucu vs. Eskisehirspor - Sunday April 19 - 2009,Ankaragucu,hard,4-4-2,KIRINTILI;BOUZID;SUME;LUIZ HENRIQUE;OZKAYNAK;SERAS;BARUT;OZGUR;DE NIGRIS;JABA;YILMAZ
Ankaragucu vs. Eskisehirspor - Sunday April 19 - 2009,Eskisehirspor,hard,4-4-2,IVESA;COSKUN;EL SAKA;NADAREVIC;ARSLAN;TORAMAN;KAYA;KOCABEY;OZBAYRAKTAR;ANDERSON;YOULA
Antalyaspor vs. Kayserispor - Sunday April 19 - 2009,Antalyaspor,hard,4-4-2,CATKIC;AYHAN;NIZAM;CAN;CETIN;KAVUK;AGCAY;ARSLAN;CEYLAN;TITA;DJIEHOUA
Antalyaspor vs. Kayserispor - Sunday April 19 - 2009,Kayserispor,hard,4-4-2,HAMIDOU;COLGECEN;GUNGOR;TOSCALI;TOLEDO;OZER;DURAK;OZCAL;TOPUZ;AGHAHOWA;BAHADIR
Besiktas vs. Bursaspor - Sunday April 19 - 2009,Besiktas,easy,4-4-2,RECBER;SIVOK;TORAMAN;ZAN;UZULMEZ;DAG;ERNST;DELGADO;TELLO;HOLOSKO;BOBO
Besiktas vs. Bursaspor - Sunday April 19 - 2009,Bursaspor,hard,4-5-1,IVANKOV;ERDOGAN;UZUMCU;KECELI;TANDOGAN;KIRITA;SARP;ACAR;ROMASHCHENKO;SEN;SHIN
Buyuksehir Belediyespor vs. Galatasaray - Sunday April 19 - 2009,Buyuksehir Belediyespor,hard,4-3-3,ZULALOGLU;MARCUS VINICIUS;MARQUINHOS;SUZEN;KUS;TJIKUZU;INANC;KORKMAZ;KILIC;AKIN;BEBBE
Buyuksehir Belediyespor vs. Galatasaray - Sunday April 19 - 2009,Galatasaray,easy,4-5-1,DE SANCTIS;GUNGOR;KAYA;BALTA;KURTULUS;TOPAL;OZBEK;AKMAN;LINCOLN;KEWELL;BAROS
Denizlispor vs. Kocaelispor - Sunday April 19 - 2009,Denizlispor,hard,4-4-2,ONGUN;AKYILDIZ;BIRINCI;IRINEU;DANIEL BRAGA;BERBEROVIC;ASKAROGLU;BANGOURA;ANGELOV;KINALI;ROBERTS
Denizlispor vs. Kocaelispor - Sunday April 19 - 2009,Kocaelispor,hard,4-4-2,KULBILGE;OZDIN;SADYQOV;JULIO CESAR;ROSS;UGUR;NSUMBU;KARTOP;AKEEM AGBETU;CALIK;HACIOGLU
Gaziantepspor vs. Hacettepe Spor - Sunday April 19 - 2009,Gaziantepspor,hard,4-2-3-1,SAHIN;DEUMI;IRTEGUN;JULIO CESAR;CEYLAN;ZURITA;KOYBASI;TABATA;YOZGATLI;ADIN;BETO
Gaziantepspor vs. Hacettepe Spor - Sunday April 19 - 2009,Hacettepe Spor,hard,4-4-2,KAFKASYALI;KALKAN;KULUSIC;SEYHAN;SAM;TOZO;BEKMEZCI;ATAK;ZOKO;TAMBWE;TUTUNCI
Fenerbahce vs. Ankaragucu - Saturday April 25 - 2009,Ankaragucu,hard,4-4-2,KIRINTILI;BOUZID;SUME;LUIZ HENRIQUE;OZKAYNAK;BARUT;SERAS;OZGUR;YILMAZ;IGLESIAS;DE NIGRIS
Fenerbahce vs. Ankaragucu - Saturday April 25 - 2009,Fenerbahce,easy,4-4-2,BABACAN;CAKMAK;TURACI;BARIS;ROBERTO CARLOS;WEDERSON;SAHIN;BILGIN;EMRECIKSIN;GUIZA;DEIVID
Hacettepe Spor vs. Buyuksehir Belediyespor - Saturday April 25 - 2009,Buyuksehir Belediyespor,hard,4-2-3-1,ZULALOGLU;MARCUS VINICIUS;MARQUINHOS;EKSIOGLU;KUS;GULPINAR;INANC;KORKMAZ;AKIN;BEBBE;ADRIANO
Hacettepe Spor vs. Buyuksehir Belediyespor - Saturday April 25 - 2009,Hacettepe Spor,hard,4-4-2,KAFKASYALI;KALKAN;KULUSIC;SEYHAN;SAM;TOZO;BEKMEZCI;ATAK;ZOKO;TAMBWE;TUTUNCI
Sivasspor vs. Trabzonspor - Saturday April 25 - 2009,Sivasspor,hard,4-4-2,PETKOVIC;FABIO BILICA;DIALLO;YERLIKAYA;DERELI;DAGASAN;ERDOGAN;BADUR;AYDIN;TUM;YILDIZ
Sivasspor vs. Trabzonspor - Saturday April 25 - 2009,Trabzonspor,easy,4-3-3,SYLVA;KORKMAZ;SONG;CALE;BALCI;CIMSIR;INAN;COLMAN;ALANZINHO;YATTARA;UNAL
Bursaspor vs. Denizlispor - Sunday April 26 - 2009,Bursaspor,hard,4-4-2,IVANKOV;ERDOGAN;OZTURK;KECELI;TANDOGAN;SARP;KIRITA;ACAR;SEN;YILDIRIM;SHIN
Bursaspor vs. Denizlispor - Sunday April 26 - 2009,Denizlispor,hard,4-4-2,ONGUN;AKYILDIZ;BIRINCI;IRINEU;VURAL;BERBEROVIC;DANIEL BRAGA;ASKAROGLU;BANGOURA;ROBERTS;ANGELOV
Eskisehirspor vs. Besiktas - Sunday April 26 - 2009,Besiktas,easy,4-2-3-1,RECBER;SIVOK;TORAMAN;ZAN;DAG;CISSE;ERNST;DELGADO;TELLO;OZKAN;HOLOSKO
Eskisehirspor vs. Besiktas - Sunday April 26 - 2009,Eskisehirspor,hard,4-4-2,OREN;COSKUN;NADAREVIC;VUCKO;ERTUGRUL;TORAMAN;KAYA;BAYTAR;KOCABEY;YOULA;ANDERSON
Galatasaray vs. Ankaraspor - Sunday April 26 - 2009,Ankaraspor,hard,4-2-3-1,SENECKY;BAHTIYAROGLU;MERCIMEK;GUVEN;BARIS;GUCER;KOCAK;TASDEMIR;TOSUN;MEYE;CAKIR
Galatasaray vs. Ankaraspor - Sunday April 26 - 2009,Galatasaray,easy,4-4-2,DE SANCTIS;KAYA;BALTA;KURTULUS;TOPAL;OZBEK;AKMAN;LINCOLN;KEWELL;BAROS;NONDA
Genclerbirligi vs. Gaziantepspor - Sunday April 26 - 2009,Gaziantepspor,hard,4-2-3-1,SAHIN;DEUMI;IRTEGUN;JULIO CESAR;IVAN;BAYRAKTAR;ZURITA;KOYBASI;COSKUN;ARI;BETO
Genclerbirligi vs. Gaziantepspor - Sunday April 26 - 2009,Genclerbirligi,hard,4-4-2,ISAILOVIC;POLAT;MOMHA;ASLANTAS;CAN;AVCI;JEDINAK;NAS;TROISI;KAHE;PEKTEMEK
Kayserispor vs. Konyaspor - Sunday April 26 - 2009,Kayserispor,hard,4-4-2,HAMIDOU;GUNGOR;TOSCALI;TURAN;TOLEDO;OZER;SAIDOU;OZCAL;TOPUZ;CANGELE;PUROVIC
Kayserispor vs. Konyaspor - Sunday April 26 - 2009,Konyaspor,hard,4-4-2,BAHADIR;COGUM;KRATOCHVIL;MIHAJLOV;KOCAK;HASPOLATLI;ABDELAZIZ;ER;BOLUKBASI;AKIN;CIHAN
Kocaelispor vs. Antalyaspor - Sunday April 26 - 2009,Antalyaspor,hard,4-4-2,CATKIC;AYHAN;NIZAM;CAN;KAVUK;ARSLAN;OZMERT;CEYLAN;TITA;ZITOUNI;DJIEHOUA
Kocaelispor vs. Antalyaspor - Sunday April 26 - 2009,Kocaelispor,hard,4-4-2,KULBILGE;OZDIN;SADYQOV;TEBER;JULIO CESAR;NSUMBU;KARTOP;AKEEM AGBETU;CALIK;HACIOGLU;GULLERI
Hacettepe Spor vs. Galatasaray - Friday May 1 - 2009,Galatasaray,easy,4-4-2,DE SANCTIS;ASIK;KAYA;BALTA;SARIOGLU;TOPAL;OZBEK;LINCOLN;KEWELL;BAROS;YILDIZ
Hacettepe Spor vs. Galatasaray - Friday May 1 - 2009,Hacettepe Spor,hard,4-3-3,KAFKASYALI;KALKAN;KULUSIC;SEYHAN;SAM;GUNGOR;BEKMEZCI;ATAK;ZOKO;TAMBWE;TUTUNCI
Trabzonspor vs. Kayserispor - Saturday May 2 - 2009,Kayserispor,hard,4-2-3-1,HAMIDOU;GUNGOR;TOSCALI;TURAN;TOLEDO;OZER;DURAK;OZCAL;BOYRAZ;CANGELE;AGHAHOWA
Trabzonspor vs. Kayserispor - Saturday May 2 - 2009,Trabzonspor,easy,4-3-3,SYLVA;CORA;KORKMAZ;CALE;COKMUS;BALCI;CIMSIR;COLMAN;YATTARA;UNAL;BULUT
Ankaragucu vs. Ankaraspor - Sunday May 3 - 2009,Ankaragucu,hard,4-4-2,KIRINTILI;BOUZID;SUME;LUIZ HENRIQUE;OZKAYNAK;BARUT;SERAS;OZGUR;ERIS;IGLESIAS;YILMAZ
Ankaragucu vs. Ankaraspor - Sunday May 3 - 2009,Ankaraspor,hard,4-4-2,SENECKY;BAHTIYAROGLU;BATAK;GUVEN;BARIS;KOCAK;NECA;WEEKS;TOSUN;MEYE;CAKIR
Antalyaspor vs. Bursaspor - Sunday May 3 - 2009,Antalyaspor,hard,4-4-2,CATKIC;AYHAN;NIZAM;CAN;KAVUK;AGCAY;ARSLAN;CEYLAN;TITA;ZITOUNI;DJIEHOUA
Antalyaspor vs. Bursaspor - Sunday May 3 - 2009,Bursaspor,hard,4-4-2,IVANKOV;AZIZ;UZUMCU;KECELI;TANDOGAN;SARP;KIRITA;ACAR;IPEK;YILDIRIM;SHIN
Besiktas vs. Fenerbahce - Sunday May 3 - 2009,Besiktas,easy,4-2-3-1,RECBER;SIVOK;TORAMAN;ZAN;UZULMEZ;DAG;ERNST;DELGADO;TELLO;HOLOSKO;BOBO
Besiktas vs. Fenerbahce - Sunday May 3 - 2009,Fenerbahce,easy,4-4-2,DEMIREL;CAKMAK;ROBERTO CARLOS;GONUL;SAHIN;BILGIN;BELOZOGLU;BORAL;DEIVID;GUIZA;SENTURK
Buyuksehir Belediyespor vs. Genclerbirligi - Sunday May 3 - 2009,Buyuksehir Belediyespor,hard,4-4-2,TUNC;MARCUS VINICIUS;MARQUINHOS;EKSIOGLU;KUS;TJIKUZU;GULPINAR;KORKMAZ;GUZELDAL;AKIN;KABA
Buyuksehir Belediyespor vs. Genclerbirligi - Sunday May 3 - 2009,Genclerbirligi,hard,4-4-2,ISAILOVIC;TRAORE;MOMHA;ASLANTAS;CAN;AVCI;NAS;KAPISIZ;TROISI;KAHE;PEKTEMEK
Denizlispor vs. Eskisehirspor - Sunday May 3 - 2009,Denizlispor,hard,4-4-2,ONGUN;AKYILDIZ;BIRINCI;CELEP;OZKAN;YIGEN;ALADAG;BERBEROVIC;BANGOURA;ANGELOV;ROBERTS
Denizlispor vs. Eskisehirspor - Sunday May 3 - 2009,Eskisehirspor,hard,4-2-3-1,OREN;COSKUN;EL SAKA;NADAREVIC;SAGLAM;ERTUGRUL;KAYA;BAYTAR;KOCABEY;OZBAYRAKTAR;ANDERSON
Gaziantepspor vs. Sivasspor - Sunday May 3 - 2009,Gaziantepspor,hard,4-2-3-1,SAHIN;DEUMI;IRTEGUN;JULIO CESAR;IVAN;BAYRAKTAR;ZURITA;KOYBASI;COSKUN;ARI;BETO
Gaziantepspor vs. Sivasspor - Sunday May 3 - 2009,Sivasspor,hard,4-4-2,PETKOVIC;FABIO BILICA;DIALLO;YERLIKAYA;DERELI;SYLLA;ERDOGAN;BADUR;AYDIN;TUM;YILDIZ
Konyaspor vs. Kocaelispor - Sunday May 3 - 2009,Kocaelispor,hard,4-4-2,KOPUZ;OZDIN;SADYQOV;TEBER;ROSS;UGUR;KARTOP;MUTLU;AKEEM AGBETU;HACIOGLU;GULLERI
Konyaspor vs. Kocaelispor - Sunday May 3 - 2009,Konyaspor,hard,4-4-2,BAHADIR;AKYUZ;COGUM;KRATOCHVIL;MIHAJLOV;KOCAK;ABDELAZIZ;BOLUKBASI;ER;AKIN;CIHAN
Ankaraspor vs. Besiktas - Saturday May 9 - 2009,Ankaraspor,hard,4-4-2,SENECKY;BAHTIYAROGLU;MERCIMEK;GUVEN;BARIS;GUCER;KOCAK;NECA;KISA;OZDEMIR;CAKIR
Ankaraspor vs. Besiktas - Saturday May 9 - 2009,Besiktas,easy,4-2-3-1,RECBER;SIVOK;TORAMAN;UZULMEZ;DAG;CISSE;ERNST;DELGADO;SIMSEK;HOLOSKO;BOBO
Bursaspor vs. Konyaspor - Saturday May 9 - 2009,Bursaspor,hard,4-4-2,ERAYDIN;AZIZ;UZUMCU;KECELI;TANDOGAN;KIRITA;ACAR;HAS;IPEK;YILDIRIM;SHIN
Bursaspor vs. Konyaspor - Saturday May 9 - 2009,Konyaspor,hard,4-5-1,BAHADIR;COGUM;GUNDOSTU;KRATOCHVIL;MIHAJLOV;KOCAK;HASPOLATLI;TATAN;ER;KILICASLAN;AKIN
Eskisehirspor vs. Antalyaspor - Saturday May 9 - 2009,Antalyaspor,hard,4-4-2,CATKIC;AYHAN;CAN;KAVUK;AGCAY;ARSLAN;ARSLAN;OZTURK;TITA;ZITOUNI;DJIEHOUA
Eskisehirspor vs. Antalyaspor - Saturday May 9 - 2009,Eskisehirspor,hard,4-4-2,OREN;COSKUN;EL SAKA;NADAREVIC;ARSLAN;ERTUGRUL;TORAMAN;BAYTAR;KOCABEY;YOULA;KARADENIZ
Fenerbahce vs. Denizlispor - Saturday May 9 - 2009,Denizlispor,hard,4-4-2,ONGUN;AKYILDIZ;BIRINCI;WESCLEY;CELEP;SUNGUR;YIGEN;DANIEL BRAGA;BANGOURA;ANGELOV;ROBERTS
Fenerbahce vs. Denizlispor - Saturday May 9 - 2009,Fenerbahce,easy,4-4-2,DEMIREL;CAKMAK;ROBERTO CARLOS;GONUL;SAHIN;BELOZOGLU;BILGIN;BORAL;SENTURK;GUIZA;DEIVID
Galatasaray vs. Ankaragucu - Saturday May 9 - 2009,Ankaragucu,hard,4-4-2,KIRINTILI;BOUZID;SUME;LUIZ HENRIQUE;OZKAYNAK;BARUT;SERAS;OZGUR;ERIS;IGLESIAS;YILMAZ
Galatasaray vs. Ankaragucu - Saturday May 9 - 2009,Galatasaray,easy,4-2-3-1,DE SANCTIS;ASIK;GUNGOR;BALTA;KURTULUS;TOPAL;OZBEK;AKMAN;LINCOLN;TURAN;BAROS
Genclerbirligi vs. Hacettepe Spor - Saturday May 9 - 2009,Genclerbirligi,hard,4-4-2,OZTURK;POLAT;MOMHA;ASLANTAS;CAN;AVCI;NAS;ESER;DJITE;KAHE;PEKTEMEK
Genclerbirligi vs. Hacettepe Spor - Saturday May 9 - 2009,Hacettepe Spor,hard,4-4-2,KAFKASYALI;KALKAN;KULUSIC;SEYHAN;SAM;GUNGOR;BEKMEZCI;ATAK;ZOKO;SAHIN;TAMBWE
Kocaelispor vs. Trabzonspor - Saturday May 9 - 2009,Kocaelispor,hard,4-4-2,KOPUZ;OZDIN;SADYQOV;JULIO CESAR;UGUR;NSUMBU;KARTOP;AKEEM AGBETU;CALIK;HACIOGLU;GULLERI
Kocaelispor vs. Trabzonspor - Saturday May 9 - 2009,Trabzonspor,easy,4-3-3,SYLVA;CORA;KORKMAZ;CALE;COKMUS;BALCI;CIMSIR;COLMAN;YATTARA;BULUT;UNAL
Sivasspor vs. Buyuksehir Belediyespor - Saturday May 9 - 2009,Buyuksehir Belediyespor,hard,4-2-3-1,TUNC;MARCUS VINICIUS;MARQUINHOS;EKSIOGLU;KUS;TJIKUZU;GULPINAR;INANC;KORKMAZ;AKIN;KABA
Sivasspor vs. Buyuksehir Belediyespor - Saturday May 9 - 2009,Sivasspor,hard,4-4-2,PETKOVIC;BAYRAK;FABIO BILICA;YERLIKAYA;DERELI;DAGASAN;ERDOGAN;AYDIN;TUM;KAMANAN;YILDIZ
Kayserispor vs. Gaziantepspor - Sunday May 10 - 2009,Gaziantepspor,hard,4-2-3-1,SAHIN;DEUMI;IRTEGUN;IVAN;BAYRAKTAR;CEYLAN;ZURITA;KOYBASI;OZGUR;COSKUN;EDU
Kayserispor vs. Gaziantepspor - Sunday May 10 - 2009,Kayserispor,hard,4-4-2,HAMIDOU;GUNGOR;TOSCALI;TURAN;TOLEDO;SAIDOU;OZCAL;DURAK;BOYRAZ;CANGELE;PUROVIC
Hacettepe Spor vs. Sivasspor - Saturday May 16 - 2009,Hacettepe Spor,hard,4-4-2,KAFKASYALI;KALKAN;KULUSIC;SEYHAN;SAHIN;SAM;GUNGOR;TOZO;ZOKO;TAMBWE;TUTUNCI
Hacettepe Spor vs. Sivasspor - Saturday May 16 - 2009,Sivasspor,hard,4-4-2,PETKOVIC;BAYRAK;FABIO BILICA;YERLIKAYA;DERELI;DAGASAN;ERDOGAN;BADUR;AYDIN;YILDIZ;TUM
Ankaragucu vs. Besiktas - Sunday May 17 - 2009,Ankaragucu,hard,4-4-2,KIRINTILI;SUME;LUIZ HENRIQUE;OZSARAC;OZKAYNAK;SERAS;BARUT;ERIS;DE NIGRIS;IGLESIAS;YILMAZ
Ankaragucu vs. Besiktas - Sunday May 17 - 2009,Besiktas,easy,4-2-3-1,RECBER;TORAMAN;ZAN;ZAPOTOCNY;UZULMEZ;CISSE;ERNST;SIMSEK;TELLO;HOLOSKO;BOBO
Antalyaspor vs. Fenerbahce - Sunday May 17 - 2009,Antalyaspor,hard,4-4-2,CATKIC;AYHAN;NIZAM;CAN;KAVUK;AGCAY;OZTURK;CEYLAN;TITA;ZITOUNI;DJIEHOUA
Antalyaspor vs. Fenerbahce - Sunday May 17 - 2009,Fenerbahce,easy,4-2-3-1,DEMIREL;LUGANO;ROBERTO CARLOS;GONUL;JOSICO;BILGIN;BELOZOGLU;BORAL;ALEX;DEIVID;GUIZA
Buyuksehir Belediyespor vs. Kayserispor - Sunday May 17 - 2009,Buyuksehir Belediyespor,hard,4-2-3-1,HASAGIC;DEPE;MARCUS VINICIUS;EKSIOGLU;KUS;TJIKUZU;INANC;GULPINAR;KORKMAZ;AKIN;KABA
Buyuksehir Belediyespor vs. Kayserispor - Sunday May 17 - 2009,Kayserispor,hard,4-4-2,HAMIDOU;GUNGOR;TOSCALI;TURAN;TOLEDO;SAIDOU;OZCAL;DURAK;BOYRAZ;CANGELE;PUROVIC
Denizlispor vs. Ankaraspor - Sunday May 17 - 2009,Ankaraspor,hard,4-2-3-1,SENECKY;BAHTIYAROGLU;BATAK;MERCIMEK;GUVEN;KOCAK;SOZEN;KISA;WEEKS;OZDEMIR;CAKIR
Denizlispor vs. Ankaraspor - Sunday May 17 - 2009,Denizlispor,hard,4-4-2,ONGUN;AKYILDIZ;BIRINCI;WESCLEY;VURAL;DANIEL BRAGA;ALADAG;ASKAROGLU;BANGOURA;ANGELOV;ROBERTS
Galatasaray vs. Genclerbirligi - Sunday May 17 - 2009,Galatasaray,easy,4-2-3-1,DE SANCTIS;ASIK;GUNGOR;BALTA;KURTULUS;TOPAL;OZBEK;AKMAN;LINCOLN;TURAN;BAROS
Galatasaray vs. Genclerbirligi - Sunday May 17 - 2009,Genclerbirligi,hard,4-4-2,OZTURK;POLAT;AYDIN;ASLANTAS;CAN;AVCI;NAS;CUBUKCU;ESER;KAHE;PEKTEMEK
Gaziantepspor vs. Kocaelispor - Sunday May 17 - 2009,Gaziantepspor,hard,4-2-3-1,SAHIN;DEUMI;IVAN;BAYRAKTAR;ZURITA;CEYLAN;KOYBASI;OZGUR;COSKUN;YOZGATLI;BETO
Gaziantepspor vs. Kocaelispor - Sunday May 17 - 2009,Kocaelispor,hard,4-4-2,KOPUZ;ONDER;OZDIN;SADYQOV;JULIO CESAR;KARTOP;NSUMBU;MUTLU;NZEKOU;HACIOGLU;GULLERI
Konyaspor vs. Eskisehirspor - Sunday May 17 - 2009,Eskisehirspor,hard,4-4-2,OREN;COSKUN;EL SAKA;NADAREVIC;ARSLAN;ERTUGRUL;TORAMAN;KOCABEY;BAYTAR;KARADENIZ;YOULA
Konyaspor vs. Eskisehirspor - Sunday May 17 - 2009,Konyaspor,hard,4-5-1,BAHADIR;COGUM;GUNDOSTU;KRATOCHVIL;MIHAJLOV;KOCAK;HASPOLATLI;ABDELAZIZ;ER;BOLUKBASI;CIHAN
Trabzonspor vs. Bursaspor - Sunday May 17 - 2009,Bursaspor,hard,4-4-2,IVANKOV;ERDOGAN;UZUMCU;KECELI;TANDOGAN;KIRITA;HAS;ACAR;IPEK;YILDIRIM;SHIN
Trabzonspor vs. Bursaspor - Sunday May 17 - 2009,Trabzonspor,easy,4-3-3,SYLVA;CORA;KORKMAZ;CALE;COKMUS;CIMSIR;INAN;COLMAN;YATTARA;BULUT;UNAL
Kayserispor vs. Hacettepe Spor - Saturday May 23 - 2009,Hacettepe Spor,hard,4-5-1,KAFKASYALI;KALKAN;KULUSIC;SAHIN;YAVUZ;YAPICI;TOZO;COSKUN;DAG;LIKA;TAMBWE
Kayserispor vs. Hacettepe Spor - Saturday May 23 - 2009,Kayserispor,hard,4-4-2,HAMIDOU;TOSCALI;TURAN;TOLEDO;BAYRAM;SAIDOU;DURAK;OLEMBE;BOYRAZ;AGHAHOWA;PUROVIC
Ankaragucu vs. Denizlispor - Sunday May 24 - 2009,Ankaragucu,hard,4-4-2,KIRINTILI;BOUZID;SUME;LUIZ HENRIQUE;OZKAYNAK;SERAS;OZGUR;ERIS;JABA;IGLESIAS;YILMAZ
Ankaragucu vs. Denizlispor - Sunday May 24 - 2009,Denizlispor,hard,4-4-2,ONGUN;AKYILDIZ;WESCLEY;VURAL;OZKAN;DANIEL BRAGA;ALADAG;ASKAROGLU;BANGOURA;ANGELOV;ROBERTS
Ankaraspor vs. Antalyaspor - Sunday May 24 - 2009,Ankaraspor,hard,4-2-3-1,SENECKY;BAHTIYAROGLU;BATAK;DEMIRKOL;BARIS;KOCAK;NECA;KISA;AGCA;KONATE;CAKIR
Ankaraspor vs. Antalyaspor - Sunday May 24 - 2009,Antalyaspor,hard,4-4-2,CATKIC;AYHAN;NIZAM;CAN;KAVUK;AGCAY;ARSLAN;CEYLAN;TITA;ZITOUNI;DJIEHOUA
Besiktas vs. Galatasaray - Sunday May 24 - 2009,Besiktas,easy,4-2-3-1,RECBER;SIVOK;TORAMAN;ZAN;UZULMEZ;DAG;ERNST;CISSE;TELLO;HOLOSKO;BOBO
Besiktas vs. Galatasaray - Sunday May 24 - 2009,Galatasaray,easy,4-4-2,USAK;ASIK;BALTA;SARIOGLU;TOPAL;AKMAN;OZBEK;KEWELL;TURAN;BAROS;NONDA
Bursaspor vs. Gaziantepspor - Sunday May 24 - 2009,Bursaspor,hard,4-4-2,IVANKOV;ERDOGAN;OZTURK;BEKIROGLU;TANDOGAN;KIRITA;ACAR;ASLAN;IPEK;SHIN;GULEC
Bursaspor vs. Gaziantepspor - Sunday May 24 - 2009,Gaziantepspor,hard,4-2-3-1,BEZGIN;DEUMI;IRTEGUN;JULIO CESAR;IVAN;ZURITA;KOYBASI;OZGUR;COSKUN;ADIN;BETO
Eskisehirspor vs. Trabzonspor - Sunday May 24 - 2009,Eskisehirspor,hard,4-4-2,OREN;COSKUN;EL SAKA;NADAREVIC;ARSLAN;ERTUGRUL;KAYA;OZBAYRAKTAR;YOULA;KARADENIZ;ANDERSON
Eskisehirspor vs. Trabzonspor - Sunday May 24 - 2009,Trabzonspor,easy,4-2-3-1,SYLVA;CORA;KACAR;KORKMAZ;CALE;CIMSIR;GULSELAM;COLMAN;INAN;ALANZINHO;BULUT
Fenerbahce vs. Konyaspor - Sunday May 24 - 2009,Fenerbahce,easy,4-2-3-1,DEMIREL;LUGANO;ROBERTO CARLOS;GONUL;SAHIN;BELOZOGLU;BILGIN;BORAL;ALEX;GUIZA;DEIVID
Fenerbahce vs. Konyaspor - Sunday May 24 - 2009,Konyaspor,hard,4-4-2,BAHADIR;COGUM;GULDUREN;KRATOCHVIL;MIHAJLOV;HASPOLATLI;TATAN;ABDELAZIZ;BOLUKBASI;AKIN;CIHAN
Kocaelispor vs. Buyuksehir Belediyespor - Sunday May 24 - 2009,Buyuksehir Belediyespor,hard,4-2-3-1,TUNC;DEPE;MARCUS VINICIUS;SUZEN;KUS;GULPINAR;INANC;KORKMAZ;BURUK;AKIN;KABA
Kocaelispor vs. Buyuksehir Belediyespor - Sunday May 24 - 2009,Kocaelispor,hard,4-4-2,EROL;ONDER;OZDIN;SADYQOV;OZTONGA;NSUMBU;KARTOP;TOPRAKTEPE;AKEEM AGBETU;HACIOGLU;GULLERI
Sivasspor vs. Genclerbirligi - Sunday May 24 - 2009,Genclerbirligi,hard,4-2-3-1,ISAILOVIC;ADDO;POLAT;AYDIN;MOMHA;ASLANTAS;CAN;JEDINAK;NAS;TROISI;PEKTEMEK
Sivasspor vs. Genclerbirligi - Sunday May 24 - 2009,Sivasspor,hard,4-4-2,PETKOVIC;BAYRAK;FABIO BILICA;YERLIKAYA;SYLLA;TUNCER;DAGASAN;ERDOGAN;AYDIN;TUM;YILDIZ
Gaziantepspor vs. Eskisehirspor - Friday May 29 - 2009,Eskisehirspor,hard,4-4-2,ERDOGAN;COSKUN;VUCKO;ONUR;ARSLAN;ERTUGRUL;TORAMAN;KAYA;OZBAYRAKTAR;YOULA;KARADENIZ
Gaziantepspor vs. Eskisehirspor - Friday May 29 - 2009,Gaziantepspor,hard,4-4-2,BEZGIN;DEUMI;IRTEGUN;IVAN;CEYLAN;KOYBASI;OZGUR;COSKUN;ADIN;YOZGATLI;BETO
Hacettepe Spor vs. Kocaelispor - Friday May 29 - 2009,Hacettepe Spor,hard,4-5-1,GULER;KULUSIC;SAHIN;YAVUZ;BEKMEZCI;COSKUN;YAPICI;DAG;YILDIRIM;LIKA;TAMBWE
Hacettepe Spor vs. Kocaelispor - Friday May 29 - 2009,Kocaelispor,hard,4-4-2,EROL;ONDER;OZDIN;YANIK;SAMANCI;MUTLU;HUSEYNOV;NZEKOU;BAYRAKTAR;HACIOGLU;GULLERI
Antalyaspor vs. Ankaragucu - Saturday May 30 - 2009,Ankaragucu,hard,4-4-2,KIRINTILI;BOUZID;SUME;LUIZ HENRIQUE;SERAS;BARUT;OZGUR;DURUER;ERIS;JABA;YILMAZ
Antalyaspor vs. Ankaragucu - Saturday May 30 - 2009,Antalyaspor,hard,4-4-2,CATKIC;AK;AYHAN;KAVUK;AGCAY;OZMERT;CEYLAN;TITA;ZITOUNI;OZKAN;KURU
Buyuksehir Belediyespor vs. Bursaspor - Saturday May 30 - 2009,Bursaspor,hard,4-4-2,IVANKOV;OZTURK;UZUMCU;KECELI;TANDOGAN;KIRITA;HAS;ACAR;SEN;YILDIRIM;SHIN
Buyuksehir Belediyespor vs. Bursaspor - Saturday May 30 - 2009,Buyuksehir Belediyespor,hard,4-2-3-1,TUNC;DEPE;SUZEN;SAHIN;TEKDEMIR;KORKMAZ;BURUK;KILIC;SABANKAY;AKIN;GUZELDAL
Denizlispor vs. Besiktas - Saturday May 30 - 2009,Besiktas,easy,4-4-2,RECBER;SIVOK;TORAMAN;ZAN;DAG;CISSE;ERNST;TELLO;OZKAN;HOLOSKO;BOBO
Denizlispor vs. Besiktas - Saturday May 30 - 2009,Denizlispor,hard,4-4-2,GONEN;AKYILDIZ;WESCLEY;VURAL;OZKAN;DANIEL BRAGA;ALADAG;ASKAROGLU;BANGOURA;ANGELOV;ROBERTS
Galatasaray vs. Sivasspor - Saturday May 30 - 2009,Galatasaray,easy,4-4-2,USAK;BALTA;YAMAN;SARIOGLU;TOPAL;AKMAN;OZBEK;KEWELL;TURAN;BAROS;NONDA
Galatasaray vs. Sivasspor - Saturday May 30 - 2009,Sivasspor,hard,4-4-2,PETKOVIC;FABIO BILICA;DIALLO;SOZGELMEZ;YERLIKAYA;DAGASAN;SYLLA;TUNCER;ERDOGAN;TUM;YILDIZ
Genclerbirligi vs. Kayserispor - Saturday May 30 - 2009,Genclerbirligi,hard,4-4-2,OZTURK;POLAT;AYDIN;MOMHA;ASLANTAS;CAN;JEDINAK;NAS;TROISI;KAHE;PEKTEMEK
Genclerbirligi vs. Kayserispor - Saturday May 30 - 2009,Kayserispor,hard,4-4-2,HAMIDOU;GUNGOR;TOSCALI;TURAN;TOLEDO;SAIDOU;DURAK;OLEMBE;BOYRAZ;AGHAHOWA;PUROVIC
Konyaspor vs. Ankaraspor - Saturday May 30 - 2009,Ankaraspor,hard,4-2-3-1,KURSUNLU;BAHTIYAROGLU;BATAK;KAHYA;GUVEN;GUCER;KOCAK;NECA;AGCA;MEYE;CAKIR
Konyaspor vs. Ankaraspor - Saturday May 30 - 2009,Konyaspor,hard,4-5-1,BAHADIR;GUNDOSTU;KRATOCHVIL;MIHAJLOV;KAUE;ABDELAZIZ;HASPOLATLI;ER;BOLUKBASI;POLJAC;CIHAN
Trabzonspor vs. Fenerbahce - Saturday May 30 - 2009,Fenerbahce,easy,4-2-3-1,DEMIREL;CAKMAK;ROBERTO CARLOS;GONUL;SAHIN;BILGIN;BELOZOGLU;BORAL;ALEX;DEIVID;GUIZA
Trabzonspor vs. Fenerbahce - Saturday May 30 - 2009,Trabzonspor,easy,4-3-3,SYLVA;CORA;KACAR;KORKMAZ;CALE;CIMSIR;INAN;COLMAN;ALANZINHO;BULUT;UNAL
