game,team,difficulty,formation,lineup
Buyuksehir Belediyespor vs. Besiktas - Friday August 7 - 2009,Besiktas,easy,4-5-1,ARIKAN;FERRARI;SIVOK;FINK;GUVEN;ERNST;KOYBASI;SIMSEK;TELLO;HOLOSKO;NOBRE
Buyuksehir Belediyespor vs. Besiktas - Friday August 7 - 2009,Buyuksehir Belediyespor,hard,4-3-3,BAHADIR;DEPE;SUZEN;KUS;SYLLA;INANC;TEKDEMIR;KORKMAZ;AKIN;ALIN;TUM
Antalyaspor vs. Ankaraspor - Saturday August 8 - 2009,Ankaraspor,hard,4-4-2,SENECKY;BAHTIYAROGLU;BRABEC;BARIS;GUCER;KOCAK;TITA;KARABULUT;TOSUN;MEYE;CAKIR
Antalyaspor vs. Ankaraspor - Saturday August 8 - 2009,Antalyaspor,hard,4-4-2,CATKIC;AK;AYHAN;CAN;ZENGIN;AGCAY;ARSLAN;CEYLAN;ZITOUNI;CIHAN;BALILI
Diyarbakirspor vs. Ankaragucu - Saturday August 8 - 2009,Ankaragucu,hard,4-5-1,KIRINTILI;SUME;DIEGO PADILHA;CETIN;HASPOLATLI;BARUT;OZGUR;SOSIBO;ERIS;BAYRAKTAR;IGLESIAS
Diyarbakirspor vs. Ankaragucu - Saturday August 8 - 2009,Diyarbakirspor,hard,4-5-1,TUNCAY;MEGAHED;DIALLO;ABBAS;ABDELAZIZ;GUNES;ATAS;GUNGOR;ASKAROGLU;SEN;SENTURK
Sivasspor vs. Trabzonspor - Saturday August 8 - 2009,Sivasspor,hard,4-4-2,PETKOVIC;BAYRAK;SOZGELMEZ;YERLIKAYA;KAVUK;TUNCER;DAGASAN;YILMAZ;AYDIN;KAMANAN;MARTIN
Sivasspor vs. Trabzonspor - Saturday August 8 - 2009,Trabzonspor,easy,4-5-1,SYLVA;KORKMAZ;SONG;CALE;BALCI;TJIKUZU;COLMAN;INAN;BAYTAR;ALANZINHO;BULUT
Bursaspor vs. Kasimpasa - Sunday August 9 - 2009,Bursaspor,hard,4-2-3-1,IVANKOV;ERDOGAN;ZAPOTOCNY;KECELI;TANDOGAN;CIMSIR;HAS;IPEK;SEN;YILDIRIM;BAHADIR
Bursaspor vs. Kasimpasa - Sunday August 9 - 2009,Kasimpasa,hard,4-5-1,OZGEN;BARAN;ACIL;PAVLIK;ANDRE GALIASSI;KARTAL;KELLER;GUNES;BOUKHARI;RUIZ;KUCUK
Denizlispor vs. Fenerbahce - Sunday August 9 - 2009,Denizlispor,hard,4-4-2,ONGUN;BAJIC;CHRYSOSTOME;DANIEL BRAGA;ALADAG;YIGEN;BANGOURA;CALIK;HACIOGLU;ANGELOV;ROBERTS
Denizlispor vs. Fenerbahce - Sunday August 9 - 2009,Fenerbahce,easy,4-5-1,DEMIREL;TURACI;FABIO BILICA;WEDERSON;SANTOS;GONUL;BELOZOGLU;CRISTIAN;ALEX;KAZIM-RICHARDS;GUIZA
Gaziantepspor vs. Galatasaray - Sunday August 9 - 2009,Galatasaray,easy,4-2-3-1,FRANCO;CETIN;ZAN;BALTA;SARIOGLU;SARP;AKMAN;TURAN;YILMAZ;KEITA;BAROS
Gaziantepspor vs. Galatasaray - Sunday August 9 - 2009,Gaziantepspor,hard,4-2-3-1,BEZGIN;JULIO CESAR;DEUMI;BAYRAKTAR;CEYLAN;ZURITA;TABATA;ADIN;YOZGATLI;BETO;CESAR
Genclerbirligi vs. Kayserispor - Sunday August 9 - 2009,Genclerbirligi,hard,4-4-2,KULBILGE;EKER;DEMIR;MOMHA;SAM;CAN;SERAS;TOZO;ESER;KAHE;TAMBWE
Genclerbirligi vs. Kayserispor - Sunday August 9 - 2009,Kayserispor,hard,4-5-1,HAMIDOU;TOSCALI;TURAN;TOLEDO;SAIDOU;YUCE;OLEMBE;TROISI;EMRECIKSIN;BOYRAZ;CANGELE
Manisaspor vs. Eskisehirspor - Sunday August 9 - 2009,Eskisehirspor,hard,4-4-2,IVESA;COSKUN;EL SAKA;VUCKO;ERTUGRUL;BASDAG;KAYA;KOCABEY;KARAN;YILMAZ;YOULA
Manisaspor vs. Eskisehirspor - Sunday August 9 - 2009,Manisaspor,hard,4-3-3,AVCIBAY;DIXON;KALABANE;AYDIN;COKMUS;CALISKAN;NAS;VAROL;SIMPSON;PROMISE;KELES
Ankaragucu vs. Manisaspor - Saturday August 15 - 2009,Ankaragucu,hard,4-2-3-1,KIRINTILI;DIEGO PADILHA;SUME;KANAK;BARUT;HASPOLATLI;OZGUR;SOSIBO;ERIS;IGLESIAS;VASSELL
Ankaragucu vs. Manisaspor - Saturday August 15 - 2009,Manisaspor,hard,4-5-1,AVCIBAY;DIXON;OZSARAC;AYDIN;COKMUS;CALISKAN;INCEDEMIR;NAS;VAROL;SIMPSON;PROMISE
Galatasaray vs. Denizlispor - Saturday August 15 - 2009,Denizlispor,hard,4-4-2,ONGUN;AKYILDIZ;CHRYSOSTOME;SOLAKEL;CELEP;VURAL;DANIEL BRAGA;YIGEN;BANGOURA;HACIOGLU;ANGELOV
Galatasaray vs. Denizlispor - Saturday August 15 - 2009,Galatasaray,easy,4-2-3-1,FRANCO;ASIK;GUNGOR;YAMAN;UCAR;SARP;OZBEK;TURAN;KEWELL;KEITA;BAROS
Trabzonspor vs. Diyarbakirspor - Saturday August 15 - 2009,Diyarbakirspor,hard,4-4-2,ARAGON;DOGANTEZ;DIALLO;ABBAS;CETIN;GUNGOR;ATAS;ABDELAZIZ;ASKAROGLU;THIERRY FIDJEU TAZEMETA;MENDOZA
Trabzonspor vs. Diyarbakirspor - Saturday August 15 - 2009,Trabzonspor,easy,4-5-1,SYLVA;KACAR;KORKMAZ;CALE;BALCI;TJIKUZU;GULSELAM;COLMAN;BAYTAR;ALANZINHO;BULUT
Ankaraspor vs. Genclerbirligi - Sunday August 16 - 2009,Ankaraspor,hard,4-2-3-1,SENECKY;BAHTIYAROGLU;BRABEC;BARIS;GUCER;KOCAK;TITA;KARABULUT;TOSUN;CAKIR;PARLAK
Ankaraspor vs. Genclerbirligi - Sunday August 16 - 2009,Genclerbirligi,hard,4-5-1,KULBILGE;EKER;DEMIR;MOMHA;SAM;CAN;TOZO;HARBUZI;ESER;KAHE;PEKTEMEK
Eskisehirspor vs. Bursaspor - Sunday August 16 - 2009,Bursaspor,hard,4-2-3-1,IVANKOV;ERDOGAN;ZAPOTOCNY;KECELI;TANDOGAN;CIMSIR;HAS;IPEK;SEN;YILDIRIM;SHIN
Eskisehirspor vs. Bursaspor - Sunday August 16 - 2009,Eskisehirspor,hard,4-3-3,IVESA;EL SAKA;VUCKO;ONUR;ARSLAN;BASDAG;KAYA;KOCABEY;KARAN;YILMAZ;YOULA
Fenerbahce vs. Sivasspor - Sunday August 16 - 2009,Fenerbahce,easy,4-5-1,DEMIREL;FABIO BILICA;TURACI;SANTOS;ROBERTO CARLOS;GONUL;CRISTIAN;BELOZOGLU;ALEX;KAZIM-RICHARDS;GUIZA
Fenerbahce vs. Sivasspor - Sunday August 16 - 2009,Sivasspor,hard,4-4-2,PETKOVIC;BAYRAK;CAKMAK;SOZGELMEZ;YERLIKAYA;TUNCER;DAGASAN;BEKMEZCI;YILMAZ;KAMANAN;MARTIN
Kasimpasa vs. Buyuksehir Belediyespor - Sunday August 16 - 2009,Buyuksehir Belediyespor,hard,4-5-1,BAHADIR;DEPE;SUZEN;SAHIN;TEKDEMIR;SYLLA;INANC;KORKMAZ;AKIN;ALIN;TUM
Kasimpasa vs. Buyuksehir Belediyespor - Sunday August 16 - 2009,Kasimpasa,hard,4-4-2,OZGEN;BARAN;PAVLIK;ANDRE GALIASSI;KARTAL;KELLER;GUNES;KURTULUS;ANDRE MORITZ;KARTAL;KUCUK
Kayserispor vs. Gaziantepspor - Sunday August 16 - 2009,Gaziantepspor,hard,4-4-2,BEZGIN;DEUMI;JULIO CESAR;KURTULUS;BAYRAKTAR;ZURITA;OZGUR;TABATA;ADIN;BETO;CESAR
Kayserispor vs. Gaziantepspor - Sunday August 16 - 2009,Kayserispor,hard,4-2-3-1,HAMIDOU;TOSCALI;TURAN;TOLEDO;BAYRAM;SAIDOU;DURAK;TROISI;BOYRAZ;CANGELE;MAKUKULA
Besiktas vs. Antalyaspor - Monday August 17 - 2009,Antalyaspor,hard,4-4-2,CATKIC;AK;AYHAN;CAN;ZENGIN;AGCAY;ARSLAN;CEYLAN;ZITOUNI;CIHAN;BALILI
Besiktas vs. Antalyaspor - Monday August 17 - 2009,Besiktas,easy,4-4-2,ARIKAN;FERRARI;FINK;SIVOK;UZULMEZ;GUVEN;ERNST;TELLO;BOBO;KAHVECI;NOBRE
Bursaspor vs. Ankaragucu - Saturday August 22 - 2009,Ankaragucu,hard,4-5-1,KIRINTILI;SUME;LUIZ HENRIQUE;OZKAYNAK;BARUT;HASPOLATLI;OZGUR;SOSIBO;ERIS;HENDERSON;VASSELL
Bursaspor vs. Ankaragucu - Saturday August 22 - 2009,Bursaspor,hard,4-2-3-1,IVANKOV;ERDOGAN;ZAPOTOCNY;KECELI;TANDOGAN;CIMSIR;ERGIC;SEN;IPEK;YILDIRIM;BAHADIR
Buyuksehir Belediyespor vs. Eskisehirspor - Saturday August 22 - 2009,Buyuksehir Belediyespor,hard,4-3-3,BAHADIR;DEPE;SUZEN;KUS;INANC;SYLLA;TEKDEMIR;KORKMAZ;AKIN;ALIN;TUM
Buyuksehir Belediyespor vs. Eskisehirspor - Saturday August 22 - 2009,Eskisehirspor,hard,4-3-3,IVESA;EL SAKA;VUCKO;ONUR;ARSLAN;ERTUGRUL;BASDAG;KOCABEY;KARAN;YILMAZ;YOULA
Genclerbirligi vs. Besiktas - Saturday August 22 - 2009,Besiktas,easy,4-5-1,ARIKAN;FERRARI;SIVOK;FINK;UZULMEZ;GUVEN;ERNST;INCEMAN;TELLO;HOLOSKO;KAHVECI
Genclerbirligi vs. Besiktas - Saturday August 22 - 2009,Genclerbirligi,hard,4-2-3-1,KULBILGE;DEMIR;EKER;RADELJIC;SAM;CAN;TOZO;HARBUZI;ESER;PEKTEMEK;KAHE
Antalyaspor vs. Kasimpasa - Sunday August 23 - 2009,Antalyaspor,hard,4-4-2,CATKIC;AK;AYHAN;BATAK;ZENGIN;JEDINAK;OZTURK;CEYLAN;ZITOUNI;BALILI;CIHAN
Antalyaspor vs. Kasimpasa - Sunday August 23 - 2009,Kasimpasa,hard,4-5-1,OZGEN;ANDRE GALIASSI;PAVLIK;BARAN;KARTAL;OCAL;KELLER;GUNES;ANDRE MORITZ;KUCUK;RUIZ
Galatasaray vs. Kayserispor - Sunday August 23 - 2009,Galatasaray,easy,4-2-3-1,FRANCO;CETIN;ZAN;BALTA;SARIOGLU;SARP;AKMAN;TURAN;YILMAZ;KEITA;BAROS
Galatasaray vs. Kayserispor - Sunday August 23 - 2009,Kayserispor,hard,4-4-2,HAMIDOU;TOSCALI;TURAN;TOLEDO;OZER;SAIDOU;TROISI;EMRECIKSIN;BOYRAZ;CANGELE;MAKUKULA
Gaziantepspor vs. Ankaraspor - Sunday August 23 - 2009,Ankaraspor,hard,4-3-3,SENECKY;BRABEC;MERCIMEK;CEK;GUCER;KOCAK;NECA;KISA;TITA;KARABULUT;PARLAK
Gaziantepspor vs. Ankaraspor - Sunday August 23 - 2009,Gaziantepspor,hard,4-4-2,BEZGIN;DEUMI;JULIO CESAR;KURTULUS;CEYLAN;ZURITA;TABATA;OZGUR;ADIN;BETO;CESAR
Manisaspor vs. Trabzonspor - Sunday August 23 - 2009,Manisaspor,hard,4-5-1,AVCIBAY;DIXON;OZSARAC;AYDIN;OKYAY;COKMUS;CALISKAN;INCEDEMIR;NAS;VAROL;PROMISE
Manisaspor vs. Trabzonspor - Sunday August 23 - 2009,Trabzonspor,easy,4-5-1,SYLVA;KORKMAZ;SONG;CALE;BALCI;TJIKUZU;COLMAN;INAN;BAYTAR;GABRIC;BULUT
Diyarbakirspor vs. Fenerbahce - Monday August 24 - 2009,Diyarbakirspor,hard,4-4-2,ARAGON;DIALLO;DOGANTEZ;ABBAS;GUNGOR;ATAS;ABDELAZIZ;GUNES;ASKAROGLU;MENDOZA;THIERRY FIDJEU TAZEMETA
Diyarbakirspor vs. Fenerbahce - Monday August 24 - 2009,Fenerbahce,easy,4-4-2,DEMIREL;FABIO BILICA;LUGANO;SANTOS;ROBERTO CARLOS;GONUL;BELOZOGLU;CRISTIAN;KAZIM-RICHARDS;GUIZA;SENTURK
Besiktas vs. Gaziantepspor - Friday August 28 - 2009,Besiktas,easy,4-5-1,ARIKAN;FERRARI;KAS;SIVOK;FINK;ERNST;KOYBASI;TELLO;OZKAN;HOLOSKO;KAHVECI
Besiktas vs. Gaziantepspor - Friday August 28 - 2009,Gaziantepspor,hard,3-5-2,BEZGIN;JULIO CESAR;DEUMI;SEKMAN;CEYLAN;ZURITA;OZGUR;COSKUN;ADIN;BETO;CESAR
Ankaragucu vs. Buyuksehir Belediyespor - Saturday August 29 - 2009,Ankaragucu,hard,4-5-1,KIRINTILI;BAHTIYAROGLU;SUME;LUIZ HENRIQUE;OZKAYNAK;AYGUN;BARUT;OZGUR;ERIS;VASSELL;BEBBE
Ankaragucu vs. Buyuksehir Belediyespor - Saturday August 29 - 2009,Buyuksehir Belediyespor,hard,4-3-3,BAHADIR;DEPE;SUZEN;KUS;TEKDEMIR;INANC;SYLLA;KORKMAZ;AKIN;TUM;ALIN
Eskisehirspor vs. Antalyaspor - Saturday August 29 - 2009,Antalyaspor,hard,4-3-3,CATKIC;AK;AYHAN;CAN;ZENGIN;JEDINAK;ARSLAN;OZTURK;ZITOUNI;CIHAN;BALILI
Eskisehirspor vs. Antalyaspor - Saturday August 29 - 2009,Eskisehirspor,hard,4-4-2,IVESA;EL SAKA;VUCKO;ONUR;ARSLAN;ERTUGRUL;KOCABEY;YOULA;YILMAZ;YILMAZ;KARAN
Kayserispor vs. Denizlispor - Saturday August 29 - 2009,Denizlispor,hard,4-4-2,ONGUN;BAJIC;VURAL;SOLAKEL;YIGEN;ALADAG;BANGOURA;CALIK;HACIOGLU;ANGELOV;ROBERTS
Kayserispor vs. Denizlispor - Saturday August 29 - 2009,Kayserispor,hard,4-5-1,HAMIDOU;TOSCALI;TURAN;TOLEDO;BAYRAM;SAIDOU;YILMAZ;TROISI;BOYRAZ;CANGELE;MAKUKULA
Fenerbahce vs. Manisaspor - Sunday August 30 - 2009,Fenerbahce,easy,4-5-1,DEMIREL;LUGANO;IRTEGUN;TURACI;ROBERTO CARLOS;SANTOS;CRISTIAN;BELOZOGLU;ALEX;GUIZA;KAZIM-RICHARDS
Fenerbahce vs. Manisaspor - Sunday August 30 - 2009,Manisaspor,hard,4-5-1,AVCIBAY;DIXON;OZSARAC;AYDIN;COKMUS;INCEDEMIR;CALISKAN;NAS;VAROL;SIMPSON;KELES
Kasimpasa vs. Genclerbirligi - Sunday August 30 - 2009,Genclerbirligi,hard,4-5-1,KULBILGE;DEMIR;RADELJIC;EKER;CAN;SAM;TOZO;HARBUZI;ESER;KAHE;PEKTEMEK
Kasimpasa vs. Genclerbirligi - Sunday August 30 - 2009,Kasimpasa,hard,4-5-1,OZGEN;ACIL;BARAN;KARTAL;OCAL;KELLER;GUNES;AKIN;ANDRE MORITZ;BOUKHARI;RUIZ
Sivasspor vs. Diyarbakirspor - Sunday August 30 - 2009,Diyarbakirspor,hard,4-5-1,ARAGON;BOZKURT;DOGANTEZ;MEGAHED;ABBAS;ABDELAZIZ;ATAS;GUNGOR;ASKAROGLU;MENDOZA;THIERRY FIDJEU TAZEMETA
Sivasspor vs. Diyarbakirspor - Sunday August 30 - 2009,Sivasspor,hard,4-4-2,VARDAR;BAYRAK;CAKMAK;YERLIKAYA;DERELI;BEKMEZCI;TUNCER;KILIC;YILMAZ;KAMANAN;MARTIN
Trabzonspor vs. Bursaspor - Sunday August 30 - 2009,Bursaspor,hard,4-3-3,IVANKOV;ERDOGAN;ZAPOTOCNY;KECELI;TANDOGAN;CIMSIR;ERGIC;ACAR;IPEK;YILDIRIM;BAHADIR
Trabzonspor vs. Bursaspor - Sunday August 30 - 2009,Trabzonspor,easy,4-2-3-1,SYLVA;KACAR;SONG;OZTORUN;BALCI;GULSELAM;COLMAN;INAN;MEMIS;GABRIC;UNAL
Ankaraspor vs. Galatasaray - Monday August 31 - 2009,Ankaraspor,hard,4-2-3-1,SENECKY;BRABEC;MERCIMEK;BARIS;GUCER;KOCAK;KISA;NECA;TITA;KARABULUT;PARLAK
Ankaraspor vs. Galatasaray - Monday August 31 - 2009,Galatasaray,easy,4-5-1,FRANCO;CETIN;ASIK;BALTA;SARIOGLU;SARP;TOPAL;ELANO;TURAN;KEITA;BAROS
Denizlispor vs. Diyarbakirspor - Saturday September 12 - 2009,Denizlispor,hard,4-4-2,ONGUN;BAJIC;COGUM;CHRYSOSTOME;YIGEN;TATAN;DANIEL BRAGA;BANGOURA;HACIOGLU;ANGELOV;ROBERTS
Denizlispor vs. Diyarbakirspor - Saturday September 12 - 2009,Diyarbakirspor,hard,4-5-1,ARAGON;BOZKURT;DOGANTEZ;YAVUZ;ABBAS;ABDELAZIZ;ATAS;GUNGOR;ASKAROGLU;MENDOZA;ULUM
Galatasaray vs. Besiktas - Saturday September 12 - 2009,Besiktas,easy,4-5-1,RECBER;FERRARI;KAS;SIVOK;DAG;ERNST;KOYBASI;TABATA;SIMSEK;OZKAN;KAHVECI
Galatasaray vs. Besiktas - Saturday September 12 - 2009,Galatasaray,easy,4-3-3,FRANCO;ASIK;CETIN;BALTA;SARIOGLU;SARP;TOPAL;KEWELL;TURAN;KEITA;BAROS
Manisaspor vs. Sivasspor - Saturday September 12 - 2009,Manisaspor,hard,4-2-3-1,AVCIBAY;DIXON;OZSARAC;AYDIN;COKMUS;CALISKAN;NAS;OZTURK;SIMPSON;PROMISE;KELES
Manisaspor vs. Sivasspor - Saturday September 12 - 2009,Sivasspor,hard,4-5-1,VARDAR;BAYRAK;CAKMAK;YERLIKAYA;KAVUK;BEKMEZCI;DAGASAN;YILMAZ;KILIC;AYDIN;SAHIN
Antalyaspor vs. Ankaragucu - Sunday September 13 - 2009,Ankaragucu,hard,4-5-1,KIRINTILI;BAHTIYAROGLU;SUME;RISP;BROGGI;BARUT;GUCER;OZGUR;DURUER;VASSELL;CAKIR
Antalyaspor vs. Ankaragucu - Sunday September 13 - 2009,Antalyaspor,hard,4-3-3,CATKIC;AK;AYHAN;CAN;ZENGIN;ARSLAN;JEDINAK;OZTURK;ZITOUNI;CIHAN;ATES
Bursaspor vs. Fenerbahce - Sunday September 13 - 2009,Bursaspor,hard,4-5-1,IVANKOV;ERDOGAN;ZAPOTOCNY;TUNCER;TANDOGAN;CIMSIR;ERGIC;BATALLA;SEN;YILDIRIM;BAHADIR
Bursaspor vs. Fenerbahce - Sunday September 13 - 2009,Fenerbahce,easy,4-5-1,DEMIREL;FABIO BILICA;LUGANO;ROBERTO CARLOS;WEDERSON;GONUL;CRISTIAN;TOPUZ;ALEX;GUIZA;KAZIM-RICHARDS
Buyuksehir Belediyespor vs. Trabzonspor - Sunday September 13 - 2009,Buyuksehir Belediyespor,hard,4-3-3,BAHADIR;MARCUS VINICIUS;SUZEN;KUS;SYLLA;GULPINAR;TEKDEMIR;KORKMAZ;AKIN;ALIN;KABA
Buyuksehir Belediyespor vs. Trabzonspor - Sunday September 13 - 2009,Trabzonspor,easy,4-3-3,SYLVA;CORA;KACAR;KORKMAZ;OZTORUN;BALCI;COLMAN;INAN;GABRIC;BULUT;UNAL
Gaziantepspor vs. Kasimpasa - Sunday September 13 - 2009,Gaziantepspor,hard,4-4-2,BEZGIN;DEUMI;JULIO CESAR;SEKMAN;CEYLAN;ZURITA;OZGUR;COSKUN;ADIN;BETO;CESAR
Gaziantepspor vs. Kasimpasa - Sunday September 13 - 2009,Kasimpasa,hard,4-5-1,OZGEN;BASDAS;KAPLAN;OCAL;KELLER;ELMACI;AVCI;TORAMAN;ANDRE MORITZ;KUCUK;KARADAS
Genclerbirligi vs. Eskisehirspor - Sunday September 13 - 2009,Eskisehirspor,hard,4-4-2,IVESA;EL SAKA;VUCKO;ONUR;ARSLAN;ERTUGRUL;KAYA;YOULA;YILMAZ;KARAN;YILMAZ
Genclerbirligi vs. Eskisehirspor - Sunday September 13 - 2009,Genclerbirligi,hard,4-5-1,KULBILGE;DEMIR;RADELJIC;EKER;SAM;CAN;TOZO;HARBUZI;ESER;KAHE;PEKTEMEK
Denizlispor vs. Sivasspor - Wednesday September 16 - 2009,Denizlispor,hard,4-4-2,ONGUN;AKYILDIZ;COGUM;CHRYSOSTOME;VURAL;DANIEL BRAGA;TATAN;BANGOURA;HACIOGLU;ANGELOV;ROBERTS
Denizlispor vs. Sivasspor - Wednesday September 16 - 2009,Sivasspor,hard,4-4-2,VARDAR;BAYRAK;CAKMAK;SOZGELMEZ;YERLIKAYA;BEKMEZCI;DAGASAN;YILMAZ;AYDIN;SAHIN;MARTIN
Trabzonspor vs. Antalyaspor - Friday September 18 - 2009,Antalyaspor,hard,4-3-3,KESER;AK;AYHAN;CAN;ZENGIN;JEDINAK;ARSLAN;OZTURK;ZITOUNI;ATES;CIHAN
Trabzonspor vs. Antalyaspor - Friday September 18 - 2009,Trabzonspor,easy,4-3-3,SYLVA;CORA;KACAR;KORKMAZ;OZTORUN;BALCI;COLMAN;INAN;GABRIC;BULUT;UNAL
Ankaragucu vs. Genclerbirligi - Saturday September 19 - 2009,Ankaragucu,hard,4-5-1,KIRINTILI;BAHTIYAROGLU;SUME;BROGGI;BARUT;GUCER;HASPOLATLI;ERIS;VASSELL;IGLESIAS;CAKIR
Ankaragucu vs. Genclerbirligi - Saturday September 19 - 2009,Genclerbirligi,hard,4-5-1,KULBILGE;RADELJIC;EKER;DEMIR;SAM;CAN;TOZO;HARBUZI;ESER;KAHE;PEKTEMEK
Besiktas vs. Kayserispor - Saturday September 19 - 2009,Besiktas,easy,4-4-2,ARIKAN;FERRARI;KAS;SIVOK;DAG;ERNST;TABATA;TELLO;OZKAN;NOBRE;BOBO
Besiktas vs. Kayserispor - Saturday September 19 - 2009,Kayserispor,hard,4-5-1,HAMIDOU;TOSCALI;TURAN;TOLEDO;BAYRAM;SAIDOU;OZCAL;OLEMBE;BOYRAZ;CANGELE;MAKUKULA
Diyarbakirspor vs. Manisaspor - Saturday September 19 - 2009,Diyarbakirspor,hard,4-5-1,ARAGON;DOGANTEZ;YAVUZ;ABBAS;CETIN;GUNES;ABDELAZIZ;ATAS;GUNGOR;MENDOZA;ULUM
Diyarbakirspor vs. Manisaspor - Saturday September 19 - 2009,Manisaspor,hard,4-5-1,USAK;DIXON;OZSARAC;AYDIN;COKMUS;GUVEN;NAS;VAROL;OZTURK;SIMPSON;PROMISE
Eskisehirspor vs. Gaziantepspor - Saturday September 19 - 2009,Eskisehirspor,hard,4-4-2,IVESA;NADAREVIC;VUCKO;ONUR;ARSLAN;ERTUGRUL;KAYA;YILMAZ;KARAN;YILMAZ;YOULA
Eskisehirspor vs. Gaziantepspor - Saturday September 19 - 2009,Gaziantepspor,hard,4-2-3-1,BEZGIN;DEUMI;JULIO CESAR;IVAN;SEKMAN;CEYLAN;ZURITA;OZGUR;ADIN;BETO;TUTUNCI
Sivasspor vs. Bursaspor - Saturday September 19 - 2009,Bursaspor,hard,4-3-3,IVANKOV;ERDOGAN;ZAPOTOCNY;TUNCER;TANDOGAN;CIMSIR;ERGIC;ACAR;SEN;YILDIRIM;BAHADIR
Sivasspor vs. Bursaspor - Saturday September 19 - 2009,Sivasspor,hard,4-4-2,VARDAR;BAYRAK;CAKMAK;SOZGELMEZ;YERLIKAYA;DAGASAN;MBANANGOYE;YILMAZ;AYDIN;MARTIN;SAHIN
Fenerbahce vs. Buyuksehir Belediyespor - Sunday September 20 - 2009,Buyuksehir Belediyespor,hard,4-3-3,BAHADIR;DEPE;MARCUS VINICIUS;EKSIOGLU;KUS;SYLLA;KORKMAZ;BURUK;ALIN;TUM;KABA
Fenerbahce vs. Buyuksehir Belediyespor - Sunday September 20 - 2009,Fenerbahce,easy,4-5-1,DEMIREL;FABIO BILICA;LUGANO;WEDERSON;SANTOS;GONUL;CRISTIAN;TOPUZ;ALEX;GUIZA;KAZIM-RICHARDS
Kasimpasa vs. Galatasaray - Monday September 21 - 2009,Galatasaray,easy,4-3-3,FRANCO;ASIK;CETIN;ERKIN;SARIOGLU;TOPAL;SARP;ELANO;TURAN;KEWELL;BAROS
Kasimpasa vs. Galatasaray - Monday September 21 - 2009,Kasimpasa,hard,4-5-1,OZGEN;BASDAS;KAPLAN;AVCI;TORAMAN;ELMACI;KELLER;GUNES;ERDOGAN;ANDRE MORITZ;KARADAS
Genclerbirligi vs. Trabzonspor - Friday September 25 - 2009,Genclerbirligi,hard,4-5-1,KULBILGE;DEMIR;RADELJIC;EKER;CAN;SAM;TOZO;HARBUZI;ESER;KAHE;PEKTEMEK
Genclerbirligi vs. Trabzonspor - Friday September 25 - 2009,Trabzonspor,easy,4-3-3,SYLVA;KACAR;KORKMAZ;SONG;OZTORUN;GULSELAM;COLMAN;INAN;GABRIC;BULUT;UNAL
Antalyaspor vs. Fenerbahce - Saturday September 26 - 2009,Antalyaspor,hard,4-3-3,KESER;AK;AYHAN;BATAK;ZENGIN;JEDINAK;ARSLAN;AGCAY;ZITOUNI;ATES;CIHAN
Antalyaspor vs. Fenerbahce - Saturday September 26 - 2009,Fenerbahce,easy,4-5-1,DEMIREL;FABIO BILICA;LUGANO;WEDERSON;SANTOS;GONUL;CRISTIAN;TOPUZ;ALEX;GUIZA;KAZIM-RICHARDS
Bursaspor vs. Diyarbakirspor - Saturday September 26 - 2009,Bursaspor,hard,4-3-3,IVANKOV;ERDOGAN;ZAPOTOCNY;TUNCER;TANDOGAN;CIMSIR;ERGIC;ACAR;SEN;YILDIRIM;BAHADIR
Bursaspor vs. Diyarbakirspor - Saturday September 26 - 2009,Diyarbakirspor,hard,4-5-1,ARAGON;BOZKURT;YAVUZ;DOGANTEZ;ABBAS;CETIN;GUNGOR;ATAS;ABDELAZIZ;MENDOZA;JOB
Buyuksehir Belediyespor vs. Sivasspor - Saturday September 26 - 2009,Buyuksehir Belediyespor,hard,4-3-3,BAHADIR;DEPE;MARCUS VINICIUS;EKSIOGLU;KUS;SYLLA;KORKMAZ;BURUK;AKIN;ALIN;TUM
Buyuksehir Belediyespor vs. Sivasspor - Saturday September 26 - 2009,Sivasspor,hard,4-2-3-1,VARDAR;BAYRAK;SOZGELMEZ;YERLIKAYA;BEKMEZCI;DAGASAN;BADUR;MBANANGOYE;KILIC;AYDIN;SAHIN
Gaziantepspor vs. Ankaragucu - Saturday September 26 - 2009,Ankaragucu,hard,4-5-1,KIRINTILI;BAHTIYAROGLU;COLGECEN;RISP;BROGGI;BARUT;GUCER;DURUER;OZGUR;ERIS;AKAN
Gaziantepspor vs. Ankaragucu - Saturday September 26 - 2009,Gaziantepspor,hard,4-4-2,BEZGIN;DEUMI;JULIO CESAR;IVAN;SEKMAN;BAYRAKTAR;CEYLAN;OZGUR;ADIN;BETO;CESAR
Denizlispor vs. Manisaspor - Sunday September 27 - 2009,Denizlispor,hard,4-4-2,ONGUN;AKYILDIZ;BIRINCI;CHRYSOSTOME;VURAL;DANIEL BRAGA;TATAN;ALADAG;CALIK;HACIOGLU;ROBERTS
Denizlispor vs. Manisaspor - Sunday September 27 - 2009,Manisaspor,hard,4-3-3,USAK;DIXON;OZSARAC;AYDIN;COKMUS;INCEDEMIR;CALISKAN;NAS;SIMPSON;PROMISE;YILDIZ
Galatasaray vs. Eskisehirspor - Sunday September 27 - 2009,Eskisehirspor,hard,4-4-2,IVESA;EL SAKA;VUCKO;ONUR;ARSLAN;ERTUGRUL;KAYA;YILMAZ;KARAN;YILMAZ;YOULA
Galatasaray vs. Eskisehirspor - Sunday September 27 - 2009,Galatasaray,easy,4-3-3,FRANCO;CETIN;BALTA;UCAR;SARIOGLU;SARP;TOPAL;KEWELL;TURAN;KEITA;NONDA
Kayserispor vs. Kasimpasa - Sunday September 27 - 2009,Kasimpasa,hard,4-5-1,OZGEN;BASDAS;KAPLAN;ELMACI;TORAMAN;AVCI;KELLER;ERDOGAN;GUNES;ANDRE MORITZ;KARADAS
Kayserispor vs. Kasimpasa - Sunday September 27 - 2009,Kayserispor,hard,4-4-2,HAMIDOU;TOSCALI;TURAN;TOLEDO;OZER;BAYRAM;OZCAL;OLEMBE;BOYRAZ;CANGELE;MAKUKULA
Trabzonspor vs. Gaziantepspor - Friday October 2 - 2009,Gaziantepspor,hard,4-1-4-1,BEZGIN;GUVENC;JULIO CESAR;SEYHAN;IVAN;BAYRAKTAR;ZURITA;CEYLAN;JORGINHO;ADIN;CESAR
Trabzonspor vs. Gaziantepspor - Friday October 2 - 2009,Trabzonspor,easy,4-3-3,SYLVA;CORA;KACAR;KORKMAZ;CALE;BALCI;INAN;COLMAN;GABRIC;BULUT;UNAL
Besiktas vs. Denizlispor - Saturday October 3 - 2009,Besiktas,easy,4-5-1,RECBER;FERRARI;FINK;SIVOK;UZULMEZ;DAG;ERNST;TABATA;SIMSEK;OZKAN;NOBRE
Besiktas vs. Denizlispor - Saturday October 3 - 2009,Denizlispor,hard,4-5-1,GONEN;AKYILDIZ;BIRINCI;CHRYSOSTOME;CELEP;CEBE;DANIEL BRAGA;TATAN;ALADAG;HACIOGLU;ROBERTS
Diyarbakirspor vs. Buyuksehir Belediyespor - Saturday October 3 - 2009,Buyuksehir Belediyespor,hard,4-3-1-2,BAHADIR;DEPE;MARCUS VINICIUS;EKSIOGLU;KUS;GULPINAR;INANC;SYLLA;KORKMAZ;ALIN;TUM
Diyarbakirspor vs. Buyuksehir Belediyespor - Saturday October 3 - 2009,Diyarbakirspor,hard,4-5-1,ARAGON;YAVUZ;MEGAHED;DOGANTEZ;KOCAK;GUNGOR;ATAS;ABDELAZIZ;KARADUMAN;MENDOZA;JOB
Manisaspor vs. Bursaspor - Saturday October 3 - 2009,Bursaspor,hard,4-3-3,IVANKOV;ERDOGAN;ZAPOTOCNY;TUNCER;TANDOGAN;CIMSIR;ACAR;ERGIC;SEN;SHIN;BAHADIR
Manisaspor vs. Bursaspor - Saturday October 3 - 2009,Manisaspor,hard,4-5-1,USAK;DIXON;OZSARAC;AYDIN;OKYAY;COKMUS;INCEDEMIR;CALISKAN;NAS;SIMPSON;PROMISE
Ankaragucu vs. Galatasaray - Sunday October 4 - 2009,Ankaragucu,hard,4-5-1,KIRINTILI;BAHTIYAROGLU;SUME;RISP;BROGGI;BARUT;GUCER;DURUER;OZGUR;ERIS;AKAN
Ankaragucu vs. Galatasaray - Sunday October 4 - 2009,Galatasaray,easy,4-3-3,FRANCO;CETIN;ERKIN;BALTA;UCAR;SARP;AKMAN;ELANO;TURAN;YILMAZ;BAROS
Eskisehirspor vs. Kayserispor - Sunday October 4 - 2009,Eskisehirspor,hard,4-4-2,IVESA;EL SAKA;VUCKO;ONUR;ARSLAN;ERTUGRUL;KAYA;YILMAZ;KARAN;YILMAZ;YOULA
Eskisehirspor vs. Kayserispor - Sunday October 4 - 2009,Kayserispor,hard,4-3-3,HAMIDOU;KESIMAL;TOSCALI;TURAN;TOLEDO;OZER;YUCE;OZCAL;BOYRAZ;CANGELE;MAKUKULA
Fenerbahce vs. Genclerbirligi - Sunday October 4 - 2009,Fenerbahce,easy,4-5-1,DEMIREL;FABIO BILICA;LUGANO;SANTOS;WEDERSON;GONUL;BELOZOGLU;CRISTIAN;TOPUZ;ALEX;GUIZA
Fenerbahce vs. Genclerbirligi - Sunday October 4 - 2009,Genclerbirligi,hard,4-5-1,KULBILGE;DEMIR;EKER;RADELJIC;SAM;CAN;TOZO;CUBUKCU;HARBUZI;KAHE;PEKTEMEK
Sivasspor vs. Antalyaspor - Sunday October 4 - 2009,Antalyaspor,hard,4-3-3,CATKIC;AK;AYHAN;BATAK;ARSLAN;JEDINAK;AGCAY;OZMERT;ZITOUNI;ATES;CIHAN
Sivasspor vs. Antalyaspor - Sunday October 4 - 2009,Sivasspor,hard,4-2-3-1,PETKOVIC;BAYRAK;SOZGELMEZ;YERLIKAYA;KAVUK;DAGASAN;BADUR;MBANANGOYE;KILIC;KAMANAN;SAHIN
Besiktas vs. Kasimpasa - Saturday October 17 - 2009,Besiktas,easy,4-5-1,RECBER;FERRARI;SIVOK;TORAMAN;DAG;ERNST;KOYBASI;TABATA;SIMSEK;KAHVECI;BOBO
Besiktas vs. Kasimpasa - Saturday October 17 - 2009,Kasimpasa,hard,4-5-1,OZGEN;BASDAS;ACIL;KAPLAN;OCAL;TORAMAN;ELMACI;KELLER;ERDOGAN;ANDRE MORITZ;KARADAS
Denizlispor vs. Bursaspor - Saturday October 17 - 2009,Bursaspor,hard,4-2-3-1,OZKAN;ERDOGAN;ZAPOTOCNY;KECELI;TANDOGAN;CIMSIR;ACAR;ERGIC;BATALLA;SEN;BAHADIR
Denizlispor vs. Bursaspor - Saturday October 17 - 2009,Denizlispor,hard,4-5-1,ONGUN;AKYILDIZ;BIRINCI;COGUM;CHRYSOSTOME;VURAL;BERBEROVIC;ALADAG;DANIEL BRAGA;ANGELOV;ROBERTS
Antalyaspor vs. Diyarbakirspor - Sunday October 18 - 2009,Antalyaspor,hard,4-3-3,CATKIC;AYHAN;AK;CAN;AGCAY;ARSLAN;JEDINAK;OZMERT;ATES;CIHAN;DJIEHOUA
Antalyaspor vs. Diyarbakirspor - Sunday October 18 - 2009,Diyarbakirspor,hard,4-4-2,TUNCAY;BOZKURT;DOGANTEZ;ABBAS;KOCAK;CETIN;GUNGOR;ATAS;ABDELAZIZ;MENDOZA;JOB
Buyuksehir Belediyespor vs. Manisaspor - Sunday October 18 - 2009,Buyuksehir Belediyespor,hard,4-5-1,BAHADIR;DEPE;MARCUS VINICIUS;EKSIOGLU;KUS;GULPINAR;SYLLA;INANC;KORKMAZ;AKIN;TUM
Buyuksehir Belediyespor vs. Manisaspor - Sunday October 18 - 2009,Manisaspor,hard,4-5-1,USAK;DIXON;OZSARAC;AYDIN;INCEDEMIR;CALISKAN;NAS;VAROL;OZTURK;SIMPSON;PROMISE
Galatasaray vs. Trabzonspor - Sunday October 18 - 2009,Galatasaray,easy,4-2-3-1,FRANCO;CETIN;ZAN;BALTA;SARIOGLU;SARP;AKMAN;KEWELL;TURAN;KEITA;BAROS
Galatasaray vs. Trabzonspor - Sunday October 18 - 2009,Trabzonspor,easy,4-2-3-1,SYLVA;CORA;KACAR;KORKMAZ;CALE;BALCI;GULSELAM;COLMAN;BAYTAR;GABRIC;BULUT
Gaziantepspor vs. Fenerbahce - Sunday October 18 - 2009,Fenerbahce,easy,4-5-1,DEMIREL;FABIO BILICA;TURACI;ROBERTO CARLOS;WEDERSON;GONUL;CRISTIAN;BELOZOGLU;TOPUZ;KAZIM-RICHARDS;SENTURK
Gaziantepspor vs. Fenerbahce - Sunday October 18 - 2009,Gaziantepspor,hard,4-1-4-1,BEZGIN;JULIO CESAR;SEYHAN;IVAN;SEKMAN;BAYRAKTAR;ZURITA;CEYLAN;JORGINHO;ADIN;CESAR
Genclerbirligi vs. Sivasspor - Sunday October 18 - 2009,Genclerbirligi,hard,4-3-3,KULBILGE;DEMIR;KALKAN;RADELJIC;SAM;CAN;SERAS;HARBUZI;MERIC;KAHE;TAMBWE
Genclerbirligi vs. Sivasspor - Sunday October 18 - 2009,Sivasspor,hard,4-2-3-1,PETKOVIC;CAKMAK;SOZGELMEZ;YERLIKAYA;KAVUK;DAGASAN;BADUR;KILIC;YILMAZ;AYDIN;SAHIN
Kayserispor vs. Ankaragucu - Sunday October 18 - 2009,Ankaragucu,hard,4-5-1,KIRINTILI;COLGECEN;SUME;RISP;BROGGI;BARUT;GUCER;OZGUR;DURUER;ERIS;AKAN
Kayserispor vs. Ankaragucu - Sunday October 18 - 2009,Kayserispor,hard,4-3-3,HAMIDOU;KESIMAL;TOSCALI;TURAN;ASLANTAS;YUCE;SAIDOU;OZCAL;BOYRAZ;CANGELE;MAKUKULA
Trabzonspor vs. Kayserispor - Friday October 23 - 2009,Kayserispor,hard,4-5-1,HAMIDOU;KESIMAL;TOSCALI;TURAN;ASLANTAS;YUCE;SAIDOU;OZCAL;EMRECIKSIN;BOYRAZ;MAKUKULA
Trabzonspor vs. Kayserispor - Friday October 23 - 2009,Trabzonspor,easy,4-2-3-1,SYLVA;CORA;KORKMAZ;SONG;CALE;GULSELAM;COLMAN;BAYTAR;GABRIC;YATTARA;UNAL
Bursaspor vs. Buyuksehir Belediyespor - Saturday October 24 - 2009,Bursaspor,hard,4-2-3-1,OZKAN;ERDOGAN;ZAPOTOCNY;KECELI;TANDOGAN;CIMSIR;ERGIC;BATALLA;IPEK;SEN;BAHADIR
Bursaspor vs. Buyuksehir Belediyespor - Saturday October 24 - 2009,Buyuksehir Belediyespor,hard,4-5-1,BAHADIR;DEPE;MARCUS VINICIUS;EKSIOGLU;KUS;INANC;SYLLA;GULPINAR;KORKMAZ;AKIN;TUM
Eskisehirspor vs. Besiktas - Saturday October 24 - 2009,Besiktas,easy,4-5-1,RECBER;KAS;TORAMAN;FINK;UZULMEZ;DAG;INCEMAN;TABATA;TELLO;KAHVECI;BOBO
Eskisehirspor vs. Besiktas - Saturday October 24 - 2009,Eskisehirspor,hard,4-5-1,IVESA;COSKUN;EL SAKA;VUCKO;ONUR;YAMAN;ARSLAN;KAYA;KOCABEY;YILMAZ;YILMAZ
Diyarbakirspor vs. Genclerbirligi - Sunday October 25 - 2009,Diyarbakirspor,hard,4-4-2,ARAGON;DOGANTEZ;DIALLO;RASK;ABBAS;KOCAK;CETIN;ATAS;ASKAROGLU;THIERRY FIDJEU TAZEMETA;MENDOZA
Diyarbakirspor vs. Genclerbirligi - Sunday October 25 - 2009,Genclerbirligi,hard,4-4-2,KULBILGE;DEMIR;KALKAN;RADELJIC;SAM;CAN;TOZO;MERIC;KAHE;PEKTEMEK;TAMBWE
Fenerbahce vs. Galatasaray - Sunday October 25 - 2009,Fenerbahce,easy,4-5-1,DEMIREL;FABIO BILICA;LUGANO;ROBERTO CARLOS;WEDERSON;GONUL;CRISTIAN;BELOZOGLU;TOPUZ;ALEX;KAZIM-RICHARDS
Fenerbahce vs. Galatasaray - Sunday October 25 - 2009,Galatasaray,easy,4-3-3,FRANCO;CETIN;ZAN;BALTA;SARIOGLU;SARP;AKMAN;ELANO;TURAN;KEITA;BAROS
Kasimpasa vs. Denizlispor - Sunday October 25 - 2009,Denizlispor,hard,4-5-1,GONEN;BIRINCI;COGUM;VURAL;DANIEL BRAGA;YIGEN;OLGUN;BERBEROVIC;BANGOURA;ANGELOV;ROBERTS
Kasimpasa vs. Denizlispor - Sunday October 25 - 2009,Kasimpasa,hard,4-4-2,OZGEN;BASDAS;KAPLAN;OCAL;TORAMAN;AVCI;GUNES;ERDOGAN;ANDRE MORITZ;ISLER;KARADAS
Manisaspor vs. Antalyaspor - Sunday October 25 - 2009,Antalyaspor,hard,4-3-3,CATKIC;AK;AYHAN;CAN;ZENGIN;AGCAY;JEDINAK;OZMERT;ZITOUNI;ATES;DJIEHOUA
Manisaspor vs. Antalyaspor - Sunday October 25 - 2009,Manisaspor,hard,4-5-1,AVCIBAY;DIXON;OZSARAC;AYDIN;COKMUS;CALISKAN;NAS;VAROL;OZTURK;SIMPSON;PROMISE
Sivasspor vs. Gaziantepspor - Sunday October 25 - 2009,Gaziantepspor,hard,4-1-4-1,BEZGIN;GUVENC;SEYHAN;IVAN;SEKMAN;BAYRAKTAR;CEYLAN;ZURITA;JORGINHO;ADIN;CESAR
Sivasspor vs. Gaziantepspor - Sunday October 25 - 2009,Sivasspor,hard,4-2-3-1,PETKOVIC;BAYRAK;CAKMAK;YERLIKAYA;KAVUK;BEKMEZCI;BADUR;MBANANGOYE;KILIC;AYDIN;SAHIN
Antalyaspor vs. Bursaspor - Saturday October 31 - 2009,Antalyaspor,hard,4-4-2,CATKIC;AYHAN;NIZAM;CAN;ZENGIN;JEDINAK;OZMERT;TITA;ZITOUNI;DJIEHOUA;ATES
Antalyaspor vs. Bursaspor - Saturday October 31 - 2009,Bursaspor,hard,4-2-3-1,IVANKOV;ERDOGAN;ZAPOTOCNY;KECELI;TANDOGAN;CIMSIR;ERGIC;BATALLA;IPEK;SEN;BAHADIR
Besiktas vs. Ankaragucu - Saturday October 31 - 2009,Ankaragucu,hard,4-5-1,KIRINTILI;BAHTIYAROGLU;COLGECEN;SUME;BROGGI;GUCER;KOCAK;DURUER;WEEKS;ERIS;MEYE
Besiktas vs. Ankaragucu - Saturday October 31 - 2009,Besiktas,easy,4-5-1,RECBER;FERRARI;SIVOK;TORAMAN;FINK;ERNST;KOYBASI;SIMSEK;TELLO;KAHVECI;NOBRE
Denizlispor vs. Buyuksehir Belediyespor - Sunday November 1 - 2009,Buyuksehir Belediyespor,hard,4-5-1,BAHADIR;MARCUS VINICIUS;MARQUINHOS;EKSIOGLU;SUZEN;KUS;SAHIN;TEKDEMIR;GULPINAR;SABANKAY;TUM
Denizlispor vs. Buyuksehir Belediyespor - Sunday November 1 - 2009,Denizlispor,hard,4-4-2,GONEN;AKYILDIZ;BIRINCI;COGUM;CHRYSOSTOME;VURAL;DANIEL BRAGA;YIGEN;BANGOURA;ANGELOV;ROBERTS
Galatasaray vs. Sivasspor - Sunday November 1 - 2009,Galatasaray,easy,4-3-3,FRANCO;CETIN;ZAN;BALTA;SARIOGLU;TOPAL;SARP;OZBEK;KEWELL;TURAN;NONDA
Galatasaray vs. Sivasspor - Sunday November 1 - 2009,Sivasspor,hard,4-2-3-1,PETKOVIC;BAYRAK;CAKMAK;SOZGELMEZ;DAGASAN;BADUR;BAYAR;KILIC;YILMAZ;AYDIN;SAHIN
Gaziantepspor vs. Diyarbakirspor - Sunday November 1 - 2009,Diyarbakirspor,hard,4-5-1,ARAGON;DOGANTEZ;DIALLO;ABBAS;KOCAK;CETIN;GUNGOR;ATAS;ABDELAZIZ;ASKAROGLU;THIERRY FIDJEU TAZEMETA
Gaziantepspor vs. Diyarbakirspor - Sunday November 1 - 2009,Gaziantepspor,hard,4-4-2,BEZGIN;JULIO CESAR;SEYHAN;IVAN;KURTULUS;BAYRAKTAR;CEYLAN;OZGUR;ADIN;CESAR;TUTUNCI
Genclerbirligi vs. Manisaspor - Sunday November 1 - 2009,Genclerbirligi,hard,4-5-1,GULER;DEMIR;KALKAN;RADELJIC;SAM;CAN;TOZO;HARBUZI;MERIC;KAHE;PEKTEMEK
Genclerbirligi vs. Manisaspor - Sunday November 1 - 2009,Manisaspor,hard,4-4-2,OUEDRAOGO;AVCIBAY;KALABANE;OZSARAC;OKYAY;INCEDEMIR;GUVEN;SIMPSON;GOKOGLAN;PROMISE;KELES
Kasimpasa vs. Eskisehirspor - Sunday November 1 - 2009,Eskisehirspor,hard,4-4-2,IVESA;COSKUN;NADAREVIC;VUCKO;YAMAN;BASDAG;ERTUGRUL;KOCABEY;YILMAZ;KARAN;YILMAZ
Kasimpasa vs. Eskisehirspor - Sunday November 1 - 2009,Kasimpasa,hard,4-4-2,OZGEN;BASDAS;TEBER;TORAMAN;AVCI;GUNES;KURTULUS;ERDOGAN;ANDRE MORITZ;ISLER;KARADAS
Bursaspor vs. Genclerbirligi - Friday November 6 - 2009,Bursaspor,hard,4-2-3-1,IVANKOV;ERDOGAN;ZAPOTOCNY;KECELI;TANDOGAN;CIMSIR;ERGIC;BATALLA;IPEK;SEN;BAHADIR
Bursaspor vs. Genclerbirligi - Friday November 6 - 2009,Genclerbirligi,hard,4-4-2,KULBILGE;RADELJIC;EKER;DEMIR;SAM;CAN;SERAS;ESER;MERIC;MENDONCA;KAHE
Buyuksehir Belediyespor vs. Antalyaspor - Saturday November 7 - 2009,Antalyaspor,hard,4-4-2,CATKIC;AK;AYHAN;NIZAM;ZENGIN;JEDINAK;OZMERT;TITA;ZITOUNI;DJIEHOUA;ATES
Buyuksehir Belediyespor vs. Antalyaspor - Saturday November 7 - 2009,Buyuksehir Belediyespor,hard,4-5-1,BAHADIR;MARQUINHOS;MARCUS VINICIUS;SUZEN;EKSIOGLU;SAHIN;TEKDEMIR;GULPINAR;INANC;SYLLA;TUM
Trabzonspor vs. Besiktas - Saturday November 7 - 2009,Besiktas,easy,4-5-1,ARIKAN;FERRARI;SIVOK;TORAMAN;FINK;DAG;ERNST;INCEMAN;KOYBASI;TABATA;NOBRE
Trabzonspor vs. Besiktas - Saturday November 7 - 2009,Trabzonspor,easy,4-3-3,SYLVA;CORA;KORKMAZ;SONG;CALE;GULSELAM;COLMAN;INAN;GABRIC;BULUT;UNAL
Ankaragucu vs. Kasimpasa - Sunday November 8 - 2009,Ankaragucu,hard,4-5-1,SENECKY;BAHTIYAROGLU;BRABEC;COLGECEN;BROGGI;BARUT;GUCER;KOCAK;ERIS;MEYE;VASSELL
Ankaragucu vs. Kasimpasa - Sunday November 8 - 2009,Kasimpasa,hard,4-4-2,OZGEN;BASDAS;TEBER;TORAMAN;AVCI;GUNES;KURTULUS;ERDOGAN;ANDRE MORITZ;ISLER;KARADAS
Diyarbakirspor vs. Galatasaray - Sunday November 8 - 2009,Diyarbakirspor,hard,4-4-2,ARAGON;BOZKURT;DIALLO;DOGANTEZ;KOCAK;ABBAS;CETIN;GUNGOR;ASKAROGLU;MENDOZA;THIERRY FIDJEU TAZEMETA
Diyarbakirspor vs. Galatasaray - Sunday November 8 - 2009,Galatasaray,easy,4-3-3,FRANCO;CETIN;ZAN;BALTA;SARIOGLU;TOPAL;AKMAN;OZBEK;KEWELL;TURAN;NONDA
Eskisehirspor vs. Denizlispor - Sunday November 8 - 2009,Denizlispor,hard,4-5-1,GONEN;AKYILDIZ;COGUM;CHRYSOSTOME;SOLAKEL;VURAL;DANIEL BRAGA;ALADAG;BERBEROVIC;BANGOURA;ANGELOV
Eskisehirspor vs. Denizlispor - Sunday November 8 - 2009,Eskisehirspor,hard,4-4-2,IVESA;COSKUN;EL SAKA;NADAREVIC;YAMAN;BASDAG;KAYA;KOCABEY;YILMAZ;KARAN;YILMAZ
Manisaspor vs. Gaziantepspor - Sunday November 8 - 2009,Gaziantepspor,hard,4-1-4-1,BEZGIN;DEUMI;JULIO CESAR;IVAN;KURTULUS;CEYLAN;JORGINHO;OZGUR;ADIN;ARI;CESAR
Manisaspor vs. Gaziantepspor - Sunday November 8 - 2009,Manisaspor,hard,4-4-2,OUEDRAOGO;AVCIBAY;KALABANE;OZSARAC;OKYAY;INCEDEMIR;GUVEN;SIMPSON;GOKOGLAN;PROMISE;KELES
Sivasspor vs. Kayserispor - Sunday November 8 - 2009,Kayserispor,hard,4-4-2,HAMIDOU;KESIMAL;TOSCALI;TURAN;ASLANTAS;SAIDOU;OZCAL;EMRECIKSIN;BOYRAZ;CANGELE;MAKUKULA
Sivasspor vs. Kayserispor - Sunday November 8 - 2009,Sivasspor,hard,4-5-1,PETKOVIC;BAYRAK;CAKMAK;YERLIKAYA;DERELI;DAGASAN;BIKMAZ;BAYAR;KILIC;AYDIN;MARTIN
Besiktas vs. Fenerbahce - Saturday November 21 - 2009,Besiktas,easy,4-5-1,RECBER;FERRARI;SIVOK;TORAMAN;FINK;UZULMEZ;DAG;ERNST;SIMSEK;OZKAN;BOBO
Besiktas vs. Fenerbahce - Saturday November 21 - 2009,Fenerbahce,easy,4-5-1,DEMIREL;LUGANO;TURACI;ROBERTO CARLOS;SANTOS;GONUL;CRISTIAN;BELOZOGLU;TOPUZ;ALEX;KAZIM-RICHARDS
Gaziantepspor vs. Bursaspor - Saturday November 21 - 2009,Bursaspor,hard,4-2-3-1,IVANKOV;ERDOGAN;ZAPOTOCNY;KECELI;TANDOGAN;CIMSIR;ERGIC;BATALLA;SEN;IPEK;BAHADIR
Gaziantepspor vs. Bursaspor - Saturday November 21 - 2009,Gaziantepspor,hard,4-1-4-1,BEZGIN;DEUMI;JULIO CESAR;IVAN;KURTULUS;CEYLAN;JORGINHO;OZGUR;ARI;ADIN;CESAR
Denizlispor vs. Antalyaspor - Sunday November 22 - 2009,Antalyaspor,hard,4-4-2,CATKIC;AYHAN;BATAK;CAN;JEDINAK;ARSLAN;AGCAY;TITA;ZITOUNI;ATES;DJIEHOUA
Denizlispor vs. Antalyaspor - Sunday November 22 - 2009,Denizlispor,hard,4-5-1,GONEN;BIRINCI;COGUM;CHRYSOSTOME;SOLAKEL;VURAL;BERBEROVIC;ALADAG;DANIEL BRAGA;ANGELOV;ROBERTS
Eskisehirspor vs. Ankaragucu - Sunday November 22 - 2009,Ankaragucu,hard,4-4-2,SENECKY;BRABEC;SUME;MERCIMEK;BROGGI;GUCER;KOCAK;KARABULUT;MEYE;VASSELL;CAKIR
Eskisehirspor vs. Ankaragucu - Sunday November 22 - 2009,Eskisehirspor,hard,4-4-2,IVESA;COSKUN;NADAREVIC;VUCKO;YAMAN;BASDAG;KAYA;KOCABEY;YOULA;YILMAZ;YILMAZ
Galatasaray vs. Manisaspor - Sunday November 22 - 2009,Galatasaray,easy,4-3-3,FRANCO;CETIN;ZAN;BALTA;SARIOGLU;TOPAL;SARP;AKMAN;ELANO;KEWELL;NONDA
Galatasaray vs. Manisaspor - Sunday November 22 - 2009,Manisaspor,hard,4-3-3,AVCIBAY;KALABANE;OZSARAC;AYDIN;INCEDEMIR;CALISKAN;NAS;VAROL;SIMPSON;KELES;YILDIZ
Genclerbirligi vs. Buyuksehir Belediyespor - Sunday November 22 - 2009,Buyuksehir Belediyespor,hard,4-5-1,BAHADIR;MARCUS VINICIUS;MARQUINHOS;EKSIOGLU;SUZEN;KUS;SAHIN;SYLLA;INANC;TEKDEMIR;TUM
Genclerbirligi vs. Buyuksehir Belediyespor - Sunday November 22 - 2009,Genclerbirligi,hard,4-4-2,KULBILGE;BOZ;DEMIR;RADELJIC;SAM;CAN;SERAS;MERIC;ESER;MENDONCA;KAHE
Kasimpasa vs. Trabzonspor - Sunday November 22 - 2009,Kasimpasa,hard,4-4-2,OZGEN;BASDAS;TEBER;TORAMAN;AVCI;GUNES;KURTULUS;ERDOGAN;ANDRE MORITZ;GULEC;ISLER
Kasimpasa vs. Trabzonspor - Sunday November 22 - 2009,Trabzonspor,easy,4-3-3,SYLVA;CORA;KORKMAZ;SONG;OZTORUN;GULSELAM;INAN;COLMAN;GABRIC;BULUT;UNAL
Kayserispor vs. Diyarbakirspor - Sunday November 22 - 2009,Diyarbakirspor,hard,4-4-2,TOKGOZ;DOGANTEZ;DIALLO;ABBAS;KOCAK;CETIN;ABDELAZIZ;ATAS;GUNGOR;THIERRY FIDJEU TAZEMETA;JOB
Kayserispor vs. Diyarbakirspor - Sunday November 22 - 2009,Kayserispor,hard,4-4-2,HAMIDOU;KESIMAL;TOSCALI;TURAN;ASLANTAS;OZCAL;YILMAZ;EMRECIKSIN;BOYRAZ;CANGELE;MAKUKULA
Bursaspor vs. Galatasaray - Friday November 27 - 2009,Bursaspor,hard,4-4-2,IVANKOV;ERDOGAN;UZUMCU;ZAPOTOCNY;KECELI;KIRITA;ERGIC;IPEK;SEN;YILDIRIM;BAHADIR
Bursaspor vs. Galatasaray - Friday November 27 - 2009,Galatasaray,easy,4-3-3,FRANCO;CETIN;ZAN;BALTA;SARIOGLU;TOPAL;SARP;OZBEK;TURAN;KEWELL;KEITA
Fenerbahce vs. Kasimpasa - Saturday November 28 - 2009,Fenerbahce,easy,4-3-1-2,DEMIREL;LUGANO;TURACI;ROBERTO CARLOS;GONUL;SAHIN;CRISTIAN;TOPUZ;ALEX;SENTURK;GUIZA
Fenerbahce vs. Kasimpasa - Saturday November 28 - 2009,Kasimpasa,hard,4-5-1,OZGEN;BASDAS;TEBER;AVCI;KELLER;ERDOGAN;KURTULUS;YESILKAYA;ANDRE MORITZ;GULEC;ISLER
Ankaragucu vs. Denizlispor - Sunday November 29 - 2009,Ankaragucu,hard,4-4-2,SENECKY;BAHTIYAROGLU;SUME;MERCIMEK;BROGGI;GUCER;KOCAK;KARABULUT;CAKIR;MEYE;VASSELL
Ankaragucu vs. Denizlispor - Sunday November 29 - 2009,Denizlispor,hard,4-4-2,GONEN;BIRINCI;COGUM;CHRYSOSTOME;SOLAKEL;VURAL;CELEP;ALADAG;DANIEL BRAGA;BANGOURA;ROBERTS
Antalyaspor vs. Genclerbirligi - Sunday November 29 - 2009,Antalyaspor,hard,4-4-2,CATKIC;AK;AYHAN;CAN;AGCAY;ARSLAN;JEDINAK;TITA;ZITOUNI;DJIEHOUA;ATES
Antalyaspor vs. Genclerbirligi - Sunday November 29 - 2009,Genclerbirligi,hard,4-4-2,KULBILGE;DEMIR;EKER;RADELJIC;SAM;CAN;SERAS;MERIC;ESER;MENDONCA;KAHE
Buyuksehir Belediyespor vs. Gaziantepspor - Sunday November 29 - 2009,Buyuksehir Belediyespor,hard,4-5-1,HASAGIC;MARCUS VINICIUS;MARQUINHOS;EKSIOGLU;SUZEN;KUS;TEKDEMIR;INANC;GULPINAR;AKIN;TUM
Buyuksehir Belediyespor vs. Gaziantepspor - Sunday November 29 - 2009,Gaziantepspor,hard,4-1-4-1,BEZGIN;JULIO CESAR;SEYHAN;IVAN;KURTULUS;CEYLAN;JORGINHO;OZGUR;COSKUN;ARI;CESAR
Manisaspor vs. Kayserispor - Sunday November 29 - 2009,Kayserispor,hard,4-4-2,HAMIDOU;KESIMAL;TOSCALI;TURAN;ASLANTAS;SAIDOU;OZCAL;EMRECIKSIN;BOYRAZ;CANGELE;AYDILEK
Manisaspor vs. Kayserispor - Sunday November 29 - 2009,Manisaspor,hard,4-3-3,AVCIBAY;KALABANE;OZSARAC;AYDIN;CALISKAN;INCEDEMIR;NAS;VAROL;SIMPSON;YILDIZ;KELES
Sivasspor vs. Besiktas - Sunday November 29 - 2009,Besiktas,easy,4-5-1,RECBER;FINK;SIVOK;KAS;FERRARI;UZULMEZ;DAG;ERNST;TABATA;BOBO;KAHVECI
Sivasspor vs. Besiktas - Sunday November 29 - 2009,Sivasspor,hard,4-2-3-1,PETKOVIC;BAYRAK;SOZGELMEZ;DERELI;BEKMEZCI;BADUR;BAYAR;KILIC;YILMAZ;AYDIN;KAMANAN
Trabzonspor vs. Eskisehirspor - Sunday November 29 - 2009,Eskisehirspor,hard,4-5-1,IVESA;COSKUN;EL SAKA;NADAREVIC;VUCKO;ONUR;YAMAN;ARSLAN;BASDAG;YILMAZ;YOULA
Trabzonspor vs. Eskisehirspor - Sunday November 29 - 2009,Trabzonspor,easy,4-2-3-1,KIVRAK;KACAR;CALE;BARIS;BALCI;GULSELAM;COLMAN;INAN;ALANZINHO;GABRIC;BULUT
Besiktas vs. Diyarbakirspor - Friday December 4 - 2009,Besiktas,easy,4-5-1,RECBER;FERRARI;KAS;SIVOK;FINK;ERNST;KOYBASI;SIMSEK;TELLO;KAHVECI;NOBRE
Besiktas vs. Diyarbakirspor - Friday December 4 - 2009,Diyarbakirspor,hard,4-4-2,TOKGOZ;DOGANTEZ;YAVUZ;KOCAK;CETIN;ABDELAZIZ;ATAS;GUNGOR;ASKAROGLU;THIERRY FIDJEU TAZEMETA;JOB
Eskisehirspor vs. Fenerbahce - Saturday December 5 - 2009,Eskisehirspor,hard,4-4-2,IVESA;EL SAKA;NADAREVIC;YAMAN;ARSLAN;ERTUGRUL;KOCABEY;POTUK;YOULA;YILMAZ;SARI
Eskisehirspor vs. Fenerbahce - Saturday December 5 - 2009,Fenerbahce,easy,4-5-1,DEMIREL;LUGANO;FABIO BILICA;WEDERSON;SANTOS;GONUL;SAHIN;CRISTIAN;TOPUZ;ALEX;SENTURK
Kasimpasa vs. Sivasspor - Saturday December 5 - 2009,Kasimpasa,hard,4-4-2,OZGEN;BASDAS;TEBER;TORAMAN;AVCI;KELLER;KURTULUS;ERDOGAN;ANDRE MORITZ;GULEC;ISLER
Kasimpasa vs. Sivasspor - Saturday December 5 - 2009,Sivasspor,hard,4-2-3-1,PETKOVIC;BAYRAK;SOZGELMEZ;DERELI;DAGASAN;BADUR;BAYAR;KILIC;YILMAZ;AYDIN;MARTIN
Galatasaray vs. Buyuksehir Belediyespor - Sunday December 6 - 2009,Buyuksehir Belediyespor,hard,4-5-1,HASAGIC;MARCUS VINICIUS;MARQUINHOS;EKSIOGLU;SUZEN;SAHIN;INANC;SYLLA;GULPINAR;TEKDEMIR;ALIN
Galatasaray vs. Buyuksehir Belediyespor - Sunday December 6 - 2009,Galatasaray,easy,4-3-3,FRANCO;CETIN;BALTA;UCAR;SARP;TOPAL;OZBEK;ELANO;TURAN;KEWELL;NONDA
Gaziantepspor vs. Antalyaspor - Sunday December 6 - 2009,Antalyaspor,hard,4-4-2,CATKIC;AK;AYHAN;CAN;AGCAY;ARSLAN;JEDINAK;TITA;ZITOUNI;DJIEHOUA;ATES
Gaziantepspor vs. Antalyaspor - Sunday December 6 - 2009,Gaziantepspor,hard,4-1-4-1,BEZGIN;JULIO CESAR;SEYHAN;IVAN;KURTULUS;SEKMAN;OZGUR;JORGINHO;ARI;ADIN;CESAR
Genclerbirligi vs. Denizlispor - Sunday December 6 - 2009,Denizlispor,hard,4-5-1,GONEN;BAJIC;BIRINCI;COGUM;VURAL;SOLAKEL;CEBE;DANIEL BRAGA;YIGEN;ALADAG;ANGELOV
Genclerbirligi vs. Denizlispor - Sunday December 6 - 2009,Genclerbirligi,hard,4-4-2,KULBILGE;DEMIR;EKER;RADELJIC;SAM;CAN;SERAS;MERIC;ESER;MENDONCA;KAHE
Kayserispor vs. Bursaspor - Sunday December 6 - 2009,Bursaspor,hard,4-3-3,IVANKOV;ERDOGAN;ZAPOTOCNY;KECELI;TANDOGAN;KIRITA;ERGIC;ACAR;SEN;YILDIRIM;BAHADIR
Kayserispor vs. Bursaspor - Sunday December 6 - 2009,Kayserispor,hard,4-4-2,HAMIDOU;KESIMAL;TOSCALI;TURAN;ASLANTAS;SAIDOU;DURAK;EMRECIKSIN;BOYRAZ;MAKUKULA;SISMANOGLU
Trabzonspor vs. Ankaragucu - Sunday December 6 - 2009,Ankaragucu,hard,4-4-2,SENECKY;BAHTIYAROGLU;SUME;MERCIMEK;BROGGI;GUCER;KOCAK;KARABULUT;VASSELL;MEYE;CAKIR
Trabzonspor vs. Ankaragucu - Sunday December 6 - 2009,Trabzonspor,easy,4-2-3-1,KIVRAK;KORKMAZ;SONG;CALE;BALCI;BARIS;COLMAN;INAN;ALANZINHO;GABRIC;BULUT
Antalyaspor vs. Galatasaray - Friday December 11 - 2009,Antalyaspor,hard,4-3-3,CATKIC;AK;AYHAN;CAN;ZENGIN;JEDINAK;ARSLAN;AGCAY;ZITOUNI;ATES;DJIEHOUA
Antalyaspor vs. Galatasaray - Friday December 11 - 2009,Galatasaray,easy,4-3-3,FRANCO;CETIN;ERKIN;BALTA;UCAR;TOPAL;OZBEK;ELANO;TURAN;KEWELL;KEITA
Fenerbahce vs. Ankaragucu - Saturday December 12 - 2009,Ankaragucu,hard,4-4-2,SENECKY;BRABEC;SUME;MERCIMEK;BROGGI;GUCER;HASPOLATLI;KOCAK;KARABULUT;AKAN;VASSELL
Fenerbahce vs. Ankaragucu - Saturday December 12 - 2009,Fenerbahce,easy,4-5-1,DEMIREL;LUGANO;FABIO BILICA;ROBERTO CARLOS;GONUL;SAHIN;CRISTIAN;TOPUZ;HURMACI;ALEX;GUIZA
Buyuksehir Belediyespor vs. Kayserispor - Sunday December 13 - 2009,Buyuksehir Belediyespor,hard,4-4-2,HASAGIC;MARCUS VINICIUS;MARQUINHOS;EKSIOGLU;SUZEN;SAHIN;GULPINAR;INANC;SYLLA;TUM;ALIN
Buyuksehir Belediyespor vs. Kayserispor - Sunday December 13 - 2009,Kayserispor,hard,4-2-3-1,HAMIDOU;KESIMAL;TOSCALI;TURAN;ASLANTAS;SAIDOU;OZCAL;EMRECIKSIN;BOYRAZ;CANGELE;MAKUKULA
Denizlispor vs. Trabzonspor - Sunday December 13 - 2009,Denizlispor,hard,4-4-2,GONEN;BIRINCI;COGUM;CHRYSOSTOME;SOLAKEL;VURAL;CEBE;DANIEL BRAGA;ALADAG;ROBERTS;ANGELOV
Denizlispor vs. Trabzonspor - Sunday December 13 - 2009,Trabzonspor,easy,4-2-3-1,KIVRAK;KORKMAZ;SONG;CALE;BALCI;BARIS;COLMAN;INAN;ALANZINHO;GABRIC;BULUT
Diyarbakirspor vs. Kasimpasa - Sunday December 13 - 2009,Diyarbakirspor,hard,4-4-2,TOKGOZ;DOGANTEZ;YAVUZ;ABBAS;KOCAK;GUNGOR;ATAS;ABDELAZIZ;ASKAROGLU;MENDOZA;SENTURK
Diyarbakirspor vs. Kasimpasa - Sunday December 13 - 2009,Kasimpasa,hard,4-4-2,OZGEN;ACIL;ONER;BASDAS;TEBER;TORAMAN;AKIN;KURTULUS;ANDRE MORITZ;GULEC;ISLER
Genclerbirligi vs. Gaziantepspor - Sunday December 13 - 2009,Gaziantepspor,hard,4-1-4-1,BEZGIN;DEUMI;JULIO CESAR;IVAN;KURTULUS;CEYLAN;JORGINHO;OZGUR;ADIN;ARI;CESAR
Genclerbirligi vs. Gaziantepspor - Sunday December 13 - 2009,Genclerbirligi,hard,4-4-2,KULBILGE;DEMIR;EKER;RADELJIC;SAM;CAN;SERAS;ESER;MERIC;MENDONCA;KAHE
Manisaspor vs. Besiktas - Sunday December 13 - 2009,Besiktas,easy,4-5-1,RECBER;FERRARI;SIVOK;TORAMAN;FINK;DAG;ERNST;KOYBASI;TELLO;KAHVECI;BOBO
Manisaspor vs. Besiktas - Sunday December 13 - 2009,Manisaspor,hard,4-5-1,AVCIBAY;KALABANE;OZSARAC;AYDIN;COKMUS;INCEDEMIR;GUVEN;NAS;VAROL;SIMPSON;PROMISE
Sivasspor vs. Eskisehirspor - Sunday December 13 - 2009,Eskisehirspor,hard,4-4-2,IVESA;COSKUN;NADAREVIC;VUCKO;YAMAN;ARSLAN;ERTUGRUL;KOCABEY;POTUK;SARI;YOULA
Sivasspor vs. Eskisehirspor - Sunday December 13 - 2009,Sivasspor,hard,4-5-1,PETKOVIC;BAYRAK;CAKMAK;SOZGELMEZ;YERLIKAYA;DERELI;BEKMEZCI;BAYAR;KILIC;AYDIN;MARTIN
Besiktas vs. Bursaspor - Friday December 18 - 2009,Besiktas,easy,4-5-1,RECBER;FERRARI;SIVOK;TORAMAN;FINK;UZULMEZ;DAG;ERNST;TELLO;KAHVECI;BOBO
Besiktas vs. Bursaspor - Friday December 18 - 2009,Bursaspor,hard,4-3-3,IVANKOV;OZTURK;ZAPOTOCNY;KECELI;TANDOGAN;CIMSIR;ERGIC;HAS;IPEK;SEN;YILDIRIM
Ankaragucu vs. Sivasspor - Saturday December 19 - 2009,Ankaragucu,hard,4-4-2,SENECKY;BAHTIYAROGLU;SUME;MERCIMEK;BROGGI;KOCAK;WEEKS;KARABULUT;KONATE;MEYE;VASSELL
Ankaragucu vs. Sivasspor - Saturday December 19 - 2009,Sivasspor,hard,4-5-1,VARDAR;BAYRAK;CAKMAK;SOZGELMEZ;YERLIKAYA;DERELI;BEKMEZCI;BADUR;KILIC;AKEEM AGBETU;SAHIN
Eskisehirspor vs. Diyarbakirspor - Saturday December 19 - 2009,Diyarbakirspor,hard,4-5-1,TOKGOZ;BOZKURT;RASK;DIALLO;KOCAK;CETIN;ATAS;GUNGOR;ASKAROGLU;THIERRY FIDJEU TAZEMETA;SENTURK
Eskisehirspor vs. Diyarbakirspor - Saturday December 19 - 2009,Eskisehirspor,hard,4-4-2,IVESA;EL SAKA;NADAREVIC;YAMAN;ARSLAN;ERTUGRUL;KAYA;KOCABEY;YILMAZ;SARI;YOULA
Galatasaray vs. Genclerbirligi - Saturday December 19 - 2009,Galatasaray,easy,4-3-3,FRANCO;CETIN;ERKIN;BALTA;UCAR;SARP;TOPAL;ELANO;TURAN;KEWELL;KEITA
Galatasaray vs. Genclerbirligi - Saturday December 19 - 2009,Genclerbirligi,hard,4-5-1,KULBILGE;BOZ;DEMIR;SAM;CAN;SERAS;HARBUZI;MERIC;ESER;MENDONCA;KAHE
Gaziantepspor vs. Denizlispor - Saturday December 19 - 2009,Denizlispor,hard,4-5-1,GONEN;CHRYSOSTOME;BIRINCI;SOLAKEL;VURAL;CEBE;ALADAG;DANIEL BRAGA;BERBEROVIC;ANGELOV;ROBERTS
Gaziantepspor vs. Denizlispor - Saturday December 19 - 2009,Gaziantepspor,hard,4-4-2,BEZGIN;DEUMI;JULIO CESAR;IVAN;KURTULUS;CEYLAN;OZGUR;ARI;ADIN;BETO;CESAR
Kasimpasa vs. Manisaspor - Saturday December 19 - 2009,Kasimpasa,hard,4-2-3-1,OZGEN;ACIL;TEBER;TORAMAN;AVCI;KELLER;KURTULUS;ERDOGAN;ANDRE MORITZ;AYGUNES;GULEC
Kasimpasa vs. Manisaspor - Saturday December 19 - 2009,Manisaspor,hard,4-1-4-1,AVCIBAY;KALABANE;OZSARAC;AYDIN;OKYAY;COKMUS;INCEDEMIR;NAS;GUVEN;VAROL;PROMISE
Kayserispor vs. Antalyaspor - Saturday December 19 - 2009,Antalyaspor,hard,4-3-3,CATKIC;AK;AYHAN;CAN;AGCAY;JEDINAK;OZMERT;OZTURK;ZITOUNI;ATES;KURU
Kayserispor vs. Antalyaspor - Saturday December 19 - 2009,Kayserispor,hard,4-2-3-1,HAMIDOU;KESIMAL;TOSCALI;TURAN;ASLANTAS;SAIDOU;DURAK;EMRECIKSIN;BOYRAZ;CANGELE;MAKUKULA
Trabzonspor vs. Fenerbahce - Sunday December 20 - 2009,Fenerbahce,easy,4-2-3-1,DEMIREL;LUGANO;FABIO BILICA;SANTOS;GONUL;CRISTIAN;BELOZOGLU;TOPUZ;HURMACI;ALEX;GUIZA
Trabzonspor vs. Fenerbahce - Sunday December 20 - 2009,Trabzonspor,easy,4-2-3-1,KIVRAK;KORKMAZ;SONG;CALE;BALCI;BARIS;COLMAN;INAN;ALANZINHO;GABRIC;BULUT
Fenerbahce vs. Denizlispor - Friday January 22 - 2010,Denizlispor,hard,4-2-3-1,ONGUN;AKYILDIZ;BAJIC;BIRINCI;VURAL;CEBE;DANIEL BRAGA;BERBEROVIC;MEMISLER;ANGELOV;ROBERTS
Fenerbahce vs. Denizlispor - Friday January 22 - 2010,Fenerbahce,easy,4-4-2,DEMIREL;LUGANO;FABIO BILICA;IRTEGUN;SANTOS;WEDERSON;CRISTIAN;BELOZOGLU;TOPUZ;GUIZA;SENTURK
Eskisehirspor vs. Manisaspor - Saturday January 23 - 2010,Eskisehirspor,hard,4-4-2,IVESA;COSKUN;NADAREVIC;YAMAN;ARSLAN;BASDAG;KOCABEY;ZENGIN;POTUK;KARAN;YILMAZ
Eskisehirspor vs. Manisaspor - Saturday January 23 - 2010,Manisaspor,hard,4-4-2,AVCIBAY;GABRIEL;KALABANE;AYDIN;INCEDEMIR;GUVEN;ASKAROGLU;SIMPSON;PROMISE;MARTIN;KELES
Ankaragucu vs. Diyarbakirspor - Sunday January 24 - 2010,Ankaragucu,hard,4-2-3-1,KIRINTILI;BAHTIYAROGLU;COLGECEN;SUME;BROGGI;HASPOLATLI;KOCAK;WEEKS;KARABULUT;AKAN;VASSELL
Ankaragucu vs. Diyarbakirspor - Sunday January 24 - 2010,Diyarbakirspor,hard,4-4-2,TOKGOZ;YAVUZ;DIALLO;KOCAK;TJIKUZU;CETIN;ATAS;GUNGOR;DJITE;THIERRY FIDJEU TAZEMETA;SENTURK
Galatasaray vs. Gaziantepspor - Sunday January 24 - 2010,Galatasaray,easy,4-3-3,FRANCO;CETIN;NEILL;ERKIN;BALTA;UCAR;SARP;OZBEK;ELANO;TURAN;NONDA
Galatasaray vs. Gaziantepspor - Sunday January 24 - 2010,Gaziantepspor,hard,4-4-2,BEZGIN;DEUMI;GUVENC;JULIO CESAR;IVAN;KURTULUS;ZURITA;OZGUR;ARI;ADIN;CESAR
Kayserispor vs. Genclerbirligi - Sunday January 24 - 2010,Genclerbirligi,hard,4-2-3-1,KULBILGE;DEMIR;EKER;RADELJIC;SAM;CAN;HARBUZI;CUBUKCU;MERIC;ESER;KAHE
Kayserispor vs. Genclerbirligi - Sunday January 24 - 2010,Kayserispor,hard,4-4-2,DEGIRMENCI;KESIMAL;TOSCALI;ASLANTAS;BAYRAM;SAIDOU;SHAWKY;EMRECIKSIN;BOYRAZ;CANGELE;MAKUKULA
Trabzonspor vs. Sivasspor - Sunday January 24 - 2010,Sivasspor,hard,4-2-3-1,VARDAR;AUBEY;SOZGELMEZ;DERELI;DAGASAN;BIKMAZ;TAIDER;VAN HEERDEN;KILIC;AYDIN;KAMANAN
Trabzonspor vs. Sivasspor - Sunday January 24 - 2010,Trabzonspor,easy,4-2-3-1,KIVRAK;KACAR;KORKMAZ;CALE;BALCI;BARIS;INAN;COLMAN;BAYTAR;ALANZINHO;BULUT
Antalyaspor vs. Besiktas - Friday January 29 - 2010,Antalyaspor,hard,4-3-3,CATKIC;AK;AYHAN;BATAK;GUVEN;JEDINAK;ARSLAN;OZTURK;TITA;ATES;DJIEHOUA
Antalyaspor vs. Besiktas - Friday January 29 - 2010,Besiktas,easy,4-5-1,RECBER;SIVOK;TORAMAN;FINK;UZULMEZ;DAG;ERNST;TABATA;TELLO;KAHVECI;BOBO
Buyuksehir Belediyespor vs. Kasimpasa - Saturday January 30 - 2010,Buyuksehir Belediyespor,hard,4-5-1,HASAGIC;MARCUS VINICIUS;MARQUINHOS;EKSIOGLU;SAHIN;GULPINAR;TEKDEMIR;KAYALI;BURUK;TUM;KOSE
Buyuksehir Belediyespor vs. Kasimpasa - Saturday January 30 - 2010,Kasimpasa,hard,4-2-3-1,OZGEN;BASDAS;ACIL;TEBER;TORAMAN;KELLER;KURTULUS;ERDOGAN;ANDRE MORITZ;AYGUNES;ISLER
Diyarbakirspor vs. Trabzonspor - Saturday January 30 - 2010,Diyarbakirspor,hard,4-4-2,TOKGOZ;BOZKURT;DIALLO;ABBAS;KOCAK;CETIN;TJIKUZU;ATAS;GUNGOR;DJITE;THIERRY FIDJEU TAZEMETA
Diyarbakirspor vs. Trabzonspor - Saturday January 30 - 2010,Trabzonspor,easy,4-2-3-1,KIVRAK;KACAR;KORKMAZ;OZTORUN;BALCI;BARIS;COLMAN;INAN;BAYTAR;ALANZINHO;BULUT
Bursaspor vs. Eskisehirspor - Sunday January 31 - 2010,Bursaspor,hard,4-2-3-1,IVANKOV;ERDOGAN;OZTURK;KECELI;TANDOGAN;CIMSIR;ERGIC;IPEK;SEN;YILDIRIM;BAHADIR
Bursaspor vs. Eskisehirspor - Sunday January 31 - 2010,Eskisehirspor,hard,4-4-2,IVESA;COSKUN;NADAREVIC;YAMAN;CELEP;ARSLAN;BASDAG;ERTUGRUL;POTUK;YILMAZ;KARAN
Denizlispor vs. Galatasaray - Sunday January 31 - 2010,Denizlispor,hard,4-5-1,ONGUN;AKYILDIZ;BIRINCI;CHRYSOSTOME;VURAL;SEKMAN;BERBEROVIC;DANIEL BRAGA;MEMISLER;ROBERTS;ANGELOV
Denizlispor vs. Galatasaray - Sunday January 31 - 2010,Galatasaray,easy,4-3-3,FRANCO;CETIN;NEILL;ERKIN;UCAR;SARP;OZBEK;ELANO;COLAK;TURAN;JO
Gaziantepspor vs. Kayserispor - Sunday January 31 - 2010,Gaziantepspor,hard,4-1-4-1,BEZGIN;DEUMI;GUVENC;JULIO CESAR;IVAN;KURTULUS;JORGINHO;OZGUR;YOZGATLI;ADIN;CESAR
Gaziantepspor vs. Kayserispor - Sunday January 31 - 2010,Kayserispor,hard,4-4-2,HAMIDOU;CETIN;KESIMAL;TOSCALI;ASLANTAS;SAIDOU;DURAK;EMRECIKSIN;BOYRAZ;CANGELE;MAKUKULA
Manisaspor vs. Ankaragucu - Sunday January 31 - 2010,Ankaragucu,hard,4-4-2,KIRINTILI;COLGECEN;YOLDAS;BROGGI;GUCER;HASPOLATLI;KAGAN SOYLEMEZGILLER;ROTHEN;PARLAK;MEYE;CAKIR
Manisaspor vs. Ankaragucu - Sunday January 31 - 2010,Manisaspor,hard,4-1-4-1,AVCIBAY;KALABANE;OZSARAC;AYDIN;CALISKAN;GUVEN;NAS;ASKAROGLU;VAROL;SIMPSON;PROMISE
Sivasspor vs. Fenerbahce - Sunday January 31 - 2010,Fenerbahce,easy,4-5-1,DEMIREL;FABIO BILICA;BARIS;WEDERSON;GONUL;SAHIN;TOPUZ;BORAL;HURMACI;ALEX;SENTURK
Sivasspor vs. Fenerbahce - Sunday January 31 - 2010,Sivasspor,hard,4-2-3-1,VARDAR;AUBEY;SOZGELMEZ;YERLIKAYA;DERELI;DAGASAN;TAIDER;KEITA;VAN HEERDEN;AYDIN;YILDIZ
Besiktas vs. Genclerbirligi - Friday February 5 - 2010,Besiktas,easy,4-5-1,RECBER;SIVOK;TORAMAN;FINK;UZULMEZ;DAG;ERNST;TABATA;TELLO;BOBO;KAHVECI
Besiktas vs. Genclerbirligi - Friday February 5 - 2010,Genclerbirligi,hard,4-5-1,KULBILGE;DEMIR;EKER;RADELJIC;SAM;CAN;SERAS;HARBUZI;ESER;PEKTEMEK;KAHE
Eskisehirspor vs. Buyuksehir Belediyespor - Saturday February 6 - 2010,Buyuksehir Belediyespor,hard,4-4-2,HASAGIC;MARCUS VINICIUS;MARQUINHOS;EKSIOGLU;SUZEN;SAHIN;SYLLA;INANC;AKIN;TUM;ALIN
Eskisehirspor vs. Buyuksehir Belediyespor - Saturday February 6 - 2010,Eskisehirspor,hard,4-4-2,IVESA;COSKUN;EL SAKA;NADAREVIC;YAMAN;ARSLAN;ERTUGRUL;KAYA;KOCABEY;KARAN;JOHN
Kayserispor vs. Galatasaray - Saturday February 6 - 2010,Galatasaray,easy,4-3-3,FRANCO;NEILL;GUNGOR;ERKIN;UCAR;SARP;TOPAL;ELANO;TURAN;KEITA;DOS SANTOS
Kayserispor vs. Galatasaray - Saturday February 6 - 2010,Kayserispor,hard,4-4-2,HAMIDOU;CETIN;KESIMAL;TOSCALI;ASLANTAS;SAIDOU;DURAK;EMRECIKSIN;BOYRAZ;CANGELE;MAKUKULA
Ankaragucu vs. Bursaspor - Sunday February 7 - 2010,Ankaragucu,hard,4-4-2,KIRINTILI;YOLDAS;RAJNOCH;BROGGI;GUCER;HASPOLATLI;GEREMI;ROTHEN;SAPARA;VITTEK;CAKIR
Ankaragucu vs. Bursaspor - Sunday February 7 - 2010,Bursaspor,hard,4-2-3-1,IVANKOV;OZTURK;UZUMCU;TUNCER;TANDOGAN;CIMSIR;ERGIC;BATALLA;IPEK;SEN;BAHADIR
Fenerbahce vs. Diyarbakirspor - Sunday February 7 - 2010,Diyarbakirspor,hard,4-4-2,TOKGOZ;DIALLO;YAVUZ;ABBAS;KOCAK;TJIKUZU;ABDELAZIZ;ATAS;GUNGOR;THIERRY FIDJEU TAZEMETA;BEBBE
Fenerbahce vs. Diyarbakirspor - Sunday February 7 - 2010,Fenerbahce,easy,4-5-1,DEMIREL;LUGANO;FABIO BILICA;SANTOS;GONUL;BELOZOGLU;CRISTIAN;TOPUZ;HURMACI;ALEX;SENTURK
Kasimpasa vs. Antalyaspor - Sunday February 7 - 2010,Antalyaspor,hard,4-3-3,CATKIC;AK;BATAK;CAN;GUVEN;AGCAY;JEDINAK;OZTURK;TITA;ATES;CIHAN
Kasimpasa vs. Antalyaspor - Sunday February 7 - 2010,Kasimpasa,hard,4-5-1,SAHIN;BASDAS;KAPLAN;TEBER;AVCI;TORAMAN;KELLER;ERDOGAN;KURTULUS;AYGUNES;ISLER
Sivasspor vs. Denizlispor - Sunday February 7 - 2010,Denizlispor,hard,4-4-2,ONGUN;AKYILDIZ;BIRINCI;CHRYSOSTOME;VURAL;SEKMAN;DANIEL BRAGA;BERBEROVIC;ROBERTS;ANGELOV;YOULA
Sivasspor vs. Denizlispor - Sunday February 7 - 2010,Sivasspor,hard,4-2-3-1,VARDAR;AUBEY;CAKMAK;YERLIKAYA;DERELI;KEITA;TAIDER;KILIC;YILMAZ;AKEEM AGBETU;YILDIZ
Trabzonspor vs. Manisaspor - Sunday February 7 - 2010,Manisaspor,hard,4-1-4-1,AVCIBAY;KALABANE;TOK;AYDIN;COKMUS;CALISKAN;INCEDEMIR;NAS;VAROL;SIMPSON;PROMISE
Trabzonspor vs. Manisaspor - Sunday February 7 - 2010,Trabzonspor,easy,4-2-3-1,KIVRAK;KACAR;SONG;CALE;BALCI;BARIS;GULSELAM;COLMAN;BADUR;BULUT;GUTIERREZ
Diyarbakirspor vs. Sivasspor - Saturday February 13 - 2010,Diyarbakirspor,hard,4-4-2,TOKGOZ;DIALLO;YAVUZ;ABBAS;KOCAK;TJIKUZU;ABDELAZIZ;ATAS;GUNGOR;THIERRY FIDJEU TAZEMETA;BEBBE
Diyarbakirspor vs. Sivasspor - Saturday February 13 - 2010,Sivasspor,hard,4-4-2,VARDAR;AUBEY;CAKMAK;YERLIKAYA;DERELI;KEITA;VAN HEERDEN;YILMAZ;AYDIN;KAMANAN;SAHIN
Gaziantepspor vs. Besiktas - Saturday February 13 - 2010,Besiktas,easy,4-5-1,RECBER;SIVOK;TORAMAN;FINK;UZULMEZ;DAG;ERNST;KOYBASI;TABATA;HOLOSKO;BOBO
Gaziantepspor vs. Besiktas - Saturday February 13 - 2010,Gaziantepspor,hard,4-5-1,BEZGIN;DEUMI;GUVENC;TOMAS;IVAN;KURTULUS;ZURITA;CEYLAN;ADIN;BETO;CESAR
Antalyaspor vs. Eskisehirspor - Sunday February 14 - 2010,Antalyaspor,hard,4-3-3,CATKIC;AYHAN;BATAK;NIZAM;GUVEN;ARSLAN;AGCAY;OZTURK;TITA;ATES;CIHAN
Antalyaspor vs. Eskisehirspor - Sunday February 14 - 2010,Eskisehirspor,hard,4-3-3,IVESA;EL SAKA;NADAREVIC;YAMAN;ARSLAN;BASDAG;ERTUGRUL;KAYA;JOHN;KARAN;YILMAZ
Buyuksehir Belediyespor vs. Ankaragucu - Sunday February 14 - 2010,Ankaragucu,hard,4-4-2,KIRINTILI;SUME;YOLDAS;RAJNOCH;GUCER;HASPOLATLI;ROTHEN;SAPARA;KISA;VITTEK;CAKIR
Buyuksehir Belediyespor vs. Ankaragucu - Sunday February 14 - 2010,Buyuksehir Belediyespor,hard,4-3-3,HASAGIC;ARAT;MARQUINHOS;EKSIOGLU;SAHIN;INANC;GULPINAR;KAYALI;ALIN;TUM;KOSE
Denizlispor vs. Kayserispor - Sunday February 14 - 2010,Denizlispor,hard,4-4-2,ONGUN;BIRINCI;CHRYSOSTOME;VURAL;SOLAKEL;CEBE;DANIEL BRAGA;BERBEROVIC;EGE;ANGELOV;YOULA
Denizlispor vs. Kayserispor - Sunday February 14 - 2010,Kayserispor,hard,4-4-2,HAMIDOU;CETIN;KESIMAL;KALDIRIM;SAIDOU;DURAK;TROISI;EMRECIKSIN;BOYRAZ;CANGELE;MAKUKULA
Genclerbirligi vs. Kasimpasa - Sunday February 14 - 2010,Genclerbirligi,hard,4-5-1,KULBILGE;DEMIR;EKER;RADELJIC;SAM;CAN;VRANJES;SERAS;CUBUKCU;ESER;PEKTEMEK
Genclerbirligi vs. Kasimpasa - Sunday February 14 - 2010,Kasimpasa,hard,4-2-3-1,SAHIN;BASDAS;KAPLAN;AVCI;TORAMAN;KELLER;ERDOGAN;KURTULUS;ANDRE MORITZ;AYGUNES;ISLER
Manisaspor vs. Fenerbahce - Sunday February 14 - 2010,Fenerbahce,easy,4-5-1,DEMIREL;BARIS;FABIO BILICA;SANTOS;GONUL;BELOZOGLU;CRISTIAN;TOPUZ;ALEX;HURMACI;SENTURK
Manisaspor vs. Fenerbahce - Sunday February 14 - 2010,Manisaspor,hard,4-5-1,AVCIBAY;OZSARAC;TOK;AYDIN;OKYAY;COKMUS;INCEDEMIR;GUVEN;VAROL;SIMPSON;PROMISE
Bursaspor vs. Trabzonspor - Monday February 15 - 2010,Bursaspor,hard,4-2-3-1,IVANKOV;ERDOGAN;OZTURK;KECELI;TANDOGAN;CIMSIR;HAS;BATALLA;IPEK;IGLESIAS;BAHADIR
Bursaspor vs. Trabzonspor - Monday February 15 - 2010,Trabzonspor,easy,4-2-3-1,KIVRAK;KACAR;KORKMAZ;SONG;CALE;BALCI;COLMAN;INAN;BAYTAR;ALANZINHO;BULUT
Eskisehirspor vs. Genclerbirligi - Saturday February 20 - 2010,Eskisehirspor,hard,4-4-2,IVESA;COSKUN;EL SAKA;NADAREVIC;ARSLAN;ERTUGRUL;KAYA;ZENGIN;YILMAZ;KARAN;JOHN
Eskisehirspor vs. Genclerbirligi - Saturday February 20 - 2010,Genclerbirligi,hard,4-5-1,KULBILGE;DEMIR;EKER;RADELJIC;SAM;VRANJES;SERAS;HARBUZI;ESER;KAHE;PEKTEMEK
Sivasspor vs. Manisaspor - Saturday February 20 - 2010,Manisaspor,hard,4-3-3,AVCIBAY;OZSARAC;TOK;COKMUS;INCEDEMIR;GUVEN;NAS;VAROL;SIMPSON;GOKOGLAN;KELES
Sivasspor vs. Manisaspor - Saturday February 20 - 2010,Sivasspor,hard,4-2-3-1,VARDAR;AUBEY;SOZGELMEZ;YERLIKAYA;DERELI;DAGASAN;TAIDER;VAN HEERDEN;KILIC;KAMANAN;YILDIZ
Trabzonspor vs. Buyuksehir Belediyespor - Saturday February 20 - 2010,Buyuksehir Belediyespor,hard,4-3-3,HASAGIC;MARCUS VINICIUS;MARQUINHOS;EKSIOGLU;SAHIN;SYLLA;INANC;GULPINAR;TUM;KOSE;ALIN
Trabzonspor vs. Buyuksehir Belediyespor - Saturday February 20 - 2010,Trabzonspor,easy,4-2-3-1,KIVRAK;KACAR;KORKMAZ;CALE;BALCI;BARIS;COLMAN;INAN;BAYTAR;ALANZINHO;BULUT
Besiktas vs. Galatasaray - Sunday February 21 - 2010,Besiktas,easy,4-3-3,RECBER;FERRARI;SIVOK;TORAMAN;FINK;UZULMEZ;DAG;ERNST;TELLO;HOLOSKO;NOBRE
Besiktas vs. Galatasaray - Sunday February 21 - 2010,Galatasaray,easy,4-2-3-1,FRANCO;GUNGOR;NEILL;BALTA;ERKIN;UCAR;TOPAL;OZBEK;ELANO;TURAN;KEITA
Diyarbakirspor vs. Denizlispor - Sunday February 21 - 2010,Denizlispor,hard,4-4-2,ONGUN;BIRINCI;CHRYSOSTOME;SOLAKEL;VURAL;CEBE;BERBEROVIC;DANIEL BRAGA;EGE;YOULA;ANGELOV
Diyarbakirspor vs. Denizlispor - Sunday February 21 - 2010,Diyarbakirspor,hard,4-4-2,TOKGOZ;DIALLO;MERCIMEK;ABBAS;KOCAK;CETIN;ABDELAZIZ;ATAS;THIERRY FIDJEU TAZEMETA;BEBBE;SENTURK
Kasimpasa vs. Gaziantepspor - Sunday February 21 - 2010,Gaziantepspor,hard,4-3-3,BEZGIN;DEUMI;GUVENC;TOMAS;IVAN;KURTULUS;ZURITA;CEYLAN;ADIN;BETO;CESAR
Kasimpasa vs. Gaziantepspor - Sunday February 21 - 2010,Kasimpasa,hard,4-5-1,SAHIN;BASDAS;KAPLAN;TEBER;TORAMAN;AVCI;KELLER;KURTULUS;ERDOGAN;AYGUNES;ISLER
Fenerbahce vs. Bursaspor - Monday February 22 - 2010,Bursaspor,hard,4-2-3-1,IVANKOV;ERDOGAN;OZTURK;TUNCER;TANDOGAN;CIMSIR;ERGIC;BATALLA;SEN;IPEK;BAHADIR
Fenerbahce vs. Bursaspor - Monday February 22 - 2010,Fenerbahce,easy,4-2-3-1,DEMIREL;FABIO BILICA;BARIS;SANTOS;WEDERSON;GONUL;CRISTIAN;BELOZOGLU;HURMACI;ALEX;GUIZA
Antalyaspor vs. Trabzonspor - Friday February 26 - 2010,Antalyaspor,hard,4-3-3,CATKIC;AK;AYHAN;NIZAM;GUVEN;JEDINAK;AGCAY;OZTURK;TITA;ATES;CIHAN
Antalyaspor vs. Trabzonspor - Friday February 26 - 2010,Trabzonspor,easy,4-2-3-1,KIVRAK;KACAR;KORKMAZ;CALE;BALCI;GULSELAM;INAN;BAYTAR;ALANZINHO;YILMAZ;BULUT
Bursaspor vs. Sivasspor - Saturday February 27 - 2010,Bursaspor,hard,4-2-3-1,IVANKOV;ERDOGAN;OZTURK;KECELI;TANDOGAN;CIMSIR;ERGIC;BATALLA;IPEK;SEN;BAHADIR
Bursaspor vs. Sivasspor - Saturday February 27 - 2010,Sivasspor,hard,4-2-3-1,VARDAR;AUBEY;SOZGELMEZ;YERLIKAYA;KAVUK;DAGASAN;KEITA;KILIC;VAN HEERDEN;YILMAZ;YILDIZ
Kayserispor vs. Besiktas - Saturday February 27 - 2010,Besiktas,easy,4-5-1,RECBER;FERRARI;KAS;SIVOK;TORAMAN;FINK;UZULMEZ;DAG;ERNST;TELLO;BOBO
Kayserispor vs. Besiktas - Saturday February 27 - 2010,Kayserispor,hard,4-4-2,HAMIDOU;CETIN;KESIMAL;TOSCALI;ASLANTAS;SHAWKY;DURAK;EMRECIKSIN;BOYRAZ;MAKUKULA;SISMANOGLU
Buyuksehir Belediyespor vs. Fenerbahce - Sunday February 28 - 2010,Buyuksehir Belediyespor,hard,4-3-3,HASAGIC;MARCUS VINICIUS;MARQUINHOS;SUZEN;SAHIN;SYLLA;INANC;GULPINAR;GUZELDAL;ALIN;KOSE
Buyuksehir Belediyespor vs. Fenerbahce - Sunday February 28 - 2010,Fenerbahce,easy,4-5-1,DEMIREL;FABIO BILICA;IRTEGUN;BARIS;SANTOS;WEDERSON;GONUL;SAHIN;BELOZOGLU;ALEX;GUIZA
Galatasaray vs. Kasimpasa - Sunday February 28 - 2010,Galatasaray,easy,4-3-3,FRANCO;NEILL;CETIN;ERKIN;SARIOGLU;TOPAL;AKMAN;TURAN;KEITA;DOS SANTOS;JO
Galatasaray vs. Kasimpasa - Sunday February 28 - 2010,Kasimpasa,hard,4-2-3-1,SAHIN;BASDAS;KAPLAN;TEBER;KELLER;AVCI;TORAMAN;KURTULUS;ERDOGAN;AYGUNES;ISLER
Gaziantepspor vs. Eskisehirspor - Sunday February 28 - 2010,Eskisehirspor,hard,4-4-2,IVESA;COSKUN;EL SAKA;VUCKO;ARSLAN;ERTUGRUL;KAYA;OZTURK;YILMAZ;JOHN;YILMAZ
Gaziantepspor vs. Eskisehirspor - Sunday February 28 - 2010,Gaziantepspor,hard,4-2-3-1,BEZGIN;DEUMI;TOMAS;KURTULUS;CEYLAN;ZURITA;JORGINHO;OZGUR;ADIN;ARI;BETO
Genclerbirligi vs. Ankaragucu - Sunday February 28 - 2010,Ankaragucu,hard,4-4-2,KIRINTILI;YOLDAS;RAJNOCH;GUCER;HASPOLATLI;KAGAN SOYLEMEZGILLER;GEREMI;ROTHEN;SAPARA;VASSELL;VITTEK
Genclerbirligi vs. Ankaragucu - Sunday February 28 - 2010,Genclerbirligi,hard,4-4-2,KULBILGE;DEMIR;EKER;RADELJIC;SAM;SERAS;VRANJES;MERIC;MENDONCA;KAHE;PEKTEMEK
Manisaspor vs. Diyarbakirspor - Sunday February 28 - 2010,Diyarbakirspor,hard,4-5-1,TOKGOZ;MARTINOVIC;MERCIMEK;ABBAS;KOCAK;TJIKUZU;CETIN;ABDELAZIZ;ATAS;GUNGOR;BEBBE
Manisaspor vs. Diyarbakirspor - Sunday February 28 - 2010,Manisaspor,hard,4-5-1,AVCIBAY;OZSARAC;TOK;AYDIN;COKMUS;INCEDEMIR;CALISKAN;GUVEN;VAROL;GOKOGLAN;KELES
Diyarbakirspor vs. Bursaspor - Saturday March 6 - 2010,Bursaspor,hard,4-2-3-1,IVANKOV;ERDOGAN;OZTURK;KECELI;TANDOGAN;CIMSIR;ERGIC;BATALLA;IPEK;YILDIRIM;BAHADIR
Diyarbakirspor vs. Bursaspor - Saturday March 6 - 2010,Diyarbakirspor,hard,4-5-1,TOKGOZ;MARTINOVIC;YAVUZ;ABBAS;KOCAK;CETIN;ABDELAZIZ;GUNES;ATAS;GUNGOR;BEBBE
Kasimpasa vs. Kayserispor - Saturday March 6 - 2010,Kasimpasa,hard,4-1-4-1,SAHIN;ONER;ACIL;KAPLAN;TEBER;TORAMAN;KELLER;ERDOGAN;KURTULUS;AYGUNES;ISLER
Kasimpasa vs. Kayserispor - Saturday March 6 - 2010,Kayserispor,hard,4-3-3,HAMIDOU;KESIMAL;TOSCALI;ASLANTAS;BAYRAM;SHAWKY;DURAK;OZCAL;BOYRAZ;CANGELE;MAKUKULA
Sivasspor vs. Buyuksehir Belediyespor - Saturday March 6 - 2010,Buyuksehir Belediyespor,hard,4-3-3,HASAGIC;MARCUS VINICIUS;MARQUINHOS;EKSIOGLU;SAHIN;TEKDEMIR;GULPINAR;NSUMBU;GUZELDAL;KOSE;ALIN
Sivasspor vs. Buyuksehir Belediyespor - Saturday March 6 - 2010,Sivasspor,hard,4-2-3-1,VARDAR;BAYRAK;CAKMAK;YERLIKAYA;KAVUK;TAIDER;KEITA;BAYAR;VAN HEERDEN;AYDIN;SAHIN
Trabzonspor vs. Genclerbirligi - Saturday March 6 - 2010,Genclerbirligi,hard,4-3-3,KULBILGE;BOZ;DEMIR;EKER;SAM;VRANJES;TOZO;HARBUZI;CALIK;MENDONCA;KAHE
Trabzonspor vs. Genclerbirligi - Saturday March 6 - 2010,Trabzonspor,easy,4-2-3-1,KIVRAK;KACAR;KORKMAZ;CALE;BALCI;BARIS;COLMAN;INAN;ALANZINHO;YILMAZ;BULUT
Ankaragucu vs. Gaziantepspor - Sunday March 7 - 2010,Ankaragucu,hard,4-4-2,KIRINTILI;SUME;YOLDAS;RAJNOCH;GUCER;KAGAN SOYLEMEZGILLER;DURUER;GEREMI;SAPARA;VASSELL;VITTEK
Ankaragucu vs. Gaziantepspor - Sunday March 7 - 2010,Gaziantepspor,hard,4-2-3-1,BEZGIN;DEUMI;SEYHAN;IVAN;CEYLAN;ZURITA;JORGINHO;OZGUR;ADIN;ARI;CESAR
Fenerbahce vs. Antalyaspor - Sunday March 7 - 2010,Antalyaspor,hard,4-3-3,CATKIC;AK;AYHAN;BATAK;GUVEN;AGCAY;JEDINAK;OZTURK;TITA;CIHAN;ATES
Fenerbahce vs. Antalyaspor - Sunday March 7 - 2010,Fenerbahce,easy,4-4-2,DEMIREL;LUGANO;FABIO BILICA;SANTOS;WEDERSON;GONUL;BELOZOGLU;CRISTIAN;SENTURK;GUIZA;DEIVID
Manisaspor vs. Denizlispor - Sunday March 7 - 2010,Denizlispor,hard,4-4-2,ONGUN;BIRINCI;CHRYSOSTOME;VURAL;SOLAKEL;CEBE;DANIEL BRAGA;BERBEROVIC;EGE;ROBERTS;ANGELOV
Manisaspor vs. Denizlispor - Sunday March 7 - 2010,Manisaspor,hard,4-5-1,AVCIBAY;KALABANE;OZSARAC;AYDIN;COKMUS;CALISKAN;INCEDEMIR;GUVEN;VAROL;GOKOGLAN;KELES
Eskisehirspor vs. Galatasaray - Monday March 8 - 2010,Eskisehirspor,hard,4-4-2,IVESA;COSKUN;NADAREVIC;VUCKO;YAMAN;ARSLAN;KAYA;OZTURK;POTUK;KARAN;YILMAZ
Eskisehirspor vs. Galatasaray - Monday March 8 - 2010,Galatasaray,easy,4-3-3,FRANCO;CETIN;NEILL;ERKIN;SARIOGLU;TOPAL;AKMAN;ELANO;TURAN;KEITA;JO
Besiktas vs. Buyuksehir Belediyespor - Wednesday March 10 - 2010,Besiktas,easy,4-5-1,RECBER;FERRARI;SIVOK;TORAMAN;FINK;UZULMEZ;DAG;UYSAL;TELLO;HOLOSKO;BOBO
Besiktas vs. Buyuksehir Belediyespor - Wednesday March 10 - 2010,Buyuksehir Belediyespor,hard,4-5-1,HASAGIC;ARAT;MARQUINHOS;EKSIOGLU;KUS;NSUMBU;GULPINAR;TEKDEMIR;GUZELDAL;ALIN;KOSE
Kasimpasa vs. Bursaspor - Wednesday March 10 - 2010,Bursaspor,hard,4-2-3-1,IVANKOV;ERDOGAN;OZTURK;KECELI;TANDOGAN;CIMSIR;ERGIC;BATALLA;IPEK;YILDIRIM;BAHADIR
Kasimpasa vs. Bursaspor - Wednesday March 10 - 2010,Kasimpasa,hard,4-2-3-1,SAHIN;ACIL;TEBER;KAPLAN;KELLER;TORAMAN;AVCI;ERDOGAN;KURTULUS;AYGUNES;ISLER
Gaziantepspor vs. Trabzonspor - Friday March 12 - 2010,Gaziantepspor,hard,4-2-3-1,BEZGIN;DEUMI;SEYHAN;IVAN;KURTULUS;CEYLAN;ZURITA;JORGINHO;OZGUR;ADIN;BETO
Gaziantepspor vs. Trabzonspor - Friday March 12 - 2010,Trabzonspor,easy,4-2-3-1,KIVRAK;KACAR;SONG;OZTORUN;BALCI;BARIS;BADUR;INAN;BAYTAR;BULUT;YILMAZ
Genclerbirligi vs. Fenerbahce - Saturday March 13 - 2010,Fenerbahce,easy,4-5-1,DEMIREL;LUGANO;FABIO BILICA;SANTOS;WEDERSON;GONUL;BELOZOGLU;CRISTIAN;TOPUZ;UNAL;DEIVID
Genclerbirligi vs. Fenerbahce - Saturday March 13 - 2010,Genclerbirligi,hard,4-5-1,KULBILGE;BOZ;DEMIR;EKER;SAM;CAN;VRANJES;TOZO;HARBUZI;MENDONCA;PEKTEMEK
Antalyaspor vs. Sivasspor - Sunday March 14 - 2010,Antalyaspor,hard,4-3-3,CATKIC;AK;AYHAN;BATAK;GUVEN;AGCAY;JEDINAK;OZTURK;TITA;CIHAN;ATES
Antalyaspor vs. Sivasspor - Sunday March 14 - 2010,Sivasspor,hard,4-2-3-1,VARDAR;AUBEY;CAKMAK;YERLIKAYA;BEKMEZCI;KEITA;TAIDER;BAYAR;YILMAZ;AYDIN;YILDIZ
Bursaspor vs. Manisaspor - Sunday March 14 - 2010,Bursaspor,hard,4-2-3-1,IVANKOV;ERDOGAN;OZTURK;KECELI;TANDOGAN;CIMSIR;ERGIC;BATALLA;IPEK;YILDIRIM;BAHADIR
Bursaspor vs. Manisaspor - Sunday March 14 - 2010,Manisaspor,hard,4-1-4-1,AVCIBAY;KALABANE;OZSARAC;AYDIN;COKMUS;INCEDEMIR;NAS;GUVEN;VAROL;SIMPSON;PROMISE
Buyuksehir Belediyespor vs. Diyarbakirspor - Sunday March 14 - 2010,Buyuksehir Belediyespor,hard,4-3-3,HASAGIC;ARAT;MARQUINHOS;EKSIOGLU;KUS;INANC;GULPINAR;TEKDEMIR;ALIN;TUM;KOSE
Buyuksehir Belediyespor vs. Diyarbakirspor - Sunday March 14 - 2010,Diyarbakirspor,hard,4-4-2,TOKGOZ;MARTINOVIC;YAVUZ;KOCAK;ATAS;GUNES;GUNGOR;ABDELAZIZ;KARADUMAN;THIERRY FIDJEU TAZEMETA;BEBBE
Galatasaray vs. Ankaragucu - Sunday March 14 - 2010,Ankaragucu,hard,4-2-3-1,KIRINTILI;COLGECEN;SUME;YOLDAS;GUCER;KAGAN SOYLEMEZGILLER;GEREMI;WEEKS;SAPARA;VASSELL;VITTEK
Galatasaray vs. Ankaragucu - Sunday March 14 - 2010,Galatasaray,easy,4-3-3,FRANCO;CETIN;NEILL;ERKIN;SARIOGLU;SARP;OZBEK;ELANO;KEITA;DOS SANTOS;JO
Kayserispor vs. Eskisehirspor - Sunday March 14 - 2010,Eskisehirspor,hard,4-4-2,IVESA;COSKUN;NADAREVIC;VUCKO;YAMAN;ARSLAN;ERTUGRUL;KAYA;OZTURK;YILMAZ;JOHN
Kayserispor vs. Eskisehirspor - Sunday March 14 - 2010,Kayserispor,hard,4-5-1,HAMIDOU;CETIN;TOSCALI;KALDIRIM;ASLANTAS;SAIDOU;SHAWKY;OZCAL;DURAK;CANGELE;SISMANOGLU
Denizlispor vs. Besiktas - Monday March 15 - 2010,Besiktas,easy,4-5-1,RECBER;FINK;TORAMAN;SIVOK;KAS;FERRARI;UZULMEZ;DAG;TELLO;HOLOSKO;BOBO
Denizlispor vs. Besiktas - Monday March 15 - 2010,Denizlispor,hard,4-4-2,ONGUN;BIRINCI;CHRYSOSTOME;SOLAKEL;CEBE;DANIEL BRAGA;BERBEROVIC;EGE;ROBERTS;ANGELOV;YOULA
Kasimpasa vs. Besiktas - Friday March 19 - 2010,Besiktas,easy,4-5-1,RECBER;FERRARI;SIVOK;UZULMEZ;DAG;ERNST;UYSAL;SIMSEK;TELLO;HOLOSKO;BOBO
Kasimpasa vs. Besiktas - Friday March 19 - 2010,Kasimpasa,hard,4-4-2,SAHIN;ACIL;TEBER;KELLER;AVCI;TORAMAN;KURTULUS;ERDOGAN;ANDRE MORITZ;GULEC;ISLER
Diyarbakirspor vs. Antalyaspor - Saturday March 20 - 2010,Antalyaspor,hard,4-3-3,CATKIC;AYHAN;BATAK;CAN;GUVEN;AGCAY;ARSLAN;OZTURK;TITA;CIHAN;ATES
Diyarbakirspor vs. Antalyaspor - Saturday March 20 - 2010,Diyarbakirspor,hard,4-5-1,AKTAS;MARTINOVIC;MERCIMEK;KOCAK;BUYUK;CETIN;GUNES;ATAS;GUNGOR;KARADUMAN;BEBBE
Fenerbahce vs. Gaziantepspor - Saturday March 20 - 2010,Fenerbahce,easy,4-5-1,DEMIREL;LUGANO;FABIO BILICA;BARIS;SANTOS;GONUL;BELOZOGLU;TOPUZ;ALEX;HURMACI;GUIZA
Fenerbahce vs. Gaziantepspor - Saturday March 20 - 2010,Gaziantepspor,hard,4-5-1,BEZGIN;DEUMI;SEYHAN;IVAN;KURTULUS;CEYLAN;ZURITA;OZGUR;JORGINHO;ADIN;BETO
Manisaspor vs. Buyuksehir Belediyespor - Saturday March 20 - 2010,Buyuksehir Belediyespor,hard,4-3-3,HASAGIC;ARAT;MARQUINHOS;EKSIOGLU;KUS;TEKDEMIR;GULPINAR;INANC;GUZELDAL;KOSE;TUM
Manisaspor vs. Buyuksehir Belediyespor - Saturday March 20 - 2010,Manisaspor,hard,4-1-4-1,AVCIBAY;KALABANE;OZSARAC;AYDIN;COKMUS;INCEDEMIR;NAS;GUVEN;VAROL;SIMPSON;PROMISE
Ankaragucu vs. Kayserispor - Sunday March 21 - 2010,Ankaragucu,hard,4-4-2,KIRINTILI;COLGECEN;SUME;RAJNOCH;GUCER;GEREMI;ROTHEN;SAPARA;VASSELL;VITTEK;CAKIR
Ankaragucu vs. Kayserispor - Sunday March 21 - 2010,Kayserispor,hard,4-3-3,HAMIDOU;KESIMAL;TOSCALI;KALDIRIM;BAYRAM;SAIDOU;SHAWKY;DURAK;BOYRAZ;MAKUKULA;SISMANOGLU
Sivasspor vs. Genclerbirligi - Sunday March 21 - 2010,Genclerbirligi,hard,4-5-1,KULBILGE;DEMIR;RADELJIC;EKER;SAM;CAN;TOZO;VRANJES;CALIK;MENDONCA;PEKTEMEK
Sivasspor vs. Genclerbirligi - Sunday March 21 - 2010,Sivasspor,hard,4-4-2,PETKOVIC;BAYRAK;CAKMAK;YERLIKAYA;DERELI;DAGASAN;KEITA;KILIC;AYDIN;SAHIN;YILDIZ
Trabzonspor vs. Galatasaray - Sunday March 21 - 2010,Galatasaray,easy,4-5-1,FRANCO;GUNGOR;NEILL;ERKIN;SARIOGLU;SARP;OZBEK;ELANO;KEITA;DOS SANTOS;JO
Trabzonspor vs. Galatasaray - Sunday March 21 - 2010,Trabzonspor,easy,4-5-1,KIVRAK;KACAR;SONG;CALE;BALCI;GULSELAM;COLMAN;INAN;ALANZINHO;YILMAZ;BULUT
Bursaspor vs. Denizlispor - Monday March 22 - 2010,Bursaspor,hard,4-2-3-1,IVANKOV;ERDOGAN;OZTURK;KECELI;TANDOGAN;CIMSIR;ERGIC;SEN;IPEK;YILDIRIM;BAHADIR
Bursaspor vs. Denizlispor - Monday March 22 - 2010,Denizlispor,hard,4-3-1-2,ONGUN;CHRYSOSTOME;BIRINCI;SOLAKEL;SEKMAN;BERBEROVIC;DANIEL BRAGA;ALADAG;EGE;YOULA;ROBERTS
Buyuksehir Belediyespor vs. Bursaspor - Friday March 26 - 2010,Bursaspor,hard,4-2-3-1,IVANKOV;ERDOGAN;OZTURK;KECELI;TANDOGAN;CIMSIR;ERGIC;IPEK;SEN;YILDIRIM;BAHADIR
Buyuksehir Belediyespor vs. Bursaspor - Friday March 26 - 2010,Buyuksehir Belediyespor,hard,4-3-3,BAHADIR;MARQUINHOS;DEPE;EKSIOGLU;KUS;TEKDEMIR;GULPINAR;INANC;DURTULUK;ALIN;KOSE
Besiktas vs. Eskisehirspor - Saturday March 27 - 2010,Besiktas,easy,4-5-1,RECBER;FERRARI;SIVOK;TORAMAN;FINK;UZULMEZ;DAG;ERNST;TELLO;BOBO;KAHVECI
Besiktas vs. Eskisehirspor - Saturday March 27 - 2010,Eskisehirspor,hard,4-4-2,IVESA;COSKUN;NADAREVIC;VUCKO;SARI;YAMAN;ARSLAN;OZTURK;POTUK;KARAN;YILMAZ
Genclerbirligi vs. Diyarbakirspor - Saturday March 27 - 2010,Diyarbakirspor,hard,4-5-1,AKTAS;MARTINOVIC;MERCIMEK;KOCAK;BUYUK;TJIKUZU;GUNES;ATAS;GUNGOR;KARADUMAN;BEBBE
Genclerbirligi vs. Diyarbakirspor - Saturday March 27 - 2010,Genclerbirligi,hard,4-5-1,KULBILGE;EKER;RADELJIC;KALKAN;CAN;TOZO;VRANJES;SERAS;MERIC;MENDONCA;PEKTEMEK
Antalyaspor vs. Manisaspor - Sunday March 28 - 2010,Antalyaspor,hard,4-4-2,CATKIC;AK;BATAK;CAN;GUVEN;AGCAY;JEDINAK;TITA;ZITOUNI;ATES;CIHAN
Antalyaspor vs. Manisaspor - Sunday March 28 - 2010,Manisaspor,hard,4-1-4-1,AVCIBAY;OZSARAC;TOK;AYDIN;COKMUS;INCEDEMIR;GUVEN;NAS;VAROL;GOKOGLAN;PROMISE
Denizlispor vs. Kasimpasa - Sunday March 28 - 2010,Denizlispor,hard,4-3-3,ONGUN;BIRINCI;CHRYSOSTOME;SOLAKEL;CEBE;ALADAG;DANIEL BRAGA;BERBEROVIC;ROBERTS;ANGELOV;YOULA
Denizlispor vs. Kasimpasa - Sunday March 28 - 2010,Kasimpasa,hard,4-4-2,SAHIN;ACIL;TEBER;KELLER;AVCI;TORAMAN;ERDOGAN;KURTULUS;ANDRE MORITZ;GULEC;ISLER
Galatasaray vs. Fenerbahce - Sunday March 28 - 2010,Fenerbahce,easy,4-2-3-1,DEMIREL;LUGANO;FABIO BILICA;WEDERSON;SANTOS;GONUL;SAHIN;TOPUZ;ALEX;HURMACI;GUIZA
Galatasaray vs. Fenerbahce - Sunday March 28 - 2010,Galatasaray,easy,4-2-3-1,FRANCO;CETIN;NEILL;ERKIN;SARIOGLU;SARP;TOPAL;ELANO;KEITA;DOS SANTOS;JO
Gaziantepspor vs. Sivasspor - Sunday March 28 - 2010,Gaziantepspor,hard,4-4-2,BEZGIN;DEUMI;SEYHAN;IVAN;KURTULUS;ZURITA;OZGUR;JORGINHO;ADIN;BETO;CESAR
Gaziantepspor vs. Sivasspor - Sunday March 28 - 2010,Sivasspor,hard,4-2-3-1,PETKOVIC;BAYRAK;CAKMAK;SOZGELMEZ;DERELI;DAGASAN;KEITA;KILIC;YILMAZ;AYDIN;YILDIZ
Kayserispor vs. Trabzonspor - Monday March 29 - 2010,Kayserispor,hard,4-2-3-1,HAMIDOU;KESIMAL;TOSCALI;TOLEDO;ASLANTAS;SHAWKY;DURAK;TROISI;BOYRAZ;AYDILEK;MAKUKULA
Kayserispor vs. Trabzonspor - Monday March 29 - 2010,Trabzonspor,easy,4-2-3-1,KIVRAK;KACAR;KORKMAZ;CALE;BARIS;COLMAN;INAN;ALANZINHO;GABRIC;YILMAZ;BULUT
Ankaragucu vs. Besiktas - Friday April 2 - 2010,Ankaragucu,hard,4-4-2,KIRINTILI;COLGECEN;RAJNOCH;SUME;GUCER;GEREMI;ROTHEN;SAPARA;CAKIR;VASSELL;VITTEK
Ankaragucu vs. Besiktas - Friday April 2 - 2010,Besiktas,easy,4-5-1,RECBER;KAS;FINK;SIVOK;TORAMAN;UZULMEZ;DAG;UYSAL;INCEMAN;HOLOSKO;BOBO
Bursaspor vs. Antalyaspor - Saturday April 3 - 2010,Antalyaspor,hard,4-4-2,CATKIC;AK;CAN;GUVEN;AGCAY;ARSLAN;JEDINAK;TITA;ZITOUNI;ATES;DJIEHOUA
Bursaspor vs. Antalyaspor - Saturday April 3 - 2010,Bursaspor,hard,4-2-3-1,IVANKOV;ERDOGAN;OZTURK;KECELI;TANDOGAN;CIMSIR;ERGIC;BATALLA;IPEK;SEN;YILDIRIM
Buyuksehir Belediyespor vs. Denizlispor - Saturday April 3 - 2010,Buyuksehir Belediyespor,hard,4-3-3,HASAGIC;DEPE;MARCUS VINICIUS;EKSIOGLU;KUS;TEKDEMIR;GULPINAR;INANC;GUZELDAL;DURTULUK;ALIN
Buyuksehir Belediyespor vs. Denizlispor - Saturday April 3 - 2010,Denizlispor,hard,4-3-3,ONGUN;AKYILDIZ;BIRINCI;CHRYSOSTOME;CEBE;ALADAG;BERBEROVIC;EGE;ROBERTS;ANGELOV;YOULA
Diyarbakirspor vs. Gaziantepspor - Sunday April 4 - 2010,Diyarbakirspor,hard,4-5-1,AKTAS;BOZKURT;MERCIMEK;KOCAK;BUYUK;TJIKUZU;GUNGOR;ATAS;GUNES;KARADUMAN;BEBBE
Diyarbakirspor vs. Gaziantepspor - Sunday April 4 - 2010,Gaziantepspor,hard,4-4-2,BEZGIN;DEUMI;SEYHAN;IVAN;KURTULUS;CEYLAN;ZURITA;OZGUR;JORGINHO;CESAR;BETO
Eskisehirspor vs. Kasimpasa - Sunday April 4 - 2010,Eskisehirspor,hard,4-4-2,IVESA;COSKUN;EL SAKA;NADAREVIC;YAMAN;ERTUGRUL;KAYA;OZTURK;YILMAZ;KARAN;YILMAZ
Eskisehirspor vs. Kasimpasa - Sunday April 4 - 2010,Kasimpasa,hard,4-4-2,SAHIN;ACIL;KAPLAN;TEBER;KELLER;AVCI;TORAMAN;KURTULUS;ANDRE MORITZ;GULEC;ISLER
Fenerbahce vs. Kayserispor - Sunday April 4 - 2010,Fenerbahce,easy,4-5-1,DEMIREL;FABIO BILICA;LUGANO;SANTOS;GONUL;SAHIN;BELOZOGLU;TOPUZ;HURMACI;ALEX;GUIZA
Fenerbahce vs. Kayserispor - Sunday April 4 - 2010,Kayserispor,hard,4-2-3-1,HAMIDOU;KESIMAL;TOSCALI;TOLEDO;ASLANTAS;SHAWKY;SAIDOU;DURAK;TROISI;BOYRAZ;MAKUKULA
Manisaspor vs. Genclerbirligi - Sunday April 4 - 2010,Genclerbirligi,hard,4-5-1,KULBILGE;DEMIR;EKER;KALKAN;SAM;CAN;TOZO;VRANJES;MERIC;MENDONCA;PEKTEMEK
Manisaspor vs. Genclerbirligi - Sunday April 4 - 2010,Manisaspor,hard,4-1-4-1,AVCIBAY;TOK;OZSARAC;AYDIN;COKMUS;INCEDEMIR;GUVEN;NAS;VAROL;SIMPSON;PROMISE
Sivasspor vs. Galatasaray - Monday April 5 - 2010,Galatasaray,easy,4-1-4-1,ERCETIN;CETIN;NEILL;BALTA;SARIOGLU;TOPAL;SARP;AKMAN;OZBEK;KEITA;DOS SANTOS
Sivasspor vs. Galatasaray - Monday April 5 - 2010,Sivasspor,hard,4-2-3-1,VARDAR;BAYRAK;CAKMAK;YERLIKAYA;DERELI;BEKMEZCI;KEITA;KILIC;YILMAZ;AYDIN;YILDIZ
Gaziantepspor vs. Manisaspor - Friday April 9 - 2010,Gaziantepspor,hard,4-4-2,BEZGIN;DEUMI;SEYHAN;IVAN;KURTULUS;CEYLAN;ZURITA;JORGINHO;ADIN;CESAR;BETO
Gaziantepspor vs. Manisaspor - Friday April 9 - 2010,Manisaspor,hard,4-1-4-1,AVCIBAY;TOK;OZSARAC;AYDIN;COKMUS;INCEDEMIR;GUVEN;NAS;VAROL;SIMPSON;PROMISE
Antalyaspor vs. Buyuksehir Belediyespor - Saturday April 10 - 2010,Antalyaspor,hard,4-4-2,CATKIC;AK;AYHAN;CAN;ZENGIN;ARSLAN;JEDINAK;TITA;ZITOUNI;ATES;DJIEHOUA
Antalyaspor vs. Buyuksehir Belediyespor - Saturday April 10 - 2010,Buyuksehir Belediyespor,hard,4-4-2,HASAGIC;DEPE;MARCUS VINICIUS;EKSIOGLU;SUZEN;SAHIN;TEKDEMIR;INANC;GUZELDAL;ALIN;KOSE
Besiktas vs. Trabzonspor - Saturday April 10 - 2010,Besiktas,easy,4-2-3-1,RECBER;SIVOK;TORAMAN;FINK;UZULMEZ;DAG;ERNST;INCEMAN;SIMSEK;HOLOSKO;BOBO
Besiktas vs. Trabzonspor - Saturday April 10 - 2010,Trabzonspor,easy,4-2-3-1,KIVRAK;KACAR;KORKMAZ;CALE;BALCI;COLMAN;INAN;ALANZINHO;YILMAZ;BULUT;GUTIERREZ
Denizlispor vs. Eskisehirspor - Sunday April 11 - 2010,Denizlispor,hard,4-4-2,GONEN;AKYILDIZ;BAJIC;BIRINCI;SOLAKEL;SEKMAN;CEBE;ALADAG;BERBEROVIC;ROBERTS;YOULA
Denizlispor vs. Eskisehirspor - Sunday April 11 - 2010,Eskisehirspor,hard,4-4-2,IVESA;EL SAKA;VUCKO;YAMAN;ARSLAN;ERTUGRUL;KAYA;OZTURK;ZENGIN;KARAN;YILMAZ
Galatasaray vs. Diyarbakirspor - Sunday April 11 - 2010,Diyarbakirspor,hard,4-2-3-1,AKTAS;MARTINOVIC;KOCAK;BUYUK;TJIKUZU;GUNES;ATAS;KARADUMAN;STANKOVSKI;BEBBE;SENTURK
Galatasaray vs. Diyarbakirspor - Sunday April 11 - 2010,Galatasaray,easy,4-2-3-1,ERCETIN;NEILL;BALTA;ERKIN;SARIOGLU;TOPAL;ELANO;TURAN;KEITA;DOS SANTOS;BAROS
Genclerbirligi vs. Bursaspor - Sunday April 11 - 2010,Bursaspor,hard,4-2-3-1,IVANKOV;OZTURK;ZAPOTOCNY;KECELI;TANDOGAN;CIMSIR;ERGIC;BATALLA;SEN;YILDIRIM;BAHADIR
Genclerbirligi vs. Bursaspor - Sunday April 11 - 2010,Genclerbirligi,hard,4-4-2,KULBILGE;DEMIR;KALKAN;SAM;CAN;TOZO;VRANJES;MERIC;MENDONCA;KAHE;PEKTEMEK
Kasimpasa vs. Ankaragucu - Sunday April 11 - 2010,Ankaragucu,hard,4-4-2,KIRINTILI;COLGECEN;RAJNOCH;SUME;GUCER;GEREMI;ROTHEN;SAPARA;CAKIR;VASSELL;VITTEK
Kasimpasa vs. Ankaragucu - Sunday April 11 - 2010,Kasimpasa,hard,4-5-1,SAHIN;ACIL;BASDAS;TEBER;KAPLAN;KELLER;AVCI;ERDOGAN;KURTULUS;AYGUNES;ISLER
Kayserispor vs. Sivasspor - Monday April 12 - 2010,Kayserispor,hard,4-4-2,HAMIDOU;KESIMAL;TOSCALI;TOLEDO;SAIDOU;SHAWKY;DURAK;BOYRAZ;CANGELE;MAKUKULA;SISMANOGLU
Kayserispor vs. Sivasspor - Monday April 12 - 2010,Sivasspor,hard,4-2-3-1,VARDAR;BAYRAK;CAKMAK;YERLIKAYA;DERELI;BEKMEZCI;KEITA;YILMAZ;AYDIN;KAMANAN;YILDIZ
Bursaspor vs. Gaziantepspor - Friday April 16 - 2010,Bursaspor,hard,4-2-3-1,IVANKOV;ERDOGAN;ZAPOTOCNY;KECELI;TANDOGAN;CIMSIR;HAS;IPEK;SEN;YILDIRIM;BAHADIR
Bursaspor vs. Gaziantepspor - Friday April 16 - 2010,Gaziantepspor,hard,4-1-4-1,BEZGIN;DEUMI;SEYHAN;IVAN;KURTULUS;ZURITA;OZGUR;JORGINHO;COSKUN;ADIN;CESAR
Buyuksehir Belediyespor vs. Genclerbirligi - Saturday April 17 - 2010,Buyuksehir Belediyespor,hard,4-3-3,HASAGIC;DEPE;MARCUS VINICIUS;SUZEN;KUS;TEKDEMIR;GULPINAR;INANC;GUZELDAL;ALIN;KOSE
Buyuksehir Belediyespor vs. Genclerbirligi - Saturday April 17 - 2010,Genclerbirligi,hard,4-5-1,KULBILGE;DEMIR;EKER;KALKAN;SAM;TOZO;SERAS;VRANJES;HARBUZI;MERIC;PEKTEMEK
Manisaspor vs. Galatasaray - Saturday April 17 - 2010,Galatasaray,easy,4-2-3-1,ERCETIN;NEILL;BALTA;ERKIN;SARIOGLU;TOPAL;ELANO;TURAN;KEITA;DOS SANTOS;BAROS
Manisaspor vs. Galatasaray - Saturday April 17 - 2010,Manisaspor,hard,4-2-3-1,AVCIBAY;TOK;OZSARAC;AYDIN;CALISKAN;GUVEN;NAS;ASKAROGLU;VAROL;SIMPSON;PROMISE
Ankaragucu vs. Eskisehirspor - Sunday April 18 - 2010,Ankaragucu,hard,4-5-1,KIRINTILI;COLGECEN;RAJNOCH;BROGGI;GUCER;KAGAN SOYLEMEZGILLER;GEREMI;ROTHEN;SAPARA;CAKIR;VITTEK
Ankaragucu vs. Eskisehirspor - Sunday April 18 - 2010,Eskisehirspor,hard,4-4-2,IVESA;COSKUN;NADAREVIC;VUCKO;YAMAN;TATAN;KAYA;OZTURK;YILMAZ;KARAN;JOHN
Antalyaspor vs. Denizlispor - Sunday April 18 - 2010,Antalyaspor,hard,4-3-3,CATKIC;AYHAN;CAN;GUVEN;ZENGIN;AGCAY;ARSLAN;JEDINAK;TITA;ATES;DJIEHOUA
Antalyaspor vs. Denizlispor - Sunday April 18 - 2010,Denizlispor,hard,4-4-2,GONEN;BAJIC;BIRINCI;CHRYSOSTOME;SEKMAN;CEBE;ALADAG;BERBEROVIC;ROBERTS;ANGELOV;YOULA
Diyarbakirspor vs. Kayserispor - Sunday April 18 - 2010,Diyarbakirspor,hard,4-5-1,TOKGOZ;DIALLO;YAVUZ;KOCAK;CETIN;ATAS;GUNES;GUNGOR;KARADUMAN;BEBBE;SENTURK
Diyarbakirspor vs. Kayserispor - Sunday April 18 - 2010,Kayserispor,hard,4-4-2,HAMIDOU;KESIMAL;TOSCALI;TOLEDO;SAIDOU;SHAWKY;DURAK;BOYRAZ;CANGELE;MAKUKULA;SISMANOGLU
Fenerbahce vs. Besiktas - Sunday April 18 - 2010,Besiktas,easy,4-5-1,RECBER;FERRARI;KAS;SIVOK;TORAMAN;FINK;UZULMEZ;ERNST;KOYBASI;TELLO;BOBO
Fenerbahce vs. Besiktas - Sunday April 18 - 2010,Fenerbahce,easy,4-5-1,DEMIREL;FABIO BILICA;LUGANO;SANTOS;GONUL;SAHIN;BELOZOGLU;TOPUZ;HURMACI;ALEX;GUIZA
Trabzonspor vs. Kasimpasa - Monday April 19 - 2010,Kasimpasa,hard,4-5-1,SAHIN;ACIL;BASDAS;TEBER;KAPLAN;KELLER;AVCI;ERDOGAN;KURTULUS;AYGUNES;ISLER
Trabzonspor vs. Kasimpasa - Monday April 19 - 2010,Trabzonspor,easy,4-2-3-1,KIVRAK;KORKMAZ;SONG;CALE;COLMAN;INAN;BAYTAR;ALANZINHO;GABRIC;BULUT;GUTIERREZ
Besiktas vs. Sivasspor - Saturday April 24 - 2010,Besiktas,easy,4-5-1,RECBER;FERRARI;FINK;SIVOK;UZULMEZ;SIMSEK;UYSAL;INCEMAN;TELLO;HOLOSKO;BOBO
Besiktas vs. Sivasspor - Saturday April 24 - 2010,Sivasspor,hard,4-5-1,PETKOVIC;BAYRAK;CAKMAK;YERLIKAYA;DERELI;DAGASAN;BEKMEZCI;KEITA;YILMAZ;AYDIN;YILDIZ
Denizlispor vs. Ankaragucu - Saturday April 24 - 2010,Ankaragucu,hard,4-5-1,KIRINTILI;COLGECEN;RAJNOCH;BROGGI;GUCER;KAGAN SOYLEMEZGILLER;GEREMI;ROTHEN;SAPARA;VITTEK;CAKIR
Denizlispor vs. Ankaragucu - Saturday April 24 - 2010,Denizlispor,hard,4-4-2,GONEN;BAJIC;CHRYSOSTOME;SOLAKEL;CEBE;ALADAG;BERBEROVIC;EGE;ROBERTS;ANGELOV;YOULA
Genclerbirligi vs. Antalyaspor - Saturday April 24 - 2010,Antalyaspor,hard,4-3-3,CATKIC;AYHAN;NIZAM;ZENGIN;GUVEN;JEDINAK;OZMERT;OZTURK;ZITOUNI;ATES;CIHAN
Genclerbirligi vs. Antalyaspor - Saturday April 24 - 2010,Genclerbirligi,hard,4-5-1,KULBILGE;DEMIR;EKER;KALKAN;SAM;SERAS;VRANJES;TOZO;HARBUZI;MERIC;PEKTEMEK
Kayserispor vs. Manisaspor - Saturday April 24 - 2010,Kayserispor,hard,4-4-2,HAMIDOU;KESIMAL;TOSCALI;TOLEDO;ASLANTAS;SAIDOU;DURAK;BOYRAZ;CANGELE;MAKUKULA;SISMANOGLU
Kayserispor vs. Manisaspor - Saturday April 24 - 2010,Manisaspor,hard,4-5-1,AVCIBAY;OZSARAC;TOK;MOMHA;COKMUS;CALISKAN;INCEDEMIR;NAS;VAROL;SIMPSON;PROMISE
Galatasaray vs. Bursaspor - Sunday April 25 - 2010,Bursaspor,hard,4-2-3-1,IVANKOV;ERDOGAN;ZAPOTOCNY;KECELI;TANDOGAN;CIMSIR;HAS;ERGIC;IPEK;SEN;YILDIRIM
Galatasaray vs. Bursaspor - Sunday April 25 - 2010,Galatasaray,easy,4-2-3-1,ERCETIN;NEILL;BALTA;ERKIN;SARIOGLU;TOPAL;ELANO;TURAN;KEITA;DOS SANTOS;BAROS
Gaziantepspor vs. Buyuksehir Belediyespor - Sunday April 25 - 2010,Buyuksehir Belediyespor,hard,4-4-2,HASAGIC;ARAT;DEPE;EKSIOGLU;SUZEN;SAHIN;TEKDEMIR;KAYALI;ALIN;DURTULUK;KOSE
Gaziantepspor vs. Buyuksehir Belediyespor - Sunday April 25 - 2010,Gaziantepspor,hard,4-1-4-1,BILER;DEUMI;KAYA;SEYHAN;IVAN;KURTULUS;CEYLAN;OZGUR;ARI;CESAR;BETO
Kasimpasa vs. Fenerbahce - Sunday April 25 - 2010,Fenerbahce,easy,4-5-1,DEMIREL;IRTEGUN;LUGANO;SANTOS;GONUL;SAHIN;BELOZOGLU;TOPUZ;HURMACI;ALEX;GUIZA
Kasimpasa vs. Fenerbahce - Sunday April 25 - 2010,Kasimpasa,hard,4-4-2,SAHIN;ACIL;KAPLAN;TEBER;TORAMAN;AVCI;KELLER;KURTULUS;ERDOGAN;AYGUNES;ISLER
Eskisehirspor vs. Trabzonspor - Monday April 26 - 2010,Eskisehirspor,hard,4-4-2,IVESA;COSKUN;EL SAKA;NADAREVIC;ARSLAN;ERTUGRUL;KAYA;OZTURK;ZENGIN;KARAN;SARI
Eskisehirspor vs. Trabzonspor - Monday April 26 - 2010,Trabzonspor,easy,4-2-3-1,KIVRAK;KACAR;KORKMAZ;SONG;BALCI;INAN;COLMAN;ALANZINHO;BAYTAR;GABRIC;BULUT
Ankaragucu vs. Trabzonspor - Saturday May 1 - 2010,Ankaragucu,hard,4-2-3-1,KIRINTILI;COLGECEN;RAJNOCH;YOLDAS;BROGGI;GUCER;GEREMI;ROTHEN;SAPARA;CAKIR;VITTEK
Ankaragucu vs. Trabzonspor - Saturday May 1 - 2010,Trabzonspor,easy,4-4-2,KIVRAK;KACAR;KORKMAZ;SONG;CALE;BALCI;BADUR;BAYTAR;GABRIC;YILMAZ;GUTIERREZ
Bursaspor vs. Kayserispor - Saturday May 1 - 2010,Bursaspor,hard,4-2-3-1,IVANKOV;ERDOGAN;OZTURK;KECELI;TANDOGAN;CIMSIR;ERGIC;BATALLA;IPEK;SEN;BAHADIR
Bursaspor vs. Kayserispor - Saturday May 1 - 2010,Kayserispor,hard,4-4-2,HAMIDOU;KESIMAL;TOSCALI;TOLEDO;SAIDOU;SHAWKY;DURAK;BOYRAZ;CANGELE;MAKUKULA;SISMANOGLU
Buyuksehir Belediyespor vs. Galatasaray - Saturday May 1 - 2010,Buyuksehir Belediyespor,hard,4-3-3,HASAGIC;DEPE;MARCUS VINICIUS;EKSIOGLU;SUZEN;SAHIN;INANC;KAYALI;GUZELDAL;ALIN;KOSE
Buyuksehir Belediyespor vs. Galatasaray - Saturday May 1 - 2010,Galatasaray,easy,4-2-3-1,ERCETIN;GUNGOR;BALTA;ERKIN;SARIOGLU;TOPAL;ELANO;TURAN;KEITA;JO;BAROS
Fenerbahce vs. Eskisehirspor - Saturday May 1 - 2010,Eskisehirspor,hard,4-4-2,IVESA;COSKUN;EL SAKA;NADAREVIC;YAMAN;ARSLAN;KAYA;OZTURK;POTUK;YILMAZ;KARAN
Fenerbahce vs. Eskisehirspor - Saturday May 1 - 2010,Fenerbahce,easy,4-5-1,DEMIREL;FABIO BILICA;LUGANO;SANTOS;GONUL;SAHIN;BELOZOGLU;TOPUZ;HURMACI;ALEX;GUIZA
Antalyaspor vs. Gaziantepspor - Sunday May 2 - 2010,Antalyaspor,hard,4-3-3,CATKIC;AYHAN;CAN;GUVEN;ZENGIN;AGCAY;ARSLAN;CEYLAN;TITA;ZITOUNI;ATES
Antalyaspor vs. Gaziantepspor - Sunday May 2 - 2010,Gaziantepspor,hard,4-1-4-1,KARCEMARSKAS;DEUMI;ORNEK;IVAN;KURTULUS;CEYLAN;OZGUR;JORGINHO;ARI;ADIN;CESAR
Denizlispor vs. Genclerbirligi - Sunday May 2 - 2010,Denizlispor,hard,4-5-1,GONEN;BAJIC;BIRINCI;CHRYSOSTOME;KARTAL;CEBE;DANIEL BRAGA;BERBEROVIC;EGE;ROBERTS;ANGELOV
Denizlispor vs. Genclerbirligi - Sunday May 2 - 2010,Genclerbirligi,hard,4-5-1,KULBILGE;DEMIR;RADELJIC;ERDEM;SAM;CAN;TOZO;HARBUZI;MERIC;MENDONCA;PEKTEMEK
Diyarbakirspor vs. Besiktas - Sunday May 2 - 2010,Besiktas,easy,4-5-1,RECBER;FINK;TORAMAN;SIVOK;ERNST;UYSAL;KOYBASI;SIMSEK;TELLO;BOBO;KAHVECI
Diyarbakirspor vs. Besiktas - Sunday May 2 - 2010,Diyarbakirspor,hard,4-4-2,TOKGOZ;BOZKURT;YAVUZ;KOCAK;TJIKUZU;CETIN;GUNES;ATAS;KARADUMAN;BEBBE;THIERRY FIDJEU TAZEMETA
Sivasspor vs. Kasimpasa - Sunday May 2 - 2010,Kasimpasa,hard,4-4-2,SAHIN;ACIL;TEBER;KAPLAN;KELLER;AVCI;TORAMAN;ERDOGAN;KURTULUS;GULEC;ISLER
Sivasspor vs. Kasimpasa - Sunday May 2 - 2010,Sivasspor,hard,4-2-3-1,PETKOVIC;BAYRAK;CAKMAK;YERLIKAYA;DERELI;BEKMEZCI;KEITA;YILMAZ;AYDIN;KAMANAN;YILDIZ
Besiktas vs. Manisaspor - Friday May 7 - 2010,Besiktas,easy,4-4-2,ARIKAN;FINK;TORAMAN;SIVOK;SIMSEK;UYSAL;KOYBASI;TABATA;TELLO;BOBO;KAHVECI
Besiktas vs. Manisaspor - Friday May 7 - 2010,Manisaspor,hard,4-2-3-1,AVCIBAY;OZSARAC;TOK;AYDIN;COKMUS;INCEDEMIR;CALISKAN;NAS;VAROL;SIMPSON;PROMISE
Galatasaray vs. Antalyaspor - Saturday May 8 - 2010,Antalyaspor,hard,4-3-3,CATKIC;AYHAN;CAN;GUVEN;ZENGIN;AGCAY;ARSLAN;JEDINAK;TITA;ZITOUNI;ATES
Galatasaray vs. Antalyaspor - Saturday May 8 - 2010,Galatasaray,easy,4-3-3,ERCETIN;NEILL;BALTA;ERKIN;SARIOGLU;TOPAL;OZBEK;COLAK;TURAN;KEITA;JO
Gaziantepspor vs. Genclerbirligi - Saturday May 8 - 2010,Gaziantepspor,hard,4-2-3-1,KARCEMARSKAS;SEYHAN;ORNEK;IVAN;KURTULUS;CEYLAN;ZURITA;JORGINHO;ADIN;CESAR;BETO
Gaziantepspor vs. Genclerbirligi - Saturday May 8 - 2010,Genclerbirligi,hard,4-5-1,KARABULUT;KALKAN;EKER;DEMIR;SAM;CAN;SERAS;VRANJES;USTA;MERIC;PEKTEMEK
Ankaragucu vs. Fenerbahce - Sunday May 9 - 2010,Ankaragucu,hard,4-2-3-1,KIRINTILI;COLGECEN;RAJNOCH;YOLDAS;BROGGI;GUCER;GEREMI;ROTHEN;SAPARA;PARLAK;CAKIR
Ankaragucu vs. Fenerbahce - Sunday May 9 - 2010,Fenerbahce,easy,4-5-1,DEMIREL;FABIO BILICA;LUGANO;WEDERSON;GONUL;SAHIN;BELOZOGLU;TOPUZ;HURMACI;ALEX;GUIZA
Eskisehirspor vs. Sivasspor - Sunday May 9 - 2010,Eskisehirspor,hard,4-4-2,IVESA;COSKUN;EL SAKA;NADAREVIC;SARI;ARSLAN;OZTURK;ZENGIN;POTUK;JOHN;YILMAZ
Eskisehirspor vs. Sivasspor - Sunday May 9 - 2010,Sivasspor,hard,4-5-1,PETKOVIC;BAYRAK;SOZGELMEZ;YERLIKAYA;DERELI;BEKMEZCI;DAGASAN;KEITA;YILMAZ;AYDIN;YILDIZ
Kasimpasa vs. Diyarbakirspor - Sunday May 9 - 2010,Diyarbakirspor,hard,4-4-2,KURTULDU;BOZKURT;YAVUZ;TJIKUZU;CETIN;GUNES;ATAS;GUNGOR;KARADUMAN;BEBBE;THIERRY FIDJEU TAZEMETA
Kasimpasa vs. Diyarbakirspor - Sunday May 9 - 2010,Kasimpasa,hard,4-4-2,SAHIN;ACIL;TEBER;KAPLAN;KELLER;AVCI;TORAMAN;ERDOGAN;KURTULUS;GULEC;ISLER
Kayserispor vs. Buyuksehir Belediyespor - Sunday May 9 - 2010,Buyuksehir Belediyespor,hard,4-4-2,BAHADIR;ARAT;DEPE;EKSIOGLU;SUZEN;SAHIN;GULPINAR;KAYALI;GUZELDAL;ALIN;KOSE
Kayserispor vs. Buyuksehir Belediyespor - Sunday May 9 - 2010,Kayserispor,hard,4-2-3-1,HAMIDOU;CETIN;TOSCALI;TOLEDO;SAIDOU;DURAK;YILMAZ;TROISI;BOYRAZ;CANGELE;MAKUKULA
Trabzonspor vs. Denizlispor - Monday May 10 - 2010,Denizlispor,hard,4-2-3-1,GONEN;CHRYSOSTOME;SOLAKEL;CEBE;ALADAG;DANIEL BRAGA;YIGEN;EGE;ER;KOC;YOULA
Trabzonspor vs. Denizlispor - Monday May 10 - 2010,Trabzonspor,easy,4-2-3-1,ZENGIN;KACAR;KORKMAZ;OZTORUN;BALCI;GULSELAM;COLMAN;BADUR;ALANZINHO;YATTARA;BULUT
Antalyaspor vs. Kayserispor - Saturday May 15 - 2010,Antalyaspor,hard,4-3-3,CATKIC;NIZAM;CAN;GUVEN;ZENGIN;AGCAY;ARSLAN;JEDINAK;TITA;ZITOUNI;ATES
Antalyaspor vs. Kayserispor - Saturday May 15 - 2010,Kayserispor,hard,4-4-2,HAMIDOU;DIKMEN;KESIMAL;KALDIRIM;TOLEDO;SHAWKY;YILMAZ;BOYRAZ;CANGELE;SISMANOGLU;MAKUKULA
Denizlispor vs. Gaziantepspor - Saturday May 15 - 2010,Denizlispor,hard,4-3-3,SAHMALI;BIRINCI;SOLAKEL;CEBE;ALADAG;DANIEL BRAGA;YIGEN;EGE;KOC;ROBERTS;YOULA
Denizlispor vs. Gaziantepspor - Saturday May 15 - 2010,Gaziantepspor,hard,4-2-3-1,KARCEMARSKAS;GUVENC;ORNEK;IVAN;KURTULUS;ZURITA;CEYLAN;OZGUR;ARI;ADIN;CESAR
Diyarbakirspor vs. Eskisehirspor - Saturday May 15 - 2010,Diyarbakirspor,hard,4-4-2,KURTULDU;DIALLO;YAVUZ;KOCAK;CETIN;GUNGOR;ISTEMI;STANKOVSKI;ULUM;SENTURK;THIERRY FIDJEU TAZEMETA
Diyarbakirspor vs. Eskisehirspor - Saturday May 15 - 2010,Eskisehirspor,hard,4-4-2,KOCA;EL SAKA;SARI;ONUR;ARSLAN;TATAN;OZTURK;POTUK;YILMAZ;JOHN;SARI
Sivasspor vs. Ankaragucu - Saturday May 15 - 2010,Ankaragucu,hard,4-2-3-1,KORK;BAHTIYAROGLU;RAJNOCH;CEK;HASPOLATLI;DURUER;KOCAK;KISA;WEEKS;CAKIR;PARLAK
Sivasspor vs. Ankaragucu - Saturday May 15 - 2010,Sivasspor,hard,4-2-3-1,VARDAR;AUBEY;YERLIKAYA;KAVUK;BIKMAZ;KEITA;MBANANGOYE;KILIC;AYDIN;KAMANAN;YILDIZ
Bursaspor vs. Besiktas - Sunday May 16 - 2010,Besiktas,easy,4-4-2,RECBER;SIVOK;TORAMAN;FINK;UZULMEZ;ERNST;UYSAL;KOYBASI;TELLO;KAHVECI;NOBRE
Bursaspor vs. Besiktas - Sunday May 16 - 2010,Bursaspor,hard,4-2-3-1,IVANKOV;ERDOGAN;OZTURK;KECELI;TANDOGAN;ERGIC;HAS;BATALLA;IPEK;YILDIRIM;BAHADIR
Fenerbahce vs. Trabzonspor - Sunday May 16 - 2010,Fenerbahce,easy,4-2-3-1,DEMIREL;FABIO BILICA;LUGANO;WEDERSON;GONUL;SAHIN;BELOZOGLU;TOPUZ;HURMACI;ALEX;GUIZA
Fenerbahce vs. Trabzonspor - Sunday May 16 - 2010,Trabzonspor,easy,4-2-3-1,KIVRAK;KACAR;KORKMAZ;CALE;BALCI;INAN;COLMAN;ALANZINHO;BAYTAR;YILMAZ;BULUT
Genclerbirligi vs. Galatasaray - Sunday May 16 - 2010,Galatasaray,easy,4-1-4-1,ERCETIN;CETIN;ZAN;ERKIN;SARIOGLU;UCAR;SARP;YILMAZTURK;OZBEK;COLAK;DOS SANTOS
Genclerbirligi vs. Galatasaray - Sunday May 16 - 2010,Genclerbirligi,hard,4-4-2,KULBILGE;BOZ;DEMIR;EKER;SAM;VRANJES;SERAS;HARBUZI;MERIC;KAHE;PEKTEMEK
Manisaspor vs. Kasimpasa - Sunday May 16 - 2010,Kasimpasa,hard,4-4-2,OZGEN;ACIL;TEBER;KAPLAN;AVCI;TORAMAN;KELLER;ERDOGAN;KURTULUS;GULEC;ISLER
Manisaspor vs. Kasimpasa - Sunday May 16 - 2010,Manisaspor,hard,4-5-1,BASMAZ;GABRIEL;OZSARAC;MOMHA;COKMUS;CALISKAN;INCEDEMIR;GUVEN;VAROL;SIMPSON;PROMISE
