game,team,difficulty,formation,lineup
Kocaelispor vs. Fenerbahce - Friday August 11 - 2000,Fenerbahce,easy,3-5-2,RECBER;DOGAN;OKECHUKWU;MIRKOVIC;ERCAN;TEMIZKANOGLU;REVIVO;GUNES;LAZETIC;ANDERSSON;BALJIC
Kocaelispor vs. Fenerbahce - Friday August 11 - 2000,Kocaelispor,hard,4-4-2,MERT;COLAK;AK;MIRKOVIC;ARSLANER;SAHIN;ABDELAZIZ;AHMED HASSAN;OZTONGA;DABROWSKI;TOPRAKTEPE
Besiktas vs. Yimpas Yozgatspor - Saturday August 12 - 2000,Besiktas,easy,4-4-2,SHORUNMU;MUNCH;ZAFER;HALILAGIC;KHLESTOV;KAHVECI;OZDILEK;HAVUTCU;KARHAN;NOUMA;DURSUN
Besiktas vs. Yimpas Yozgatspor - Saturday August 12 - 2000,Yimpas Yozgatspor,hard,4-4-2,TOKGOZ;MVUEZOLO;ARSLAN;OZER;KAYA;KARACA;HINCAL;DASGUN;DUMAN;PREKO;KOCABEY
Bursaspor vs. Gaziantepspor - Saturday August 12 - 2000,Bursaspor,hard,3-5-2,ZIEGLER;OZBEY;ER;SPANRING;DAMLA;LUPESCU;GONDEN;SEVEN;ALKAN;SOZKESEN;YILMAZ
Bursaspor vs. Gaziantepspor - Saturday August 12 - 2000,Gaziantepspor,hard,3-5-2,CATKIC;POLAT;KORKMAZ;TUNC;ALBAYRAK;BAYRAKTAR;SAHINTURK;BATISTA;YIGIT;OZER;TEKKE
Erzurumspor vs. Trabzonspor - Saturday August 12 - 2000,Erzurumspor,hard,3-5-2,KORAC;ERDOGAN;BAKHTIARIZADEH;VURAL;NELIKER;DEMIR;RZAYEV;YUCETAS;BEYAZ;LOBE;KOVACEVIC
Erzurumspor vs. Trabzonspor - Saturday August 12 - 2000,Trabzonspor,easy,3-5-2,MILOSEVSKI;OZKOYLU;NIKOLOVSKI;OZTURK;KARADENIZ;DEMIRAY;NAMLI;SERAFIMOVSKI;TUNA;LANGE;CIKIRIKCI
Genclerbirligi vs. Rizespor - Saturday August 12 - 2000,Genclerbirligi,hard,4-4-2,NYS;GULDUREN;DOGANTEZ;TOPRAKTEPE;OZAT;SOUZA;ZDEBEL;BASTURK;PHIRI;KONA;KARAN
Genclerbirligi vs. Rizespor - Saturday August 12 - 2000,Rizespor,hard,3-5-2,HAMIDOU;DUYMUS;DIENG;ASIL;BILGE;AVCI;SEZER;AYHAN;NAS;YILMAZ;TETTEH
Denizlispor vs. Galatasaray - Sunday August 13 - 2000,Denizlispor,hard,3-5-2,KUCUK;EL SAKA;BADRA;SONMEZ;GORGEC;KARTOP;KAFKAS;BICICI;TANDOGAN;BIRDAL;BILAZER
Denizlispor vs. Galatasaray - Sunday August 13 - 2000,Galatasaray,easy,4-4-2,TAFFAREL;PENBE;KORKMAZ;POPESCU;AKYEL;HAGI;KAYA;BELOZOGLU;BURUK;JARDEL;MARCIO MIXIRICA
Istanbulspor vs. Adanaspor - Sunday August 13 - 2000,Adanaspor,hard,3-5-2,SCHEUER;KIRILOV;KOSE;YANYALI;TOPCU;OZTURK;ARSLAN;YORUK;SANCARBARLAS;BALKAYA;ISLER
Istanbulspor vs. Adanaspor - Sunday August 13 - 2000,Istanbulspor,hard,3-5-2,GUNGOR;GUR;TICE;MOURA;PETKOV;BURUK;UCUNCU;OZDEMIR;CETIN;BUSHI;YAVAS
Samsunspor vs. Ankaragucu - Sunday August 13 - 2000,Ankaragucu,hard,3-5-2,DA SILVA;SARMAN;KUTLU;OZLEM;OZALP;TASDEMIR;ROGERIO BELEM;NGOBE;KELES;TURKMEN;KENNEDY
Samsunspor vs. Ankaragucu - Sunday August 13 - 2000,Samsunspor,hard,3-5-2,BOUKAR;YELEK;KOLOGLU;RONALDO;AKDENIZ;NAS;METIN;BAIDOO;CAN;SAGLAM;MANSIZ
Siirt Jetpa Spor vs. Antalyaspor - Sunday August 13 - 2000,Antalyaspor,hard,3-5-2,KARAHAN;KAMBUROGLU;SAATCIOGLU;GINCHEV;MUSIC;YAVAS;BIRLIK;CIMSIR;CAKIR;KINALI;ANDJELKOVIC
Siirt Jetpa Spor vs. Antalyaspor - Sunday August 13 - 2000,Siirt Jetpa Spor,hard,3-5-2,AKCEVRE;DASBULAK;AMCAOGLU;SAVUT;HAMZAOGLU;GUNES;IKIZER;AYDIN;AVSEREN;COULIBALY;OZTURK
Antalyaspor vs. Besiktas - Friday August 18 - 2000,Antalyaspor,hard,3-5-2,KARAHAN;KAMBUROGLU;SAATCIOGLU;GINCHEV;MUSIC;CIMSIR;YAVAS;GAUDINO;CAKIR;KINALI;BIRLIK
Antalyaspor vs. Besiktas - Friday August 18 - 2000,Besiktas,easy,3-5-2,SHORUNMU;GURACAR;BOZKURT;HALILAGIC;MUNCH;HAVUTCU;OZDILEK;KARHAN;KAHVECI;NOUMA;DURSUN
Ankaragucu vs. Kocaelispor - Saturday August 19 - 2000,Ankaragucu,hard,3-5-2,DA SILVA;KUTLU;TASDEMIR;SARMAN;OZALP;OZLEM;NAMDAR;NGOBE;KELES;TURKMEN;KENNEDY
Ankaragucu vs. Kocaelispor - Saturday August 19 - 2000,Kocaelispor,hard,4-4-2,MERT;BILGEN;AK;MIRKOVIC;ARSLANER;OZTONGA;HASPOLATLI;ABDELAZIZ;AHMED HASSAN;KAYNAK;OZDEN
Galatasaray vs. Erzurumspor - Saturday August 19 - 2000,Erzurumspor,hard,3-5-2,KORAC;ERDOGAN;BAKHTIARIZADEH;VURAL;NELIKER;YILMAZ;RZAYEV;YUCETAS;BEYAZ;LOBE;KOVACEVIC
Galatasaray vs. Erzurumspor - Saturday August 19 - 2000,Galatasaray,easy,4-4-2,TAFFAREL;PENBE;ASIK;POPESCU;AKYEL;BELOZOGLU;KAYA;HAGI;BURUK;JARDEL;AYKUT
Siirt Jetpa Spor vs. Rizespor - Saturday August 19 - 2000,Rizespor,hard,3-5-2,HAMIDOU;DUYMUS;DIENG;ASIL;BILGE;AVCI;KAZMAZ;AYHAN;NAS;YILMAZ;TETTEH
Siirt Jetpa Spor vs. Rizespor - Saturday August 19 - 2000,Siirt Jetpa Spor,hard,4-4-2,AKCEVRE;GUNES;DASBULAK;HANKE;AVSEREN;HAMZAOGLU;IKIZER;AYDIN;SAVUT;COULIBALY;NASSAR
Yimpas Yozgatspor vs. Denizlispor - Saturday August 19 - 2000,Denizlispor,hard,3-5-2,KUCUK;SONMEZ;BADRA;EL SAKA;GORGEC;KAFKAS;BILAZER;KARTOP;TANDOGAN;CIHAN;BIRDAL
Yimpas Yozgatspor vs. Denizlispor - Saturday August 19 - 2000,Yimpas Yozgatspor,hard,3-5-2,TOKGOZ;BARIS;OZER;DUMAN;KARACA;MVUEZOLO;DASGUN;HINCAL;OZER;PREKO;KOCABEY
Fenerbahce vs. Istanbulspor - Sunday August 20 - 2000,Fenerbahce,easy,3-4-3,RECBER;TEMIZKANOGLU;OKECHUKWU;MIRKOVIC;ERCAN;GUNES;MOSHOEU;LAZETIC;BALJIC;ANDERSSON;REVIVO
Fenerbahce vs. Istanbulspor - Sunday August 20 - 2000,Istanbulspor,hard,4-4-2,GUNGOR;PETKOV;MOURA;GUR;CETIN;ERDOGAN;BURUK;KOCABAL;OZDEMIR;BUSHI;UCUNCU
Gaziantepspor vs. Samsunspor - Sunday August 20 - 2000,Gaziantepspor,hard,3-5-2,CATKIC;POLAT;KORKMAZ;TUNC;ALBAYRAK;BAYRAKTAR;BATISTA;ASLAN;YIGIT;OZER;TEKKE
Gaziantepspor vs. Samsunspor - Sunday August 20 - 2000,Samsunspor,hard,3-5-2,BOUKAR;YELEK;KOLOGLU;RONALDO;AKDENIZ;NAS;METIN;BAIDOO;CAN;SAGLAM;MANSIZ
Genclerbirligi vs. Adanaspor - Sunday August 20 - 2000,Adanaspor,hard,3-5-2,SCHEUER;KIRILOV;KOSE;YANYALI;TOPCU;YORUK;AKSOY;ARSLAN;OZTURK;BALKAYA;ISLER
Genclerbirligi vs. Adanaspor - Sunday August 20 - 2000,Genclerbirligi,hard,3-5-2,NYS;TOPRAKTEPE;OZAT;DOGANTEZ;GULDUREN;TATLI;ZDEBEL;BASTURK;CAKMAK;KARAN;KONA
Trabzonspor vs. Bursaspor - Sunday August 20 - 2000,Bursaspor,hard,4-1-4-1,ZIEGLER;DAMLA;SPANRING;OZBEY;SEVEN;ER;YILMAZ;LUPESCU;GONDEN;ALKAN;SOZKESEN
Trabzonspor vs. Bursaspor - Sunday August 20 - 2000,Trabzonspor,easy,3-5-2,MILOSEVSKI;OZKOYLU;NIKOLOVSKI;OZTURK;KARADENIZ;DEMIRAY;SERAFIMOVSKI;NAMLI;TUNA;MANDIRALI;LANGE
Samsunspor vs. Trabzonspor - Friday August 25 - 2000,Samsunspor,hard,4-4-2,BOUKAR;AKDENIZ;KARABABA;YELEK;ARSLAN;DOKME;NAS;METIN;CAN;SAGLAM;MANSIZ
Samsunspor vs. Trabzonspor - Friday August 25 - 2000,Trabzonspor,easy,4-4-2,MILOSEVSKI;DEMIRCI;NIKOLOVSKI;OZKOYLU;TUNA;KARADENIZ;SERAFIMOVSKI;NAMLI;DEMIRAY;MANDIRALI;LANGE
Denizlispor vs. Erzurumspor - Saturday August 26 - 2000,Denizlispor,hard,3-5-2,KUCUK;EL SAKA;SONMEZ;SYLLA;BAYAZIT;KAFKAS;BILAZER;KARTOP;TANDOGAN;CIHAN;BIRDAL
Denizlispor vs. Erzurumspor - Saturday August 26 - 2000,Erzurumspor,hard,3-5-2,KORAC;VURAL;ERDOGAN;BAKHTIARIZADEH;NELIKER;DEMIR;YUCETAS;BEYAZ;KARAKAS;LOBE;KOVACEVIC
Genclerbirligi vs. Fenerbahce - Saturday August 26 - 2000,Fenerbahce,easy,3-5-2,RECBER;OZSOY;OKECHUKWU;MIRKOVIC;ERCAN;GUNES;REVIVO;LAZETIC;KARABACAK;ANDERSSON;BALJIC
Genclerbirligi vs. Fenerbahce - Saturday August 26 - 2000,Genclerbirligi,hard,3-5-2,NYS;SUMER;DOGAN;DOGANTEZ;GULDUREN;TATLI;ZDEBEL;BASTURK;CAKMAK;KARAN;KONA
Siirt Jetpa Spor vs. Adanaspor - Saturday August 26 - 2000,Adanaspor,hard,3-5-2,SCHEUER;KIRILOV;KOSE;UZEL;TOPCU;YORUK;AKSOY;ARSLAN;OZTURK;BALKAYA;ISLER
Siirt Jetpa Spor vs. Adanaspor - Saturday August 26 - 2000,Siirt Jetpa Spor,hard,4-4-2,AKCEVRE;SANCAK;DASBULAK;HANKE;AVSEREN;AYDIN;ERIS;HAMZAOGLU;SAVUT;OZTURK;COULIBALY
Besiktas vs. Rizespor - Sunday August 27 - 2000,Besiktas,easy,3-5-2,SHORUNMU;GURACAR;BOZKURT;HALILAGIC;MUNCH;HAVUTCU;KARHAN;UZULMEZ;KAHVECI;NOUMA;DURSUN
Besiktas vs. Rizespor - Sunday August 27 - 2000,Rizespor,hard,3-5-2,HAMIDOU;DUYMUS;DIENG;ASIL;BILGE;AVCI;KAZMAZ;AYHAN;NAS;TETTEH;YILMAZ
Istanbulspor vs. Ankaragucu - Sunday August 27 - 2000,Ankaragucu,hard,3-5-2,DA SILVA;KUTLU;TASDEMIR;SARMAN;OZALP;OZLEM;NAMDAR;NGOBE;KELES;TURKMEN;KENNEDY
Istanbulspor vs. Ankaragucu - Sunday August 27 - 2000,Istanbulspor,hard,4-4-2,GUNGOR;PETKOV;GUR;HUSEYINOGLU;CETIN;ERDOGAN;BURUK;OZDEMIR;EREN;BUSHI;UCUNCU
Kocaelispor vs. Gaziantepspor - Sunday August 27 - 2000,Gaziantepspor,hard,4-4-2,CATKIC;TUNC;KORKMAZ;POLAT;YIGIT;ALBAYRAK;BATISTA;ASLAN;BAYRAKTAR;OZER;TEKKE
Kocaelispor vs. Gaziantepspor - Sunday August 27 - 2000,Kocaelispor,hard,4-4-2,HOFFMANN;MATSIGURA;AK;MIRKOVIC;ARSLANER;TOPRAKTEPE;ABDELAZIZ;AHMED HASSAN;HASPOLATLI;OZDEN;BOZ
Yimpas Yozgatspor vs. Antalyaspor - Sunday August 27 - 2000,Antalyaspor,hard,4-5-1,KARAHAN;KAMBUROGLU;SAATCIOGLU;YAVAS;YALCINKAYA;MUSIC;CIMSIR;GURSEL;GAUDINO;CAKIR;KINALI
Yimpas Yozgatspor vs. Antalyaspor - Sunday August 27 - 2000,Yimpas Yozgatspor,hard,3-5-2,TOKGOZ;BARIS;OZER;DUMAN;KARACA;MVUEZOLO;DERVISOGLU;HINCAL;OZER;PREKO;KOCABEY
Bursaspor vs. Galatasaray - Wednesday September 6 - 2000,Bursaspor,hard,4-4-2,ZIEGLER;SEN;SPANRING;KILIC;OZBEY;SEN;LUPESCU;ER;ALKAN;SOZKESEN;YILMAZ
Bursaspor vs. Galatasaray - Wednesday September 6 - 2000,Galatasaray,easy,4-4-2,TAFFAREL;UNSAL;KORKMAZ;CAPONE;AKYEL;BELOZOGLU;KAYA;HAGI;BURUK;JARDEL;AYKUT
Adanaspor vs. Besiktas - Friday September 8 - 2000,Adanaspor,hard,3-5-2,ERAYDIN;YANYALI;HONCA;KIRILOV;TOPCU;KOSE;AKSOY;ARSLAN;OZTURK;BALKAYA;ISLER
Adanaspor vs. Besiktas - Friday September 8 - 2000,Besiktas,easy,3-5-2,SHORUNMU;GURACAR;BOZKURT;HALILAGIC;MUNCH;SULUN;OZDILEK;UZULMEZ;ALACAYIR;NOUMA;KAHVECI
Ankaragucu vs. Genclerbirligi - Saturday September 9 - 2000,Ankaragucu,hard,3-5-2,DA SILVA;SAHIN;KUTLU;SARMAN;OZALP;OZLEM;TASDEMIR;NGOBE;KELES;KENNEDY;NAMDAR
Ankaragucu vs. Genclerbirligi - Saturday September 9 - 2000,Genclerbirligi,hard,3-5-2,NYS;DOGANTEZ;DOGAN;SUMER;GULDUREN;TATLI;ZDEBEL;BASTURK;CAKMAK;KARAN;KONA
Antalyaspor vs. Denizlispor - Saturday September 9 - 2000,Antalyaspor,hard,4-4-2,KARAHAN;KAMBUROGLU;SAATCIOGLU;YAVAS;CAKIR;GURSEL;CIMSIR;GAUDINO;MUSIC;KINALI;BIRLIK
Antalyaspor vs. Denizlispor - Saturday September 9 - 2000,Denizlispor,hard,3-5-2,KUCUK;SONMEZ;EL SAKA;BADRA;BAYAZIT;KAFKAS;BILAZER;KARTOP;TANDOGAN;CIHAN;BIRDAL
Galatasaray vs. Samsunspor - Saturday September 9 - 2000,Galatasaray,easy,4-4-2,TAFFAREL;PENBE;KORKMAZ;POPESCU;AKYEL;YILDIRIM;KAYA;SAS;DAVALA;JARDEL;AYKUT
Galatasaray vs. Samsunspor - Saturday September 9 - 2000,Samsunspor,hard,3-5-2,BOUKAR;KOLOGLU;BAIDOO;YELEK;AKDENIZ;NAS;METIN;DOKME;CAN;SAGLAM;MANSIZ
Trabzonspor vs. Kocaelispor - Saturday September 9 - 2000,Kocaelispor,hard,4-5-1,HOFFMANN;MATSIGURA;AK;SAHIN;ARSLANER;COLAK;OZTONGA;AHMED HASSAN;ABDELAZIZ;YAGCIOGLU;AKYUZ
Trabzonspor vs. Kocaelispor - Saturday September 9 - 2000,Trabzonspor,easy,4-4-2,MILOSEVSKI;DEMIRCI;NIKOLOVSKI;OZKOYLU;GUVEN;KARADENIZ;NAMLI;YALCIN;TUNA;MANDIRALI;LANGE
Erzurumspor vs. Bursaspor - Sunday September 10 - 2000,Bursaspor,hard,3-5-2,ZIEGLER;SPANRING;ER;OZBEY;DAMLA;SEN;SEN;LUPESCU;KILIC;SOZKESEN;ALKAN
Erzurumspor vs. Bursaspor - Sunday September 10 - 2000,Erzurumspor,hard,3-5-2,KORAC;VURAL;ERDOGAN;BAKHTIARIZADEH;NELIKER;DEMIR;SIMICIC;BEYAZ;KARAKAS;LOBE;KOVACEVIC
Fenerbahce vs. Siirt Jetpa Spor - Sunday September 10 - 2000,Fenerbahce,easy,3-4-3,RECBER;DOGAN;TEMIZKANOGLU;MIRKOVIC;ERCAN;LAZETIC;REVIVO;GUNES;BALJIC;ANDERSSON;AKIN
Fenerbahce vs. Siirt Jetpa Spor - Sunday September 10 - 2000,Siirt Jetpa Spor,hard,4-4-2,AKCEVRE;SANCAK;AYDIN;DASBULAK;AVSEREN;HAMZAOGLU;HANKE;GUNES;SAVUT;COULIBALY;ERIS
Gaziantepspor vs. Istanbulspor - Sunday September 10 - 2000,Gaziantepspor,hard,4-4-2,CATKIC;TUNC;KORKMAZ;POLAT;YIGIT;ALBAYRAK;BATISTA;ASLAN;BAYRAKTAR;OZER;TEKKE
Gaziantepspor vs. Istanbulspor - Sunday September 10 - 2000,Istanbulspor,hard,4-4-2,ZDRAVKOV;PETKOV;MOURA;GUR;CETIN;ERDOGAN;BURUK;SAIDOU;EREN;BUSHI;UCUNCU
Yimpas Yozgatspor vs. Rizespor - Sunday September 10 - 2000,Rizespor,hard,3-5-2,HAMIDOU;DIENG;DERELI;ASIL;BILGE;AVCI;SEZER;AYHAN;NAS;TETTEH;YILMAZ
Yimpas Yozgatspor vs. Rizespor - Sunday September 10 - 2000,Yimpas Yozgatspor,hard,3-5-2,TOKGOZ;ARSLAN;OZER;DUMAN;KARACA;MVUEZOLO;DASGUN;HINCAL;OZER;PREKO;AL-ENAZI
Kocaelispor vs. Galatasaray - Friday September 15 - 2000,Galatasaray,easy,4-4-2,TAFFAREL;PENBE;KORKMAZ;CAPONE;AKYEL;HAGI;AKIN;BELOZOGLU;DAVALA;JARDEL;MARCIO MIXIRICA
Kocaelispor vs. Galatasaray - Friday September 15 - 2000,Kocaelispor,hard,4-4-2,HOFFMANN;MATSIGURA;AK;SAHIN;ARSLANER;COLAK;AHMED HASSAN;OZTONGA;YAGCIOGLU;AKYUZ;TOPRAKTEPE
Besiktas vs. Fenerbahce - Saturday September 16 - 2000,Besiktas,easy,4-4-2,SHORUNMU;UZULMEZ;BOZKURT;GURACAR;KHLESTOV;MUNCH;HAVUTCU;KARHAN;KAHVECI;NOUMA;DURSUN
Besiktas vs. Fenerbahce - Saturday September 16 - 2000,Fenerbahce,easy,3-4-3,RECBER;DOGAN;OKECHUKWU;TEMIZKANOGLU;MIRKOVIC;MIRKOVIC;MOSHOEU;GUNES;BALJIC;ANDERSSON;LAZETIC
Denizlispor vs. Bursaspor - Saturday September 16 - 2000,Bursaspor,hard,4-4-2,ZIEGLER;DAMLA;OZBEY;ILGIN;KILIC;SEN;BOUAZIZI;YESIL;ALKAN;SOZKESEN;YILMAZ
Denizlispor vs. Bursaspor - Saturday September 16 - 2000,Denizlispor,hard,3-5-2,KUCUK;BADRA;EL SAKA;SYLLA;BAYAZIT;KAFKAS;BILAZER;KARTOP;TANDOGAN;CIHAN;BIRDAL
Samsunspor vs. Erzurumspor - Saturday September 16 - 2000,Erzurumspor,hard,5-4-1,KORAC;KOCABICAK;BAKHTIARIZADEH;VURAL;ERDOGAN;KARAKAS;NELIKER;DEMIR;SIMICIC;YILMAZ;KOVACEVIC
Samsunspor vs. Erzurumspor - Saturday September 16 - 2000,Samsunspor,hard,3-5-2,BOUKAR;KOLOGLU;BAIDOO;YELEK;AKDENIZ;METIN;NAS;DOKME;CAN;SAGLAM;RINCON
Antalyaspor vs. Rizespor - Sunday September 17 - 2000,Antalyaspor,hard,3-5-2,KARAHAN;KAMBUROGLU;SAATCIOGLU;YAVAS;MUSIC;CIMSIR;GAUDINO;GINCHEV;CAKIR;KINALI;BIRLIK
Antalyaspor vs. Rizespor - Sunday September 17 - 2000,Rizespor,hard,3-5-2,HAMIDOU;DUYMUS;DIENG;ASIL;BILGE;SEZER;AYHAN;OZUNAL;NAS;TETTEH;YILMAZ
Genclerbirligi vs. Gaziantepspor - Sunday September 17 - 2000,Gaziantepspor,hard,3-5-2,CATKIC;POLAT;KORKMAZ;TUNC;BEKIROGLU;BATISTA;ALBAYRAK;BAYRAKTAR;YIGIT;OZER;TEKKE
Genclerbirligi vs. Gaziantepspor - Sunday September 17 - 2000,Genclerbirligi,hard,3-5-2,NYS;DOGANTEZ;DOGAN;SUMER;SIMSEK;ZDEBEL;TATLI;BASTURK;CAKMAK;KONA;PHIRI
Istanbulspor vs. Trabzonspor - Sunday September 17 - 2000,Istanbulspor,hard,4-2-3-1,ZDRAVKOV;PETKOV;GUR;MOURA;CETIN;SAIDOU;BURUK;ERDOGAN;UCUNCU;EREN;BUSHI
Istanbulspor vs. Trabzonspor - Sunday September 17 - 2000,Trabzonspor,easy,3-5-2,MILOSEVSKI;OZKOYLU;NIKOLOVSKI;OZTURK;KARADENIZ;SERAFIMOVSKI;YALCIN;NAMLI;TUNA;MANDIRALI;LANGE
Siirt Jetpa Spor vs. Ankaragucu - Sunday September 17 - 2000,Ankaragucu,hard,3-5-2,DA SILVA;KUTLU;TASDEMIR;SARMAN;UYSAL;OZLEM;ROGERIO BELEM;NGOBE;GUNEY;YILDIRAN;KENNEDY
Siirt Jetpa Spor vs. Ankaragucu - Sunday September 17 - 2000,Siirt Jetpa Spor,hard,3-5-2,AKCEVRE;SAVUT;DASBULAK;HANKE;AYDIN;HAMZAOGLU;ERIS;GUNES;AVSEREN;OZTURK;COULIBALY
Yimpas Yozgatspor vs. Adanaspor - Sunday September 17 - 2000,Adanaspor,hard,3-5-2,SCHEUER;KIRILOV;HONCA;YANYALI;TOPCU;KOSE;AKSOY;ARSLAN;OZTURK;BALKAYA;ISLER
Yimpas Yozgatspor vs. Adanaspor - Sunday September 17 - 2000,Yimpas Yozgatspor,hard,3-5-2,TOKGOZ;ARSLAN;OZER;BARIS;KARACA;KARAKAYIS;HINCAL;DASGUN;KAYA;PREKO;KOCABEY
Ankaragucu vs. Besiktas - Friday September 22 - 2000,Ankaragucu,hard,3-5-2,DA SILVA;KUTLU;TASDEMIR;SARMAN;KOCAK;OZLEM;ROGERIO BELEM;NGOBE;GUNEY;KENNEDY;KELES
Ankaragucu vs. Besiktas - Friday September 22 - 2000,Besiktas,easy,4-4-2,SHORUNMU;UZULMEZ;BOZKURT;GURACAR;KHLESTOV;MUNCH;HAVUTCU;KARHAN;KAHVECI;NOUMA;DURSUN
Adanaspor vs. Antalyaspor - Saturday September 23 - 2000,Adanaspor,hard,3-5-2,SCHEUER;KIRILOV;UZEL;YANYALI;ETOUKE;KOSE;AKSOY;ARSLAN;OZTURK;BALKAYA;ISLER
Adanaspor vs. Antalyaspor - Saturday September 23 - 2000,Antalyaspor,hard,4-4-2,KARAHAN;KAMBUROGLU;SAATCIOGLU;YAVAS;CAKIR;GURSEL;CIMSIR;GINCHEV;MUSIC;KINALI;DARCI
Bursaspor vs. Samsunspor - Saturday September 23 - 2000,Bursaspor,hard,3-5-2,ZIEGLER;DJUROVIC;SEN;ILGIN;DAMLA;BOUAZIZI;OZBEY;LUPESCU;SEN;CELAR;SOZKESEN
Bursaspor vs. Samsunspor - Saturday September 23 - 2000,Samsunspor,hard,3-5-2,BOUKAR;KOLOGLU;BAIDOO;YELEK;DOKME;NAS;METIN;BASTAN;ARSLAN;RINCON;MANSIZ
Galatasaray vs. Istanbulspor - Saturday September 23 - 2000,Galatasaray,easy,4-4-2,TAFFAREL;UNSAL;ASIK;POPESCU;CAPONE;BELOZOGLU;KAYA;HAGI;DAVALA;JARDEL;AYKUT
Galatasaray vs. Istanbulspor - Saturday September 23 - 2000,Istanbulspor,hard,4-2-3-1,ZDRAVKOV;PETKOV;GUR;MOURA;CETIN;SAIDOU;ONATLI;ERDOGAN;UCUNCU;EREN;BUSHI
Gaziantepspor vs. Siirt Jetpa Spor - Saturday September 23 - 2000,Gaziantepspor,hard,3-5-2,CATKIC;POLAT;KORKMAZ;TUNC;ALBAYRAK;BAYRAKTAR;TEKKE;BATISTA;YIGIT;SAHINTURK;OZER
Gaziantepspor vs. Siirt Jetpa Spor - Saturday September 23 - 2000,Siirt Jetpa Spor,hard,4-4-2,AKCEVRE;GUNES;DASBULAK;ABOUO;AVSEREN;HAMZAOGLU;HANKE;KURT;SAVUT;OZTURK;ERIS
Denizlispor vs. Rizespor - Sunday September 24 - 2000,Denizlispor,hard,4-4-2,ERKAN;YOUSSEF;EL SAKA;BADRA;TANDOGAN;BAYAZIT;KAFKAS;BILAZER;GORGEC;CIHAN;BIRDAL
Denizlispor vs. Rizespor - Sunday September 24 - 2000,Rizespor,hard,3-5-2,HAMIDOU;DIENG;DUYMUS;ASIL;BILGE;SEZER;OZUNAL;AYHAN;NAS;TETTEH;YILMAZ
Erzurumspor vs. Kocaelispor - Sunday September 24 - 2000,Erzurumspor,hard,3-5-2,KORAC;VURAL;ERDOGAN;BAKHTIARIZADEH;NELIKER;BEYAZ;SIMICIC;DEMIR;KARAKAS;KOVACEVIC;YILMAZ
Erzurumspor vs. Kocaelispor - Sunday September 24 - 2000,Kocaelispor,hard,4-4-2,MERT;MATSIGURA;OZKE;ABDELAZIZ;ARSLANER;COLAK;AHMED HASSAN;TOPRAKTEPE;OZDEN;KAYNAK;AKYUZ
Fenerbahce vs. Yimpas Yozgatspor - Sunday September 24 - 2000,Fenerbahce,easy,3-4-3,RECBER;DOGAN;TEMIZKANOGLU;OKECHUKWU;ERCAN;SIMSEK;REVIVO;GUNES;BALJIC;ANDERSSON;RAPAIC
Fenerbahce vs. Yimpas Yozgatspor - Sunday September 24 - 2000,Yimpas Yozgatspor,hard,4-4-2,TOKGOZ;BARIS;ARSLAN;OZER;DUMAN;KARACA;KARAKAYIS;HINCAL;KAYA;PREKO;KOCABEY
Trabzonspor vs. Genclerbirligi - Sunday September 24 - 2000,Genclerbirligi,hard,3-5-2,NYS;DOGANTEZ;SUMER;DOGAN;GULDUREN;ZDEBEL;PHIRI;TATLI;CAKMAK;KONA;KARAN
Trabzonspor vs. Genclerbirligi - Sunday September 24 - 2000,Trabzonspor,easy,3-5-2,MILOSEVSKI;GUVEN;NIKOLOVSKI;OZKOYLU;KARADENIZ;NAMLI;SERAFIMOVSKI;YALCIN;TUNA;MANDIRALI;LOBE
Denizlispor vs. Samsunspor - Friday September 29 - 2000,Denizlispor,hard,3-5-2,ERKAN;BADRA;EL SAKA;YOUSSEF;BAYAZIT;KAFKAS;BILAZER;KARTOP;TANDOGAN;CIHAN;BIRDAL
Denizlispor vs. Samsunspor - Friday September 29 - 2000,Samsunspor,hard,3-5-2,BOUKAR;KARABABA;KOLOGLU;YELEK;METIN;BAIDOO;BASTAN;NAS;CAN;RINCON;MANSIZ
Genclerbirligi vs. Galatasaray - Saturday September 30 - 2000,Galatasaray,easy,4-2-3-1,TAFFAREL;UNSAL;ASIK;POPESCU;AKYEL;KAYA;AKIN;PENBE;HAGI;SAS;JARDEL
Genclerbirligi vs. Galatasaray - Saturday September 30 - 2000,Genclerbirligi,hard,4-2-3-1,NYS;GULDUREN;DOGAN;TOPRAKTEPE;DOGANTEZ;ZDEBEL;SUMER;TATLI;PHIRI;BASTURK;KARAN
Istanbulspor vs. Erzurumspor - Saturday September 30 - 2000,Erzurumspor,hard,3-5-2,KORAC;VURAL;ERDOGAN;BAKHTIARIZADEH;NELIKER;BEYAZ;SIMICIC;DEMIR;KARAKAS;KOVACEVIC;YILMAZ
Istanbulspor vs. Erzurumspor - Saturday September 30 - 2000,Istanbulspor,hard,4-4-2,ZDRAVKOV;PETKOV;MOURA;ONATLI;CETIN;ERDOGAN;UCUNCU;SAIDOU;EREN;BUSHI;ESER
Kocaelispor vs. Bursaspor - Saturday September 30 - 2000,Bursaspor,hard,4-4-2,KULBILGE;DAMLA;DJUROVIC;LUPESCU;OZBEY;SEN;BOUAZIZI;SEN;ALKAN;CELAR;SOZKESEN
Kocaelispor vs. Bursaspor - Saturday September 30 - 2000,Kocaelispor,hard,3-5-2,MERT;AK;OZKE;SARMAN;COLAK;OZDEN;ABDELAZIZ;TOPRAKTEPE;YAGCIOGLU;AKYUZ;KAYNAK
Adanaspor vs. Rizespor - Sunday October 1 - 2000,Adanaspor,hard,3-5-2,SCHEUER;KIRILOV;KOSE;UZEL;TOPCU;TURHAN;EL BADRAOUI;ARSLAN;SANCARBARLAS;BALKAYA;ISLER
Adanaspor vs. Rizespor - Sunday October 1 - 2000,Rizespor,hard,3-5-2,HAMIDOU;DIENG;DUYMUS;ASIL;BILGE;OZUNAL;SEZER;AYHAN;NAS;TETTEH;KEITA
Antalyaspor vs. Fenerbahce - Sunday October 1 - 2000,Antalyaspor,hard,3-5-2,KARAHAN;KAMBUROGLU;SAATCIOGLU;YAVAS;MUSIC;CIMSIR;GAUDINO;GINCHEV;CAKIR;KINALI;BIRLIK
Antalyaspor vs. Fenerbahce - Sunday October 1 - 2000,Fenerbahce,easy,3-5-2,RECBER;DOGAN;TEMIZKANOGLU;OKECHUKWU;ERCAN;SIMSEK;MIRKOVIC;REVIVO;LAZETIC;ANDERSSON;BALJIC
Besiktas vs. Gaziantepspor - Sunday October 1 - 2000,Besiktas,easy,4-4-2,SHORUNMU;MUNCH;BOZKURT;ZAFER;KHLESTOV;UZULMEZ;HAVUTCU;KARHAN;KAHVECI;NOUMA;DURSUN
Besiktas vs. Gaziantepspor - Sunday October 1 - 2000,Gaziantepspor,hard,3-5-2,CATKIC;POLAT;KORKMAZ;TUNC;ALBAYRAK;BAYRAKTAR;BATISTA;ASLAN;YIGIT;SAHINTURK;TEKKE
Siirt Jetpa Spor vs. Trabzonspor - Sunday October 1 - 2000,Siirt Jetpa Spor,hard,4-4-2,AKCEVRE;SANCAK;ABOUO;DASBULAK;SAVUT;GUNES;HANKE;HAMZAOGLU;AVSEREN;COULIBALY;ERIS
Siirt Jetpa Spor vs. Trabzonspor - Sunday October 1 - 2000,Trabzonspor,easy,3-5-2,MILOSEVSKI;GUVEN;NIKOLOVSKI;OZKOYLU;KARADENIZ;DEMIRCI;YALCIN;NAMLI;TUNA;MANDIRALI;LOBE
Yimpas Yozgatspor vs. Ankaragucu - Sunday October 1 - 2000,Ankaragucu,hard,3-5-2,DA SILVA;DURSUN;KUTLU;TASDEMIR;KOCAK;ROGERIO BELEM;NGOBE;NAMDAR;GUNEY;KELES;KENNEDY
Yimpas Yozgatspor vs. Ankaragucu - Sunday October 1 - 2000,Yimpas Yozgatspor,hard,4-4-2,TOKGOZ;BARIS;ARSLAN;OZER;DUMAN;KARACA;KARAKAYIS;HINCAL;KAYA;KOCABEY;DASGUN
Adanaspor vs. Denizlispor - Friday October 13 - 2000,Adanaspor,hard,3-5-2,SCHEUER;YANYALI;KOSE;UZEL;TOPCU;YORUK;ARSLAN;TURHAN;SANCARBARLAS;ISLER;EL BADRAOUI
Adanaspor vs. Denizlispor - Friday October 13 - 2000,Denizlispor,hard,3-5-2,ERKAN;BADRA;EL SAKA;SYLLA;BAYAZIT;KAFKAS;BILAZER;KARTOP;TANDOGAN;CIHAN;BIRDAL
Bursaspor vs. Istanbulspor - Saturday October 14 - 2000,Bursaspor,hard,4-4-2,KULBILGE;DAMLA;DJUROVIC;BOUAZIZI;OZBEY;SARI;SEN;GONDEN;ALKAN;SOZKESEN;YILMAZ
Bursaspor vs. Istanbulspor - Saturday October 14 - 2000,Istanbulspor,hard,4-4-2,ZDRAVKOV;PETKOV;GUR;MOURA;CETIN;ERDOGAN;SAIDOU;UCUNCU;EREN;BUSHI;ESER
Galatasaray vs. Siirt Jetpa Spor - Saturday October 14 - 2000,Galatasaray,easy,4-2-3-1,TAFFAREL;UNSAL;KORKMAZ;POPESCU;AKYEL;KAYA;AKIN;PENBE;HAGI;SAS;JARDEL
Galatasaray vs. Siirt Jetpa Spor - Saturday October 14 - 2000,Siirt Jetpa Spor,hard,3-5-2,AKCEVRE;SANCAK;ABOUO;DASBULAK;SAVUT;HANKE;HAMZAOGLU;GUNES;AVSEREN;COULIBALY;ERIS
Gaziantepspor vs. Yimpas Yozgatspor - Saturday October 14 - 2000,Gaziantepspor,hard,4-4-2,CATKIC;TUNC;KORKMAZ;POLAT;YIGIT;ALBAYRAK;BAYRAKTAR;ASLAN;TEKKE;SAHINTURK;OZER
Gaziantepspor vs. Yimpas Yozgatspor - Saturday October 14 - 2000,Yimpas Yozgatspor,hard,4-4-2,TOKGOZ;MVUEZOLO;BARIS;ARSLAN;DUMAN;KARACA;HINCAL;ONUK;OZER;PREKO;DASGUN
Trabzonspor vs. Besiktas - Saturday October 14 - 2000,Besiktas,easy,4-4-2,SHORUNMU;UZULMEZ;BOZKURT;GURACAR;KHLESTOV;MUNCH;HAVUTCU;KARHAN;KAHVECI;NOUMA;DURSUN
Trabzonspor vs. Besiktas - Saturday October 14 - 2000,Trabzonspor,easy,3-5-2,MILOSEVSKI;GUVEN;NIKOLOVSKI;OZKOYLU;CIKIRIKCI;KARADENIZ;NAMLI;YALCIN;TUNA;MANDIRALI;LOBE
Ankaragucu vs. Antalyaspor - Sunday October 15 - 2000,Ankaragucu,hard,3-5-2,DA SILVA;DURSUN;KUTLU;TASDEMIR;KOCAK;OZLEM;ROGERIO BELEM;NGOBE;GUNEY;KENNEDY;NAMDAR
Ankaragucu vs. Antalyaspor - Sunday October 15 - 2000,Antalyaspor,hard,3-5-2,KARAHAN;KAMBUROGLU;SAATCIOGLU;GINCHEV;MUSIC;CIMSIR;YAVAS;GAUDINO;CAKIR;KINALI;BIRLIK
Erzurumspor vs. Genclerbirligi - Sunday October 15 - 2000,Erzurumspor,hard,3-5-2,KORAC;SAKA;VURAL;KOCABICAK;SAKSAK;BEYAZ;SIMICIC;DEMIR;KARAKAS;KOVACEVIC;MOMENI
Erzurumspor vs. Genclerbirligi - Sunday October 15 - 2000,Genclerbirligi,hard,3-5-2,NYS;TOPRAKTEPE;SUMER;DOGANTEZ;GULDUREN;TATLI;ZDEBEL;BASTURK;DEMIR;KONA;KARAN
Fenerbahce vs. Rizespor - Sunday October 15 - 2000,Fenerbahce,easy,3-5-2,RECBER;DOGAN;TEMIZKANOGLU;OKECHUKWU;ERCAN;SIMSEK;MIRKOVIC;REVIVO;LAZETIC;ANDERSSON;BALJIC
Fenerbahce vs. Rizespor - Sunday October 15 - 2000,Rizespor,hard,4-4-2,HAMIDOU;BILGE;DIENG;DUYMUS;NAS;SEZER;KAZMAZ;AYHAN;ASIL;YILMAZ;TETTEH
Samsunspor vs. Kocaelispor - Sunday October 15 - 2000,Kocaelispor,hard,5-3-2,MERT;COLAK;SARMAN;AK;OZKE;ARSLANER;AHMED HASSAN;MATSIGURA;TOPRAKTEPE;KAYNAK;AKYUZ
Samsunspor vs. Kocaelispor - Sunday October 15 - 2000,Samsunspor,hard,3-5-2,BOUKAR;KARABABA;KOLOGLU;YELEK;AKDENIZ;NAS;METIN;BAIDOO;CAN;SAGLAM;MANSIZ
Antalyaspor vs. Gaziantepspor - Thursday October 19 - 2000,Antalyaspor,hard,3-5-2,KARAHAN;GINCHEV;SAATCIOGLU;YAVAS;MUSIC;YASAN;GURSEL;GAUDINO;CAKIR;KINALI;BIRLIK
Antalyaspor vs. Gaziantepspor - Thursday October 19 - 2000,Gaziantepspor,hard,3-5-2,CATKIC;KORKMAZ;YAKHIMOVICH;TUNC;BEKIROGLU;BAYRAKTAR;ALBAYRAK;POLAT;ASLAN;OZER;TEKKE
Adanaspor vs. Fenerbahce - Friday October 20 - 2000,Adanaspor,hard,3-5-2,SCHEUER;KIRILOV;HONCA;YANYALI;TOPCU;KOSE;SANCARBARLAS;ARSLAN;OZTURK;BALKAYA;ISLER
Adanaspor vs. Fenerbahce - Friday October 20 - 2000,Fenerbahce,easy,3-5-2,RECBER;TEMIZKANOGLU;OKECHUKWU;DOGAN;ERCAN;MIRKOVIC;LAZETIC;GUNES;MIRKOVIC;BALJIC;RAPAIC
Besiktas vs. Galatasaray - Saturday October 21 - 2000,Besiktas,easy,3-5-2,SHORUNMU;BESERLER;BOZKURT;HAVUTCU;MUNCH;KARHAN;OZDILEK;SULUN;KAHVECI;NOUMA;DURSUN
Besiktas vs. Galatasaray - Saturday October 21 - 2000,Galatasaray,easy,4-2-3-1,TAFFAREL;UNSAL;KORKMAZ;POPESCU;AKYEL;AKIN;KAYA;PENBE;HAGI;DAVALA;JARDEL
Denizlispor vs. Kocaelispor - Saturday October 21 - 2000,Denizlispor,hard,3-5-2,SOULAMA;BADRA;EL SAKA;YOUSSEF;BAYAZIT;KAFKAS;BILAZER;KARTOP;TANDOGAN;CIHAN;BIRDAL
Denizlispor vs. Kocaelispor - Saturday October 21 - 2000,Kocaelispor,hard,5-3-2,MERT;COLAK;SARMAN;AK;OZKE;ARSLANER;AHMED HASSAN;MATSIGURA;TOPRAKTEPE;KAYNAK;AKYUZ
Genclerbirligi vs. Bursaspor - Saturday October 21 - 2000,Bursaspor,hard,3-5-2,KULBILGE;OZBEY;LUPESCU;KILIC;SARI;BOUAZIZI;GONDEN;DAMLA;ALKAN;SOZKESEN;YILMAZ
Genclerbirligi vs. Bursaspor - Saturday October 21 - 2000,Genclerbirligi,hard,3-5-2,NYS;DOGAN;DOGANTEZ;SUMER;SIMSEK;CIMINLI;ZDEBEL;BASTURK;GULDUREN;KARAN;KONA
Istanbulspor vs. Samsunspor - Saturday October 21 - 2000,Istanbulspor,hard,4-4-2,ZDRAVKOV;PETKOV;GUR;MOURA;CETIN;ERDOGAN;SAIDOU;UCUNCU;EREN;BUSHI;ESER
Istanbulspor vs. Samsunspor - Saturday October 21 - 2000,Samsunspor,hard,3-5-2,BOUKAR;KARABABA;KOLOGLU;YELEK;AKDENIZ;ARSLAN;METIN;NAS;CAN;SAGLAM;MANSIZ
Rizespor vs. Ankaragucu - Saturday October 21 - 2000,Ankaragucu,hard,3-5-2,DA SILVA;DURSUN;KUTLU;TASDEMIR;KOCAK;OZLEM;NAMDAR;NGOBE;GUNEY;KENNEDY;KELES
Rizespor vs. Ankaragucu - Saturday October 21 - 2000,Rizespor,hard,3-5-2,HAMIDOU;DUYMUS;DERELI;ASIL;BILGE;SEZER;AYHAN;KAZMAZ;NAS;KEITA;TETTEH
Siirt Jetpa Spor vs. Erzurumspor - Saturday October 21 - 2000,Erzurumspor,hard,4-4-2,KORAC;KOCABICAK;VURAL;ERDOGAN;KARAKAS;NELIKER;DEMIR;SIMICIC;BEYAZ;MOMENI;KOVACEVIC
Siirt Jetpa Spor vs. Erzurumspor - Saturday October 21 - 2000,Siirt Jetpa Spor,hard,4-4-2,AKCEVRE;BULUT;ABOUO;HANKE;SAVUT;GUNES;ERIS;HAMZAOGLU;DASBULAK;OZTURK;COULIBALY
Yimpas Yozgatspor vs. Trabzonspor - Saturday October 21 - 2000,Trabzonspor,easy,4-4-2,MILOSEVSKI;DEMIRCI;NIKOLOVSKI;GUVEN;TUNA;CIKIRIKCI;KARADENIZ;NAMLI;DEMIRAY;LOBE;MANDIRALI
Yimpas Yozgatspor vs. Trabzonspor - Saturday October 21 - 2000,Yimpas Yozgatspor,hard,4-4-2,TOKGOZ;MVUEZOLO;OZER;ARSLAN;DUMAN;KARACA;HINCAL;DASGUN;KAYA;PREKO;KOCABEY
Fenerbahce vs. Denizlispor - Friday October 27 - 2000,Denizlispor,hard,3-5-2,SOULAMA;EL SAKA;BADRA;YOUSSEF;BAYAZIT;KAFKAS;BILAZER;KARTOP;TANDOGAN;CIHAN;BIRDAL
Fenerbahce vs. Denizlispor - Friday October 27 - 2000,Fenerbahce,easy,3-5-2,RECBER;DOGAN;MIRKOVIC;MIRKOVIC;ERCAN;SIMSEK;TEMIZKANOGLU;REVIVO;LAZETIC;ANDERSSON;RAPAIC
Ankaragucu vs. Adanaspor - Saturday October 28 - 2000,Adanaspor,hard,3-5-2,SCHEUER;KIRILOV;HONCA;YANYALI;TOPCU;YORUK;OZTURK;TURHAN;SANCARBARLAS;BALKAYA;ISLER
Ankaragucu vs. Adanaspor - Saturday October 28 - 2000,Ankaragucu,hard,3-5-2,DA SILVA;DURSUN;KUTLU;TASDEMIR;KOCAK;OZLEM;NAMDAR;NGOBE;KELES;MOHAMED FAROUK;KENNEDY
Bursaspor vs. Siirt Jetpa Spor - Saturday October 28 - 2000,Bursaspor,hard,3-5-2,KULBILGE;OZAT;OZBEY;KILIC;DAMLA;BOUAZIZI;SEN;LUPESCU;ALKAN;SOZKESEN;YILMAZ
Bursaspor vs. Siirt Jetpa Spor - Saturday October 28 - 2000,Siirt Jetpa Spor,hard,4-5-1,OGRAS;DASBULAK;ABOUO;KURT;SAVUT;BULUT;GUNES;HANKE;HAMZAOGLU;AVSEREN;MARTIN
Erzurumspor vs. Besiktas - Saturday October 28 - 2000,Besiktas,easy,3-5-2,SHORUNMU;GURACAR;BOZKURT;HAVUTCU;MUNCH;SULUN;OZDILEK;KARHAN;KAHVECI;NOUMA;DURSUN
Erzurumspor vs. Besiktas - Saturday October 28 - 2000,Erzurumspor,hard,3-5-2,KORAC;ERDOGAN;BAKHTIARIZADEH;VURAL;NELIKER;BEYAZ;DEMIR;SIMICIC;KARAKAS;KOVACEVIC;AKSOY
Trabzonspor vs. Antalyaspor - Saturday October 28 - 2000,Antalyaspor,hard,3-5-2,KARAHAN;KAMBUROGLU;SAATCIOGLU;YAVAS;MUSIC;CIMSIR;GURSEL;GINCHEV;CAKIR;KINALI;BIRLIK
Trabzonspor vs. Antalyaspor - Saturday October 28 - 2000,Trabzonspor,easy,3-5-2,MILOSEVSKI;GUVEN;NIKOLOVSKI;OZKOYLU;SERAFIMOVSKI;KARADENIZ;NAMLI;YALCIN;TUNA;MANDIRALI;LOBE
Galatasaray vs. Yimpas Yozgatspor - Sunday October 29 - 2000,Galatasaray,easy,4-2-3-1,INAN;UNSAL;ASIK;KORKMAZ;CAPONE;KAYA;AKIN;PENBE;HAGI;BURUK;JARDEL
Galatasaray vs. Yimpas Yozgatspor - Sunday October 29 - 2000,Yimpas Yozgatspor,hard,3-5-2,TOKGOZ;ARSLAN;OZER;BARIS;KARACA;DUMAN;MVUEZOLO;HINCAL;KAYA;PREKO;KOCABEY
Gaziantepspor vs. Rizespor - Sunday October 29 - 2000,Gaziantepspor,hard,4-4-2,CATKIC;TUNC;POLAT;KORKMAZ;YIGIT;ALBAYRAK;BATISTA;YAKHIMOVICH;KAHRAMAN;OZER;TEKKE
Gaziantepspor vs. Rizespor - Sunday October 29 - 2000,Rizespor,hard,3-5-2,YIGITER;DUYMUS;DIENG;ASIL;BILGE;SEZER;KAZMAZ;AYHAN;NAS;TETTEH;KEITA
Kocaelispor vs. Istanbulspor - Sunday October 29 - 2000,Istanbulspor,hard,4-4-2,ZDRAVKOV;ERDOGAN;GUR;EPUREANU;EREN;PETKOV;BURUK;SAIDOU;CETIN;UCUNCU;ESER
Kocaelispor vs. Istanbulspor - Sunday October 29 - 2000,Kocaelispor,hard,3-5-2,MERT;PAZIN;OZKE;SARMAN;LAZAROV;MATSIGURA;TOPRAKTEPE;COLAK;AHMED HASSAN;KAYNAK;DABROWSKI
Samsunspor vs. Genclerbirligi - Sunday October 29 - 2000,Genclerbirligi,hard,3-5-2,NYS;TOPRAKTEPE;DOGANTEZ;SUMER;SIMSEK;BASTURK;PHIRI;ZDEBEL;GULDUREN;KARAN;KONA
Samsunspor vs. Genclerbirligi - Sunday October 29 - 2000,Samsunspor,hard,3-5-2,BOUKAR;HOCAOGLU;KOLOGLU;KARABABA;AKDENIZ;ARSLAN;METIN;NAS;CAN;SAGLAM;MANSIZ
Rizespor vs. Trabzonspor - Friday November 3 - 2000,Rizespor,hard,3-5-2,YIGITER;DIENG;DERELI;ASIL;BILGE;ALNOUDJI;KAZMAZ;AYHAN;NAS;TETTEH;KEITA
Rizespor vs. Trabzonspor - Friday November 3 - 2000,Trabzonspor,easy,3-5-2,MILOSEVSKI;GUVEN;NIKOLOVSKI;OZKOYLU;KARADENIZ;YALCIN;NAMLI;CIKIRIKCI;TUNA;MANDIRALI;LOBE
Besiktas vs. Bursaspor - Saturday November 4 - 2000,Besiktas,easy,3-5-2,TUNCAY;BESERLER;BOZKURT;HAVUTCU;MUNCH;SULUN;OZDILEK;UZULMEZ;KAHVECI;DURSUN;KIP
Besiktas vs. Bursaspor - Saturday November 4 - 2000,Bursaspor,hard,3-5-2,KARAGOL;OZAT;SEN;KILIC;DAMLA;BOUAZIZI;SEN;LUPESCU;ALKAN;SOZKESEN;YILMAZ
Denizlispor vs. Istanbulspor - Saturday November 4 - 2000,Denizlispor,hard,3-5-2,SOULAMA;CIMEN;BADRA;YOUSSEF;BAYAZIT;KAFKAS;BILAZER;KARTOP;BOYRAZ;CIHAN;BIRDAL
Denizlispor vs. Istanbulspor - Saturday November 4 - 2000,Istanbulspor,hard,3-5-2,ZDRAVKOV;PETKOV;GUR;CETIN;UCUNCU;SAIDOU;EPUREANU;ERDOGAN;EREN;YAVAS;ESER
Genclerbirligi vs. Kocaelispor - Saturday November 4 - 2000,Genclerbirligi,hard,3-5-2,NYS;SUMER;DOGANTEZ;TOPRAKTEPE;SIMSEK;TATLI;PHIRI;BASTURK;GULDUREN;KONA;KARAN
Genclerbirligi vs. Kocaelispor - Saturday November 4 - 2000,Kocaelispor,hard,3-5-2,MERT;SARMAN;PAZIN;SAHIN;COLAK;HASPOLATLI;ARSLANER;MATSIGURA;YAGCIOGLU;AKYUZ;LAZAROV
Adanaspor vs. Gaziantepspor - Sunday November 5 - 2000,Adanaspor,hard,3-5-2,SCHEUER;KIRILOV;HONCA;YANYALI;TOPCU;KOSE;AKSOY;ARSLAN;SANCARBARLAS;EL BADRAOUI;BALKAYA
Adanaspor vs. Gaziantepspor - Sunday November 5 - 2000,Gaziantepspor,hard,4-4-2,CATKIC;TUNC;KORKMAZ;POLAT;YIGIT;ALBAYRAK;BAYRAKTAR;BATISTA;ROMASHCHENKO;TEKKE;SAHINTURK
Fenerbahce vs. Ankaragucu - Sunday November 5 - 2000,Ankaragucu,hard,3-5-2,DA SILVA;DURSUN;TASDEMIR;VINCENSI;KOCAK;ACET;OZLEM;NGOBE;KELES;KENNEDY;NAMDAR
Fenerbahce vs. Ankaragucu - Sunday November 5 - 2000,Fenerbahce,easy,3-5-2,RECBER;DOGAN;MIRKOVIC;MIRKOVIC;ERCAN;SIMSEK;JOHNSON;RAPAIC;TEMIZKANOGLU;ANDERSSON;BALJIC
Siirt Jetpa Spor vs. Samsunspor - Sunday November 5 - 2000,Samsunspor,hard,3-5-2,BOUKAR;HOCAOGLU;KOLOGLU;YELEK;BASTAN;ARSLAN;METIN;NAS;CAN;RINCON;MANSIZ
Siirt Jetpa Spor vs. Samsunspor - Sunday November 5 - 2000,Siirt Jetpa Spor,hard,4-4-2,AKCEVRE;KURT;ABOUO;HANKE;AVSEREN;GUNES;HAMZAOGLU;BULUT;SAVUT;MARTIN;KUCUKVARDAR
Yimpas Yozgatspor vs. Erzurumspor - Sunday November 5 - 2000,Erzurumspor,hard,3-5-2,KORAC;ERDOGAN;BAKHTIARIZADEH;VURAL;NELIKER;BEYAZ;SIMICIC;DEMIR;KARAKAS;KOVACEVIC;AKSOY
Yimpas Yozgatspor vs. Erzurumspor - Sunday November 5 - 2000,Yimpas Yozgatspor,hard,3-5-2,TOKGOZ;BARIS;OZER;ARSLAN;KAYA;DALCICEK;DASGUN;HINCAL;OZER;PREKO;DERVISOGLU
Gaziantepspor vs. Fenerbahce - Friday November 10 - 2000,Fenerbahce,easy,3-5-2,RECBER;DOGAN;MIRKOVIC;MIRKOVIC;ERCAN;JOHNSON;SIMSEK;TEMIZKANOGLU;LAZETIC;BALJIC;RAPAIC
Gaziantepspor vs. Fenerbahce - Friday November 10 - 2000,Gaziantepspor,hard,3-5-2,CATKIC;POLAT;YAKHIMOVICH;TUNC;ALBAYRAK;BAYRAKTAR;BATISTA;ASLAN;KORKMAZ;TEKKE;SAHINTURK
Bursaspor vs. Yimpas Yozgatspor - Saturday November 11 - 2000,Bursaspor,hard,3-5-2,KARAGOL;OZAT;SEN;KILIC;DAMLA;SEN;BOUAZIZI;MOSHOEU;ALKAN;SOZKESEN;YILMAZ
Bursaspor vs. Yimpas Yozgatspor - Saturday November 11 - 2000,Yimpas Yozgatspor,hard,3-5-2,TOKGOZ;ARSLAN;OZER;BARIS;KARACA;HINCAL;DASGUN;DALCICEK;KAYA;PREKO;AYEW
Erzurumspor vs. Antalyaspor - Saturday November 11 - 2000,Antalyaspor,hard,3-5-2,KARAHAN;GINCHEV;SAATCIOGLU;YAVAS;KAMBUROGLU;GURSEL;KARAMAN;YASAN;CAKIR;KINALI;BIRLIK
Erzurumspor vs. Antalyaspor - Saturday November 11 - 2000,Erzurumspor,hard,3-5-2,KORAC;ERDOGAN;BAKHTIARIZADEH;SAKA;KOCABICAK;DEMIR;SIMICIC;SAKSAK;NELIKER;KOVACEVIC;AKSOY
Galatasaray vs. Rizespor - Saturday November 11 - 2000,Galatasaray,easy,4-2-3-1,INAN;UNSAL;KORKMAZ;POPESCU;AKYEL;KAYA;BELOZOGLU;ATALAY;HAGI;SAS;JARDEL
Galatasaray vs. Rizespor - Saturday November 11 - 2000,Rizespor,hard,3-5-2,YIGITER;DUYMUS;DIENG;ASIL;BILGE;ALNOUDJI;KAZMAZ;AYHAN;NAS;KEITA;TETTEH
Istanbulspor vs. Genclerbirligi - Saturday November 11 - 2000,Genclerbirligi,hard,3-5-2,NYS;SUMER;DOGANTEZ;TOPRAKTEPE;GULDUREN;ZDEBEL;PHIRI;TATLI;DEMIR;KARAN;BASTURK
Istanbulspor vs. Genclerbirligi - Saturday November 11 - 2000,Istanbulspor,hard,4-4-2,ZDRAVKOV;PETKOV;GUR;EPUREANU;EREN;ERDOGAN;SAIDOU;ONATLI;CETIN;YAVAS;UCUNCU
Ankaragucu vs. Denizlispor - Sunday November 12 - 2000,Ankaragucu,hard,3-5-2,DA SILVA;KUTLU;TASDEMIR;DURSUN;KOCAK;OZLEM;ROGERIO BELEM;NGOBE;KELES;TURKMEN;NAMDAR
Ankaragucu vs. Denizlispor - Sunday November 12 - 2000,Denizlispor,hard,3-5-2,SOULAMA;CIMEN;CELIK;EL SAKA;YOUSSEF;KAFKAS;AHMED HASSAN;KARTOP;TANDOGAN;BIRDAL;BAYAZIT
Kocaelispor vs. Siirt Jetpa Spor - Sunday November 12 - 2000,Kocaelispor,hard,3-5-2,MERT;PAZIN;AK;MATSIGURA;COLAK;SAHIN;DABROWSKI;SARMAN;YAGCIOGLU;AKYUZ;TOPRAKTEPE
Kocaelispor vs. Siirt Jetpa Spor - Sunday November 12 - 2000,Siirt Jetpa Spor,hard,3-5-2,SAVIC;BOSKOVIC;ABOUO;HANKE;HAMZAOGLU;KURT;ERIS;GUNES;AKCA;OZTURK;COULIBALY
Samsunspor vs. Besiktas - Sunday November 12 - 2000,Besiktas,easy,3-5-2,SHORUNMU;GURACAR;BOZKURT;HAVUTCU;MUNCH;SULUN;AKMAN;UZULMEZ;KAHVECI;NOUMA;DURSUN
Samsunspor vs. Besiktas - Sunday November 12 - 2000,Samsunspor,hard,3-5-2,BOUKAR;HOCAOGLU;KOLOGLU;YELEK;AKDENIZ;ARSLAN;METIN;NAS;CAN;RINCON;MANSIZ
Trabzonspor vs. Adanaspor - Sunday November 12 - 2000,Adanaspor,hard,3-5-2,SCHEUER;KIRILOV;HONCA;YANYALI;TOPCU;KOSE;TURHAN;UZEL;SANCARBARLAS;EL BADRAOUI;AKSOY
Trabzonspor vs. Adanaspor - Sunday November 12 - 2000,Trabzonspor,easy,3-5-2,MILOSEVSKI;OZKOYLU;GUVEN;OZTURK;OZALP;KARADENIZ;DEMIRAY;NAMLI;TUNA;MANDIRALI;LOBE
Besiktas vs. Kocaelispor - Friday November 17 - 2000,Besiktas,easy,3-5-2,SHORUNMU;GURACAR;BOZKURT;HAVUTCU;MUNCH;SULUN;OZDILEK;UZULMEZ;ALACAYIR;ULUSAL;NOUMA
Besiktas vs. Kocaelispor - Friday November 17 - 2000,Kocaelispor,hard,3-5-2,MERT;PAZIN;AK;SARMAN;COLAK;HASPOLATLI;MATSIGURA;OZKE;DABROWSKI;TOPRAKTEPE;LAZAROV
Adanaspor vs. Galatasaray - Saturday November 18 - 2000,Adanaspor,hard,5-4-1,SCHEUER;OZTURK;KOSE;KIRILOV;HONCA;YANYALI;AKSOY;UZEL;TURHAN;SANCARBARLAS;ISLER
Adanaspor vs. Galatasaray - Saturday November 18 - 2000,Galatasaray,easy,4-2-3-1,INAN;INCEEFE;ASIK;POPESCU;AKYEL;PENBE;BELOZOGLU;DAVALA;HAGI;BURUK;JARDEL
Ankaragucu vs. Gaziantepspor - Saturday November 18 - 2000,Ankaragucu,hard,3-5-2,DA SILVA;DURSUN;KUTLU;TASDEMIR;KOCAK;KELES;OZLEM;NAMDAR;GUNEY;TURKMEN;KENNEDY
Ankaragucu vs. Gaziantepspor - Saturday November 18 - 2000,Gaziantepspor,hard,4-4-2,CATKIC;TUNC;YAKHIMOVICH;POLAT;YIGIT;ALBAYRAK;BAYRAKTAR;BATISTA;ASLAN;TEKKE;SAHINTURK
Rizespor vs. Erzurumspor - Saturday November 18 - 2000,Erzurumspor,hard,4-3-3,KORAC;KOCABICAK;ERDOGAN;BEYAZ;KARAKAS;DEMIR;SIMICIC;SAKSAK;NELIKER;KOVACEVIC;YILMAZ
Rizespor vs. Erzurumspor - Saturday November 18 - 2000,Rizespor,hard,3-5-2,YIGITER;DUYMUS;DIENG;ASIL;BILGE;ALNOUDJI;KAZMAZ;AYHAN;NAS;TETTEH;TOKUS
Siirt Jetpa Spor vs. Istanbulspor - Saturday November 18 - 2000,Istanbulspor,hard,4-4-2,ZDRAVKOV;PETKOV;GUR;MOURA;EREN;YAVAS;SAIDOU;ERDOGAN;CETIN;UCUNCU;ESER
Siirt Jetpa Spor vs. Istanbulspor - Saturday November 18 - 2000,Siirt Jetpa Spor,hard,3-5-2,SAVIC;ABOUO;HAMZAOGLU;AKCA;GUNES;HANKE;ERIS;BOSKOVIC;KURT;MARTIN;COULIBALY
Antalyaspor vs. Bursaspor - Sunday November 19 - 2000,Antalyaspor,hard,3-5-2,KARAHAN;KAMBUROGLU;SAATCIOGLU;YAVAS;MUSIC;GINCHEV;GURSEL;YASAN;CAKIR;BIRLIK;ANDJELKOVIC
Antalyaspor vs. Bursaspor - Sunday November 19 - 2000,Bursaspor,hard,3-5-2,KULBILGE;OZAT;SEN;KILIC;DAMLA;YESIL;SEN;SEVEN;ALKAN;SOZKESEN;YILMAZ
Denizlispor vs. Genclerbirligi - Sunday November 19 - 2000,Denizlispor,hard,4-4-2,KUCUK;BAYAZIT;BADRA;EL SAKA;TANDOGAN;YOUSSEF;KARTOP;BILAZER;AHMED HASSAN;CIHAN;BIRDAL
Denizlispor vs. Genclerbirligi - Sunday November 19 - 2000,Genclerbirligi,hard,3-5-2,NYS;SUMER;DOGANTEZ;TOPRAKTEPE;GULDUREN;BASTURK;PHIRI;ZDEBEL;DEMIR;KONA;KARAN
Fenerbahce vs. Trabzonspor - Sunday November 19 - 2000,Fenerbahce,easy,3-5-2,RECBER;MIRKOVIC;DOGAN;MIRKOVIC;ERCAN;JOHNSON;RAPAIC;TEMIZKANOGLU;SIMSEK;ANDERSSON;BALJIC
Fenerbahce vs. Trabzonspor - Sunday November 19 - 2000,Trabzonspor,easy,4-4-2,MILOSEVSKI;OZALP;NIKOLOVSKI;OZTURK;TUNA;KARADENIZ;YANCHEV;NAMLI;OZGUR;BOLUKBAS;DEMIRAY
Yimpas Yozgatspor vs. Samsunspor - Sunday November 19 - 2000,Samsunspor,hard,3-5-2,BOUKAR;KOLOGLU;BAIDOO;YELEK;AKDENIZ;NAS;METIN;DOKME;CAN;SAGLAM;MANSIZ
Yimpas Yozgatspor vs. Samsunspor - Sunday November 19 - 2000,Yimpas Yozgatspor,hard,3-5-2,TOKGOZ;ARSLAN;OZER;BARIS;KARACA;HINCAL;DASGUN;DALCICEK;OZER;PREKO;AYEW
Trabzonspor vs. Ankaragucu - Friday November 24 - 2000,Ankaragucu,hard,3-5-2,DA SILVA;DURSUN;KUTLU;TASDEMIR;KOCAK;OZLEM;NAMDAR;NGOBE;GUNEY;KENNEDY;KELES
Trabzonspor vs. Ankaragucu - Friday November 24 - 2000,Trabzonspor,easy,4-4-2,MILOSEVSKI;NIKOLOVSKI;GUVEN;OZKOYLU;TUNA;DEMIRCI;YANCHEV;NAMLI;KARADENIZ;MANDIRALI;LANGE
Erzurumspor vs. Adanaspor - Saturday November 25 - 2000,Adanaspor,hard,3-5-2,SCHEUER;KIRILOV;HONCA;UZEL;TOPCU;SANCARBARLAS;TURHAN;AKSOY;OZTURK;ISLER;EL BADRAOUI
Erzurumspor vs. Adanaspor - Saturday November 25 - 2000,Erzurumspor,hard,4-4-2,KORAC;KOCABICAK;BOGDANOVIC;BEYAZ;KARAKAS;SAKSAK;YILMAZ;DEMIR;KARABACAK;MOMENI;KOVACEVIC
Istanbulspor vs. Besiktas - Saturday November 25 - 2000,Besiktas,easy,3-5-2,SHORUNMU;GURACAR;BOZKURT;HAVUTCU;MUNCH;SULUN;OZDILEK;UZULMEZ;BESERLER;NOUMA;DURSUN
Istanbulspor vs. Besiktas - Saturday November 25 - 2000,Istanbulspor,hard,4-4-2,ZDRAVKOV;PETKOV;GUR;MOURA;EREN;ERDOGAN;UCUNCU;SAIDOU;CETIN;BUSHI;ESER
Samsunspor vs. Antalyaspor - Saturday November 25 - 2000,Antalyaspor,hard,5-3-2,KARAHAN;GINCHEV;YAVAS;KAMBUROGLU;SAATCIOGLU;CAKIR;MUSIC;YASAN;GURSEL;BIRLIK;ANDJELKOVIC
Samsunspor vs. Antalyaspor - Saturday November 25 - 2000,Samsunspor,hard,3-5-2,BOUKAR;KOLOGLU;BAIDOO;YELEK;AKDENIZ;NAS;METIN;DOKME;CAN;RINCON;MANSIZ
Bursaspor vs. Rizespor - Sunday November 26 - 2000,Bursaspor,hard,3-5-2,KULBILGE;OZAT;OZBEY;KILIC;DAMLA;BOUAZIZI;YESIL;SEVEN;ALKAN;SOZKESEN;YILMAZ
Bursaspor vs. Rizespor - Sunday November 26 - 2000,Rizespor,hard,3-5-2,YIGITER;DUYMUS;DIENG;ASIL;BILGE;ALNOUDJI;KAZMAZ;AYHAN;NAS;TETTEH;TOKUS
Galatasaray vs. Fenerbahce - Sunday November 26 - 2000,Fenerbahce,easy,3-5-2,RECBER;OKECHUKWU;TEMIZKANOGLU;MIRKOVIC;MIRKOVIC;LAZETIC;JOHNSON;RAPAIC;DOGAN;ANDERSSON;BALJIC
Galatasaray vs. Fenerbahce - Sunday November 26 - 2000,Galatasaray,easy,4-2-3-1,INAN;PENBE;KORKMAZ;POPESCU;AKYEL;KAYA;BELOZOGLU;SAS;HAGI;BURUK;JARDEL
Gaziantepspor vs. Denizlispor - Sunday November 26 - 2000,Denizlispor,hard,4-4-2,KUCUK;BAYAZIT;BADRA;EL SAKA;TANDOGAN;YOUSSEF;KAFKAS;KARTOP;AHMED HASSAN;CIHAN;BIRDAL
Gaziantepspor vs. Denizlispor - Sunday November 26 - 2000,Gaziantepspor,hard,4-4-2,CATKIC;TUNC;YAKHIMOVICH;POLAT;YIGIT;BEKIROGLU;BAYRAKTAR;BATISTA;ASLAN;TEKKE;SAHINTURK
Genclerbirligi vs. Siirt Jetpa Spor - Sunday November 26 - 2000,Genclerbirligi,hard,3-5-2,NYS;GULDUREN;DOGANTEZ;SUMER;BABANGIDA;BASTURK;PHIRI;ZDEBEL;DEMIR;KONA;KARAN
Genclerbirligi vs. Siirt Jetpa Spor - Sunday November 26 - 2000,Siirt Jetpa Spor,hard,4-5-1,SAVIC;HAMZAOGLU;AKCA;HANKE;AMCAOGLU;BULUT;BOSKOVIC;ERIS;KURT;SAVUT;MARTIN
Kocaelispor vs. Yimpas Yozgatspor - Sunday November 26 - 2000,Kocaelispor,hard,5-3-2,MERT;SAHIN;PAZIN;AK;ABDELAZIZ;ARSLANER;DABROWSKI;LAZAROV;COLAK;ERCEG;TOPRAKTEPE
Kocaelispor vs. Yimpas Yozgatspor - Sunday November 26 - 2000,Yimpas Yozgatspor,hard,3-5-2,TOKGOZ;ARSLAN;OZER;BARIS;KARACA;HINCAL;DASGUN;DALCICEK;KAYA;PREKO;AYEW
Ankaragucu vs. Galatasaray - Friday December 1 - 2000,Ankaragucu,hard,3-5-2,DA SILVA;DURSUN;KUTLU;TASDEMIR;KOCAK;OZLEM;ROGERIO BELEM;NGOBE;NAMDAR;KENNEDY;KELES
Ankaragucu vs. Galatasaray - Friday December 1 - 2000,Galatasaray,easy,4-2-3-1,INAN;PENBE;KORKMAZ;POPESCU;AKYEL;KAYA;BELOZOGLU;SAS;HAGI;BURUK;JARDEL
Antalyaspor vs. Kocaelispor - Saturday December 2 - 2000,Antalyaspor,hard,3-5-2,KARAHAN;YAVAS;SAATCIOGLU;KAMBUROGLU;MUSIC;GURSEL;GAUDINO;YASAN;CAKIR;BIRLIK;ANDJELKOVIC
Antalyaspor vs. Kocaelispor - Saturday December 2 - 2000,Kocaelispor,hard,4-4-2,MERT;COLAK;AK;SARMAN;ARSLANER;TOPRAKTEPE;DABROWSKI;OZTONGA;HASPOLATLI;KAYNAK;LAZAROV
Besiktas vs. Genclerbirligi - Saturday December 2 - 2000,Besiktas,easy,3-5-2,SHORUNMU;GURACAR;ZAFER;BESERLER;UZULMEZ;SULUN;OZDILEK;HAVUTCU;KAHVECI;ULUSAL;NOUMA
Besiktas vs. Genclerbirligi - Saturday December 2 - 2000,Genclerbirligi,hard,3-5-2,NYS;SUMER;TOPRAKTEPE;DOGANTEZ;GULDUREN;ZDEBEL;PHIRI;TATLI;BABANGIDA;KONA;KARAN
Trabzonspor vs. Gaziantepspor - Saturday December 2 - 2000,Gaziantepspor,hard,4-4-2,CATKIC;TUNC;YAKHIMOVICH;POLAT;KORKMAZ;ALBAYRAK;BAYRAKTAR;KRIVOV;ASLAN;OZER;TEKKE
Trabzonspor vs. Gaziantepspor - Saturday December 2 - 2000,Trabzonspor,easy,3-5-2,AKTAS;GUVEN;NIKOLOVSKI;OZKOYLU;KARADENIZ;YANCHEV;NAMLI;DEMIRCI;TUNA;MANDIRALI;LANGE
Yimpas Yozgatspor vs. Istanbulspor - Saturday December 2 - 2000,Istanbulspor,hard,4-4-2,ZDRAVKOV;PETKOV;GUR;MOURA;EREN;ERDOGAN;UCUNCU;SAIDOU;OZDEMIR;BUSHI;ESER
Yimpas Yozgatspor vs. Istanbulspor - Saturday December 2 - 2000,Yimpas Yozgatspor,hard,3-5-2,TOKGOZ;ARSLAN;OZER;BARIS;KARACA;KARAKAYIS;DASGUN;HINCAL;OZER;PREKO;AYEW
Adanaspor vs. Bursaspor - Sunday December 3 - 2000,Adanaspor,hard,3-5-2,ERAYDIN;KIRILOV;HONCA;UZEL;TOPCU;KOSE;TURHAN;ARSLAN;OZTURK;BALKAYA;AKSOY
Adanaspor vs. Bursaspor - Sunday December 3 - 2000,Bursaspor,hard,4-4-2,KARAGOL;ALEGOZ;OZAT;ILGIN;KILIC;DAMLA;SEN;SEVEN;OZBEY;SOZKESEN;YILMAZ
Fenerbahce vs. Erzurumspor - Sunday December 3 - 2000,Erzurumspor,hard,3-5-2,KORAC;BOGDANOVIC;BAKHTIARIZADEH;ERDOGAN;KOCABICAK;YILMAZ;NELIKER;DEMIR;KARAKAS;KOVACEVIC;BEYAZ
Fenerbahce vs. Erzurumspor - Sunday December 3 - 2000,Fenerbahce,easy,3-5-2,RECBER;DOGAN;OKECHUKWU;MIRKOVIC;SIMSEK;REVIVO;JOHNSON;RAPAIC;TEMIZKANOGLU;ANDERSSON;BALJIC
Rizespor vs. Samsunspor - Sunday December 3 - 2000,Rizespor,hard,3-5-2,YIGITER;DUYMUS;DIENG;ASIL;BILGE;ALNOUDJI;KAZMAZ;AYHAN;NAS;TETTEH;TOKUS
Rizespor vs. Samsunspor - Sunday December 3 - 2000,Samsunspor,hard,3-5-2,GENCER;KARABABA;KOLOGLU;YELEK;AKDENIZ;ARSLAN;METIN;DOKME;CAN;RINCON;MANSIZ
Siirt Jetpa Spor vs. Denizlispor - Sunday December 3 - 2000,Denizlispor,hard,4-4-2,KUCUK;BAYAZIT;BADRA;EL SAKA;TANDOGAN;YOUSSEF;KAFKAS;KARTOP;AHMED HASSAN;CIHAN;BIRDAL
Siirt Jetpa Spor vs. Denizlispor - Sunday December 3 - 2000,Siirt Jetpa Spor,hard,4-4-2,SAVIC;AMCAOGLU;AKCA;BOSKOVIC;SAVUT;HAMZAOGLU;KURT;GUNES;ERIS;OZTURK;MARTIN
Denizlispor vs. Trabzonspor - Friday December 8 - 2000,Denizlispor,hard,3-5-2,KUCUK;CELIK;BADRA;CIMEN;BAYAZIT;KAFKAS;AHMED HASSAN;KARTOP;TANDOGAN;COULIBALY;BIRDAL
Denizlispor vs. Trabzonspor - Friday December 8 - 2000,Trabzonspor,easy,3-5-2,AKTAS;GUVEN;NIKOLOVSKI;OZKOYLU;DEMIRCI;YANCHEV;OZGUR;NAMLI;TUNA;LANGE;DEMIRAY
Bursaspor vs. Fenerbahce - Saturday December 9 - 2000,Bursaspor,hard,4-4-2,KARAGOL;OZAT;ALEGOZ;OZBEY;KILIC;SARI;SEVEN;DAMLA;DEMIR;SOZKESEN;YILMAZ
Bursaspor vs. Fenerbahce - Saturday December 9 - 2000,Fenerbahce,easy,3-5-2,RECBER;TEMIZKANOGLU;DOGAN;OKECHUKWU;ERCAN;JOHNSON;RAPAIC;MIRKOVIC;LAZETIC;ANDERSSON;BALJIC
Istanbulspor vs. Antalyaspor - Saturday December 9 - 2000,Antalyaspor,hard,3-5-2,KARAHAN;YAVAS;SAATCIOGLU;KAMBUROGLU;MUSIC;GINCHEV;GURSEL;GAUDINO;CAKIR;KINALI;BIRLIK
Istanbulspor vs. Antalyaspor - Saturday December 9 - 2000,Istanbulspor,hard,4-4-2,ZDRAVKOV;PETKOV;GUR;MOURA;EREN;ERDOGAN;SAIDOU;ONATLI;CETIN;BUSHI;ESER
Kocaelispor vs. Rizespor - Saturday December 9 - 2000,Kocaelispor,hard,4-4-2,MERT;COLAK;AK;ABDELAZIZ;ARSLANER;DABROWSKI;OZTONGA;TOPRAKTEPE;OZDEN;ERCEG;LAZAROV
Kocaelispor vs. Rizespor - Saturday December 9 - 2000,Rizespor,hard,3-5-2,YIGITER;DUYMUS;DIENG;ASIL;BILGE;ALNOUDJI;KAZMAZ;AYHAN;NAS;TETTEH;KEITA
Samsunspor vs. Adanaspor - Saturday December 9 - 2000,Adanaspor,hard,3-5-2,SCHEUER;KIRILOV;HONCA;UZEL;TOPCU;KOSE;TURHAN;ARSLAN;KELES;ISLER;AKSOY
Samsunspor vs. Adanaspor - Saturday December 9 - 2000,Samsunspor,hard,3-5-2,GENCER;KARABABA;KOLOGLU;YELEK;AKDENIZ;ARSLAN;METIN;DOKME;CAN;RINCON;MANSIZ
Erzurumspor vs. Ankaragucu - Sunday December 10 - 2000,Ankaragucu,hard,4-3-1-2,DA SILVA;KOCAK;DURSUN;KUTLU;GUNEY;NGOBE;TASDEMIR;OZLEM;NAMDAR;KENNEDY;KELES
Erzurumspor vs. Ankaragucu - Sunday December 10 - 2000,Erzurumspor,hard,4-4-2,KORAC;BAKHTIARIZADEH;ERDOGAN;BEYAZ;KARAKAS;BOGDANOVIC;SIMICIC;YUCETAS;YILMAZ;KOVACEVIC;AKSOY
Galatasaray vs. Gaziantepspor - Sunday December 10 - 2000,Galatasaray,easy,4-4-2,TAFFAREL;UNSAL;KORKMAZ;POPESCU;CAPONE;PENBE;KAYA;BURUK;DAVALA;JARDEL;ERDEM
Galatasaray vs. Gaziantepspor - Sunday December 10 - 2000,Gaziantepspor,hard,4-4-2,GULTANG;TUNC;YAKHIMOVICH;POLAT;YIGIT;ALBAYRAK;BAYRAKTAR;BATISTA;KRIVOV;TEKKE;SAHINTURK
Genclerbirligi vs. Yimpas Yozgatspor - Sunday December 10 - 2000,Genclerbirligi,hard,4-4-2,NYS;SIMSEK;SUMER;TOPRAKTEPE;DOGANTEZ;BABANGIDA;PHIRI;ZDEBEL;TATLI;KONA;KARAN
Genclerbirligi vs. Yimpas Yozgatspor - Sunday December 10 - 2000,Yimpas Yozgatspor,hard,4-4-2,TOKGOZ;DUMAN;ARSLAN;OZER;OZER;KAHRAMAN;KARAKAYIS;DALCICEK;HINCAL;PREKO;AYEW
Siirt Jetpa Spor vs. Besiktas - Sunday December 10 - 2000,Besiktas,easy,4-4-2,SHORUNMU;UZULMEZ;ZAFER;HAVUTCU;BESERLER;MUNCH;SULUN;KARHAN;KAHVECI;ULUSAL;DURSUN
Siirt Jetpa Spor vs. Besiktas - Sunday December 10 - 2000,Siirt Jetpa Spor,hard,4-4-2,SAVIC;AMCAOGLU;GENCCAN;AKCA;SAVUT;HAMZAOGLU;BOSKOVIC;KUCUKVARDAR;HANKE;OZTURK;MARTIN
Fenerbahce vs. Samsunspor - Friday December 15 - 2000,Fenerbahce,easy,3-5-2,RECBER;DOGAN;MIRKOVIC;MIRKOVIC;ERCAN;JOHNSON;RAPAIC;TEMIZKANOGLU;LAZETIC;ANDERSSON;BALJIC
Fenerbahce vs. Samsunspor - Friday December 15 - 2000,Samsunspor,hard,5-4-1,GENCER;CAN;YELEK;HOCAOGLU;KOLOGLU;ARSLAN;AKDENIZ;DOKME;METIN;NAS;RINCON
Besiktas vs. Denizlispor - Saturday December 16 - 2000,Besiktas,easy,4-4-2,TUNCAY;UZULMEZ;ZAFER;HAVUTCU;BESERLER;MUNCH;SULUN;OZDILEK;KAHVECI;ULUSAL;NOUMA
Besiktas vs. Denizlispor - Saturday December 16 - 2000,Denizlispor,hard,4-4-2,KUCUK;CELIK;BADRA;EL SAKA;TANDOGAN;BAYAZIT;KAFKAS;KARTOP;AHMED HASSAN;CIHAN;BIRDAL
Gaziantepspor vs. Erzurumspor - Saturday December 16 - 2000,Erzurumspor,hard,5-3-2,KORAC;KOCABICAK;ERDOGAN;BOGDANOVIC;BAKHTIARIZADEH;YILMAZ;DEMIR;SIMICIC;YUCETAS;KOVACEVIC;BEYAZ
Gaziantepspor vs. Erzurumspor - Saturday December 16 - 2000,Gaziantepspor,hard,4-4-2,CATKIC;ALBAYRAK;POLAT;BAYRAKTAR;YIGIT;SAHINTURK;BATISTA;ASLAN;KRIVOV;OZER;TEKKE
Rizespor vs. Istanbulspor - Saturday December 16 - 2000,Istanbulspor,hard,4-4-2,ZDRAVKOV;PETKOV;GUR;MOURA;CETIN;ERDOGAN;SAIDOU;ONATLI;EREN;YAVAS;ESER
Rizespor vs. Istanbulspor - Saturday December 16 - 2000,Rizespor,hard,4-4-2,YIGITER;OZDEMIR;DIENG;DUYMUS;ASIL;BILGE;ALNOUDJI;KAZMAZ;AYHAN;TETTEH;KEITA
Yimpas Yozgatspor vs. Siirt Jetpa Spor - Saturday December 16 - 2000,Siirt Jetpa Spor,hard,4-4-2,SAVIC;HAMZAOGLU;AKCA;BOSKOVIC;AMCAOGLU;BULUT;ERIS;KURT;HANKE;OZTURK;KUCUKVARDAR
Yimpas Yozgatspor vs. Siirt Jetpa Spor - Saturday December 16 - 2000,Yimpas Yozgatspor,hard,3-4-3,TOKGOZ;ARSLAN;OZER;BARIS;KAHRAMAN;DALCICEK;KARAKAYIS;OZER;AYEW;KOCABEY;PREKO
Adanaspor vs. Kocaelispor - Sunday December 17 - 2000,Adanaspor,hard,4-4-2,SCHEUER;OZTURK;HONCA;KIRILOV;UZEL;TOPCU;TURHAN;KELES;SANCARBARLAS;ISLER;AKSOY
Adanaspor vs. Kocaelispor - Sunday December 17 - 2000,Kocaelispor,hard,4-4-2,MERT;COLAK;AK;SARMAN;ARSLANER;MATSIGURA;ABDELAZIZ;SERIN;HASPOLATLI;DABROWSKI;LAZAROV
Ankaragucu vs. Bursaspor - Sunday December 17 - 2000,Ankaragucu,hard,3-5-2,DA SILVA;SAHIN;DURSUN;TASDEMIR;KOCAK;ROGERIO BELEM;OZLEM;NAMDAR;KELES;TURKMEN;KENNEDY
Ankaragucu vs. Bursaspor - Sunday December 17 - 2000,Bursaspor,hard,4-4-2,KARAGOL;DAMLA;OZAT;OZBEY;KILIC;SEN;ALKAN;SEVEN;DEMIR;SOZKESEN;YILMAZ
Antalyaspor vs. Genclerbirligi - Sunday December 17 - 2000,Antalyaspor,hard,3-5-2,KARAHAN;KAMBUROGLU;SAATCIOGLU;GINCHEV;MUSIC;YAVAS;GURSEL;GAUDINO;CAKIR;KINALI;BIRLIK
Antalyaspor vs. Genclerbirligi - Sunday December 17 - 2000,Genclerbirligi,hard,3-5-2,NYS;TOPRAKTEPE;GULDUREN;SOYLER;SARI;TATLI;PHIRI;GONDEN;BABANGIDA;KONA;KARAN
Trabzonspor vs. Galatasaray - Sunday December 17 - 2000,Galatasaray,easy,4-2-3-1,TAFFAREL;UNSAL;KORKMAZ;POPESCU;CAPONE;KAYA;BELOZOGLU;PENBE;HAGI;BURUK;SAS
Trabzonspor vs. Galatasaray - Sunday December 17 - 2000,Trabzonspor,easy,3-5-2,AKTAS;GUVEN;NIKOLOVSKI;OZKOYLU;KARADENIZ;YANCHEV;NAMLI;DEMIRCI;TUNA;LANGE;DEMIRAY
Antalyaspor vs. Galatasaray - Wednesday December 20 - 2000,Antalyaspor,hard,4-4-2,KARAHAN;KAMBUROGLU;SAATCIOGLU;GINCHEV;CAKIR;GURSEL;YAVAS;GAUDINO;MUSIC;KINALI;BIRLIK
Antalyaspor vs. Galatasaray - Wednesday December 20 - 2000,Galatasaray,easy,4-2-3-1,TAFFAREL;UNSAL;KORKMAZ;POPESCU;INCEEFE;KAYA;BELOZOGLU;PENBE;HAGI;BURUK;SAS
Trabzonspor vs. Erzurumspor - Thursday December 21 - 2000,Erzurumspor,hard,3-5-2,KORAC;BOGDANOVIC;BAYRAK;ERDOGAN;KOCABICAK;DEMIR;YUCETAS;SIMICIC;KARAKAS;KOVACEVIC;AKSOY
Trabzonspor vs. Erzurumspor - Thursday December 21 - 2000,Trabzonspor,easy,4-4-2,AKTAS;DEMIRCI;NIKOLOVSKI;OZKOYLU;GUVEN;KARADENIZ;YANCHEV;NAMLI;TUNA;LANGE;DEMIRAY
Adanaspor vs. Istanbulspor - Friday December 22 - 2000,Adanaspor,hard,3-5-2,ERAYDIN;BEKIROGLU;HONCA;UZEL;KELES;KOSE;ARSLAN;TURHAN;SANCARBARLAS;ISLER;AKSOY
Adanaspor vs. Istanbulspor - Friday December 22 - 2000,Istanbulspor,hard,4-4-2,ZDRAVKOV;PETKOV;GUR;MOURA;CETIN;OZDEMIR;SAIDOU;ONATLI;EREN;BUSHI;ESER
Ankaragucu vs. Samsunspor - Friday December 22 - 2000,Ankaragucu,hard,3-5-2,DA SILVA;DURSUN;KUTLU;TASDEMIR;KOCAK;NGOBE;ROGERIO BELEM;YILDIRIM;KELES;KENNEDY;NAMDAR
Ankaragucu vs. Samsunspor - Friday December 22 - 2000,Samsunspor,hard,3-5-2,GENCER;KARABABA;ARSLAN;YELEK;AKDENIZ;HOCAOGLU;METIN;BASTAN;CAN;RINCON;MANSIZ
Fenerbahce vs. Kocaelispor - Friday December 22 - 2000,Fenerbahce,easy,3-5-2,RECBER;DOGAN;TEMIZKANOGLU;MIRKOVIC;ERCAN;SIMSEK;JOHNSON;RAPAIC;LAZETIC;ANDERSSON;AKIN
Fenerbahce vs. Kocaelispor - Friday December 22 - 2000,Kocaelispor,hard,4-4-2,ONGUN;COLAK;AK;SARMAN;ARSLANER;DABROWSKI;OZTONGA;ABDELAZIZ;HASPOLATLI;ERCEG;TOPRAKTEPE
Rizespor vs. Genclerbirligi - Friday December 22 - 2000,Genclerbirligi,hard,3-5-2,NYS;SUMER;GULDUREN;TOPRAKTEPE;BABANGIDA;ZDEBEL;PHIRI;GONDEN;TATLI;KONA;KARAN
Rizespor vs. Genclerbirligi - Friday December 22 - 2000,Rizespor,hard,3-5-2,YIGITER;DIENG;DERELI;DUYMUS;BILGE;ALNOUDJI;KAZMAZ;AYHAN;TOKUS;TETTEH;OZDEMIR
Antalyaspor vs. Siirt Jetpa Spor - Saturday December 23 - 2000,Antalyaspor,hard,3-5-2,KARAHAN;KAMBUROGLU;SAATCIOGLU;GINCHEV;MUSIC;YAVAS;GURSEL;GAUDINO;CAKIR;KINALI;ANDJELKOVIC
Antalyaspor vs. Siirt Jetpa Spor - Saturday December 23 - 2000,Siirt Jetpa Spor,hard,3-5-2,SAVIC;AMCAOGLU;HANKE;BOSKOVIC;BULUT;GUNES;ERIS;HAMZAOGLU;KURT;OZTURK;KUCUKVARDAR
Galatasaray vs. Denizlispor - Saturday December 23 - 2000,Denizlispor,hard,4-4-2,KUCUK;CELIK;BADRA;EL SAKA;TANDOGAN;BAYAZIT;KAFKAS;KARTOP;AHMED HASSAN;COULIBALY;BIRDAL
Galatasaray vs. Denizlispor - Saturday December 23 - 2000,Galatasaray,easy,4-4-2,INAN;UNSAL;ASIK;KORKMAZ;AKYEL;SAS;BELOZOGLU;PENBE;DAVALA;ERDEM;AYKUT
Gaziantepspor vs. Bursaspor - Saturday December 23 - 2000,Bursaspor,hard,4-4-2,KARAGOL;DAMLA;OZAT;OZBEY;KILIC;SEN;MOSHOEU;SEVEN;ALKAN;SOZKESEN;YILMAZ
Gaziantepspor vs. Bursaspor - Saturday December 23 - 2000,Gaziantepspor,hard,3-5-2,CATKIC;AKICI;YAKHIMOVICH;POLAT;ALBAYRAK;BAYRAKTAR;SAHINTURK;ASLAN;YIGIT;OZER;TEKKE
Yimpas Yozgatspor vs. Besiktas - Saturday December 23 - 2000,Besiktas,easy,4-4-2,TUNCAY;UZULMEZ;ZAFER;HAVUTCU;BESERLER;MUNCH;SULUN;SAHIN;KAHVECI;NOUMA;DURSUN
Yimpas Yozgatspor vs. Besiktas - Saturday December 23 - 2000,Yimpas Yozgatspor,hard,3-5-2,TOKGOZ;ARSLAN;OZER;BARIS;KAHRAMAN;DUMAN;DASGUN;KARAKAYIS;KAYA;PREKO;AYEW
Samsunspor vs. Gaziantepspor - Friday February 2 - 2001,Gaziantepspor,hard,3-5-2,CATKIC;POLAT;KORKMAZ;YAKHIMOVICH;ALBAYRAK;BATISTA;ASLAN;BAYRAKTAR;YIGIT;OZER;SAHINTURK
Samsunspor vs. Gaziantepspor - Friday February 2 - 2001,Samsunspor,hard,3-5-2,GENCER;HOCAOGLU;KOLOGLU;YELEK;AKDENIZ;NAS;METIN;DOKME;CAN;SAGLAM;MANSIZ
Besiktas vs. Antalyaspor - Saturday February 3 - 2001,Antalyaspor,hard,3-5-2,KARAHAN;KAMBUROGLU;GINCHEV;YAVAS;MUSIC;CIMSIR;YASAN;GAUDINO;CAKIR;BIRLIK;GURSEL
Besiktas vs. Antalyaspor - Saturday February 3 - 2001,Besiktas,easy,3-5-2,TUNCAY;GURACAR;BOZKURT;BEKTAS;UZULMEZ;SULUN;SAHIN;KARHAN;KAHVECI;NOUMA;DURSUN
Denizlispor vs. Yimpas Yozgatspor - Saturday February 3 - 2001,Denizlispor,hard,3-5-2,KUCUK;CIMEN;BADRA;EL SAKA;BAYAZIT;KAFKAS;AHMED HASSAN;KARTOP;TANDOGAN;COULIBALY;BIRDAL
Denizlispor vs. Yimpas Yozgatspor - Saturday February 3 - 2001,Yimpas Yozgatspor,hard,4-4-2,TOKGOZ;OZER;ARSLAN;OZER;DUMAN;KAHRAMAN;KARAKAYIS;HINCAL;DASGUN;PREKO;AYEW
Erzurumspor vs. Galatasaray - Saturday February 3 - 2001,Erzurumspor,hard,4-2-3-1,KORAC;KOCABICAK;VURAL;YUVULADIO;KARAKAS;DEMIR;SONBAY;NELIKER;YILMAZ;YUCETAS;AKSOY
Erzurumspor vs. Galatasaray - Saturday February 3 - 2001,Galatasaray,easy,4-2-3-1,TAFFAREL;UNSAL;KORKMAZ;POPESCU;AKYEL;BURUK;BELOZOGLU;SAS;HAGI;DAVALA;JARDEL
Rizespor vs. Siirt Jetpa Spor - Saturday February 3 - 2001,Rizespor,hard,4-4-2,YIGITER;BILGE;DIENG;DUYMUS;ASIL;KAZMAZ;ALNOUDJI;AYHAN;OZDEMIR;TETTEH;AKYUZ
Rizespor vs. Siirt Jetpa Spor - Saturday February 3 - 2001,Siirt Jetpa Spor,hard,3-5-2,SAVIC;STERBAL;AMCAOGLU;KAYMAK;GUNES;HAMZAOGLU;ERIS;BOSKOVIC;HANKE;OZTURK;MARTIN
Adanaspor vs. Genclerbirligi - Sunday February 4 - 2001,Adanaspor,hard,3-5-2,SCHEUER;BERTHOLD;KOSE;KIRILOV;BULUT;KELES;AKSOY;TURHAN;OZTURK;KILIC;YOZGATLI
Adanaspor vs. Genclerbirligi - Sunday February 4 - 2001,Genclerbirligi,hard,3-5-2,NYS;SUMER;DOGANTEZ;ZDEBEL;SARI;TATLI;PHIRI;BASTURK;BALCI;KONA;BABANGIDA
Bursaspor vs. Trabzonspor - Sunday February 4 - 2001,Bursaspor,hard,4-4-2,KARAGOL;SEN;OZAT;OZBEY;KILIC;SEVEN;MOSHOEU;HACIOGLU;ALKAN;SOZKESEN;YILMAZ
Bursaspor vs. Trabzonspor - Sunday February 4 - 2001,Trabzonspor,easy,3-5-2,AKTAS;GUVEN;NIKOLOVSKI;OZKOYLU;KARADENIZ;YANCHEV;CIKIRIKCI;OZGUR;TUNA;MANDIRALI;DERELIOGLU
Istanbulspor vs. Fenerbahce - Sunday February 4 - 2001,Fenerbahce,easy,3-5-2,RECBER;MIRKOVIC;DOGAN;MIRKOVIC;ERCAN;SIMSEK;JOHNSON;LAZETIC;GUNES;AKIN;REVIVO
Istanbulspor vs. Fenerbahce - Sunday February 4 - 2001,Istanbulspor,hard,4-4-2,ZDRAVKOV;PETKOV;GUR;MOURA;CETIN;ONATLI;EPUREANU;ERDOGAN;EREN;BUSHI;UCUNCU
Kocaelispor vs. Ankaragucu - Sunday February 4 - 2001,Ankaragucu,hard,3-5-2,DA SILVA;OZLEM;KUTLU;TASDEMIR;KOCAK;ROGERIO BELEM;NGOBE;NAMDAR;KELES;KENNEDY;AHINFUL
Kocaelispor vs. Ankaragucu - Sunday February 4 - 2001,Kocaelispor,hard,4-4-2,MERT;COLAK;PAZIN;TIMKO;HASPOLATLI;TOPRAKTEPE;SARMAN;OZTONGA;ALEKSANDROV;DABROWSKI;LAZAROV
Trabzonspor vs. Samsunspor - Friday February 9 - 2001,Samsunspor,hard,3-5-2,BOUKAR;HOCAOGLU;KOLOGLU;YELEK;AKDENIZ;GUNGOR;METIN;NAS;CAN;SAGLAM;MANSIZ
Trabzonspor vs. Samsunspor - Friday February 9 - 2001,Trabzonspor,easy,3-5-2,AKTAS;OZKOYLU;GUVEN;OZGUR;DEMIRCI;KARADENIZ;YANCHEV;YALCIN;TUNA;MANDIRALI;DERELIOGLU
Adanaspor vs. Siirt Jetpa Spor - Saturday February 10 - 2001,Adanaspor,hard,3-5-2,SCHEUER;BERTHOLD;KOSE;KIRILOV;BULUT;TURHAN;KELES;ARSLAN;OZTURK;YOZGATLI;AKSOY
Adanaspor vs. Siirt Jetpa Spor - Saturday February 10 - 2001,Siirt Jetpa Spor,hard,3-5-2,SAVIC;ABOUO;AMCAOGLU;KAYMAK;GUNES;KURT;HAMZAOGLU;ANIC;HANKE;OZTURK;KUCUKVARDAR
Ankaragucu vs. Istanbulspor - Saturday February 10 - 2001,Ankaragucu,hard,3-5-2,DA SILVA;DURSUN;TASDEMIR;OZLEM;KOCAK;GUNEY;NAMDAR;NGOBE;KELES;KENNEDY;AHINFUL
Ankaragucu vs. Istanbulspor - Saturday February 10 - 2001,Istanbulspor,hard,4-4-2,ZDRAVKOV;PETKOV;GUR;MOURA;CETIN;ERDOGAN;UCUNCU;ONATLI;SAIDOU;BUSHI;ESER
Galatasaray vs. Bursaspor - Saturday February 10 - 2001,Bursaspor,hard,4-3-3,KARAGOL;OZAT;OZBEY;KILIC;SEVEN;SEN;ALKAN;MOSHOEU;YILMAZ;SOZKESEN;HACIOGLU
Galatasaray vs. Bursaspor - Saturday February 10 - 2001,Galatasaray,easy,4-4-2,TAFFAREL;PENBE;ASIK;KORKMAZ;AKYEL;YILDIRIM;KAYA;BELOZOGLU;DAVALA;JARDEL;AYKUT
Antalyaspor vs. Yimpas Yozgatspor - Sunday February 11 - 2001,Antalyaspor,hard,3-5-2,KARAHAN;KAMBUROGLU;SAATCIOGLU;YAVAS;MUSIC;CIMSIR;GURSEL;YASAN;YALCINKAYA;GERSON;BIRLIK
Antalyaspor vs. Yimpas Yozgatspor - Sunday February 11 - 2001,Yimpas Yozgatspor,hard,3-5-2,TOKGOZ;BARIS;OZER;DUMAN;PREKO;HINCAL;KAHRAMAN;KARAKAYIS;KAYA;AYEW;KOCABEY
Erzurumspor vs. Denizlispor - Sunday February 11 - 2001,Denizlispor,hard,3-5-2,KUCUK;CIMEN;BADRA;EL SAKA;BAYAZIT;KAFKAS;AHMED HASSAN;KARTOP;TANDOGAN;COULIBALY;BIRDAL
Erzurumspor vs. Denizlispor - Sunday February 11 - 2001,Erzurumspor,hard,3-5-2,KORAC;VURAL;OZKE;YUVULADIO;NELIKER;DEMIR;YUCETAS;SONBAY;KARAKAS;GRUBAC;AKSOY
Fenerbahce vs. Genclerbirligi - Sunday February 11 - 2001,Fenerbahce,easy,3-5-2,RECBER;DOGAN;MIRKOVIC;MIRKOVIC;ERCAN;JOHNSON;RAPAIC;TEMIZKANOGLU;LAZETIC;AKIN;REVIVO
Fenerbahce vs. Genclerbirligi - Sunday February 11 - 2001,Genclerbirligi,hard,3-5-2,NYS;GULDUREN;DOGANTEZ;SUMER;SARI;MBAYO;ZDEBEL;PHIRI;BALCI;KARAN;BABANGIDA
Gaziantepspor vs. Kocaelispor - Sunday February 11 - 2001,Gaziantepspor,hard,3-5-2,CATKIC;KORKMAZ;YAKHIMOVICH;POLAT;ALBAYRAK;BATISTA;ASLAN;BAYRAKTAR;YIGIT;SAHINTURK;OZER
Gaziantepspor vs. Kocaelispor - Sunday February 11 - 2001,Kocaelispor,hard,3-5-2,MERT;TIMKO;PAZIN;SARMAN;COLAK;ALEKSANDROV;OZTONGA;TOPRAKTEPE;HASPOLATLI;DABROWSKI;LAZAROV
Rizespor vs. Besiktas - Sunday February 11 - 2001,Besiktas,easy,3-5-2,TUNCAY;BESERLER;BOZKURT;BEKTAS;UZULMEZ;SULUN;SAHIN;KARHAN;KAHVECI;ULUSAL;DURSUN
Rizespor vs. Besiktas - Sunday February 11 - 2001,Rizespor,hard,3-5-2,YIGITER;DUYMUS;DIENG;ASIL;KAZMAZ;ALNOUDJI;AYHAN;NAS;OZDEMIR;TETTEH;AKYUZ
Istanbulspor vs. Gaziantepspor - Friday February 16 - 2001,Gaziantepspor,hard,3-5-2,CATKIC;POLAT;KORKMAZ;TUNC;ALBAYRAK;BATISTA;ASLAN;BAYRAKTAR;YIGIT;OZER;SAHINTURK
Istanbulspor vs. Gaziantepspor - Friday February 16 - 2001,Istanbulspor,hard,3-5-2,ZDRAVKOV;GUR;ONATLI;MOURA;PETKOV;SAIDOU;UCUNCU;ERDOGAN;EREN;BUSHI;ESER
Denizlispor vs. Antalyaspor - Saturday February 17 - 2001,Antalyaspor,hard,3-5-2,KARAHAN;KAMBUROGLU;SAATCIOGLU;YAVAS;MUSIC;GINCHEV;GURSEL;YASAN;CAKIR;BIRLIK;ANDJELKOVIC
Denizlispor vs. Antalyaspor - Saturday February 17 - 2001,Denizlispor,hard,3-5-2,KUCUK;EL SAKA;BADRA;YOUSSEF;BAYAZIT;KAFKAS;BILAZER;KARTOP;AHMED HASSAN;COULIBALY;BIRDAL
Samsunspor vs. Galatasaray - Saturday February 17 - 2001,Galatasaray,easy,4-2-3-1,TAFFAREL;PENBE;KORKMAZ;POPESCU;AKYEL;AKIN;BELOZOGLU;SAS;HAGI;BURUK;JARDEL
Samsunspor vs. Galatasaray - Saturday February 17 - 2001,Samsunspor,hard,3-5-2,BOUKAR;HOCAOGLU;KOLOGLU;ARSLAN;BAIDOO;METIN;DOKME;AKDENIZ;CAN;SAGLAM;MANSIZ
Siirt Jetpa Spor vs. Fenerbahce - Saturday February 17 - 2001,Fenerbahce,easy,3-5-2,RECBER;DOGAN;JOHNSON;MIRKOVIC;ERCAN;LAZETIC;TEMIZKANOGLU;RAPAIC;GUNES;AKIN;REVIVO
Siirt Jetpa Spor vs. Fenerbahce - Saturday February 17 - 2001,Siirt Jetpa Spor,hard,4-4-2,SAVIC;AMCAOGLU;ABOUO;KAYMAK;HANKE;HAMZAOGLU;ANIC;BOSKOVIC;GUNES;OZTURK;KUCUKVARDAR
Besiktas vs. Adanaspor - Sunday February 18 - 2001,Adanaspor,hard,4-4-2,KUCUKTAKA;BERTHOLD;HONCA;KIRILOV;UZEL;BULUT;KOSE;TURHAN;ARSLAN;YOZGATLI;AKSOY
Besiktas vs. Adanaspor - Sunday February 18 - 2001,Besiktas,easy,3-5-2,SHORUNMU;GURACAR;BEKTAS;BESERLER;UZULMEZ;KARHAN;SAHIN;AKMAN;KAHVECI;DURSUN;KIP
Bursaspor vs. Erzurumspor - Sunday February 18 - 2001,Bursaspor,hard,4-4-2,KULBILGE;SEN;OZAT;OZBEY;KILIC;SEVEN;MOSHOEU;HACIOGLU;ALKAN;SOZKESEN;YILMAZ
Bursaspor vs. Erzurumspor - Sunday February 18 - 2001,Erzurumspor,hard,3-5-2,KORAC;VURAL;OZKE;YUVULADIO;DEMIR;YILMAZ;YUCETAS;SONBAY;IPEK;AKSOY;NELIKER
Genclerbirligi vs. Ankaragucu - Sunday February 18 - 2001,Ankaragucu,hard,3-5-2,DA SILVA;DURSUN;KUTLU;TASDEMIR;OZLEM;YILDIRIM;NAMDAR;NGOBE;GUNEY;KENNEDY;AHINFUL
Genclerbirligi vs. Ankaragucu - Sunday February 18 - 2001,Genclerbirligi,hard,3-5-2,NYS;SUMER;DOGANTEZ;TOPRAKTEPE;GULDUREN;PHIRI;ZDEBEL;MBAYO;TATLI;KONA;KARAN
Kocaelispor vs. Trabzonspor - Sunday February 18 - 2001,Kocaelispor,hard,4-4-2,MERT;COLAK;TIMKO;SARMAN;ARSLANER;DABROWSKI;HASPOLATLI;OZTONGA;ALEKSANDROV;LAZAROV;TOPRAKTEPE
Kocaelispor vs. Trabzonspor - Sunday February 18 - 2001,Trabzonspor,easy,3-5-2,MILOSEVSKI;OZKOYLU;GUVEN;OZGUR;DEMIRCI;KARADENIZ;YANCHEV;YALCIN;TUNA;MANDIRALI;DERELIOGLU
Rizespor vs. Yimpas Yozgatspor - Sunday February 18 - 2001,Rizespor,hard,3-5-2,YIGITER;DUYMUS;DIENG;ASIL;BILGE;ALNOUDJI;KAZMAZ;AYHAN;OZDEMIR;TETTEH;AKYUZ
Rizespor vs. Yimpas Yozgatspor - Sunday February 18 - 2001,Yimpas Yozgatspor,hard,3-5-2,TOKGOZ;ARSLAN;OZER;BARIS;KAHRAMAN;HINCAL;KARAKAYIS;DALCICEK;KAYA;PREKO;AYEW
Gaziantepspor vs. Genclerbirligi - Friday February 23 - 2001,Gaziantepspor,hard,4-4-2,CATKIC;TUNC;YAKHIMOVICH;KORKMAZ;YIGIT;ALBAYRAK;BATISTA;ASLAN;BAYRAKTAR;OZER;SAHINTURK
Gaziantepspor vs. Genclerbirligi - Friday February 23 - 2001,Genclerbirligi,hard,3-5-2,NYS;GULDUREN;DOGANTEZ;SUMER;SARI;ZDEBEL;MBAYO;TATLI;BABANGIDA;KONA;KARAN
Ankaragucu vs. Siirt Jetpa Spor - Saturday February 24 - 2001,Ankaragucu,hard,3-5-2,DA SILVA;DURSUN;KUTLU;TASDEMIR;OZALP;OZLEM;KELES;YILDIRIM;GUNEY;KENNEDY;AHINFUL
Ankaragucu vs. Siirt Jetpa Spor - Saturday February 24 - 2001,Siirt Jetpa Spor,hard,3-5-2,SAVIC;KAYMAK;GENCCAN;ABOUO;HAMZAOGLU;ANIC;ERIS;GUNES;HANKE;OZTURK;KUCUKVARDAR
Fenerbahce vs. Besiktas - Saturday February 24 - 2001,Besiktas,easy,4-5-1,SHORUNMU;UZULMEZ;BEKTAS;ZAFER;GURACAR;MUNCH;SULUN;KARHAN;HAVUTCU;KAHVECI;DURSUN
Fenerbahce vs. Besiktas - Saturday February 24 - 2001,Fenerbahce,easy,3-5-2,RECBER;MIRKOVIC;DOGAN;MIRKOVIC;ERCAN;JOHNSON;RAPAIC;TEMIZKANOGLU;LAZETIC;AKIN;REVIVO
Rizespor vs. Antalyaspor - Saturday February 24 - 2001,Antalyaspor,hard,3-5-2,KARAHAN;KAMBUROGLU;SAATCIOGLU;GINCHEV;MUSIC;YAVAS;GURSEL;YASAN;CAKIR;BIRLIK;ANDJELKOVIC
Rizespor vs. Antalyaspor - Saturday February 24 - 2001,Rizespor,hard,4-4-2,YIGITER;BILGE;DIENG;DUYMUS;ASIL;CAN;KAZMAZ;AYHAN;OZDEMIR;TETTEH;AKYUZ
Adanaspor vs. Yimpas Yozgatspor - Sunday February 25 - 2001,Adanaspor,hard,4-4-2,KUCUKTAKA;BULUT;BERTHOLD;BEKIROGLU;UZEL;TOPCU;KOSE;TURHAN;YOZGATLI;BALKAYA;AKSOY
Adanaspor vs. Yimpas Yozgatspor - Sunday February 25 - 2001,Yimpas Yozgatspor,hard,3-5-2,TOKGOZ;BARIS;OZER;ARSLAN;KAHRAMAN;DUMAN;KARAKAYIS;DALCICEK;KAYA;PREKO;AYEW
Bursaspor vs. Denizlispor - Sunday February 25 - 2001,Bursaspor,hard,4-4-2,KULBILGE;SEN;OZAT;OZBEY;KILIC;HACIOGLU;MOSHOEU;SEVEN;ALKAN;SOZKESEN;YILMAZ
Bursaspor vs. Denizlispor - Sunday February 25 - 2001,Denizlispor,hard,4-4-2,KUCUK;YOUSSEF;ALBAYRAK;CIMEN;TANDOGAN;BAYAZIT;KAFKAS;KARTOP;BOYRAZ;COULIBALY;BIRDAL
Erzurumspor vs. Samsunspor - Sunday February 25 - 2001,Erzurumspor,hard,4-4-2,KORAC;BAKHTIARIZADEH;VURAL;YUVULADIO;YILMAZ;NELIKER;DEMIR;SIMICIC;SONBAY;GRUBAC;AKSOY
Erzurumspor vs. Samsunspor - Sunday February 25 - 2001,Samsunspor,hard,4-4-2,GENCER;ULUN;KOLOGLU;KARABABA;CAN;AKDENIZ;BAIDOO;DOKME;NAS;SAGLAM;MANSIZ
Galatasaray vs. Kocaelispor - Sunday February 25 - 2001,Galatasaray,easy,4-2-3-1,TAFFAREL;PENBE;POPESCU;CAPONE;AKYEL;BURUK;BELOZOGLU;ATALAY;HAGI;SAS;AYKUT
Galatasaray vs. Kocaelispor - Sunday February 25 - 2001,Kocaelispor,hard,4-2-3-1,MERT;COLAK;PAZIN;SARMAN;ARSLANER;VERGUL;HASPOLATLI;OZTONGA;ALEKSANDROV;DABROWSKI;TOPRAKTEPE
Trabzonspor vs. Istanbulspor - Sunday February 25 - 2001,Istanbulspor,hard,3-5-2,ZDRAVKOV;GUR;ONATLI;MOURA;PETKOV;SAIDOU;ERDOGAN;EPUREANU;EREN;YAVAS;ESER
Trabzonspor vs. Istanbulspor - Sunday February 25 - 2001,Trabzonspor,easy,4-4-2,AKTAS;DEMIRCI;OZKOYLU;OZGUR;OZTURK;KARADENIZ;YANCHEV;YALCIN;DEMIRAY;DERELIOGLU;MANDIRALI
Genclerbirligi vs. Trabzonspor - Friday March 2 - 2001,Genclerbirligi,hard,3-5-2,NYS;SUMER;DOGANTEZ;TOPRAKTEPE;GULDUREN;ZDEBEL;PHIRI;TATLI;BALCI;KONA;BABANGIDA
Genclerbirligi vs. Trabzonspor - Friday March 2 - 2001,Trabzonspor,easy,3-4-3,AKTAS;OZTURK;OZKOYLU;OZGUR;DEMIRCI;YANCHEV;NAMLI;TUNA;YALCIN;MANDIRALI;KARADENIZ
Antalyaspor vs. Adanaspor - Saturday March 3 - 2001,Adanaspor,hard,3-5-2,KUCUKTAKA;BERTHOLD;HONCA;KIRILOV;BULUT;KOSE;TURHAN;ARSLAN;SANCARBARLAS;BALKAYA;AKSOY
Antalyaspor vs. Adanaspor - Saturday March 3 - 2001,Antalyaspor,hard,3-5-2,KARAHAN;GINCHEV;SAATCIOGLU;KAMBUROGLU;MUSIC;YAVAS;GURSEL;YASAN;CAKIR;BIRLIK;ANDJELKOVIC
Samsunspor vs. Bursaspor - Saturday March 3 - 2001,Bursaspor,hard,4-4-2,COSKUN;SEVEN;OZAT;ILGIN;KILIC;HACIOGLU;MOSHOEU;YESIL;ALKAN;SOZKESEN;YILMAZ
Samsunspor vs. Bursaspor - Saturday March 3 - 2001,Samsunspor,hard,4-4-2,GENCER;AKDENIZ;KOLOGLU;YELEK;CAN;DOKME;BAIDOO;METIN;NAS;SAGLAM;MANSIZ
Siirt Jetpa Spor vs. Gaziantepspor - Saturday March 3 - 2001,Gaziantepspor,hard,4-4-2,CATKIC;TUNC;KORKMAZ;POLAT;YIGIT;ALBAYRAK;BATISTA;ASLAN;BAYRAKTAR;OZER;TEKKE
Siirt Jetpa Spor vs. Gaziantepspor - Saturday March 3 - 2001,Siirt Jetpa Spor,hard,4-4-2,SAVIC;GENCCAN;HANKE;KURT;SAVUT;HAMZAOGLU;BOSKOVIC;ERIS;GUNES;OZTURK;KUCUKVARDAR
Yimpas Yozgatspor vs. Fenerbahce - Saturday March 3 - 2001,Fenerbahce,easy,3-5-2,RECBER;DOGAN;MIRKOVIC;MIRKOVIC;ERCAN;JOHNSON;SIMSEK;TEMIZKANOGLU;LAZETIC;AKIN;REVIVO
Yimpas Yozgatspor vs. Fenerbahce - Saturday March 3 - 2001,Yimpas Yozgatspor,hard,4-4-2,TOKGOZ;BARIS;OZER;ARSLAN;DUMAN;KAHRAMAN;HINCAL;DALCICEK;KAYA;PREKO;AYEW
Besiktas vs. Ankaragucu - Sunday March 4 - 2001,Ankaragucu,hard,3-5-2,DA SILVA;DURSUN;KUTLU;TASDEMIR;OZALP;OZLEM;NAMDAR;NGOBE;KELES;AYDIN;AHINFUL
Besiktas vs. Ankaragucu - Sunday March 4 - 2001,Besiktas,easy,4-4-2,SHORUNMU;BEKTAS;GURACAR;BESERLER;HAVUTCU;MUNCH;SULUN;AKMAN;KARHAN;NOUMA;KAHVECI
Kocaelispor vs. Erzurumspor - Sunday March 4 - 2001,Erzurumspor,hard,3-5-2,KORAC;ERDOGAN;BAKHTIARIZADEH;VURAL;NELIKER;SONBAY;KAHRAMAN;SIMICIC;YILMAZ;AKSOY;YUCETAS
Kocaelispor vs. Erzurumspor - Sunday March 4 - 2001,Kocaelispor,hard,4-4-2,MERT;COLAK;PAZIN;SARMAN;HASPOLATLI;TOPRAKTEPE;OZTONGA;LAZAROV;ALEKSANDROV;DABROWSKI;ERCEG
Rizespor vs. Denizlispor - Sunday March 4 - 2001,Denizlispor,hard,3-5-2,KUCUK;CIMEN;BADRA;EL SAKA;BAYAZIT;KAFKAS;AHMED HASSAN;KARTOP;TANDOGAN;COULIBALY;BIRDAL
Rizespor vs. Denizlispor - Sunday March 4 - 2001,Rizespor,hard,4-4-2,HAMIDOU;OZDEMIR;DIENG;ASIL;NAS;BILGE;ALNOUDJI;AYHAN;ALP;TETTEH;AKYUZ
Gaziantepspor vs. Besiktas - Friday March 9 - 2001,Besiktas,easy,4-4-2,TUNCAY;BEKTAS;BOZKURT;BESERLER;HAVUTCU;MUNCH;OZDILEK;KARHAN;KAHVECI;NOUMA;DURSUN
Gaziantepspor vs. Besiktas - Friday March 9 - 2001,Gaziantepspor,hard,4-4-2,CATKIC;TUNC;KORKMAZ;POLAT;YIGIT;ALBAYRAK;BATISTA;BAYRAKTAR;KRIVOV;OZER;TEKKE
Bursaspor vs. Kocaelispor - Saturday March 10 - 2001,Bursaspor,hard,4-4-2,KARAGOL;SEVEN;OZAT;OZBEY;KILIC;SEN;MOSHOEU;HACIOGLU;ALKAN;SOZKESEN;YILMAZ
Bursaspor vs. Kocaelispor - Saturday March 10 - 2001,Kocaelispor,hard,4-4-2,MERT;AK;PAZIN;TIMKO;VERGUL;COLAK;SARMAN;OZTONGA;ALEKSANDROV;DABROWSKI;TOPRAKTEPE
Erzurumspor vs. Istanbulspor - Saturday March 10 - 2001,Erzurumspor,hard,3-5-2,KORAC;ERDOGAN;BAKHTIARIZADEH;VURAL;NELIKER;SIMICIC;KAHRAMAN;YUCETAS;YILMAZ;KOVACEVIC;AKSOY
Erzurumspor vs. Istanbulspor - Saturday March 10 - 2001,Istanbulspor,hard,3-5-2,ZDRAVKOV;GUR;ONATLI;MOURA;PETKOV;EPUREANU;ERDOGAN;SAKAR;EREN;BUSHI;ESER
Galatasaray vs. Genclerbirligi - Saturday March 10 - 2001,Galatasaray,easy,4-2-3-1,TAFFAREL;YILDIRIM;ASIK;POPESCU;CAPONE;BURUK;BELOZOGLU;SAS;HAGI;DAVALA;JARDEL
Galatasaray vs. Genclerbirligi - Saturday March 10 - 2001,Genclerbirligi,hard,3-5-2,NYS;TOPRAKTEPE;ZDEBEL;DOGANTEZ;GULDUREN;TATLI;PHIRI;GONDEN;BALCI;KONA;KARAN
Samsunspor vs. Denizlispor - Saturday March 10 - 2001,Denizlispor,hard,4-4-2,KUCUK;YOUSSEF;ALBAYRAK;BADRA;TANDOGAN;BAYAZIT;CIMEN;CIHAN;BOYRAZ;COULIBALY;BIRDAL
Samsunspor vs. Denizlispor - Saturday March 10 - 2001,Samsunspor,hard,4-4-2,GENCER;AKDENIZ;KOLOGLU;YELEK;CAN;DOKME;BAIDOO;METIN;NAS;SAGLAM;MANSIZ
Ankaragucu vs. Yimpas Yozgatspor - Sunday March 11 - 2001,Ankaragucu,hard,3-5-2,DA SILVA;DURSUN;TASDEMIR;OZLEM;OZALP;AHINFUL;NGOBE;NAMDAR;KELES;KENNEDY;AYDIN
Ankaragucu vs. Yimpas Yozgatspor - Sunday March 11 - 2001,Yimpas Yozgatspor,hard,3-5-2,TOKGOZ;ARSLAN;OZER;BARIS;KAHRAMAN;DUMAN;HINCAL;DALCICEK;KAYA;AYEW;DASGUN
Fenerbahce vs. Antalyaspor - Sunday March 11 - 2001,Antalyaspor,hard,3-5-2,KARAHAN;GINCHEV;SAATCIOGLU;KAMBUROGLU;MUSIC;YAVAS;YASAN;GAUDINO;CAKIR;BIRLIK;GURSEL
Fenerbahce vs. Antalyaspor - Sunday March 11 - 2001,Fenerbahce,easy,4-4-2,RECBER;DOGAN;MIRKOVIC;MIRKOVIC;GUNES;ERCAN;TEMIZKANOGLU;RAPAIC;LAZETIC;AKIN;REVIVO
Rizespor vs. Adanaspor - Sunday March 11 - 2001,Adanaspor,hard,3-5-2,KUCUKTAKA;KIRILOV;HONCA;UZEL;BULUT;KOSE;TURHAN;ARSLAN;SANCARBARLAS;BALKAYA;AKSOY
Rizespor vs. Adanaspor - Sunday March 11 - 2001,Rizespor,hard,4-4-2,HAMIDOU;BILGE;DUYMUS;ASIL;NAS;KAZMAZ;ALNOUDJI;AYHAN;OZDEMIR;TETTEH;AKYUZ
Trabzonspor vs. Siirt Jetpa Spor - Sunday March 11 - 2001,Siirt Jetpa Spor,hard,3-5-2,AKCEVRE;BOSKOVIC;GENCCAN;HANKE;BULUT;HAMZAOGLU;ERIS;GUNES;SAVUT;OZTURK;MARTIN
Trabzonspor vs. Siirt Jetpa Spor - Sunday March 11 - 2001,Trabzonspor,easy,3-5-2,AKTAS;OZTURK;OZKOYLU;OZGUR;DEMIRCI;YANCHEV;KARADENIZ;NAMLI;TUNA;MANDIRALI;YALCIN
Kocaelispor vs. Samsunspor - Friday March 16 - 2001,Kocaelispor,hard,3-5-2,MERT;TIMKO;PAZIN;SARMAN;COLAK;HASPOLATLI;ALEKSANDROV;OZTONGA;DABROWSKI;TOPRAKTEPE;LAZAROV
Kocaelispor vs. Samsunspor - Friday March 16 - 2001,Samsunspor,hard,3-5-2,GENCER;KARABABA;KOLOGLU;YELEK;DOKME;NAS;METIN;BAIDOO;KORKMAZ;SAGLAM;MANSIZ
Antalyaspor vs. Ankaragucu - Saturday March 17 - 2001,Ankaragucu,hard,3-5-2,DA SILVA;DURSUN;KUTLU;TASDEMIR;OZALP;OZLEM;NAMDAR;NGOBE;AHINFUL;KENNEDY;AYDIN
Antalyaspor vs. Ankaragucu - Saturday March 17 - 2001,Antalyaspor,hard,3-5-2,KARAHAN;GINCHEV;SAATCIOGLU;KAMBUROGLU;MUSIC;YASAN;GURSEL;GAUDINO;CAKIR;BIRLIK;ANDJELKOVIC
Genclerbirligi vs. Erzurumspor - Saturday March 17 - 2001,Erzurumspor,hard,5-4-1,KORAC;KOCABICAK;VURAL;ERDOGAN;BAKHTIARIZADEH;YILMAZ;TOKAC;YUVULADIO;SIMICIC;SONBAY;KOVACEVIC
Genclerbirligi vs. Erzurumspor - Saturday March 17 - 2001,Genclerbirligi,hard,3-5-2,NYS;DOGANTEZ;DOGAN;TOPRAKTEPE;GULDUREN;ZDEBEL;MBAYO;BALCI;TATLI;KONA;KARAN
Istanbulspor vs. Bursaspor - Saturday March 17 - 2001,Bursaspor,hard,4-4-2,KARAGOL;HACIOGLU;OZAT;ILGIN;KILIC;SEN;MOSHOEU;SEVEN;ALKAN;SOZKESEN;YILMAZ
Istanbulspor vs. Bursaspor - Saturday March 17 - 2001,Istanbulspor,hard,4-4-2,ZDRAVKOV;ONATLI;GUR;MOURA;EREN;ERDOGAN;EPUREANU;SAKAR;SAIDOU;BUSHI;ESER
Rizespor vs. Fenerbahce - Saturday March 17 - 2001,Fenerbahce,easy,3-5-2,RECBER;DOGAN;MIRKOVIC;MIRKOVIC;ERCAN;JOHNSON;RAPAIC;TEMIZKANOGLU;LAZETIC;BALJIC;REVIVO
Rizespor vs. Fenerbahce - Saturday March 17 - 2001,Rizespor,hard,4-4-2,HAMIDOU;OZDEMIR;DIENG;DUYMUS;ASIL;BILGE;ALNOUDJI;KAZMAZ;AYHAN;TETTEH;AKYUZ
Besiktas vs. Trabzonspor - Sunday March 18 - 2001,Besiktas,easy,4-2-3-1,SHORUNMU;UZULMEZ;BOZKURT;GURACAR;BESERLER;HAVUTCU;BEKTAS;MUNCH;AKMAN;KARHAN;NOUMA
Besiktas vs. Trabzonspor - Sunday March 18 - 2001,Trabzonspor,easy,3-5-2,MILOSEVSKI;OZKOYLU;GUVEN;OZGUR;DEMIRCI;YANCHEV;KARADENIZ;NAMLI;TUNA;MANDIRALI;CIKIRIKCI
Denizlispor vs. Adanaspor - Sunday March 18 - 2001,Adanaspor,hard,3-5-2,KUCUKTAKA;KIRILOV;KOSE;UZEL;BULUT;ARSLAN;TURHAN;KELES;YORUK;BALKAYA;YOZGATLI
Denizlispor vs. Adanaspor - Sunday March 18 - 2001,Denizlispor,hard,3-5-2,KUCUK;CIMEN;BADRA;EL SAKA;BAYAZIT;KAFKAS;AHMED HASSAN;KARTOP;TANDOGAN;COULIBALY;BIRDAL
Siirt Jetpa Spor vs. Galatasaray - Sunday March 18 - 2001,Galatasaray,easy,4-2-3-1,INAN;PENBE;KORKMAZ;CAPONE;AKYEL;KAYA;BURUK;SAS;BELOZOGLU;DAVALA;JARDEL
Siirt Jetpa Spor vs. Galatasaray - Sunday March 18 - 2001,Siirt Jetpa Spor,hard,3-5-2,AKCEVRE;GENCCAN;HANKE;BOSKOVIC;BULUT;HAMZAOGLU;ERIS;GUNES;SAVUT;MARTIN;OZTURK
Yimpas Yozgatspor vs. Gaziantepspor - Sunday March 18 - 2001,Gaziantepspor,hard,4-4-2,CATKIC;TUNC;YAKHIMOVICH;KORKMAZ;YIGIT;ALBAYRAK;BATISTA;BAYRAKTAR;KRIVOV;OZER;TEKKE
Yimpas Yozgatspor vs. Gaziantepspor - Sunday March 18 - 2001,Yimpas Yozgatspor,hard,4-4-2,TOKGOZ;DUMAN;ARSLAN;OZER;KAYA;KAHRAMAN;KARAKAYIS;DALCICEK;HINCAL;DERVISOGLU;DASGUN
Kocaelispor vs. Denizlispor - Friday March 30 - 2001,Denizlispor,hard,3-5-2,KUCUK;CIMEN;BADRA;EL SAKA;BAYAZIT;KAFKAS;AHMED HASSAN;KARTOP;TANDOGAN;COULIBALY;BIRDAL
Kocaelispor vs. Denizlispor - Friday March 30 - 2001,Kocaelispor,hard,4-4-2,MERT;COLAK;AK;SARMAN;ARSLANER;DABROWSKI;VERGUL;OZTONGA;HASPOLATLI;TOPRAKTEPE;LAZAROV
Ankaragucu vs. Rizespor - Saturday March 31 - 2001,Ankaragucu,hard,3-5-2,DA SILVA;DURSUN;KUTLU;TASDEMIR;OZALP;AHINFUL;OZLEM;NAMDAR;GUNEY;KENNEDY;AYDIN
Ankaragucu vs. Rizespor - Saturday March 31 - 2001,Rizespor,hard,4-4-2,HAMIDOU;BILGE;DIENG;DUYMUS;ASIL;KAZMAZ;ALNOUDJI;AYHAN;OZDEMIR;TETTEH;AKYUZ
Bursaspor vs. Genclerbirligi - Saturday March 31 - 2001,Bursaspor,hard,4-4-2,KARAGOL;SEVEN;OZBEY;BOUAZIZI;KILIC;HACIOGLU;SEN;MOSHOEU;ALKAN;SOZKESEN;YILMAZ
Bursaspor vs. Genclerbirligi - Saturday March 31 - 2001,Genclerbirligi,hard,3-5-2,NYS;GULDUREN;DOGANTEZ;TOPRAKTEPE;SARI;ZDEBEL;MBAYO;PHIRI;BALCI;KONA;KARAN
Erzurumspor vs. Siirt Jetpa Spor - Saturday March 31 - 2001,Erzurumspor,hard,3-5-2,KORAC;ERDOGAN;BAKHTIARIZADEH;SAKA;KOCABICAK;DEMIR;SIMICIC;SONBAY;YILMAZ;KOVACEVIC;AKSOY
Erzurumspor vs. Siirt Jetpa Spor - Saturday March 31 - 2001,Siirt Jetpa Spor,hard,4-4-2,AKCEVRE;KURT;GENCCAN;BOSKOVIC;SAVUT;GUNES;ERIS;HAMZAOGLU;HANKE;OZTURK;MARTIN
Galatasaray vs. Besiktas - Saturday March 31 - 2001,Besiktas,easy,4-4-2,SHORUNMU;UZULMEZ;MUNCH;GURACAR;BESERLER;BEKTAS;SELLAMI;HAVUTCU;KARHAN;NOUMA;DURSUN
Galatasaray vs. Besiktas - Saturday March 31 - 2001,Galatasaray,easy,4-4-2,TAFFAREL;PENBE;ASIK;CAPONE;AKYEL;SAS;KAYA;BURUK;DAVALA;JARDEL;AYKUT
Fenerbahce vs. Adanaspor - Sunday April 1 - 2001,Adanaspor,hard,5-4-1,KUCUKTAKA;BULUT;KIRILOV;HONCA;KOSE;UZEL;OZTURK;ARSLAN;TURHAN;YORUK;AKSOY
Fenerbahce vs. Adanaspor - Sunday April 1 - 2001,Fenerbahce,easy,3-5-2,RECBER;DOGAN;OKECHUKWU;MIRKOVIC;SAGIR;SIMSEK;JOHNSON;RAPAIC;GUNES;AKIN;REVIVO
Gaziantepspor vs. Antalyaspor - Sunday April 1 - 2001,Antalyaspor,hard,4-4-2,DAMJANAC;MUSIC;GINCHEV;YAVAS;SONMEZ;GURSEL;CIMSIR;TASKIN;GAUDINO;BIRLIK;GEGIC
Gaziantepspor vs. Antalyaspor - Sunday April 1 - 2001,Gaziantepspor,hard,4-4-2,CATKIC;TUNC;YAKHIMOVICH;KORKMAZ;YIGIT;ROMASHCHENKO;BAYRAKTAR;TEKKE;KRIVOV;OZER;SAHINTURK
Samsunspor vs. Istanbulspor - Sunday April 1 - 2001,Istanbulspor,hard,4-4-2,GUNGOR;PETKOV;TICE;MOURA;EREN;YAVAS;SAIDOU;ERDOGAN;UCUNCU;BUSHI;ESER
Samsunspor vs. Istanbulspor - Sunday April 1 - 2001,Samsunspor,hard,4-4-2,GENCER;AKDENIZ;KOLOGLU;HOCAOGLU;CAN;DOKME;BAIDOO;METIN;NAS;SAGLAM;MANSIZ
Trabzonspor vs. Yimpas Yozgatspor - Sunday April 1 - 2001,Trabzonspor,easy,3-5-2,MILOSEVSKI;GUVEN;BECEREN;YANCHEV;DEMIRCI;KARADENIZ;NAMLI;YALCIN;TUNA;MANDIRALI;DERELIOGLU
Trabzonspor vs. Yimpas Yozgatspor - Sunday April 1 - 2001,Yimpas Yozgatspor,hard,4-4-2,DIALLO;BARIS;ARSLAN;OZER;OZER;KAHRAMAN;HINCAL;DALCICEK;DUMAN;PREKO;AYEW
Rizespor vs. Gaziantepspor - Friday April 6 - 2001,Gaziantepspor,hard,4-4-2,CATKIC;BAYRAKTAR;YAKHIMOVICH;KORKMAZ;YIGIT;ROMASHCHENKO;BATISTA;TEKKE;KRIVOV;OZER;SAHINTURK
Rizespor vs. Gaziantepspor - Friday April 6 - 2001,Rizespor,hard,4-4-2,YIGITER;BILGE;DIENG;DUYMUS;ASIL;ALP;ALNOUDJI;AYHAN;OZDEMIR;TETTEH;AKYUZ
Adanaspor vs. Ankaragucu - Saturday April 7 - 2001,Adanaspor,hard,4-4-2,KUCUKTAKA;BULUT;HONCA;KIRILOV;SANCARBARLAS;YORUK;TURHAN;ARSLAN;UZEL;ISLER;AKSOY
Adanaspor vs. Ankaragucu - Saturday April 7 - 2001,Ankaragucu,hard,3-5-2,DA SILVA;DURSUN;KUTLU;TASDEMIR;OZALP;OZLEM;AHINFUL;NGOBE;KELES;KENNEDY;AYDIN
Antalyaspor vs. Trabzonspor - Saturday April 7 - 2001,Antalyaspor,hard,4-4-2,DAMJANAC;TASKIN;GINCHEV;YAVAS;SONMEZ;MUSIC;CIMSIR;YASAN;GAUDINO;GERSON;BIRLIK
Antalyaspor vs. Trabzonspor - Saturday April 7 - 2001,Trabzonspor,easy,3-5-2,MILOSEVSKI;OZKOYLU;BECEREN;OZGUR;DEMIRCI;KARADENIZ;YANCHEV;YALCIN;TUNA;DERELIOGLU;DEMIRAY
Denizlispor vs. Fenerbahce - Saturday April 7 - 2001,Denizlispor,hard,4-4-2,KUCUK;YOUSSEF;CIMEN;EL SAKA;TANDOGAN;BAYAZIT;KAFKAS;KARTOP;AHMED HASSAN;COULIBALY;BIRDAL
Denizlispor vs. Fenerbahce - Saturday April 7 - 2001,Fenerbahce,easy,4-4-2,DAGLAROGLU;MIRKOVIC;DOGAN;MIRKOVIC;GUNES;SAGIR;JOHNSON;RAPAIC;LAZETIC;AKIN;REVIVO
Genclerbirligi vs. Samsunspor - Saturday April 7 - 2001,Genclerbirligi,hard,3-5-2,NYS;GULDUREN;DOGANTEZ;SUMER;SIMSEK;ZDEBEL;PHIRI;TATLI;BALCI;KONA;KARAN
Genclerbirligi vs. Samsunspor - Saturday April 7 - 2001,Samsunspor,hard,3-5-2,BOUKAR;KOLOGLU;BAIDOO;YELEK;AKDENIZ;NAS;METIN;DOKME;CAN;SAGLAM;MANSIZ
Besiktas vs. Erzurumspor - Sunday April 8 - 2001,Besiktas,easy,4-4-2,TUNCAY;UZULMEZ;BESERLER;SELLAMI;KARHAN;BEKTAS;SULUN;AKMAN;HAVUTCU;DURSUN;KAHVECI
Besiktas vs. Erzurumspor - Sunday April 8 - 2001,Erzurumspor,hard,3-5-2,KORAC;ERDOGAN;BAKHTIARIZADEH;VURAL;KOCABICAK;DEMIR;YUCETAS;YUVULADIO;SONBAY;KOVACEVIC;SIMICIC
Istanbulspor vs. Kocaelispor - Sunday April 8 - 2001,Istanbulspor,hard,4-4-2,GUNGOR;ERDOGAN;HUSEYINOGLU;TICE;CETIN;YAVAS;SAIDOU;UCUNCU;EREN;BUSHI;ESER
Istanbulspor vs. Kocaelispor - Sunday April 8 - 2001,Kocaelispor,hard,4-4-2,MERT;ARSLANER;PAZIN;SARMAN;HASPOLATLI;DABROWSKI;OZTONGA;ABDELAZIZ;ALEKSANDROV;TOPRAKTEPE;LAZAROV
Siirt Jetpa Spor vs. Bursaspor - Sunday April 8 - 2001,Bursaspor,hard,3-5-2,KARAGOL;OZBEY;BOUAZIZI;OZAT;HACIOGLU;MOSHOEU;SEN;SEVEN;ALKAN;SOZKESEN;YILMAZ
Siirt Jetpa Spor vs. Bursaspor - Sunday April 8 - 2001,Siirt Jetpa Spor,hard,3-5-2,AKCEVRE;AKCA;GENCCAN;BOSKOVIC;BULUT;GUNES;ERIS;HAMZAOGLU;HANKE;OZTURK;MARTIN
Yimpas Yozgatspor vs. Galatasaray - Sunday April 8 - 2001,Galatasaray,easy,4-4-2,TAFFAREL;PENBE;KORKMAZ;POPESCU;AKYEL;SAS;AKIN;BURUK;DAVALA;JARDEL;AYKUT
Yimpas Yozgatspor vs. Galatasaray - Sunday April 8 - 2001,Yimpas Yozgatspor,hard,5-3-2,DIALLO;KAHRAMAN;BARIS;ARSLAN;OZER;OZER;HINCAL;KARAKAYIS;DALCICEK;PREKO;AYEW
Istanbulspor vs. Galatasaray - Wednesday April 11 - 2001,Galatasaray,easy,4-4-2,TAFFAREL;INCEEFE;ASIK;KORKMAZ;DAVALA;SAS;KAYA;BELOZOGLU;BURUK;ERDEM;AYKUT
Istanbulspor vs. Galatasaray - Wednesday April 11 - 2001,Istanbulspor,hard,4-4-2,GUNGOR;CETIN;HUSEYINOGLU;TICE;EREN;ERDOGAN;SAIDOU;UCUNCU;YAVAS;BUSHI;ESER
Bursaspor vs. Besiktas - Friday April 13 - 2001,Besiktas,easy,3-5-2,TUNCAY;BESERLER;GURACAR;SELLAMI;UZULMEZ;HAVUTCU;AKMAN;BEKTAS;KARHAN;DURSUN;KAHVECI
Bursaspor vs. Besiktas - Friday April 13 - 2001,Bursaspor,hard,3-5-2,KARAGOL;OZAT;BOUAZIZI;KILIC;HACIOGLU;SEN;SEVEN;MOSHOEU;ALKAN;SOZKESEN;YILMAZ
Galatasaray vs. Antalyaspor - Saturday April 14 - 2001,Antalyaspor,hard,4-5-1,DAMJANAC;MUSIC;GINCHEV;YAVAS;SONMEZ;GURSEL;CIMSIR;YASAN;GAUDINO;KARAMAN;BIRLIK
Galatasaray vs. Antalyaspor - Saturday April 14 - 2001,Galatasaray,easy,3-5-2,TAFFAREL;ASIK;KORKMAZ;CAPONE;AKYEL;BURUK;KAYA;BELOZOGLU;DAVALA;ERDEM;AYKUT
Istanbulspor vs. Denizlispor - Saturday April 14 - 2001,Denizlispor,hard,4-4-2,KUCUK;YOUSSEF;BADRA;EL SAKA;BOYRAZ;BAYAZIT;CIMEN;AHMED HASSAN;TANDOGAN;CIHAN;BIRDAL
Istanbulspor vs. Denizlispor - Saturday April 14 - 2001,Istanbulspor,hard,4-4-2,GUNGOR;PETKOV;MOURA;GUR;EREN;YAVAS;SAIDOU;ERDOGAN;UCUNCU;BUSHI;ESER
Samsunspor vs. Siirt Jetpa Spor - Saturday April 14 - 2001,Samsunspor,hard,4-4-2,BOUKAR;AKDENIZ;KOLOGLU;YELEK;CAN;BASTAN;NAS;BAIDOO;DOKME;RINCON;MANSIZ
Samsunspor vs. Siirt Jetpa Spor - Saturday April 14 - 2001,Siirt Jetpa Spor,hard,3-5-2,AKCEVRE;AKCA;GENCCAN;BOSKOVIC;BULUT;GUNES;ERIS;HAMZAOGLU;HANKE;MARTIN;KUCUKVARDAR
Ankaragucu vs. Fenerbahce - Sunday April 15 - 2001,Ankaragucu,hard,3-5-2,DA SILVA;DURSUN;KUTLU;TASDEMIR;OZALP;AHINFUL;OZLEM;NAMDAR;KELES;KENNEDY;AYDIN
Ankaragucu vs. Fenerbahce - Sunday April 15 - 2001,Fenerbahce,easy,3-5-2,RECBER;MIRKOVIC;DOGAN;MIRKOVIC;ERCAN;JOHNSON;SIMSEK;TEMIZKANOGLU;LAZETIC;REVIVO;RAPAIC
Erzurumspor vs. Yimpas Yozgatspor - Sunday April 15 - 2001,Erzurumspor,hard,3-5-2,KORAC;SAKA;ERDOGAN;YUVULADIO;KOCABICAK;TOKAC;KAHRAMAN;BEYAZ;YILMAZ;KOVACEVIC;VURAL
Erzurumspor vs. Yimpas Yozgatspor - Sunday April 15 - 2001,Yimpas Yozgatspor,hard,3-5-2,DIALLO;ARSLAN;OZER;BARIS;KAHRAMAN;HINCAL;PREKO;DALCICEK;KAYA;AYEW;KOCABEY
Gaziantepspor vs. Adanaspor - Sunday April 15 - 2001,Adanaspor,hard,4-5-1,ERAYDIN;OZTURK;BEKIROGLU;KIRILOV;UZEL;YORUK;USKALELIER;KELES;ARSLAN;YOZGATLI;ISLER
Gaziantepspor vs. Adanaspor - Sunday April 15 - 2001,Gaziantepspor,hard,4-4-2,CATKIC;TUNC;KORKMAZ;BATISTA;YIGIT;ALBAYRAK;BAYRAKTAR;TEKKE;KRIVOV;OZER;SAHINTURK
Kocaelispor vs. Genclerbirligi - Sunday April 15 - 2001,Genclerbirligi,hard,3-5-2,NYS;GULDUREN;SUMER;DOGANTEZ;SIMSEK;TATLI;GONDEN;BASTURK;MBAYO;KONA;KARAN
Kocaelispor vs. Genclerbirligi - Sunday April 15 - 2001,Kocaelispor,hard,3-5-2,MERT;TIMKO;PAZIN;SARMAN;COLAK;HASPOLATLI;ABDELAZIZ;OZTONGA;ALEKSANDROV;DABROWSKI;TOPRAKTEPE
Trabzonspor vs. Rizespor - Sunday April 15 - 2001,Rizespor,hard,4-4-2,YIGITER;BILGE;DIENG;DUYMUS;ASIL;CAN;KAZMAZ;AYHAN;OZDEMIR;TETTEH;AKYUZ
Trabzonspor vs. Rizespor - Sunday April 15 - 2001,Trabzonspor,easy,4-2-3-1,MILOSEVSKI;DEMIRCI;BECEREN;OZKOYLU;TUNA;YANCHEV;OZGUR;OZGUR;YALCIN;KARADENIZ;DERELIOGLU
Besiktas vs. Samsunspor - Friday April 20 - 2001,Besiktas,easy,3-5-2,TUNCAY;BESERLER;GURACAR;SELLAMI;UZULMEZ;HAVUTCU;AKMAN;BEKTAS;KARHAN;KAHVECI;DURSUN
Besiktas vs. Samsunspor - Friday April 20 - 2001,Samsunspor,hard,3-5-2,GENCER;KOLOGLU;BAIDOO;YELEK;AKDENIZ;SAGLAM;DOKME;NAS;CAN;RINCON;MANSIZ
Adanaspor vs. Trabzonspor - Saturday April 21 - 2001,Adanaspor,hard,4-4-2,KOYUN;OZTURK;BEKIROGLU;KIRILOV;UNAL;YORUK;KELES;ARSLAN;USKALELIER;YOZGATLI;ISLER
Adanaspor vs. Trabzonspor - Saturday April 21 - 2001,Trabzonspor,easy,3-5-2,AKTAS;OZKOYLU;GUVEN;OZGUR;OZGUR;KARADENIZ;YANCHEV;YALCIN;TUNA;MANDIRALI;DERELIOGLU
Denizlispor vs. Ankaragucu - Saturday April 21 - 2001,Ankaragucu,hard,3-5-2,DA SILVA;KUTLU;TASDEMIR;DURSUN;OZALP;AHINFUL;NGOBE;NAMDAR;GUNEY;KENNEDY;AYDIN
Denizlispor vs. Ankaragucu - Saturday April 21 - 2001,Denizlispor,hard,3-5-2,KUCUK;EL SAKA;CIMEN;BADRA;BAYAZIT;KAFKAS;AHMED HASSAN;KARTOP;TANDOGAN;CIHAN;BIRDAL
Fenerbahce vs. Gaziantepspor - Saturday April 21 - 2001,Fenerbahce,easy,3-5-2,RECBER;MIRKOVIC;OKECHUKWU;MIRKOVIC;ERCAN;TEMIZKANOGLU;REVIVO;GUNES;LAZETIC;ANDERSSON;BALJIC
Fenerbahce vs. Gaziantepspor - Saturday April 21 - 2001,Gaziantepspor,hard,3-5-2,CATKIC;KORKMAZ;YAKHIMOVICH;POLAT;TUNC;BATISTA;ALBAYRAK;BAYRAKTAR;YIGIT;OZER;TEKKE
Antalyaspor vs. Erzurumspor - Sunday April 22 - 2001,Antalyaspor,hard,3-5-2,DAMJANAC;YAVAS;GINCHEV;SONMEZ;MUSIC;CIMSIR;YASAN;GAUDINO;CAKIR;GERSON;BIRLIK
Antalyaspor vs. Erzurumspor - Sunday April 22 - 2001,Erzurumspor,hard,3-5-2,KORAC;SAKA;ERDOGAN;YUVULADIO;KOCABICAK;TORUN;TOKAC;BEYAZ;NELIKER;KOVACEVIC;VURAL
Genclerbirligi vs. Istanbulspor - Sunday April 22 - 2001,Genclerbirligi,hard,3-5-2,NYS;GULDUREN;DOGANTEZ;SUMER;SIMSEK;ZDEBEL;BASTURK;TATLI;MBAYO;KONA;KARAN
Genclerbirligi vs. Istanbulspor - Sunday April 22 - 2001,Istanbulspor,hard,4-4-2,ZDRAVKOV;PETKOV;MOURA;GUR;CETIN;YAVAS;SAIDOU;ERDOGAN;EREN;BUSHI;ESER
Rizespor vs. Galatasaray - Sunday April 22 - 2001,Galatasaray,easy,4-4-2,TAFFAREL;YILDIRIM;KORKMAZ;POPESCU;AKYEL;SAS;BURUK;BELOZOGLU;DAVALA;ERDEM;AYKUT
Rizespor vs. Galatasaray - Sunday April 22 - 2001,Rizespor,hard,4-4-2,YIGITER;BILGE;DIENG;DUYMUS;ASIL;CAN;KAZMAZ;AYHAN;OZDEMIR;TETTEH;AKYUZ
Siirt Jetpa Spor vs. Kocaelispor - Sunday April 22 - 2001,Kocaelispor,hard,3-5-2,MERT;TIMKO;AK;SARMAN;COLAK;HASPOLATLI;ABDELAZIZ;OZTONGA;ALEKSANDROV;DABROWSKI;TOPRAKTEPE
Siirt Jetpa Spor vs. Kocaelispor - Sunday April 22 - 2001,Siirt Jetpa Spor,hard,3-5-2,AKCEVRE;GENCCAN;AMCAOGLU;AKCA;BULUT;KURT;ERIS;GUNES;HANKE;OZTURK;KUCUKVARDAR
Yimpas Yozgatspor vs. Bursaspor - Sunday April 22 - 2001,Bursaspor,hard,3-5-2,COSKUN;OZAT;OZBEY;KILIC;HACIOGLU;BOUAZIZI;MOSHOEU;SEVEN;ALKAN;SOZKESEN;SEN
Yimpas Yozgatspor vs. Bursaspor - Sunday April 22 - 2001,Yimpas Yozgatspor,hard,3-5-2,DIALLO;ARSLAN;OZER;DUMAN;KAHRAMAN;PREKO;DALCICEK;KARAKAYIS;KAYA;AYEW;KOCABEY
Gaziantepspor vs. Ankaragucu - Friday April 27 - 2001,Ankaragucu,hard,3-5-2,DA SILVA;DURSUN;KUTLU;TASDEMIR;KELES;AHINFUL;OZLEM;NAMDAR;GUNEY;KENNEDY;AYDIN
Gaziantepspor vs. Ankaragucu - Friday April 27 - 2001,Gaziantepspor,hard,4-4-2,CATKIC;TUNC;KORKMAZ;POLAT;YIGIT;ALBAYRAK;BATISTA;SAHINTURK;KRIVOV;OZER;TEKKE
Erzurumspor vs. Rizespor - Saturday April 28 - 2001,Erzurumspor,hard,3-5-2,KORAC;ERDOGAN;SAKA;BEYAZ;NELIKER;DEMIR;TOKAC;SONBAY;YILMAZ;AKSOY;KAHRAMAN
Erzurumspor vs. Rizespor - Saturday April 28 - 2001,Rizespor,hard,3-5-2,HAMIDOU;DIENG;KURKCU;ASIL;BILGE;ALNOUDJI;ALP;AYHAN;OZDEMIR;TETTEH;AKYUZ
Galatasaray vs. Adanaspor - Saturday April 28 - 2001,Adanaspor,hard,5-4-1,KUCUKTAKA;OZTURK;UNAL;BEKIROGLU;KOSE;UZEL;YORUK;ARSLAN;TURHAN;YOZGATLI;ISLER
Galatasaray vs. Adanaspor - Saturday April 28 - 2001,Galatasaray,easy,4-4-2,TAFFAREL;ASIK;KORKMAZ;POPESCU;DAVALA;SAS;BELOZOGLU;HAGI;BURUK;ERDEM;AYKUT
Istanbulspor vs. Siirt Jetpa Spor - Saturday April 28 - 2001,Istanbulspor,hard,4-4-2,GUNGOR;PETKOV;GUR;CETIN;EREN;YAVAS;SAIDOU;ERDOGAN;UCUNCU;BUSHI;ESER
Istanbulspor vs. Siirt Jetpa Spor - Saturday April 28 - 2001,Siirt Jetpa Spor,hard,3-5-2,AKCEVRE;GENCCAN;AMCAOGLU;AKCA;BULUT;KURT;GUNES;ERIS;HANKE;OZTURK;MARTIN
Kocaelispor vs. Besiktas - Saturday April 28 - 2001,Besiktas,easy,3-5-2,SHORUNMU;BESERLER;GURACAR;SELLAMI;UZULMEZ;HAVUTCU;AKMAN;BEKTAS;KAHVECI;NOUMA;DURSUN
Kocaelispor vs. Besiktas - Saturday April 28 - 2001,Kocaelispor,hard,3-5-2,MERT;TIMKO;PAZIN;SARMAN;COLAK;HASPOLATLI;ALEKSANDROV;ABDELAZIZ;ARSLANER;DABROWSKI;TOPRAKTEPE
Bursaspor vs. Antalyaspor - Sunday April 29 - 2001,Antalyaspor,hard,4-5-1,DAMJANAC;MUSIC;SAATCIOGLU;GINCHEV;SONMEZ;GURSEL;CIMSIR;YASAN;TASKIN;CAKIR;BIRLIK
Bursaspor vs. Antalyaspor - Sunday April 29 - 2001,Bursaspor,hard,4-4-2,KARAGOL;HACIOGLU;OZAT;BOUAZIZI;KILIC;SEVEN;MOSHOEU;YESIL;ALKAN;SOZKESEN;YILMAZ
Genclerbirligi vs. Denizlispor - Sunday April 29 - 2001,Denizlispor,hard,3-5-2,KUCUK;CIMEN;BADRA;EL SAKA;BAYAZIT;KAFKAS;AHMED HASSAN;KARTOP;YOUSSEF;COULIBALY;BIRDAL
Genclerbirligi vs. Denizlispor - Sunday April 29 - 2001,Genclerbirligi,hard,4-5-1,NYS;GULDUREN;DOGAN;SUMER;BALCI;SIMSEK;ZDEBEL;PHIRI;TATLI;MBAYO;KONA
Samsunspor vs. Yimpas Yozgatspor - Sunday April 29 - 2001,Samsunspor,hard,3-5-2,GENCER;KOLOGLU;BAIDOO;YELEK;AKDENIZ;NAS;METIN;DOKME;CAN;SAGLAM;RINCON
Samsunspor vs. Yimpas Yozgatspor - Sunday April 29 - 2001,Yimpas Yozgatspor,hard,4-4-2,DIALLO;BARIS;ARSLAN;OZER;DUMAN;KAHRAMAN;HINCAL;DALCICEK;KAYA;PREKO;AYEW
Trabzonspor vs. Fenerbahce - Sunday April 29 - 2001,Fenerbahce,easy,3-5-2,RECBER;DOGAN;OKECHUKWU;MIRKOVIC;ERCAN;SIMSEK;MIRKOVIC;REVIVO;LAZETIC;ANDERSSON;AKIN
Trabzonspor vs. Fenerbahce - Sunday April 29 - 2001,Trabzonspor,easy,3-5-2,AKTAS;BECEREN;OZGUR;OZKOYLU;OZGUR;KARADENIZ;YANCHEV;YALCIN;TUNA;MANDIRALI;DERELIOGLU
Ankaragucu vs. Trabzonspor - Friday May 4 - 2001,Ankaragucu,hard,3-5-2,DA SILVA;DURSUN;KUTLU;TASDEMIR;KELES;AHINFUL;OZLEM;NAMDAR;GUNEY;KENNEDY;AYDIN
Ankaragucu vs. Trabzonspor - Friday May 4 - 2001,Trabzonspor,easy,3-5-2,AKTAS;BECEREN;OZGUR;OZKOYLU;OZGUR;YANCHEV;KARADENIZ;NAMLI;TUNA;MANDIRALI;YALCIN
Adanaspor vs. Erzurumspor - Saturday May 5 - 2001,Adanaspor,hard,3-5-2,KUCUKTAKA;UNAL;BEKIROGLU;UZEL;OZTURK;ARSLAN;AKSOY;TURHAN;YOZGATLI;SENYILDIZ;ISLER
Adanaspor vs. Erzurumspor - Saturday May 5 - 2001,Erzurumspor,hard,3-5-2,KORAC;ERDOGAN;DEMIR;SAKA;KOCABICAK;TOKAC;KAHRAMAN;BEYAZ;YILMAZ;KOVACEVIC;AKSOY
Antalyaspor vs. Samsunspor - Saturday May 5 - 2001,Antalyaspor,hard,4-4-2,KARAHAN;MUSIC;GINCHEV;KAMBUROGLU;SONMEZ;YASAN;CIMSIR;YAVAS;CAKIR;KINALI;BIRLIK
Antalyaspor vs. Samsunspor - Saturday May 5 - 2001,Samsunspor,hard,3-5-2,GENCER;KARABABA;KOLOGLU;YELEK;DOKME;GUNGOR;METIN;NAS;CAN;RINCON;MANSIZ
Besiktas vs. Istanbulspor - Saturday May 5 - 2001,Besiktas,easy,3-5-2,TUNCAY;GURACAR;SELLAMI;BESERLER;UZULMEZ;HAVUTCU;AKMAN;KARHAN;KAHVECI;NOUMA;DURSUN
Besiktas vs. Istanbulspor - Saturday May 5 - 2001,Istanbulspor,hard,4-4-2,ZDRAVKOV;PETKOV;MOURA;GUR;CETIN;ERDOGAN;SAIDOU;ONATLI;EREN;BUSHI;ESER
Yimpas Yozgatspor vs. Kocaelispor - Saturday May 5 - 2001,Kocaelispor,hard,3-5-2,ONGUN;ARSLANER;TIMKO;SARMAN;COLAK;VERGUL;HASPOLATLI;OZTONGA;BARIS;DABROWSKI;LAZAROV
Yimpas Yozgatspor vs. Kocaelispor - Saturday May 5 - 2001,Yimpas Yozgatspor,hard,3-5-2,DIALLO;ARSLAN;OZER;BARIS;KAHRAMAN;DUMAN;HINCAL;DALCICEK;KAYA;DERVISOGLU;KOCABEY
Denizlispor vs. Gaziantepspor - Sunday May 6 - 2001,Denizlispor,hard,3-5-2,KUCUK;CIMEN;KAFKAS;ALBAYRAK;BAYAZIT;KARTOP;BILAZER;BOYRAZ;CIHAN;COULIBALY;BIRDAL
Denizlispor vs. Gaziantepspor - Sunday May 6 - 2001,Gaziantepspor,hard,3-5-2,CATKIC;POLAT;KORKMAZ;TUNC;ALBAYRAK;BATISTA;KRIVOV;BAYRAKTAR;YIGIT;OZER;TEKKE
Fenerbahce vs. Galatasaray - Sunday May 6 - 2001,Fenerbahce,easy,3-5-2,RECBER;DOGAN;MIRKOVIC;MIRKOVIC;ERCAN;SIMSEK;GUNES;RAPAIC;LAZETIC;ANDERSSON;REVIVO
Fenerbahce vs. Galatasaray - Sunday May 6 - 2001,Galatasaray,easy,4-2-3-1,TAFFAREL;PENBE;KORKMAZ;POPESCU;AKYEL;KAYA;BELOZOGLU;SAS;HAGI;BURUK;AYKUT
Rizespor vs. Bursaspor - Sunday May 6 - 2001,Bursaspor,hard,4-4-2,KARAGOL;HACIOGLU;OZAT;OZBEY;KILIC;SEN;YESIL;SEVEN;DEMIR;SOZKESEN;YILMAZ
Rizespor vs. Bursaspor - Sunday May 6 - 2001,Rizespor,hard,3-5-2,HAMIDOU;DUYMUS;DIENG;KURKCU;BILGE;AYHAN;KAZMAZ;SEZER;OZDEMIR;TETTEH;KEITA
Siirt Jetpa Spor vs. Genclerbirligi - Sunday May 6 - 2001,Genclerbirligi,hard,5-3-2,NYS;SARI;DOGANTEZ;GULDUREN;SUMER;BALCI;SIMSEK;GONDEN;TATLI;KONA;KARAN
Siirt Jetpa Spor vs. Genclerbirligi - Sunday May 6 - 2001,Siirt Jetpa Spor,hard,3-5-2,AKCEVRE;AKCA;AMCAOGLU;KAYMAK;BULUT;GUNES;ERIS;HAMZAOGLU;HANKE;OZTURK;KUCUKVARDAR
Bursaspor vs. Adanaspor - Saturday May 12 - 2001,Adanaspor,hard,4-4-2,ERAYDIN;UNAL;BEKIROGLU;KIRILOV;UZEL;OZTURK;TURHAN;KELES;USKALELIER;YOZGATLI;ISLER
Bursaspor vs. Adanaspor - Saturday May 12 - 2001,Bursaspor,hard,3-5-2,KARAGOL;OZBEY;BOUAZIZI;OZAT;SEN;MOSHOEU;YESIL;SEVEN;ALKAN;SOZKESEN;YILMAZ
Denizlispor vs. Siirt Jetpa Spor - Saturday May 12 - 2001,Denizlispor,hard,3-5-2,KUCUK;EL SAKA;CIMEN;BADRA;BAYAZIT;KAFKAS;AHMED HASSAN;KARTOP;TANDOGAN;COULIBALY;BIRDAL
Denizlispor vs. Siirt Jetpa Spor - Saturday May 12 - 2001,Siirt Jetpa Spor,hard,3-5-2,AKCEVRE;KAYMAK;AMCAOGLU;BOSKOVIC;BULUT;GUNES;ERIS;HAMZAOGLU;SAVUT;OZTURK;KUCUKVARDAR
Istanbulspor vs. Yimpas Yozgatspor - Saturday May 12 - 2001,Istanbulspor,hard,4-4-2,ZDRAVKOV;PETKOV;KESKIN;MOURA;EREN;UCUNCU;ONATLI;ERDOGAN;SAIDOU;BUSHI;ESER
Istanbulspor vs. Yimpas Yozgatspor - Saturday May 12 - 2001,Yimpas Yozgatspor,hard,4-4-2,DIALLO;BARIS;ARSLAN;OZER;DUMAN;KAHRAMAN;HINCAL;DALCICEK;KAYA;DERVISOGLU;KOCABEY
Kocaelispor vs. Antalyaspor - Saturday May 12 - 2001,Antalyaspor,hard,3-5-2,DAMJANAC;KAMBUROGLU;SAATCIOGLU;YAVAS;MUSIC;YILDIRIM;CIMSIR;TASKIN;GURSEL;BIRLIK;GAUDINO
Kocaelispor vs. Antalyaspor - Saturday May 12 - 2001,Kocaelispor,hard,3-5-2,ONGUN;TIMKO;ABDELAZIZ;SARMAN;COLAK;HASPOLATLI;ALEKSANDROV;OZTONGA;BARIS;ERCEG;TOPRAKTEPE
Samsunspor vs. Rizespor - Saturday May 12 - 2001,Rizespor,hard,3-5-2,HAMIDOU;DIENG;KURKCU;ASIL;BILGE;ALNOUDJI;SEZER;AYHAN;NAS;TETTEH;KEITA
Samsunspor vs. Rizespor - Saturday May 12 - 2001,Samsunspor,hard,3-5-2,BOUKAR;KOLOGLU;BAIDOO;YELEK;AKDENIZ;GUNGOR;METIN;DOKME;CAN;RINCON;MANSIZ
Erzurumspor vs. Fenerbahce - Sunday May 13 - 2001,Erzurumspor,hard,3-5-2,KORAC;ERDOGAN;SAKA;YUVULADIO;NELIKER;DEMIR;TOKAC;BEYAZ;KARAKAS;KAHRAMAN;YILMAZ
Erzurumspor vs. Fenerbahce - Sunday May 13 - 2001,Fenerbahce,easy,3-5-2,RECBER;DOGAN;MIRKOVIC;MIRKOVIC;SAGIR;SIMSEK;GUNES;RAPAIC;LAZETIC;ANDERSSON;REVIVO
Galatasaray vs. Ankaragucu - Sunday May 13 - 2001,Ankaragucu,hard,3-5-2,DA SILVA;KUTLU;TASDEMIR;DURSUN;OZALP;ROGERIO BELEM;OZLEM;NAMDAR;KELES;AYDIN;AHINFUL
Galatasaray vs. Ankaragucu - Sunday May 13 - 2001,Galatasaray,easy,4-4-2,TAFFAREL;PENBE;POPESCU;CAPONE;AKYEL;BELOZOGLU;BURUK;HAGI;DAVALA;ERDEM;AYKUT
Gaziantepspor vs. Trabzonspor - Sunday May 13 - 2001,Gaziantepspor,hard,4-4-2,CATKIC;TUNC;KORKMAZ;POLAT;YIGIT;ALBAYRAK;BAYRAKTAR;ASLAN;KRIVOV;OZER;TEKKE
Gaziantepspor vs. Trabzonspor - Sunday May 13 - 2001,Trabzonspor,easy,3-5-2,AKTAS;BECEREN;OZGUR;OZKOYLU;KARADENIZ;YANCHEV;OZGUR;NAMLI;TUNA;MANDIRALI;DERELIOGLU
Genclerbirligi vs. Besiktas - Sunday May 13 - 2001,Besiktas,easy,4-4-2,TUNCAY;GURACAR;BESERLER;SELLAMI;HAVUTCU;MUNCH;AKMAN;BEKTAS;KARHAN;DURSUN;KAHVECI
Genclerbirligi vs. Besiktas - Sunday May 13 - 2001,Genclerbirligi,hard,4-4-2,SONMEZ;DOGANTEZ;GULDUREN;SUMER;BALCI;SIMSEK;ZDEBEL;PHIRI;MBAYO;KONA;KARAN
Adanaspor vs. Samsunspor - Saturday May 19 - 2001,Adanaspor,hard,3-5-2,KUCUKTAKA;UNAL;BEKIROGLU;OZTURK;YORUK;ARSLAN;TURHAN;KELES;YOZGATLI;OZEN;ISLER
Adanaspor vs. Samsunspor - Saturday May 19 - 2001,Samsunspor,hard,3-5-2,BOUKAR;KOLOGLU;BAIDOO;YELEK;AKDENIZ;NAS;METIN;DOKME;CAN;RINCON;MANSIZ
Ankaragucu vs. Erzurumspor - Saturday May 19 - 2001,Ankaragucu,hard,3-5-2,DA SILVA;DURSUN;KUTLU;TASDEMIR;OZALP;AHINFUL;OZLEM;NAMDAR;KELES;KENNEDY;AYDIN
Ankaragucu vs. Erzurumspor - Saturday May 19 - 2001,Erzurumspor,hard,3-5-2,KORAC;BAYRAK;SAKA;ERDOGAN;KOCABICAK;YUVULADIO;NELIKER;TOKAC;DEMIR;YILMAZ;KAHRAMAN
Antalyaspor vs. Istanbulspor - Saturday May 19 - 2001,Antalyaspor,hard,3-5-2,OZTURK;GINCHEV;SAATCIOGLU;KAMBUROGLU;MUSIC;CIMSIR;YASAN;OZER;CAKIR;BIRLIK;GURSEL
Antalyaspor vs. Istanbulspor - Saturday May 19 - 2001,Istanbulspor,hard,4-4-2,GUNGOR;PETKOV;MOURA;TICE;CETIN;ERDOGAN;SAIDOU;ONATLI;EREN;YAVAS;ESER
Besiktas vs. Siirt Jetpa Spor - Saturday May 19 - 2001,Besiktas,easy,4-4-2,SHORUNMU;UZULMEZ;BOZKURT;GURACAR;HAVUTCU;MUNCH;SELLAMI;KARHAN;KAHVECI;NOUMA;DURSUN
Besiktas vs. Siirt Jetpa Spor - Saturday May 19 - 2001,Siirt Jetpa Spor,hard,3-5-2,AKCEVRE;AMCAOGLU;HANKE;BOSKOVIC;BULUT;HAMZAOGLU;ERIS;GUNES;SAVUT;OZTURK;MARTIN
Rizespor vs. Kocaelispor - Saturday May 19 - 2001,Kocaelispor,hard,3-5-2,MERT;TIMKO;ABDELAZIZ;SARMAN;COLAK;HASPOLATLI;ALEKSANDROV;OZTONGA;DABROWSKI;ERCEG;TOPRAKTEPE
Rizespor vs. Kocaelispor - Saturday May 19 - 2001,Rizespor,hard,3-5-2,HAMIDOU;DUYMUS;DIENG;KURKCU;BILGE;ALNOUDJI;SEZER;AYHAN;OZDEMIR;TETTEH;AKYUZ
Yimpas Yozgatspor vs. Genclerbirligi - Saturday May 19 - 2001,Genclerbirligi,hard,3-5-2,SONMEZ;GULDUREN;DOGANTEZ;GUMUSDERE;SIMSEK;SUMER;PHIRI;ZDEBEL;BALCI;KONA;MBAYO
Yimpas Yozgatspor vs. Genclerbirligi - Saturday May 19 - 2001,Yimpas Yozgatspor,hard,3-5-2,DIALLO;BARIS;ARSLAN;DUMAN;KAHRAMAN;HINCAL;DERVISOGLU;DALCICEK;KAYA;AYEW;KOCABEY
Fenerbahce vs. Bursaspor - Sunday May 20 - 2001,Bursaspor,hard,3-5-2,KARAGOL;OZBEY;ER;OZAT;HACIOGLU;YESIL;SEN;MOSHOEU;ALKAN;SOZKESEN;YILMAZ
Fenerbahce vs. Bursaspor - Sunday May 20 - 2001,Fenerbahce,easy,4-4-2,RECBER;ERCAN;MIRKOVIC;MIRKOVIC;DOGAN;RAPAIC;JOHNSON;SIMSEK;LAZETIC;ANDERSSON;AKIN
Gaziantepspor vs. Galatasaray - Sunday May 20 - 2001,Galatasaray,easy,4-2-3-1,TAFFAREL;YILDIRIM;KORKMAZ;CAPONE;AKYEL;AKIN;BELOZOGLU;SAS;HAGI;DAVALA;AYKUT
Gaziantepspor vs. Galatasaray - Sunday May 20 - 2001,Gaziantepspor,hard,4-4-2,CATKIC;TUNC;KORKMAZ;POLAT;YIGIT;ALBAYRAK;BATISTA;BAYRAKTAR;KRIVOV;OZER;TEKKE
Trabzonspor vs. Denizlispor - Sunday May 20 - 2001,Denizlispor,hard,4-4-2,KUCUK;YOUSSEF;CIMEN;EL SAKA;TANDOGAN;BAYAZIT;KARTOP;BILAZER;AHMED HASSAN;COULIBALY;BIRDAL
Trabzonspor vs. Denizlispor - Sunday May 20 - 2001,Trabzonspor,easy,3-5-2,AKTAS;OZTURK;BECEREN;OZGUR;OZGUR;KARADENIZ;NAMLI;YALCIN;TUNA;DERELIOGLU;MANDIRALI
Bursaspor vs. Ankaragucu - Friday May 25 - 2001,Ankaragucu,hard,3-5-2,OZGULTEKIN;KUTLU;TASDEMIR;DURSUN;OZALP;OZLEM;NAMDAR;YILDIRIM;ROGERIO BELEM;KELES;AYDIN
Bursaspor vs. Ankaragucu - Friday May 25 - 2001,Bursaspor,hard,4-4-2,KULBILGE;OZAT;SEN;BOUAZIZI;DEMIR;SEN;YESIL;SEVEN;ALKAN;SOZKESEN;HACIOGLU
Denizlispor vs. Besiktas - Friday May 25 - 2001,Besiktas,easy,4-4-2,SHORUNMU;UZULMEZ;BOZKURT;SELLAMI;BESERLER;MUNCH;SULUN;AKMAN;KARHAN;KAHVECI;DURSUN
Denizlispor vs. Besiktas - Friday May 25 - 2001,Denizlispor,hard,4-4-2,KUCUK;YOUSSEF;EL SAKA;CIMEN;TANDOGAN;BAYAZIT;KARTOP;AHMED HASSAN;TOPAL;COULIBALY;BIRDAL
Erzurumspor vs. Gaziantepspor - Friday May 25 - 2001,Erzurumspor,hard,3-5-2,YILMAZ;BAYRAK;SAKA;ERDOGAN;NELIKER;DEMIR;TOKAC;SONBAY;KARAKAS;YILMAZ;KAHRAMAN
Erzurumspor vs. Gaziantepspor - Friday May 25 - 2001,Gaziantepspor,hard,4-4-2,CATKIC;TUNC;KORKMAZ;POLAT;YIGIT;ALBAYRAK;BATISTA;BAYRAKTAR;SAHINTURK;OZER;TEKKE
Istanbulspor vs. Rizespor - Friday May 25 - 2001,Istanbulspor,hard,4-4-2,ZDRAVKOV;UCUNCU;MOURA;GUR;CETIN;ONATLI;SAIDOU;ERDOGAN;EREN;YAVAS;ESER
Istanbulspor vs. Rizespor - Friday May 25 - 2001,Rizespor,hard,3-5-2,HAMIDOU;DIENG;DERELI;AZER;OZDEMIR;KURKCU;MESSI;SEZER;AYHAN;TETTEH;AKYUZ
Galatasaray vs. Trabzonspor - Saturday May 26 - 2001,Galatasaray,easy,4-2-3-1,TAFFAREL;YILDIRIM;KORKMAZ;POPESCU;CAPONE;KAYA;BELOZOGLU;SAS;HAGI;AKYEL;AYKUT
Galatasaray vs. Trabzonspor - Saturday May 26 - 2001,Trabzonspor,easy,3-5-2,AKTAS;BECEREN;OZGUR;OZTURK;KARADENIZ;YANCHEV;OZGUR;NAMLI;TUNA;DERELIOGLU;CIKIRIKCI
Genclerbirligi vs. Antalyaspor - Saturday May 26 - 2001,Antalyaspor,hard,3-5-2,OZTURK;GINCHEV;SAATCIOGLU;KAMBUROGLU;MUSIC;CIMSIR;TASKIN;OZER;CAKIR;GAUDINO;YASAN
Genclerbirligi vs. Antalyaspor - Saturday May 26 - 2001,Genclerbirligi,hard,3-5-2,SONMEZ;SUMER;GULDUREN;TOPRAKTEPE;SIMSEK;ZDEBEL;BALCI;GONDEN;SARI;KONA;UNAL
Kocaelispor vs. Adanaspor - Saturday May 26 - 2001,Adanaspor,hard,4-5-1,KUCUKTAKA;USKALELIER;UNAL;BEKIROGLU;OZTURK;YORUK;KELES;TURHAN;ARSLAN;YOZGATLI;ISLER
Kocaelispor vs. Adanaspor - Saturday May 26 - 2001,Kocaelispor,hard,4-4-2,MERT;COLAK;KUVANCI;TIMKO;BARIS;SAHIN;ABDELAZIZ;ALEKSANDROV;HASPOLATLI;TOPRAKTEPE;LAZAROV
Samsunspor vs. Fenerbahce - Saturday May 26 - 2001,Fenerbahce,easy,3-5-2,RECBER;MIRKOVIC;DOGAN;MIRKOVIC;ERCAN;JOHNSON;SIMSEK;GUNES;LAZETIC;REVIVO;RAPAIC
Samsunspor vs. Fenerbahce - Saturday May 26 - 2001,Samsunspor,hard,3-5-2,GENCER;BAIDOO;KOLOGLU;YELEK;AKDENIZ;NAS;METIN;DOKME;CAN;SAGLAM;MANSIZ
Siirt Jetpa Spor vs. Yimpas Yozgatspor - Saturday May 26 - 2001,Siirt Jetpa Spor,hard,3-5-2,SAVIC;AKCA;ABOUO;KAYMAK;EKINCI;AMCAOGLU;HAMZAOGLU;AYDIN;SAVUT;OZTURK;KUCUKVARDAR
Siirt Jetpa Spor vs. Yimpas Yozgatspor - Saturday May 26 - 2001,Yimpas Yozgatspor,hard,3-5-2,TOKGOZ;ARSLAN;OZER;BARIS;KAHRAMAN;OZER;KARAKAYIS;HINCAL;KAYA;DERVISOGLU;KOCABEY
