game,team,difficulty,formation,lineup
Ankaragucu vs. Mersin Idmanyurdu - Saturday September 10 - 2011,Ankaragucu,hard,3-5-2,ONGUN;TOSCALI;RAJNOCH;UCAR;DURUER;VAROL;KAGAN SOYLEMEZGILLER;GUCER;WEEKS;KELES;SAHIN
Ankaragucu vs. Mersin Idmanyurdu - Saturday September 10 - 2011,Mersin Idmanyurdu,hard,4-2-3-1,ARIKAN;KECELI;BOUM;KAS;GUVEN;BEN YAHIA;OZGUR;ANDRE MORITZ;OZOKWO;ZURITA;NOBRE
Eskisehirspor vs. Besiktas - Saturday September 10 - 2011,Besiktas,easy,4-3-3,GONEN;KOYBASI;KORKMAZ;SIVOK;TORAMAN;FERNANDES;UYSAL;KAVLAK;SIMAO;ALMEIDA;QUARESMA
Eskisehirspor vs. Besiktas - Saturday September 10 - 2011,Eskisehirspor,hard,4-2-3-1,IVESA;DEDE;DIEGO ANGELO;NADAREVIC;COSKUN;SARI;POTUK;OZBAYRAKTAR;KAMARA;ZENGIN;YILDIZ
Manisaspor vs. Trabzonspor - Saturday September 10 - 2011,Manisaspor,hard,4-2-3-1,AVCIBAY;KLUKOWSKI;DIXON;TOK;BARIS;GUVEN;INCEDEMIR;CALISKAN;PROMISE;GOKOGLAN;MAKUKULA
Manisaspor vs. Trabzonspor - Saturday September 10 - 2011,Trabzonspor,easy,4-3-3,ZENGIN;CELUSTKA;KACAR;YUMLU;BALCI;ZOKORA;MIERZEJEWSKI;COLMAN;ALTINTOP;YILMAZ;SEN
Samsunspor vs. Genclerbirligi - Saturday September 10 - 2011,Genclerbirligi,hard,4-5-1,KARABULUT;GECGIN;OZSARAC;DEMIR;CAN;OZTEKIN;AKGUN;DELIBALTA;AYDOGDU;MERIC;MUNUNGA
Samsunspor vs. Genclerbirligi - Saturday September 10 - 2011,Samsunspor,hard,4-4-2,SAHIN;TEBER;ANDRE BAHIA;TOKAK;LAZAR;TEBER;FINK;DOMINGUEZ;YILDIRIM;EKIGHO;BANCE
Antalyaspor vs. Gaziantepspor - Sunday September 11 - 2011,Antalyaspor,hard,4-3-3,CATKIC;NIZAM;BARIS;TURAN;TANDOGAN;INCEMAN;DAGASAN;KAYA;BOYRAZ;ATES;AYDIN
Antalyaspor vs. Gaziantepspor - Sunday September 11 - 2011,Gaziantepspor,hard,4-2-3-1,KARCEMARSKAS;IVAN;NOUNKEU;GUNGOR;KURTULUS;CEYLAN;BINYA;ADIN;WAGNER;POPOV;TOSUN
Bursaspor vs. Kayserispor - Sunday September 11 - 2011,Bursaspor,hard,4-2-3-1,CARSON;WEDERSON;AZIZ;OZTURK;CHRETIEN;KOCAK;N'DIAYE;IPEK;BATALLA;BAHADIR;BANGURA
Bursaspor vs. Kayserispor - Sunday September 11 - 2011,Kayserispor,hard,4-2-3-1,DEGIRMENCI;KALDIRIM;GUNGOR;ZURAB KHIZANISHVILI;PEKARIK;RIVEROS;DURAK;AMRABAT;CANGELE;TROISI;UNAL
Istanbul Buyuksehir Belediyespor vs. Galatasaray - Sunday September 11 - 2011,Galatasaray,easy,4-2-3-1,MUSLERA;BIRINCI;CETIN;ZAN;UJFALUSI;FELIPE MELO;SARIOGLU;KAZIM-RICHARDS;INAN;EBOUE;BAROS
Istanbul Buyuksehir Belediyespor vs. Galatasaray - Sunday September 11 - 2011,Istanbul Buyuksehir Belediyespor,hard,4-2-3-1,HASAGIC;EKSIOGLU;ARAT;ZAYATTE;HASPOLATLI;INANC;TEKDEMIR;DOKA MADUREIRA;HOLMEN;VISCA;WEBO
Fenerbahce vs. Orduspor - Monday September 12 - 2011,Fenerbahce,easy,4-5-1,DEMIREL;ZIEGLER;FABIO BILICA;YOBO;IRTEGUN;DIA;CRISTIAN;ALEX;SAHIN;TOPUZ;SENTURK
Fenerbahce vs. Orduspor - Monday September 12 - 2011,Orduspor,hard,4-5-1,FORNEZZI;OZKAN;AYHAN;BAYRAK;GARCIA;STANCU;GOSSO;CULIO;TUNCER;DALMAT;TEKKE
Gaziantepspor vs. Fenerbahce - Friday September 16 - 2011,Fenerbahce,easy,4-5-1,DEMIREL;ZIEGLER;FABIO BILICA;YOBO;IRTEGUN;ERKIN;CRISTIAN;ALEX;SAHIN;TOPUZ;SENTURK
Gaziantepspor vs. Fenerbahce - Friday September 16 - 2011,Gaziantepspor,hard,4-2-3-1,KARCEMARSKAS;IVAN;GUNGOR;NOUNKEU;KURTULUS;GULLE;BINYA;ADIN;WAGNER;POPOV;TOSUN
Kayserispor vs. Antalyaspor - Friday September 16 - 2011,Antalyaspor,hard,4-3-3,CATKIC;NIZAM;BARIS;TURAN;TANDOGAN;KAYA;DAGASAN;INCEMAN;BOYRAZ;ATES;AYDIN
Kayserispor vs. Antalyaspor - Friday September 16 - 2011,Kayserispor,hard,4-3-3,NAVARRO;KALDIRIM;GUNGOR;ZURAB KHIZANISHVILI;PEKARIK;YOKUSLU;TROISI;RIVEROS;AMRABAT;UNAL;YILMAZ
Genclerbirligi vs. Kardemir Dc Karabukspor - Saturday September 17 - 2011,Genclerbirligi,hard,4-3-3,KARABULUT;DELIBALTA;DEMIR;OZSARAC;AKGUN;AZOFEIFA;CAN;HARBUZI;OZTEKIN;ZEC;MERIC
Genclerbirligi vs. Kardemir Dc Karabukspor - Saturday September 17 - 2011,Kardemir Dc Karabukspor,hard,4-4-2,TOMIC;SERIC;DEUMI;OZDIN;OZGENC;CERNAT;RAGUED;HIKMET;YUCE;PARLAK;SHELTON
Orduspor vs. Manisaspor - Saturday September 17 - 2011,Manisaspor,hard,4-1-4-1,AVCIBAY;KLUKOWSKI;DIXON;TOK;BARIS;INCEDEMIR;SIMPSON;GUVEN;CALISKAN;GOKOGLAN;KAHE
Orduspor vs. Manisaspor - Saturday September 17 - 2011,Orduspor,hard,4-4-2,FORNEZZI;OZKAN;CURUKSU;AYHAN;GARCIA;CULIO;TUNCER;GOSSO;DALMAT;STANCU;TEKKE
Trabzonspor vs. Istanbul Buyuksehir Belediyespor - Saturday September 17 - 2011,Istanbul Buyuksehir Belediyespor,hard,4-2-3-1,HASAGIC;EKSIOGLU;ARAT;ZAYATTE;HASPOLATLI;INANC;TEKDEMIR;DOKA MADUREIRA;HOLMEN;VISCA;WEBO
Trabzonspor vs. Istanbul Buyuksehir Belediyespor - Saturday September 17 - 2011,Trabzonspor,easy,4-2-3-1,ZENGIN;CECH;KACAR;YUMLU;BALCI;ZOKORA;COLMAN;HENRIQUE;MIERZEJEWSKI;SEN;VITTEK
Galatasaray vs. Samsunspor - Sunday September 18 - 2011,Galatasaray,easy,4-1-4-1,MUSLERA;BALTA;UJFALUSI;ZAN;EBOUE;FELIPE MELO;RIERA;INAN;SARIOGLU;KAZIM-RICHARDS;BAROS
Galatasaray vs. Samsunspor - Sunday September 18 - 2011,Samsunspor,hard,4-5-1,SAHIN;TEBER;ANDRE BAHIA;TOKAK;LAZAR;TEBER;SARP;DOMINGUEZ;FINK;EKIGHO;BANCE
Mersin Idmanyurdu vs. Bursaspor - Sunday September 18 - 2011,Bursaspor,hard,4-2-3-1,CARSON;WEDERSON;AZIZ;OZTURK;CHRETIEN;KOCAK;N'DIAYE;IPEK;BATALLA;BAHADIR;BANGURA
Mersin Idmanyurdu vs. Bursaspor - Sunday September 18 - 2011,Mersin Idmanyurdu,hard,4-3-3,ARIKAN;KECELI;BOUM;KAS;GUVEN;BEN YAHIA;ANDRE MORITZ;ZURITA;KAMANAN;NOBRE;OZOKWO
Sivasspor vs. Eskisehirspor - Sunday September 18 - 2011,Eskisehirspor,hard,4-4-2,IVESA;DEDE;DIEGO ANGELO;COSKUN;ARSLAN;POTUK;PELE;SARI;ESER;YILDIZ;KAMARA
Sivasspor vs. Eskisehirspor - Sunday September 18 - 2011,Sivasspor,hard,4-5-1,BORJAN;YERLIKAYA;BOZ;NAVRATIL;KAVUK;KILIC;NAS;YILMAZ;KARAKAS;CERNY;ENERAMO
Besiktas vs. Ankaragucu - Monday September 19 - 2011,Ankaragucu,hard,4-5-1,ONGUN;UCAR;RAJNOCH;TOSCALI;VAROL;CEK;GUCER;GULDEN;KAGAN SOYLEMEZGILLER;WEEKS;SAHIN
Besiktas vs. Ankaragucu - Monday September 19 - 2011,Besiktas,easy,4-3-3,GONEN;KOYBASI;KORKMAZ;SIDNEI;DAG;FERNANDES;MEHMET AURELIO;UYSAL;SIMAO;EDU;QUARESMA
Fenerbahce vs. Manisaspor - Tuesday September 20 - 2011,Fenerbahce,easy,4-5-1,DEMIREL;ZIEGLER;FABIO BILICA;YOBO;IRTEGUN;ERKIN;CRISTIAN;ALEX;SAHIN;DIA;SENTURK
Fenerbahce vs. Manisaspor - Tuesday September 20 - 2011,Manisaspor,hard,4-1-4-1,AVCIBAY;KLUKOWSKI;AKAMINKO;TOK;BARIS;INCEDEMIR;SIMPSON;CALISKAN;ERDOGAN;GOKOGLAN;KAHE
Gaziantepspor vs. Kayserispor - Tuesday September 20 - 2011,Gaziantepspor,hard,4-2-3-1,KARCEMARSKAS;CAN;NOUNKEU;SUME;KURTULUS;GULLE;BINYA;POPOV;WAGNER;SOSA;TOSUN
Gaziantepspor vs. Kayserispor - Tuesday September 20 - 2011,Kayserispor,hard,4-3-3,NAVARRO;KALDIRIM;GUNGOR;ZURAB KHIZANISHVILI;PEKARIK;SANTANA;BEKDEMIR;RIVEROS;AMRABAT;SISMANOGLU;YILMAZ
Istanbul Buyuksehir Belediyespor vs. Orduspor - Tuesday September 20 - 2011,Istanbul Buyuksehir Belediyespor,hard,4-2-3-1,HASAGIC;EKSIOGLU;ZAYATTE;ARAT;KUS;TEKDEMIR;YALCIN;DOKA MADUREIRA;HOLMEN;SOKULLU;WEBO
Istanbul Buyuksehir Belediyespor vs. Orduspor - Tuesday September 20 - 2011,Orduspor,hard,4-3-3,FORNEZZI;OZKAN;AYHAN;BAYRAK;GARCIA;GOSSO;CULIO;TUNCER;STANCU;TEKKE;DALMAT
Antalyaspor vs. Mersin Idmanyurdu - Wednesday September 21 - 2011,Antalyaspor,hard,4-3-3,CATKIC;MINEV;BARIS;TURAN;TANDOGAN;INCEMAN;AGCAY;SERAS;BOYRAZ;ATES;AYDIN
Antalyaspor vs. Mersin Idmanyurdu - Wednesday September 21 - 2011,Mersin Idmanyurdu,hard,4-4-2,ARIKAN;KECELI;BOUM;KAS;OZBAY;ANDRE MORITZ;BAYRAKTAR;ZURITA;OZOKWO;NOBRE;AMOAH
Eskisehirspor vs. Genclerbirligi - Wednesday September 21 - 2011,Eskisehirspor,hard,4-4-2,IVESA;DEDE;DIEGO ANGELO;COSKUN;ARSLAN;TELLO;SARI;POTUK;ESER;YILDIZ;KAMARA
Eskisehirspor vs. Genclerbirligi - Wednesday September 21 - 2011,Genclerbirligi,hard,4-3-3,KARABULUT;ILERI;DEMIR;OZSARAC;AKGUN;AZOFEIFA;CAN;HARBUZI;OZTEKIN;ZEC;MERIC
Kardemir Dc Karabukspor vs. Galatasaray - Wednesday September 21 - 2011,Galatasaray,easy,4-4-2,MUSLERA;BALTA;UJFALUSI;ZAN;EBOUE;RIERA;INAN;FELIPE MELO;KAZIM-RICHARDS;ELMANDER;YILDIRIM
Kardemir Dc Karabukspor vs. Galatasaray - Wednesday September 21 - 2011,Kardemir Dc Karabukspor,hard,4-2-3-1,TOMIC;TASKIRAN;NIKOLIC;DEUMI;OZGENC;RAGUED;HIKMET;SHELTON;CERNAT;CAKIR;PARLAK
Samsunspor vs. Trabzonspor - Wednesday September 21 - 2011,Samsunspor,hard,4-3-3,TASKIRAN;TEBER;ANDRE BAHIA;TOKAK;LAZAR;SARP;TEBER;FINK;DOMINGUEZ;BANCE;ZENKE
Samsunspor vs. Trabzonspor - Wednesday September 21 - 2011,Trabzonspor,easy,4-2-3-1,ZENGIN;CECH;GLOWACKI;KACAR;CELUSTKA;ZOKORA;COLMAN;ALTINTOP;MIERZEJEWSKI;BALCI;YILMAZ
Ankaragucu vs. Sivasspor - Thursday September 22 - 2011,Ankaragucu,hard,4-2-3-1,ONGUN;CEK;RAJNOCH;TOSCALI;UCAR;WEEKS;GUCER;DURUER;KAGAN SOYLEMEZGILLER;TISDELL;KELES
Ankaragucu vs. Sivasspor - Thursday September 22 - 2011,Sivasspor,hard,4-4-2,KOCA;ERDAL;AKCA;NAVRATIL;KAVUK;KILIC;KARAKAS;BEKMEZCI;GROSICKI;ENERAMO;RASMUSSEN
Bursaspor vs. Besiktas - Thursday September 22 - 2011,Besiktas,easy,4-2-3-1,RECBER;KORKMAZ;SIDNEI;SIVOK;DAG;MEHMET AURELIO;FERNANDES;KOYBASI;SIMAO;QUARESMA;EDU
Bursaspor vs. Besiktas - Thursday September 22 - 2011,Bursaspor,hard,4-2-3-1,CARSON;WEDERSON;AZIZ;OZTURK;CHRETIEN;N'DIAYE;KOCAK;IPEK;BATALLA;BAHADIR;BANGURA
Kayserispor vs. Fenerbahce - Friday September 23 - 2011,Fenerbahce,easy,4-5-1,DEMIREL;ZIEGLER;FABIO BILICA;YOBO;SAM;ERKIN;CRISTIAN;ALEX;IRAVUL;HURMACI;BIENVENU
Kayserispor vs. Fenerbahce - Friday September 23 - 2011,Kayserispor,hard,4-3-3,NAVARRO;KALDIRIM;GUNGOR;ZURAB KHIZANISHVILI;PEKARIK;RIVEROS;BEKDEMIR;SANTANA;AMRABAT;SISMANOGLU;YILMAZ
Manisaspor vs. Istanbul Buyuksehir Belediyespor - Saturday September 24 - 2011,Istanbul Buyuksehir Belediyespor,hard,4-2-3-1,HASAGIC;SUZEN;ARAT;DEPE;KUS;TEKDEMIR;YALCIN;DOKA MADUREIRA;HOLMEN;VISCA;WEBO
Manisaspor vs. Istanbul Buyuksehir Belediyespor - Saturday September 24 - 2011,Manisaspor,hard,4-3-3,AVCIBAY;COKMUS;TOK;AKAMINKO;BARIS;GUVEN;ERDOGAN;INCEDEMIR;SIMPSON;KAHE;GOKOGLAN
Mersin Idmanyurdu vs. Gaziantepspor - Saturday September 24 - 2011,Gaziantepspor,hard,4-2-3-1,BEZGIN;IVAN;GUNGOR;NOUNKEU;SUME;GULLE;PEHLIVAN;POPOV;WAGNER;SOSA;TOSUN
Mersin Idmanyurdu vs. Gaziantepspor - Saturday September 24 - 2011,Mersin Idmanyurdu,hard,4-2-3-1,ARIKAN;KECELI;BOUM;KAS;OZBAY;BEN YAHIA;ZURITA;ANDRE MORITZ;OZGUR;OZOKWO;NOBRE
Trabzonspor vs. Kardemir Dc Karabukspor - Saturday September 24 - 2011,Kardemir Dc Karabukspor,hard,4-3-3,TOMIC;NIKOLIC;SELVI;DEUMI;OZGENC;RAGUED;CERNAT;HIKMET;SHELTON;PARLAK;CAKIR
Trabzonspor vs. Kardemir Dc Karabukspor - Saturday September 24 - 2011,Trabzonspor,easy,4-1-3-2,ZENGIN;OZTORUN;GLOWACKI;KACAR;CELUSTKA;ZOKORA;ALANZINHO;SAPARA;SEN;YILMAZ;BROZEK
Besiktas vs. Antalyaspor - Sunday September 25 - 2011,Antalyaspor,hard,4-3-3,CATKIC;MINEV;BARIS;TURAN;TANDOGAN;INCEMAN;DAGASAN;SERAS;BOYRAZ;ATES;AYDIN
Besiktas vs. Antalyaspor - Sunday September 25 - 2011,Besiktas,easy,4-2-3-1,GONEN;KOYBASI;KORKMAZ;SIDNEI;TORAMAN;ERNST;UYSAL;KAVLAK;SIMAO;HOLOSKO;PEKTEMEK
Genclerbirligi vs. Ankaragucu - Sunday September 25 - 2011,Ankaragucu,hard,4-3-3,ONGUN;RAJNOCH;TOSCALI;BAHTIYAROGLU;UCAR;VAROL;KAGAN SOYLEMEZGILLER;GUCER;CEK;KELES;TISDELL
Genclerbirligi vs. Ankaragucu - Sunday September 25 - 2011,Genclerbirligi,hard,4-3-3,KARABULUT;DELIBALTA;DEMIR;OZSARAC;AKGUN;CAN;ILERI;AYDOGDU;OZTEKIN;ZEC;MERIC
Orduspor vs. Samsunspor - Sunday September 25 - 2011,Orduspor,hard,4-3-3,FORNEZZI;OZKAN;AYHAN;CURUKSU;GARCIA;GOSSO;CULIO;TUNCER;STANCU;TEKKE;DALMAT
Orduspor vs. Samsunspor - Sunday September 25 - 2011,Samsunspor,hard,4-4-2,TASKIRAN;TEBER;ANDRE BAHIA;TOKAK;KHUBUTIA;YILDIRIM;SARP;FINK;DOMINGUEZ;DILAVER;BANCE
Sivasspor vs. Bursaspor - Sunday September 25 - 2011,Bursaspor,hard,4-2-3-1,CARSON;WEDERSON;ERDOGAN;OZTURK;CHRETIEN;KOCAK;N'DIAYE;IPEK;BATALLA;BAHADIR;SESTAK
Sivasspor vs. Bursaspor - Sunday September 25 - 2011,Sivasspor,hard,4-4-2,KOCA;YERLIKAYA;AKCA;NAVRATIL;KAVUK;KILIC;NAS;BEKMEZCI;GROSICKI;RASMUSSEN;ENERAMO
Galatasaray vs. Eskisehirspor - Monday September 26 - 2011,Eskisehirspor,hard,4-2-3-1,IVESA;DEDE;DIEGO ANGELO;NADAREVIC;COSKUN;ARSLAN;SARI;KAMARA;POTUK;ZENGIN;YILDIZ
Galatasaray vs. Eskisehirspor - Monday September 26 - 2011,Galatasaray,easy,4-1-4-1,ERCETIN;BALTA;UJFALUSI;ZAN;SARIOGLU;FELIPE MELO;RIERA;INAN;BAYTAR;KAZIM-RICHARDS;ELMANDER
Bursaspor vs. Genclerbirligi - Friday September 30 - 2011,Bursaspor,hard,4-2-3-1,CARSON;WEDERSON;AZIZ;STEPANOV;CHRETIEN;N'DIAYE;KOCAK;IPEK;INSUA;BAHADIR;SESTAK
Bursaspor vs. Genclerbirligi - Friday September 30 - 2011,Genclerbirligi,hard,4-3-3,KOSE;SEDEF;DEMIR;OZSARAC;AKGUN;AZOFEIFA;ILERI;AYDOGDU;OZTEKIN;TUM;MUNUNGA
Antalyaspor vs. Sivasspor - Saturday October 1 - 2011,Antalyaspor,hard,4-3-3,CATKIC;MINEV;NIZAM;TURAN;TANDOGAN;DAGASAN;BASSAN;INCEMAN;TITA;ATES;AYDIN
Antalyaspor vs. Sivasspor - Saturday October 1 - 2011,Sivasspor,hard,4-4-2,KOCA;ERDAL;YERLIKAYA;NAVRATIL;KAVUK;KILIC;NAS;BEKMEZCI;GROSICKI;RASMUSSEN;ENERAMO
Fenerbahce vs. Istanbul Buyuksehir Belediyespor - Saturday October 1 - 2011,Fenerbahce,easy,4-5-1,DEMIREL;ZIEGLER;IRTEGUN;YOBO;SAM;STOCH;CRISTIAN;ALEX;TOPUZ;GONUL;SENTURK
Fenerbahce vs. Istanbul Buyuksehir Belediyespor - Saturday October 1 - 2011,Istanbul Buyuksehir Belediyespor,hard,4-2-3-1,BAHADIR;EKSIOGLU;ARAT;DEPE;KUS;TEKDEMIR;YALCIN;DOKA MADUREIRA;HOLMEN;VISCA;WEBO
Kardemir Dc Karabukspor vs. Orduspor - Saturday October 1 - 2011,Kardemir Dc Karabukspor,hard,4-3-3,TOMIC;SERIC;NIKOLIC;OZDIN;OZGENC;RAGUED;CERNAT;HIKMET;SHELTON;PARLAK;CAKIR
Kardemir Dc Karabukspor vs. Orduspor - Saturday October 1 - 2011,Orduspor,hard,4-3-3,FORNEZZI;OZKAN;AYHAN;CURUKSU;GARCIA;TUNCER;CULIO;GOSSO;STANCU;TEKKE;DALMAT
Ankaragucu vs. Galatasaray - Sunday October 2 - 2011,Ankaragucu,hard,4-3-3,ONGUN;RAJNOCH;TOSCALI;BAHTIYAROGLU;UCAR;KAGAN SOYLEMEZGILLER;GUCER;TISDELL;CEK;KELES;SAHIN
Ankaragucu vs. Galatasaray - Sunday October 2 - 2011,Galatasaray,easy,4-1-4-1,MUSLERA;BALTA;UJFALUSI;ZAN;SARIOGLU;FELIPE MELO;RIERA;INAN;BAYTAR;KAZIM-RICHARDS;ELMANDER
Eskisehirspor vs. Trabzonspor - Sunday October 2 - 2011,Eskisehirspor,hard,4-5-1,IVESA;DEDE;DIEGO ANGELO;NADAREVIC;ARSLAN;ZENGIN;SARI;POTUK;COSKUN;OZBAYRAKTAR;KAMARA
Eskisehirspor vs. Trabzonspor - Sunday October 2 - 2011,Trabzonspor,easy,4-3-3,ZENGIN;CELUSTKA;KACAR;YUMLU;BALCI;ZOKORA;MIERZEJEWSKI;COLMAN;ALTINTOP;YILMAZ;SEN
Kayserispor vs. Mersin Idmanyurdu - Sunday October 2 - 2011,Kayserispor,hard,4-3-3,NAVARRO;KALDIRIM;GUNGOR;ZURAB KHIZANISHVILI;PEKARIK;SANTANA;BEKDEMIR;RIVEROS;AMRABAT;UNAL;YILMAZ
Kayserispor vs. Mersin Idmanyurdu - Sunday October 2 - 2011,Mersin Idmanyurdu,hard,4-4-2,ARIKAN;KECELI;BOUM;KAS;OZBAY;ANDRE MORITZ;BEN YAHIA;ZURITA;OZOKWO;NOBRE;BETO
Gaziantepspor vs. Besiktas - Monday October 3 - 2011,Besiktas,easy,4-3-3,RECBER;KOYBASI;KORKMAZ;SIDNEI;DAG;FERNANDES;MEHMET AURELIO;UYSAL;SIMAO;PEKTEMEK;HOLOSKO
Gaziantepspor vs. Besiktas - Monday October 3 - 2011,Gaziantepspor,hard,4-2-3-1,KARCEMARSKAS;IVAN;GUNGOR;NOUNKEU;SUME;GULLE;KURTULUS;POPOV;WAGNER;SOSA;TOSUN
Trabzonspor vs. Ankaragucu - Friday October 14 - 2011,Ankaragucu,hard,4-5-1,ONGUN;RAJNOCH;BAHTIYAROGLU;TOSCALI;UCAR;CEK;WEEKS;KAGAN SOYLEMEZGILLER;GUCER;TISDELL;SAHIN
Trabzonspor vs. Ankaragucu - Friday October 14 - 2011,Trabzonspor,easy,4-4-2,ZENGIN;CELUSTKA;KACAR;YUMLU;BALCI;COLMAN;ZOKORA;MIERZEJEWSKI;SEN;YILMAZ;BROZEK
Besiktas vs. Kayserispor - Saturday October 15 - 2011,Besiktas,easy,4-3-3,RECBER;DAG;KORKMAZ;SIDNEI;TORAMAN;FERNANDES;MEHMET AURELIO;GUTI;QUARESMA;EDU;SIMAO
Besiktas vs. Kayserispor - Saturday October 15 - 2011,Kayserispor,hard,4-3-3,DEGIRMENCI;KALDIRIM;GUNGOR;ZURAB KHIZANISHVILI;PEKARIK;RIVEROS;OZCAL;SANTANA;AMRABAT;UNAL;TROISI
Orduspor vs. Eskisehirspor - Saturday October 15 - 2011,Eskisehirspor,hard,4-4-2,IVESA;DEDE;DIEGO ANGELO;COSKUN;ARSLAN;TELLO;SARI;POTUK;ZENGIN;KARADENIZ;KAMARA
Orduspor vs. Eskisehirspor - Saturday October 15 - 2011,Orduspor,hard,4-3-3,FORNEZZI;OZKAN;AYHAN;BAYRAK;GARCIA;TUNCER;CULIO;CAMDALI;STANCU;TEKKE;DALMAT
Sivasspor vs. Gaziantepspor - Saturday October 15 - 2011,Gaziantepspor,hard,4-2-3-1,KARCEMARSKAS;CAN;GUNGOR;NOUNKEU;SUME;HAS;KURTULUS;POPOV;WAGNER;SOSA;DJAKO
Sivasspor vs. Gaziantepspor - Saturday October 15 - 2011,Sivasspor,hard,4-4-2,KOCA;YERLIKAYA;FATY;NAVRATIL;KAVUK;KILIC;NAS;BEKMEZCI;GROSICKI;RASMUSSEN;PEDRIEL
Galatasaray vs. Bursaspor - Sunday October 16 - 2011,Bursaspor,hard,4-2-3-1,CARSON;WEDERSON;AZIZ;STEPANOV;CHRETIEN;KOCAK;N'DIAYE;IPEK;BATALLA;BAHADIR;SESTAK
Galatasaray vs. Bursaspor - Sunday October 16 - 2011,Galatasaray,easy,4-1-4-1,MUSLERA;BALTA;UJFALUSI;ZAN;SARIOGLU;FELIPE MELO;RIERA;INAN;BAYTAR;KAZIM-RICHARDS;ELMANDER
Genclerbirligi vs. Antalyaspor - Sunday October 16 - 2011,Antalyaspor,hard,4-2-3-1,CATKIC;NIZAM;BARIS;TURAN;TANDOGAN;SERAS;INCEMAN;TITA;BASSAN;AYDIN;ATES
Genclerbirligi vs. Antalyaspor - Sunday October 16 - 2011,Genclerbirligi,hard,4-2-3-1,KOSE;SEDEF;CURRI;DEMIR;CAN;AZOFEIFA;AYDOGDU;KILICASLAN;DELIBALTA;MERIC;TUM
Istanbul Buyuksehir Belediyespor vs. Samsunspor - Sunday October 16 - 2011,Istanbul Buyuksehir Belediyespor,hard,4-2-3-1,ZULALOGLU;EKSIOGLU;DEPE;ZAYATTE;HASPOLATLI;INANC;TEKDEMIR;DOKA MADUREIRA;HOLMEN;VISCA;WEBO
Istanbul Buyuksehir Belediyespor vs. Samsunspor - Sunday October 16 - 2011,Samsunspor,hard,4-2-3-1,SAHIN;TEBER;ANDRE BAHIA;TOKAK;LAZAR;SARP;FINK;BAYRAKTAR;DOMINGUEZ;EKIGHO;BANCE
Manisaspor vs. Kardemir Dc Karabukspor - Sunday October 16 - 2011,Kardemir Dc Karabukspor,hard,4-5-1,USAK;SERIC;NIKOLIC;OZDIN;OZGENC;SOYLER;RAGUED;CERNAT;HIKMET;CEBE;BATDAL
Manisaspor vs. Kardemir Dc Karabukspor - Sunday October 16 - 2011,Manisaspor,hard,4-2-3-1,AVCIBAY;KLUKOWSKI;AKAMINKO;TOK;BARIS;GUVEN;CALISKAN;GOKOGLAN;ERDOGAN;OZEK;PROMISE
Mersin Idmanyurdu vs. Fenerbahce - Monday October 17 - 2011,Fenerbahce,easy,4-5-1,GUNOK;ZIEGLER;IRTEGUN;YOBO;SAM;ERKIN;CRISTIAN;ALEX;BELOZOGLU;HURMACI;BIENVENU
Mersin Idmanyurdu vs. Fenerbahce - Monday October 17 - 2011,Mersin Idmanyurdu,hard,4-1-4-1,ARIKAN;KECELI;BOUM;KAS;GUVEN;BEN YAHIA;ANDRE MORITZ;ZURITA;OZGUR;OZOKWO;BETO
Antalyaspor vs. Galatasaray - Friday October 21 - 2011,Antalyaspor,hard,4-3-3,CATKIC;NIZAM;BARIS;TURAN;TANDOGAN;INCEMAN;DAGASAN;SERAS;TITA;ATES;BOYRAZ
Antalyaspor vs. Galatasaray - Friday October 21 - 2011,Galatasaray,easy,4-4-2,MUSLERA;BALTA;UJFALUSI;ZAN;SARIOGLU;YILMAZ;INAN;FELIPE MELO;EBOUE;BAROS;ELMANDER
Bursaspor vs. Trabzonspor - Saturday October 22 - 2011,Bursaspor,hard,4-2-3-1,CARSON;WEDERSON;AZIZ;OZTURK;CHRETIEN;N'DIAYE;KOCAK;IPEK;BATALLA;BAHADIR;SESTAK
Bursaspor vs. Trabzonspor - Saturday October 22 - 2011,Trabzonspor,easy,4-3-3,ZENGIN;CELUSTKA;GLOWACKI;KACAR;BALCI;ZOKORA;MIERZEJEWSKI;COLMAN;ALTINTOP;YILMAZ;ALANZINHO
Eskisehirspor vs. Manisaspor - Saturday October 22 - 2011,Eskisehirspor,hard,4-2-3-1,IVESA;DEDE;DIEGO ANGELO;NADAREVIC;ARSLAN;POTUK;COSKUN;SOLMAZ;TELLO;OZBAYRAKTAR;BOYD
Eskisehirspor vs. Manisaspor - Saturday October 22 - 2011,Manisaspor,hard,4-2-3-1,AVCIBAY;KLUKOWSKI;AKAMINKO;TOK;BARIS;INCEDEMIR;GUVEN;ERDOGAN;CALISKAN;OZEK;PROMISE
Kardemir Dc Karabukspor vs. Istanbul Buyuksehir Belediyespor - Saturday October 22 - 2011,Istanbul Buyuksehir Belediyespor,hard,4-2-3-1,ZULALOGLU;EKSIOGLU;DEPE;ZAYATTE;HASPOLATLI;INANC;TEKDEMIR;DOKA MADUREIRA;HOLMEN;VISCA;WEBO
Kardemir Dc Karabukspor vs. Istanbul Buyuksehir Belediyespor - Saturday October 22 - 2011,Kardemir Dc Karabukspor,hard,4-4-2,TOMIC;SERIC;NIKOLIC;OZDIN;OZGENC;CERNAT;RAGUED;HIKMET;SOYLER;KUCIK;ISA
Fenerbahce vs. Samsunspor - Sunday October 23 - 2011,Fenerbahce,easy,4-2-3-1,GUNOK;ZIEGLER;IRTEGUN;YOBO;GONUL;CRISTIAN;BELOZOGLU;STOCH;ALEX;HURMACI;SENTURK
Fenerbahce vs. Samsunspor - Sunday October 23 - 2011,Samsunspor,hard,4-3-3,TASKIRAN;TEBER;ANDRE BAHIA;TOKAK;ALKASI;YILDIRIM;DOMINGUEZ;FINK;BAYRAKTAR;BANCE;ZENKE
Gaziantepspor vs. Genclerbirligi - Sunday October 23 - 2011,Gaziantepspor,hard,4-2-3-1,KARCEMARSKAS;IVAN;GUNGOR;NOUNKEU;KURTULUS;HAS;BINYA;ADIN;WAGNER;SOSA;DEMIR
Gaziantepspor vs. Genclerbirligi - Sunday October 23 - 2011,Genclerbirligi,hard,4-5-1,KOSE;SEDEF;CURRI;DEMIR;CAN;MERIC;AZOFEIFA;DELIBALTA;AYDOGDU;KILICASLAN;TUM
Kayserispor vs. Sivasspor - Sunday October 23 - 2011,Kayserispor,hard,4-2-3-1,NAVARRO;KALDIRIM;EKER;ZURAB KHIZANISHVILI;PEKARIK;DURAK;RIVEROS;AMRABAT;OZCAL;TROISI;UNAL
Kayserispor vs. Sivasspor - Sunday October 23 - 2011,Sivasspor,hard,4-4-2,KOCA;YERLIKAYA;FATY;NAVRATIL;KAVUK;CERNY;NAS;BEKMEZCI;GROSICKI;RASMUSSEN;PEDRIEL
Mersin Idmanyurdu vs. Besiktas - Monday October 24 - 2011,Besiktas,easy,4-3-3,GONEN;KOYBASI;KORKMAZ;SIVOK;HILBERT;UYSAL;ERNST;KAVLAK;QUARESMA;PEKTEMEK;SIMAO
Mersin Idmanyurdu vs. Besiktas - Monday October 24 - 2011,Mersin Idmanyurdu,hard,4-5-1,SEHIC;KECELI;ATAN;BOUM;GUVEN;OZGUR;BEN YAHIA;BAYRAKTAR;ZURITA;OZOKWO;BETO
Galatasaray vs. Gaziantepspor - Wednesday October 26 - 2011,Galatasaray,easy,4-1-4-1,MUSLERA;BALTA;UJFALUSI;ZAN;SARIOGLU;FELIPE MELO;RIERA;INAN;BAYTAR;KAZIM-RICHARDS;ELMANDER
Galatasaray vs. Gaziantepspor - Wednesday October 26 - 2011,Gaziantepspor,hard,4-2-3-1,KARCEMARSKAS;IVAN;GUNGOR;NOUNKEU;KURTULUS;HAS;BINYA;ADIN;WAGNER;POPOV;DEMIR
Istanbul Buyuksehir Belediyespor vs. Eskisehirspor - Wednesday October 26 - 2011,Eskisehirspor,hard,4-3-3,ERDOGAN;DEDE;DIEGO ANGELO;NADAREVIC;COSKUN;ERTUGRUL;POTUK;SARI;TELLO;YILDIZ;KAMARA
Istanbul Buyuksehir Belediyespor vs. Eskisehirspor - Wednesday October 26 - 2011,Istanbul Buyuksehir Belediyespor,hard,4-2-3-1,ZULALOGLU;SUZEN;DEPE;ZAYATTE;KUS;INANC;HASPOLATLI;DOKA MADUREIRA;HOLMEN;VISCA;WEBO
Samsunspor vs. Kardemir Dc Karabukspor - Wednesday October 26 - 2011,Kardemir Dc Karabukspor,hard,4-4-2,TOMIC;SERIC;NIKOLIC;OZDIN;OZGENC;CERNAT;RAGUED;HIKMET;SOYLER;KUCIK;ISA
Samsunspor vs. Kardemir Dc Karabukspor - Wednesday October 26 - 2011,Samsunspor,hard,4-2-3-1,TASKIRAN;TEBER;ANDRE BAHIA;TOKAK;ALKASI;YILDIRIM;FINK;BAYRAKTAR;DOMINGUEZ;ZENKE;BANCE
Trabzonspor vs. Antalyaspor - Wednesday October 26 - 2011,Antalyaspor,hard,4-3-3,CATKIC;NIZAM;BARIS;TURAN;BOYRAZ;SERAS;DAGASAN;AGCAY;ZITOUNI;YILMAZ;AYDIN
Trabzonspor vs. Antalyaspor - Wednesday October 26 - 2011,Trabzonspor,easy,4-2-3-1,ZENGIN;OZTORUN;GLOWACKI;KACAR;BALCI;SAPARA;COLMAN;ALANZINHO;MIERZEJEWSKI;SEN;YILMAZ
Besiktas vs. Fenerbahce - Thursday October 27 - 2011,Besiktas,easy,4-3-3,GONEN;KOYBASI;KORKMAZ;SIVOK;HILBERT;ERNST;MEHMET AURELIO;KAVLAK;SIMAO;PEKTEMEK;QUARESMA
Besiktas vs. Fenerbahce - Thursday October 27 - 2011,Fenerbahce,easy,4-5-1,DEMIREL;ZIEGLER;IRTEGUN;YOBO;GONUL;ERKIN;CRISTIAN;ALEX;BELOZOGLU;TOPUZ;BIENVENU
Genclerbirligi vs. Kayserispor - Thursday October 27 - 2011,Genclerbirligi,hard,4-4-2,KOSE;MERIC;CURRI;DEMIR;CAN;DELIBALTA;ILERI;AZOFEIFA;AKGUN;TUM;ZEC
Genclerbirligi vs. Kayserispor - Thursday October 27 - 2011,Kayserispor,hard,4-2-3-1,NAVARRO;KALDIRIM;GUNGOR;ZURAB KHIZANISHVILI;PEKARIK;SANTANA;RIVEROS;AMRABAT;OZCAL;YILMAZ;UNAL
Manisaspor vs. Ankaragucu - Thursday October 27 - 2011,Ankaragucu,hard,4-2-3-1,KORK;KURT;TOSCALI;BAHTIYAROGLU;UCAR;RAJNOCH;KAGAN SOYLEMEZGILLER;CEK;WEEKS;VAROL;TISDELL
Manisaspor vs. Ankaragucu - Thursday October 27 - 2011,Manisaspor,hard,4-2-3-1,AVCIBAY;KLUKOWSKI;AKAMINKO;TOK;BARIS;INCEDEMIR;CALISKAN;SIMPSON;ERDOGAN;OZEK;PROMISE
Sivasspor vs. Mersin Idmanyurdu - Thursday October 27 - 2011,Mersin Idmanyurdu,hard,4-4-2,SEHIC;KECELI;BOUM;KAS;GUVEN;ANDRE MORITZ;BEN YAHIA;ZURITA;OZGUR;NOBRE;OZOKWO
Sivasspor vs. Mersin Idmanyurdu - Thursday October 27 - 2011,Sivasspor,hard,4-4-2,BORJAN;ERDAL;AKCA;NAVRATIL;KAVUK;KILIC;KARAKAS;BEKMEZCI;GROSICKI;PEDRIEL;ENERAMO
Antalyaspor vs. Orduspor - Saturday October 29 - 2011,Antalyaspor,hard,4-3-3,CATKIC;NIZAM;BARIS;TURAN;TANDOGAN;INCEMAN;DAGASAN;SERAS;TITA;ATES;BOYRAZ
Antalyaspor vs. Orduspor - Saturday October 29 - 2011,Orduspor,hard,4-4-2,FORNEZZI;OZKAN;AYHAN;BAYRAK;GARCIA;CULIO;GOSSO;CAMDALI;OZMERT;STANCU;TEKKE
Eskisehirspor vs. Samsunspor - Saturday October 29 - 2011,Eskisehirspor,hard,4-2-3-1,IVESA;DEDE;DIEGO ANGELO;NADAREVIC;COSKUN;ERTUGRUL;SARI;TELLO;POTUK;KAMARA;YILDIZ
Eskisehirspor vs. Samsunspor - Saturday October 29 - 2011,Samsunspor,hard,4-5-1,SAHIN;TEBER;ANDRE BAHIA;TOKAK;ALKASI;BAYRAKTAR;SARP;YILDIRIM;FINK;ZENKE;BANCE
Gaziantepspor vs. Trabzonspor - Saturday October 29 - 2011,Gaziantepspor,hard,4-2-3-1,KARCEMARSKAS;IVAN;GUNGOR;NOUNKEU;KURTULUS;GULLE;BINYA;ADIN;POPOV;SOSA;DEMIR
Gaziantepspor vs. Trabzonspor - Saturday October 29 - 2011,Trabzonspor,easy,4-4-2,ZENGIN;CECH;GLOWACKI;KACAR;CELUSTKA;COLMAN;AKGUN;MIERZEJEWSKI;BALCI;BROZEK;ALTINTOP
Ankaragucu vs. Istanbul Buyuksehir Belediyespor - Sunday October 30 - 2011,Ankaragucu,hard,4-4-2,ONGUN;KURT;BAHTIYAROGLU;TOSCALI;UCAR;OZKAN;GUCER;WEEKS;VAROL;KELES;TISDELL
Ankaragucu vs. Istanbul Buyuksehir Belediyespor - Sunday October 30 - 2011,Istanbul Buyuksehir Belediyespor,hard,4-2-3-1,ZULALOGLU;SUZEN;ARAT;DEPE;KUS;TEKDEMIR;YALCIN;DOKA MADUREIRA;HOLMEN;VISCA;WEBO
Besiktas vs. Sivasspor - Sunday October 30 - 2011,Besiktas,easy,4-3-3,GONEN;KOYBASI;KORKMAZ;SIVOK;HILBERT;UYSAL;ERNST;KAVLAK;QUARESMA;ALMEIDA;SIMAO
Besiktas vs. Sivasspor - Sunday October 30 - 2011,Sivasspor,hard,4-3-3,BORJAN;ERDAL;AKCA;NAVRATIL;BOZ;BEKMEZCI;KILIC;NAS;PEDRIEL;ENERAMO;GROSICKI
Kayserispor vs. Galatasaray - Sunday October 30 - 2011,Galatasaray,easy,4-1-4-1,MUSLERA;BALTA;KAYA;UJFALUSI;EBOUE;FELIPE MELO;RIERA;INAN;AKMAN;KURTULUS;ELMANDER
Kayserispor vs. Galatasaray - Sunday October 30 - 2011,Kayserispor,hard,4-3-3,NAVARRO;KALDIRIM;GUNGOR;ZURAB KHIZANISHVILI;PEKARIK;SANTANA;YOKUSLU;RIVEROS;AMRABAT;UNAL;YILMAZ
Fenerbahce vs. Kardemir Dc Karabukspor - Monday October 31 - 2011,Fenerbahce,easy,4-5-1,DEMIREL;ZIEGLER;IRTEGUN;YOBO;GONUL;ERKIN;CRISTIAN;ALEX;BELOZOGLU;TOPUZ;BIENVENU
Fenerbahce vs. Kardemir Dc Karabukspor - Monday October 31 - 2011,Kardemir Dc Karabukspor,hard,4-3-3,TOMIC;SERIC;NIKOLIC;OZDIN;OZGENC;RAGUED;CERNAT;HIKMET;SHELTON;KUCIK;SOYLER
Mersin Idmanyurdu vs. Genclerbirligi - Monday October 31 - 2011,Genclerbirligi,hard,4-3-3,KOSE;CURRI;KULUSIC;CAN;AKGUN;DELIBALTA;AZOFEIFA;MERIC;OZTEKIN;ZEC;KILICASLAN
Mersin Idmanyurdu vs. Genclerbirligi - Monday October 31 - 2011,Mersin Idmanyurdu,hard,4-3-3,SEHIC;KECELI;ATAN;BOUM;GUVEN;BEN YAHIA;OZGUR;ZURITA;ANDRE MORITZ;NOBRE;OZOKWO
Samsunspor vs. Ankaragucu - Friday November 4 - 2011,Ankaragucu,hard,4-2-3-1,ONGUN;CEK;BAHTIYAROGLU;TOSCALI;VAROL;GUCER;KAGAN SOYLEMEZGILLER;TISDELL;WEEKS;OZKAN;SAHIN
Samsunspor vs. Ankaragucu - Friday November 4 - 2011,Samsunspor,hard,4-2-3-1,SAHIN;TEBER;ANDRE BAHIA;TOKAK;ALKASI;FINK;YILDIRIM;DILAVER;ARSLAN;ZENKE;BANCE
Sivasspor vs. Fenerbahce - Friday November 4 - 2011,Fenerbahce,easy,4-2-3-1,DEMIREL;ZIEGLER;IRTEGUN;YOBO;GONUL;CRISTIAN;BELOZOGLU;ERKIN;OZTURK;TOPUZ;BIENVENU
Sivasspor vs. Fenerbahce - Friday November 4 - 2011,Sivasspor,hard,4-2-3-1,BORJAN;ERDAL;AKCA;NAVRATIL;KAVUK;BEKMEZCI;KARAKAS;PEDRIEL;KILIC;GROSICKI;ENERAMO
Galatasaray vs. Mersin Idmanyurdu - Saturday November 5 - 2011,Galatasaray,easy,4-1-4-1,MUSLERA;BALTA;UJFALUSI;KAYA;EBOUE;FELIPE MELO;RIERA;INAN;SARIOGLU;KAZIM-RICHARDS;ELMANDER
Galatasaray vs. Mersin Idmanyurdu - Saturday November 5 - 2011,Mersin Idmanyurdu,hard,4-5-1,SEHIC;KECELI;ATAN;KAS;GUVEN;OZGUR;UCUNCU;ANDRE MORITZ;BAYRAKTAR;BEN YAHIA;NOBRE
Kardemir Dc Karabukspor vs. Eskisehirspor - Saturday November 5 - 2011,Eskisehirspor,hard,4-2-3-1,IVESA;DEDE;DIEGO ANGELO;NADAREVIC;COSKUN;ERTUGRUL;SARI;KAMARA;POTUK;ZENGIN;YILDIZ
Kardemir Dc Karabukspor vs. Eskisehirspor - Saturday November 5 - 2011,Kardemir Dc Karabukspor,hard,4-3-3,TOMIC;SERIC;NIKOLIC;OZDIN;OZGENC;RAGUED;CERNAT;SOYLER;SHELTON;CAKIR;TASKIRAN
Manisaspor vs. Antalyaspor - Saturday November 5 - 2011,Antalyaspor,hard,4-3-3,CATKIC;MINEV;BARIS;TURAN;TANDOGAN;INCEMAN;DAGASAN;AGCAY;BOYRAZ;ATES;AYDIN
Manisaspor vs. Antalyaspor - Saturday November 5 - 2011,Manisaspor,hard,4-1-4-1,AVCIBAY;KLUKOWSKI;TOK;DIXON;BARIS;INCEDEMIR;SIMPSON;CALISKAN;ERDOGAN;GOKOGLAN;PROMISE
Orduspor vs. Gaziantepspor - Saturday November 5 - 2011,Gaziantepspor,hard,4-2-3-1,KARCEMARSKAS;CAN;NOUNKEU;SUME;KURTULUS;PEHLIVAN;BINYA;ADIN;POPOV;SOSA;DEMIR
Orduspor vs. Gaziantepspor - Saturday November 5 - 2011,Orduspor,hard,4-5-1,FORNEZZI;OZKAN;NICKENIG;GARCIA;DERELI;STANCU;TUNCER;CULIO;CAMDALI;DALMAT;TEKKE
Genclerbirligi vs. Besiktas - Sunday November 6 - 2011,Besiktas,easy,4-3-3,GONEN;KOYBASI;KORKMAZ;SIVOK;HILBERT;ERNST;MEHMET AURELIO;KAVLAK;SIMAO;PEKTEMEK;QUARESMA
Genclerbirligi vs. Besiktas - Sunday November 6 - 2011,Genclerbirligi,hard,4-5-1,KOSE;SEDEF;CURRI;DEMIR;CAN;OZTEKIN;AZOFEIFA;DELIBALTA;AYDOGDU;MERIC;TUM
Istanbul Buyuksehir Belediyespor vs. Bursaspor - Sunday November 6 - 2011,Bursaspor,hard,4-2-3-1,CARSON;WEDERSON;AZIZ;STEPANOV;CHRETIEN;KOCAK;N'DIAYE;IPEK;BATALLA;BAHADIR;SESTAK
Istanbul Buyuksehir Belediyespor vs. Bursaspor - Sunday November 6 - 2011,Istanbul Buyuksehir Belediyespor,hard,4-2-3-1,ZULALOGLU;SUZEN;DEPE;ZAYATTE;KUS;TEKDEMIR;YALCIN;DOKA MADUREIRA;HOLMEN;VISCA;WEBO
Trabzonspor vs. Kayserispor - Sunday November 6 - 2011,Kayserispor,hard,4-4-2,NAVARRO;KALDIRIM;GUNGOR;ZURAB KHIZANISHVILI;PEKARIK;AMRABAT;SANTANA;RIVEROS;OZCAL;UNAL;SULTAN
Trabzonspor vs. Kayserispor - Sunday November 6 - 2011,Trabzonspor,easy,4-2-3-1,ZENGIN;OZTORUN;GLOWACKI;KACAR;CELUSTKA;ZOKORA;COLMAN;ALTINTOP;ALANZINHO;BALCI;YILMAZ
Mersin Idmanyurdu vs. Trabzonspor - Friday November 18 - 2011,Mersin Idmanyurdu,hard,4-4-2,SEHIC;GUVEN;ATAN;BOUM;KAS;OZGUR;BAYRAKTAR;ZURITA;BEN YAHIA;NOBRE;ANDRE MORITZ
Mersin Idmanyurdu vs. Trabzonspor - Friday November 18 - 2011,Trabzonspor,easy,4-4-2,ZENGIN;CECH;KACAR;YUMLU;CELUSTKA;COLMAN;ZOKORA;ALANZINHO;BALCI;YILMAZ;ALTINTOP
Ankaragucu vs. Kardemir Dc Karabukspor - Saturday November 19 - 2011,Ankaragucu,hard,4-5-1,ONGUN;CEK;BAHTIYAROGLU;TOSCALI;VAROL;DURUER;WEEKS;SOZEN;GUCER;TISDELL;GARHAN
Ankaragucu vs. Kardemir Dc Karabukspor - Saturday November 19 - 2011,Kardemir Dc Karabukspor,hard,4-5-1,TOMIC;SERIC;NIKOLIC;OZDIN;OZGENC;SHELTON;RAGUED;CERNAT;SOYLER;CAKIR;PARLAK
Fenerbahce vs. Eskisehirspor - Saturday November 19 - 2011,Eskisehirspor,hard,4-2-3-1,IVESA;DEDE;DIEGO ANGELO;NADAREVIC;COSKUN;ERTUGRUL;SARI;TELLO;POTUK;KAMARA;YILDIZ
Fenerbahce vs. Eskisehirspor - Saturday November 19 - 2011,Fenerbahce,easy,4-2-3-1,DEMIREL;BORAL;FABIO BILICA;IRTEGUN;GONUL;CRISTIAN;BELOZOGLU;ERKIN;ALEX;TOPUZ;BIENVENU
Kayserispor vs. Orduspor - Saturday November 19 - 2011,Kayserispor,hard,4-2-3-1,NAVARRO;KALDIRIM;GUNGOR;ZURAB KHIZANISHVILI;PEKARIK;SANTANA;RIVEROS;AMRABAT;BEKDEMIR;YILMAZ;UNAL
Kayserispor vs. Orduspor - Saturday November 19 - 2011,Orduspor,hard,4-2-3-1,FORNEZZI;OZKAN;AYHAN;BAYRAK;GARCIA;TUNCER;CAMDALI;STANCU;CULIO;DALMAT;TEKKE
Antalyaspor vs. Istanbul Buyuksehir Belediyespor - Sunday November 20 - 2011,Antalyaspor,hard,4-3-3,CATKIC;MINEV;BARIS;RADELJIC;TANDOGAN;KAYA;DAGASAN;INCEMAN;TITA;ZITOUNI;BOYRAZ
Antalyaspor vs. Istanbul Buyuksehir Belediyespor - Sunday November 20 - 2011,Istanbul Buyuksehir Belediyespor,hard,4-2-3-1,ZULALOGLU;EKSIOGLU;ZAYATTE;DEPE;KUS;TEKDEMIR;SUZEN;DOKA MADUREIRA;HOLMEN;VISCA;WEBO
Besiktas vs. Galatasaray - Sunday November 20 - 2011,Besiktas,easy,4-3-3,GONEN;KOYBASI;KORKMAZ;SIVOK;HILBERT;ERNST;MEHMET AURELIO;KAVLAK;SIMAO;ALMEIDA;QUARESMA
Besiktas vs. Galatasaray - Sunday November 20 - 2011,Galatasaray,easy,4-1-4-1,MUSLERA;BALTA;KAYA;UJFALUSI;EBOUE;FELIPE MELO;BAYTAR;AKMAN;INAN;KAZIM-RICHARDS;ELMANDER
Gaziantepspor vs. Manisaspor - Sunday November 20 - 2011,Gaziantepspor,hard,4-2-3-1,KARCEMARSKAS;IVAN;GUNGOR;SUME;KURTULUS;PEHLIVAN;BINYA;ADIN;POPOV;SOSA;DEMIR
Gaziantepspor vs. Manisaspor - Sunday November 20 - 2011,Manisaspor,hard,4-1-4-1,AVCIBAY;KLUKOWSKI;AKAMINKO;TOK;BARIS;INCEDEMIR;ERDOGAN;GUVEN;CALISKAN;OZEK;PROMISE
Sivasspor vs. Genclerbirligi - Sunday November 20 - 2011,Genclerbirligi,hard,4-3-3,KOSE;SEDEF;DEMIR;KULUSIC;CAN;HARBUZI;ILERI;AYDOGDU;OZTEKIN;TUM;MERIC
Sivasspor vs. Genclerbirligi - Sunday November 20 - 2011,Sivasspor,hard,4-4-2,BORJAN;ERDAL;AKCA;NAVRATIL;KAVUK;KILIC;BEKMEZCI;KARAKAS;GROSICKI;ENERAMO;PEDRIEL
Genclerbirligi vs. Fenerbahce - Friday November 25 - 2011,Fenerbahce,easy,4-5-1,DEMIREL;ZIEGLER;FABIO BILICA;YOBO;GONUL;ERKIN;SAHIN;ALEX;BELOZOGLU;HURMACI;BIENVENU
Genclerbirligi vs. Fenerbahce - Friday November 25 - 2011,Genclerbirligi,hard,4-3-3,KOSE;SEDEF;DEMIR;KULUSIC;CAN;AZOFEIFA;ILERI;AYDOGDU;KILICASLAN;TUM;MERIC
Galatasaray vs. Sivasspor - Saturday November 26 - 2011,Galatasaray,easy,4-4-2,MUSLERA;BALTA;KAYA;UJFALUSI;EBOUE;RIERA;INAN;BAYTAR;KAZIM-RICHARDS;ELMANDER;BAROS
Galatasaray vs. Sivasspor - Saturday November 26 - 2011,Sivasspor,hard,4-4-2,BORJAN;YERLIKAYA;FATY;NAVRATIL;KAVUK;KILIC;KARAKAS;BEKMEZCI;GROSICKI;RASMUSSEN;PEDRIEL
Orduspor vs. Mersin Idmanyurdu - Saturday November 26 - 2011,Mersin Idmanyurdu,hard,4-2-3-1,SEHIC;KECELI;BOUM;KAS;GUVEN;BEN YAHIA;BAYRAKTAR;ANDRE MORITZ;OZGUR;OZOKWO;NOBRE
Orduspor vs. Mersin Idmanyurdu - Saturday November 26 - 2011,Orduspor,hard,4-2-3-1,FORNEZZI;KALKAN;AYHAN;BAYRAK;DERELI;GOSSO;TUNCER;STANCU;CULIO;GARCIA;TEKKE
Samsunspor vs. Antalyaspor - Saturday November 26 - 2011,Antalyaspor,hard,4-3-3,CATKIC;MINEV;BARIS;RADELJIC;TANDOGAN;INCEMAN;SERAS;KAYA;TITA;ZITOUNI;AYDIN
Samsunspor vs. Antalyaspor - Saturday November 26 - 2011,Samsunspor,hard,4-2-3-1,SAHIN;TEBER;KHUBUTIA;TOKAK;ALKASI;SARP;ARSLAN;YILDIRIM;DOMINGUEZ;EKIGHO;BANCE
Eskisehirspor vs. Ankaragucu - Sunday November 27 - 2011,Ankaragucu,hard,4-2-3-1,ONGUN;CEK;BAHTIYAROGLU;TOSCALI;VAROL;WEEKS;GUCER;DURUER;SOZEN;KAGAN SOYLEMEZGILLER;GARHAN
Eskisehirspor vs. Ankaragucu - Sunday November 27 - 2011,Eskisehirspor,hard,4-2-3-1,IVESA;DEDE;DIEGO ANGELO;COSKUN;ARSLAN;ERTUGRUL;SARI;KAMARA;POTUK;OZBAYRAKTAR;YILDIZ
Istanbul Buyuksehir Belediyespor vs. Gaziantepspor - Sunday November 27 - 2011,Gaziantepspor,hard,4-2-3-1,KARCEMARSKAS;CAN;GUNGOR;SUME;GUNGOR;HAS;CEYLAN;IVAN;POPOV;ADIN;DJAKO
Istanbul Buyuksehir Belediyespor vs. Gaziantepspor - Sunday November 27 - 2011,Istanbul Buyuksehir Belediyespor,hard,4-2-3-1,ZULALOGLU;EKSIOGLU;DEPE;ZAYATTE;SAHIN;HASPOLATLI;YALCIN;DOKA MADUREIRA;HOLMEN;VISCA;WEBO
Manisaspor vs. Kayserispor - Sunday November 27 - 2011,Kayserispor,hard,4-3-3,NAVARRO;KALDIRIM;GUNGOR;ZURAB KHIZANISHVILI;PEKARIK;SANTANA;YOKUSLU;RIVEROS;AMRABAT;UNAL;YILMAZ
Manisaspor vs. Kayserispor - Sunday November 27 - 2011,Manisaspor,hard,4-2-3-1,AVCIBAY;KLUKOWSKI;AKAMINKO;TOK;BARIS;GUVEN;INCEDEMIR;SIMPSON;ERDOGAN;GOKOGLAN;PROMISE
Trabzonspor vs. Besiktas - Sunday November 27 - 2011,Besiktas,easy,4-3-3,GONEN;KOYBASI;KORKMAZ;SIVOK;HILBERT;FERNANDES;TORAMAN;ERNST;QUARESMA;ALMEIDA;DAG
Trabzonspor vs. Besiktas - Sunday November 27 - 2011,Trabzonspor,easy,4-3-2-1,ZENGIN;CECH;GLOWACKI;KACAR;CELUSTKA;COLMAN;ZOKORA;BALCI;ALTINTOP;ALANZINHO;YILMAZ
Kardemir Dc Karabukspor vs. Bursaspor - Monday November 28 - 2011,Bursaspor,hard,4-2-3-1,CARSON;WEDERSON;AZIZ;ERDOGAN;CHRETIEN;KOCAK;N'DIAYE;IPEK;BATALLA;SESTAK;TAGOE
Kardemir Dc Karabukspor vs. Bursaspor - Monday November 28 - 2011,Kardemir Dc Karabukspor,hard,4-4-2,USAK;SERIC;NIKOLIC;DEUMI;CAKIR;TASKIRAN;RAGUED;CERNAT;SHELTON;CAKIR;BATDAL
Sivasspor vs. Trabzonspor - Friday December 2 - 2011,Sivasspor,hard,4-5-1,BORJAN;YERLIKAYA;AKCA;NAVRATIL;KAVUK;CERNY;BEKMEZCI;KILIC;FATY;GROSICKI;PEDRIEL
Sivasspor vs. Trabzonspor - Friday December 2 - 2011,Trabzonspor,easy,4-2-3-1,ZENGIN;CECH;GLOWACKI;KACAR;BALCI;ZOKORA;SAPARA;HENRIQUE;MIERZEJEWSKI;SEN;YILMAZ
Fenerbahce vs. Ankaragucu - Saturday December 3 - 2011,Ankaragucu,hard,4-4-2,ONGUN;DURUER;DOGAN;TOSCALI;VAROL;CEK;GUCER;WEEKS;OZKAN;GARHAN;SAHIN
Fenerbahce vs. Ankaragucu - Saturday December 3 - 2011,Fenerbahce,easy,4-5-1,DEMIREL;ZIEGLER;IRTEGUN;YOBO;GONUL;STOCH;SAHIN;ALEX;CRISTIAN;HURMACI;BIENVENU
Gaziantepspor vs. Samsunspor - Saturday December 3 - 2011,Gaziantepspor,hard,4-2-3-1,KARCEMARSKAS;IVAN;CAN;GUNGOR;SUME;PEHLIVAN;KURTULUS;ADIN;POPOV;SOSA;DEMIR
Gaziantepspor vs. Samsunspor - Saturday December 3 - 2011,Samsunspor,hard,4-2-3-1,SAHIN;TEBER;KHUBUTIA;TOKAK;ALKASI;SARP;FINK;YILDIRIM;DOMINGUEZ;ZENKE;BANCE
Genclerbirligi vs. Galatasaray - Saturday December 3 - 2011,Galatasaray,easy,4-4-2,MUSLERA;BALTA;CETIN;ZAN;EBOUE;RIERA;INAN;FELIPE MELO;YILMAZ;BAROS;YILDIRIM
Genclerbirligi vs. Galatasaray - Saturday December 3 - 2011,Genclerbirligi,hard,4-2-3-1,KOSE;SEDEF;DEMIR;KULUSIC;CAN;AZOFEIFA;AYDOGDU;OZTEKIN;DELIBALTA;MERIC;TUM
Antalyaspor vs. Kardemir Dc Karabukspor - Sunday December 4 - 2011,Antalyaspor,hard,4-3-3,CATKIC;MINEV;BARIS;TURAN;AGCAY;KAYA;DAGASAN;INCEMAN;TITA;ZITOUNI;BASSAN
Antalyaspor vs. Kardemir Dc Karabukspor - Sunday December 4 - 2011,Kardemir Dc Karabukspor,hard,4-4-2,USAK;SERIC;NIKOLIC;DEUMI;CAKIR;TASKIRAN;RAGUED;CERNAT;SHELTON;CAKIR;BATDAL
Bursaspor vs. Eskisehirspor - Sunday December 4 - 2011,Bursaspor,hard,4-2-3-1,CARSON;SAK;ERDOGAN;OZTURK;CHRETIEN;KOCAK;N'DIAYE;IPEK;BATALLA;BANGURA;SESTAK
Bursaspor vs. Eskisehirspor - Sunday December 4 - 2011,Eskisehirspor,hard,4-2-3-1,IVESA;DEDE;DIEGO ANGELO;NADAREVIC;COSKUN;ERTUGRUL;SARI;YAMAN;POTUK;OZBAYRAKTAR;KAMARA
Kayserispor vs. Istanbul Buyuksehir Belediyespor - Sunday December 4 - 2011,Istanbul Buyuksehir Belediyespor,hard,4-2-3-1,ZULALOGLU;SUZEN;DEPE;MARCUS VINICIUS;SAHIN;HASPOLATLI;YALCIN;DOKA MADUREIRA;HOLMEN;VISCA;WEBO
Kayserispor vs. Istanbul Buyuksehir Belediyespor - Sunday December 4 - 2011,Kayserispor,hard,4-2-3-1,NAVARRO;KALDIRIM;GUNGOR;ZURAB KHIZANISHVILI;ALKAN;SANTANA;RIVEROS;TROISI;YOKUSLU;AMRABAT;CIFTCI
Mersin Idmanyurdu vs. Manisaspor - Sunday December 4 - 2011,Manisaspor,hard,4-3-3,AVCIBAY;KLUKOWSKI;AKAMINKO;TOK;COKMUS;GUVEN;ERDOGAN;INCEDEMIR;SIMPSON;PROMISE;GOKOGLAN
Mersin Idmanyurdu vs. Manisaspor - Sunday December 4 - 2011,Mersin Idmanyurdu,hard,4-2-3-1,SEHIC;KECELI;BOUM;KAS;GUVEN;BEN YAHIA;BAYRAKTAR;OZGUR;ANDRE MORITZ;ZURITA;NOBRE
Besiktas vs. Orduspor - Monday December 5 - 2011,Besiktas,easy,4-1-4-1,GONEN;KOYBASI;KORKMAZ;SIVOK;HILBERT;ERNST;KAVLAK;FERNANDES;UYSAL;HOLOSKO;ALMEIDA
Besiktas vs. Orduspor - Monday December 5 - 2011,Orduspor,hard,4-3-3,FORNEZZI;OZKAN;AYHAN;BAYRAK;GARCIA;GOSSO;CULIO;OZMERT;STANCU;TEKKE;DALMAT
Eskisehirspor vs. Antalyaspor - Wednesday December 7 - 2011,Antalyaspor,hard,4-3-3,CATKIC;MINEV;BARIS;TURAN;TANDOGAN;KAYA;DAGASAN;INCEMAN;TITA;ZITOUNI;BOYRAZ
Eskisehirspor vs. Antalyaspor - Wednesday December 7 - 2011,Eskisehirspor,hard,4-2-3-1,IVESA;DEDE;DIEGO ANGELO;NADAREVIC;COSKUN;ERTUGRUL;SARI;YAMAN;POTUK;ZENGIN;OZBAYRAKTAR
Galatasaray vs. Fenerbahce - Wednesday December 7 - 2011,Fenerbahce,easy,4-2-3-1,DEMIREL;ZIEGLER;FABIO BILICA;YOBO;GONUL;SAHIN;BELOZOGLU;ERKIN;CRISTIAN;BIENVENU;ALEX
Galatasaray vs. Fenerbahce - Wednesday December 7 - 2011,Galatasaray,easy,4-4-2,MUSLERA;BALTA;KAYA;UJFALUSI;EBOUE;COLAK;FELIPE MELO;INAN;KAZIM-RICHARDS;ELMANDER;BAROS
Kardemir Dc Karabukspor vs. Gaziantepspor - Wednesday December 7 - 2011,Gaziantepspor,hard,4-2-3-1,KARCEMARSKAS;IVAN;CAN;GUNGOR;SUME;PEHLIVAN;KURTULUS;ADIN;POPOV;SOSA;DEMIR
Kardemir Dc Karabukspor vs. Gaziantepspor - Wednesday December 7 - 2011,Kardemir Dc Karabukspor,hard,4-4-2,USAK;DEUMI;OZDIN;RAGUED;CAKIR;TASKIRAN;CERNAT;KISA;SHELTON;PARLAK;CAKIR
Ankaragucu vs. Bursaspor - Thursday December 8 - 2011,Ankaragucu,hard,4-2-3-1,ONGUN;TASCI;DOGAN;TOSCALI;VAROL;WEEKS;KAGAN SOYLEMEZGILLER;OZKAN;GUCER;SAHIN;KELES
Ankaragucu vs. Bursaspor - Thursday December 8 - 2011,Bursaspor,hard,4-1-4-1,CARSON;SAK;ERDOGAN;OZTURK;SVENSSON;N'DIAYE;IPEK;BATALLA;INSUA;BAHADIR;BANGURA
Istanbul Buyuksehir Belediyespor vs. Mersin Idmanyurdu - Thursday December 8 - 2011,Istanbul Buyuksehir Belediyespor,hard,4-2-3-1,HASAGIC;SUZEN;DEPE;ZAYATTE;HASPOLATLI;TEKDEMIR;YALCIN;DOKA MADUREIRA;HOLMEN;VISCA;AKAN
Istanbul Buyuksehir Belediyespor vs. Mersin Idmanyurdu - Thursday December 8 - 2011,Mersin Idmanyurdu,hard,4-2-3-1,SEHIC;BOUM;KAS;GUVEN;OZBAY;BEN YAHIA;BAYRAKTAR;KAMANAN;ANDRE MORITZ;OZOKWO;NOBRE
Manisaspor vs. Besiktas - Thursday December 8 - 2011,Besiktas,easy,4-1-4-1,RECBER;KOYBASI;KORKMAZ;SIVOK;HILBERT;ERNST;QUARESMA;FERNANDES;KAVLAK;UYSAL;PEKTEMEK
Manisaspor vs. Besiktas - Thursday December 8 - 2011,Manisaspor,hard,4-2-3-1,AVCIBAY;KLUKOWSKI;DIXON;TOK;COKMUS;YILMAZ;GUVEN;SIMPSON;ERDOGAN;GOKOGLAN;PROMISE
Orduspor vs. Sivasspor - Thursday December 8 - 2011,Orduspor,hard,4-3-3,FORNEZZI;OZKAN;AYHAN;NICKENIG;GARCIA;OZMERT;CULIO;GOSSO;STANCU;TEKKE;YELKEN
Orduspor vs. Sivasspor - Thursday December 8 - 2011,Sivasspor,hard,4-2-3-1,BORJAN;YERLIKAYA;AKCA;NAVRATIL;KAVUK;NAS;BEKMEZCI;CERNY;KILIC;GROSICKI;PEDRIEL
Samsunspor vs. Kayserispor - Thursday December 8 - 2011,Kayserispor,hard,4-2-3-1,NAVARRO;KALDIRIM;GUNGOR;ZURAB KHIZANISHVILI;ALKAN;RIVEROS;SANTANA;TROISI;YOKUSLU;YILMAZ;CIFTCI
Samsunspor vs. Kayserispor - Thursday December 8 - 2011,Samsunspor,hard,4-2-3-1,TASKIRAN;TEBER;KHUBUTIA;TOKAK;ALKASI;SARP;ARSLAN;YILDIRIM;DOMINGUEZ;ZENKE;BANCE
Gaziantepspor vs. Eskisehirspor - Saturday December 10 - 2011,Eskisehirspor,hard,4-2-3-1,IVESA;DEDE;DIEGO ANGELO;NADAREVIC;COSKUN;ERTUGRUL;SARI;YAMAN;POTUK;OZBAYRAKTAR;KAMARA
Gaziantepspor vs. Eskisehirspor - Saturday December 10 - 2011,Gaziantepspor,hard,4-2-3-1,KARCEMARSKAS;IVAN;NOUNKEU;GUNGOR;SUME;PEHLIVAN;KURTULUS;ADIN;POPOV;SOSA;DEMIR
Antalyaspor vs. Ankaragucu - Sunday December 11 - 2011,Ankaragucu,hard,4-4-2,ONGUN;TASCI;DOGAN;TOSCALI;KAGAN SOYLEMEZGILLER;DURUER;WEEKS;GUCER;OZKAN;KELES;ERDOGAN
Antalyaspor vs. Ankaragucu - Sunday December 11 - 2011,Antalyaspor,hard,4-3-3,NDJOCK;MINEV;NIZAM;TURAN;TANDOGAN;INCEMAN;DAGASAN;SERAS;TITA;ATES;BOYRAZ
Besiktas vs. Istanbul Buyuksehir Belediyespor - Sunday December 11 - 2011,Besiktas,easy,4-2-3-1,GONEN;KOYBASI;KORKMAZ;SIVOK;HILBERT;ERNST;KAVLAK;PEKTEMEK;FERNANDES;UYSAL;ALMEIDA
Besiktas vs. Istanbul Buyuksehir Belediyespor - Sunday December 11 - 2011,Istanbul Buyuksehir Belediyespor,hard,4-2-3-1,HASAGIC;EKSIOGLU;ARAT;ZAYATTE;SAHIN;HASPOLATLI;TEKDEMIR;DOKA MADUREIRA;HOLMEN;VISCA;AKAN
Genclerbirligi vs. Orduspor - Sunday December 11 - 2011,Genclerbirligi,hard,4-3-3,KOSE;CURRI;DEMIR;KULUSIC;SEDEF;AZOFEIFA;CAN;AYDOGDU;OZTEKIN;TUM;MERIC
Genclerbirligi vs. Orduspor - Sunday December 11 - 2011,Orduspor,hard,4-2-3-1,FORNEZZI;KALKAN;AYHAN;BAYRAK;DERELI;GOSSO;TUNCER;STANCU;CULIO;OZMERT;TEKKE
Mersin Idmanyurdu vs. Samsunspor - Sunday December 11 - 2011,Mersin Idmanyurdu,hard,4-5-1,SEHIC;GUVEN;ATAN;KAYA;OZBAY;OZOKWO;BAYRAKTAR;ANDRE MORITZ;ZURITA;BEN YAHIA;NOBRE
Mersin Idmanyurdu vs. Samsunspor - Sunday December 11 - 2011,Samsunspor,hard,4-1-4-1,TASKIRAN;TEBER;KHUBUTIA;TOKAK;ALKASI;ANDRE BAHIA;EKIGHO;ARSLAN;FINK;YILDIRIM;BANCE
Trabzonspor vs. Galatasaray - Sunday December 11 - 2011,Galatasaray,easy,4-4-2,MUSLERA;BALTA;KAYA;UJFALUSI;EBOUE;COLAK;FELIPE MELO;INAN;KAZIM-RICHARDS;ELMANDER;BAROS
Trabzonspor vs. Galatasaray - Sunday December 11 - 2011,Trabzonspor,easy,4-2-3-1,ZENGIN;CECH;KACAR;GLOWACKI;BALCI;ZOKORA;COLMAN;ALTINTOP;MIERZEJEWSKI;HENRIQUE;YILMAZ
Bursaspor vs. Fenerbahce - Monday December 12 - 2011,Bursaspor,hard,4-2-3-1,CARSON;WEDERSON;OZTURK;ERDOGAN;CHRETIEN;N'DIAYE;SAL;IPEK;INSUA;SESTAK;BANGURA
Bursaspor vs. Fenerbahce - Monday December 12 - 2011,Fenerbahce,easy,4-2-3-1,DEMIREL;ZIEGLER;KESIMAL;YOBO;GONUL;SAHIN;BELOZOGLU;STOCH;ALEX;HURMACI;SENTURK
Kayserispor vs. Kardemir Dc Karabukspor - Monday December 12 - 2011,Kardemir Dc Karabukspor,hard,4-2-3-1,USAK;SERIC;DEUMI;OZDIN;CAKIR;RAGUED;KISA;SHELTON;CERNAT;CAKIR;PARLAK
Kayserispor vs. Kardemir Dc Karabukspor - Monday December 12 - 2011,Kayserispor,hard,4-2-3-1,NAVARRO;KALDIRIM;GUNGOR;ZURAB KHIZANISHVILI;ALKAN;SANTANA;RIVEROS;AMRABAT;DURAK;TROISI;UNAL
Sivasspor vs. Manisaspor - Monday December 12 - 2011,Manisaspor,hard,4-2-3-1,BABACAN;KLUKOWSKI;DIXON;TOK;COKMUS;GUVEN;CALISKAN;GOKOGLAN;ERDOGAN;OZEK;PROMISE
Sivasspor vs. Manisaspor - Monday December 12 - 2011,Sivasspor,hard,4-2-3-1,BORJAN;YERLIKAYA;AKCA;NAVRATIL;KAVUK;NAS;BEKMEZCI;GROSICKI;KILIC;CERNY;ENERAMO
Trabzonspor vs. Genclerbirligi - Wednesday December 14 - 2011,Genclerbirligi,hard,4-3-3,KOSE;CURRI;DEMIR;KULUSIC;SEDEF;AZOFEIFA;CAN;AYDOGDU;OZTEKIN;TUM;MERIC
Trabzonspor vs. Genclerbirligi - Wednesday December 14 - 2011,Trabzonspor,easy,4-2-3-1,ZENGIN;CELUSTKA;GLOWACKI;KACAR;BALCI;COLMAN;AKGUN;ALTINTOP;ALANZINHO;SEN;HENRIQUE
Orduspor vs. Galatasaray - Friday December 16 - 2011,Galatasaray,easy,4-4-2,MUSLERA;BALTA;KAYA;UJFALUSI;EBOUE;COLAK;INAN;FELIPE MELO;KAZIM-RICHARDS;ELMANDER;BAROS
Orduspor vs. Galatasaray - Friday December 16 - 2011,Orduspor,hard,4-2-3-1,ELMAS;OZKAN;AYHAN;GARCIA;DERELI;GOSSO;CAMDALI;RIBEIRO;CULIO;DALMAT;STANCU
Ankaragucu vs. Gaziantepspor - Saturday December 17 - 2011,Ankaragucu,hard,4-2-3-1,ONGUN;DURUER;DOGAN;TOSCALI;BAHTIYAROGLU;KAGAN SOYLEMEZGILLER;GUCER;SAHIN;VAROL;OZKAN;KELES
Ankaragucu vs. Gaziantepspor - Saturday December 17 - 2011,Gaziantepspor,hard,4-4-2,KARCEMARSKAS;IVAN;CAN;SUME;KURTULUS;ADIN;PEHLIVAN;CEYLAN;SOSA;DEMIR;TOSUN
Bursaspor vs. Antalyaspor - Saturday December 17 - 2011,Antalyaspor,hard,4-3-3,NDJOCK;MINEV;BARIS;TURAN;TANDOGAN;KAYA;DAGASAN;INCEMAN;TITA;ATES;ZITOUNI
Bursaspor vs. Antalyaspor - Saturday December 17 - 2011,Bursaspor,hard,4-2-3-1,CARSON;WEDERSON;AZIZ;ERDOGAN;SVENSSON;N'DIAYE;CAGIRAN;IPEK;BATALLA;BAHADIR;SESTAK
Eskisehirspor vs. Kayserispor - Saturday December 17 - 2011,Eskisehirspor,hard,4-5-1,IVESA;DEDE;DIEGO ANGELO;NADAREVIC;COSKUN;TELLO;ERTUGRUL;POTUK;SARI;OZBAYRAKTAR;KAMARA
Eskisehirspor vs. Kayserispor - Saturday December 17 - 2011,Kayserispor,hard,4-2-3-1,NAVARRO;KALDIRIM;GUNGOR;ZURAB KHIZANISHVILI;PEKARIK;SANTANA;RIVEROS;AMRABAT;DURAK;ALKAN;UNAL
Kardemir Dc Karabukspor vs. Mersin Idmanyurdu - Saturday December 17 - 2011,Kardemir Dc Karabukspor,hard,4-5-1,USAK;SERIC;DEUMI;OZDIN;CAKIR;TASKIRAN;RAGUED;CERNAT;KISA;SHELTON;PARLAK
Kardemir Dc Karabukspor vs. Mersin Idmanyurdu - Saturday December 17 - 2011,Mersin Idmanyurdu,hard,4-2-3-1,SEHIC;BOUM;ATAN;KAS;GUVEN;BEN YAHIA;BAYRAKTAR;KAYA;ANDRE MORITZ;ZURITA;BETO
Fenerbahce vs. Trabzonspor - Sunday December 18 - 2011,Fenerbahce,easy,4-5-1,DEMIREL;ZIEGLER;KESIMAL;YOBO;GONUL;STOCH;SAHIN;ALEX;BELOZOGLU;TOPUZ;SENTURK
Fenerbahce vs. Trabzonspor - Sunday December 18 - 2011,Trabzonspor,easy,4-2-3-1,ZENGIN;CECH;GLOWACKI;KACAR;CELUSTKA;AKGUN;COLMAN;ALTINTOP;ALANZINHO;BALCI;YILMAZ
Istanbul Buyuksehir Belediyespor vs. Sivasspor - Sunday December 18 - 2011,Istanbul Buyuksehir Belediyespor,hard,4-2-3-1,HASAGIC;SUZEN;ARAT;DEPE;SAHIN;INANC;HASPOLATLI;DOKA MADUREIRA;HOLMEN;VISCA;WEBO
Istanbul Buyuksehir Belediyespor vs. Sivasspor - Sunday December 18 - 2011,Sivasspor,hard,4-2-3-1,KOCA;YERLIKAYA;FATY;NAVRATIL;KAVUK;KARAKAS;BEKMEZCI;GROSICKI;KILIC;CERNY;ENERAMO
Manisaspor vs. Genclerbirligi - Sunday December 18 - 2011,Genclerbirligi,hard,4-3-3,KOSE;CURRI;DEMIR;KULUSIC;SEDEF;AZOFEIFA;CAN;AYDOGDU;OZTEKIN;TUM;MUNUNGA
Manisaspor vs. Genclerbirligi - Sunday December 18 - 2011,Manisaspor,hard,4-2-3-1,AVCIBAY;KLUKOWSKI;DIXON;TOK;AKAMINKO;GUVEN;CALISKAN;SIMPSON;ERDOGAN;GOKOGLAN;PROMISE
Samsunspor vs. Besiktas - Sunday December 18 - 2011,Besiktas,easy,4-1-4-1,RECBER;KOYBASI;KORKMAZ;SIDNEI;HILBERT;ERNST;HOLOSKO;FERNANDES;KAVLAK;UYSAL;PEKTEMEK
Samsunspor vs. Besiktas - Sunday December 18 - 2011,Samsunspor,hard,4-4-2,TASKIRAN;TUNCER;KHUBUTIA;TOKAK;ALKASI;YILDIRIM;FINK;ARSLAN;DILAVER;BANCE;ZENKE
Antalyaspor vs. Fenerbahce - Wednesday December 21 - 2011,Antalyaspor,hard,4-3-3,NDJOCK;MINEV;BARIS;TURAN;TANDOGAN;INCEMAN;KAYA;DAGASAN;AYDIN;ATES;ZITOUNI
Antalyaspor vs. Fenerbahce - Wednesday December 21 - 2011,Fenerbahce,easy,4-5-1,DEMIREL;ZIEGLER;KESIMAL;YOBO;GONUL;STOCH;CRISTIAN;ALEX;BELOZOGLU;TOPUZ;SENTURK
Galatasaray vs. Manisaspor - Wednesday December 21 - 2011,Galatasaray,easy,4-4-2,MUSLERA;BALTA;CETIN;UJFALUSI;EBOUE;COLAK;INAN;FELIPE MELO;KAZIM-RICHARDS;ELMANDER;BAROS
Galatasaray vs. Manisaspor - Wednesday December 21 - 2011,Manisaspor,hard,4-5-1,AVCIBAY;KLUKOWSKI;DIXON;TOK;AKAMINKO;SIMPSON;GUVEN;CALISKAN;INCEDEMIR;GOKOGLAN;PROMISE
Kayserispor vs. Ankaragucu - Wednesday December 21 - 2011,Ankaragucu,hard,4-2-3-1,ONGUN;DOGAN;TOSCALI;BAHTIYAROGLU;VAROL;GUCER;KAGAN SOYLEMEZGILLER;DURUER;OZKAN;SAHIN;KELES
Kayserispor vs. Ankaragucu - Wednesday December 21 - 2011,Kayserispor,hard,4-2-3-1,NAVARRO;KALDIRIM;GUNGOR;ZURAB KHIZANISHVILI;PEKARIK;RIVEROS;DURAK;TROISI;YOKUSLU;YILMAZ;UNAL
Mersin Idmanyurdu vs. Eskisehirspor - Wednesday December 21 - 2011,Eskisehirspor,hard,4-2-3-1,IVESA;DEDE;DIEGO ANGELO;NADAREVIC;COSKUN;ERTUGRUL;POTUK;YAMAN;TELLO;OZBAYRAKTAR;KAMARA
Mersin Idmanyurdu vs. Eskisehirspor - Wednesday December 21 - 2011,Mersin Idmanyurdu,hard,4-2-3-1,SEHIC;BOUM;ATAN;KAS;GUVEN;BEN YAHIA;BAYRAKTAR;ZURITA;ANDRE MORITZ;OZOKWO;NOBRE
Sivasspor vs. Samsunspor - Wednesday December 21 - 2011,Samsunspor,hard,4-3-3,TASKIRAN;TUNCER;KHUBUTIA;TOKAK;LAZAR;ARSLAN;ANDRE BAHIA;FINK;YILDIRIM;BANCE;ZENKE
Sivasspor vs. Samsunspor - Wednesday December 21 - 2011,Sivasspor,hard,4-2-3-1,KOCA;ERDAL;FATY;NAVRATIL;KAVUK;NAS;BEKMEZCI;CERNY;KILIC;GROSICKI;ENERAMO
Besiktas vs. Kardemir Dc Karabukspor - Thursday December 22 - 2011,Besiktas,easy,4-3-3,GONEN;KOYBASI;KORKMAZ;SIVOK;HILBERT;FERNANDES;ERNST;KAVLAK;EDU;ALMEIDA;DAG
Besiktas vs. Kardemir Dc Karabukspor - Thursday December 22 - 2011,Kardemir Dc Karabukspor,hard,4-2-3-1,USAK;SERIC;NIKOLIC;OZDIN;CAKIR;RAGUED;KISA;SHELTON;CERNAT;OZGENC;PARLAK
Gaziantepspor vs. Bursaspor - Thursday December 22 - 2011,Bursaspor,hard,4-5-1,CARSON;WEDERSON;ERDOGAN;OZTURK;AZIZ;IPEK;CAGIRAN;BATALLA;SVENSSON;SESTAK;BANGURA
Gaziantepspor vs. Bursaspor - Thursday December 22 - 2011,Gaziantepspor,hard,4-2-3-1,KARCEMARSKAS;CAN;NOUNKEU;GUNGOR;SUME;HAS;KURTULUS;ADIN;POPOV;SOSA;DEMIR
Genclerbirligi vs. Istanbul Buyuksehir Belediyespor - Thursday December 22 - 2011,Genclerbirligi,hard,4-3-3,KOSE;CURRI;DEMIR;KULUSIC;SEDEF;AZOFEIFA;CAN;AYDOGDU;OZTEKIN;TUM;MERIC
Genclerbirligi vs. Istanbul Buyuksehir Belediyespor - Thursday December 22 - 2011,Istanbul Buyuksehir Belediyespor,hard,4-2-3-1,ZULALOGLU;SUZEN;ARAT;MARCUS VINICIUS;KUS;HASPOLATLI;TEKDEMIR;DOKA MADUREIRA;YALCIN;KOSE;WEBO
Trabzonspor vs. Orduspor - Thursday December 22 - 2011,Orduspor,hard,4-2-3-1,FORNEZZI;OZKAN;AYHAN;NICKENIG;GARCIA;GOSSO;CAMDALI;KALKAN;CULIO;DERELI;STANCU
Trabzonspor vs. Orduspor - Thursday December 22 - 2011,Trabzonspor,easy,4-2-3-1,ZENGIN;CECH;GLOWACKI;YUMLU;CELUSTKA;ZOKORA;BALCI;MIERZEJEWSKI;ALANZINHO;ALTINTOP;YILMAZ
Galatasaray vs. Istanbul Buyuksehir Belediyespor - Tuesday January 3 - 2012,Galatasaray,easy,4-4-2,MUSLERA;BALTA;KAYA;UJFALUSI;EBOUE;COLAK;INAN;BAYTAR;KAZIM-RICHARDS;ELMANDER;BAROS
Galatasaray vs. Istanbul Buyuksehir Belediyespor - Tuesday January 3 - 2012,Istanbul Buyuksehir Belediyespor,hard,4-3-3,HASAGIC;AYDIN;DEPE;ZAYATTE;SAHIN;HASPOLATLI;TEKDEMIR;HOLMEN;DOKA MADUREIRA;WEBO;VISCA
Kayserispor vs. Bursaspor - Tuesday January 3 - 2012,Bursaspor,hard,4-2-3-1,CARSON;WEDERSON;OZTURK;STEPANOV;CHRETIEN;KOCAK;N'DIAYE;IPEK;BATALLA;BAHADIR;SESTAK
Kayserispor vs. Bursaspor - Tuesday January 3 - 2012,Kayserispor,hard,4-2-3-1,NAVARRO;KALDIRIM;EKER;GUNGOR;PEKARIK;RIVEROS;DURAK;SISMANOGLU;YOKUSLU;YILMAZ;UNAL
Mersin Idmanyurdu vs. Ankaragucu - Tuesday January 3 - 2012,Ankaragucu,hard,4-4-2,KORK;DOGAN;KURT;TOSCALI;COGUM;SAHIN;GULDEN;KESEROGLU;TURKMEN;KELES;GARHAN
Mersin Idmanyurdu vs. Ankaragucu - Tuesday January 3 - 2012,Mersin Idmanyurdu,hard,4-4-2,SEHIC;KECELI;BOUM;KAS;GUVEN;ANDRE MORITZ;BAYRAKTAR;ZURITA;OZOKWO;NOBRE;BETO
Sivasspor vs. Kardemir Dc Karabukspor - Tuesday January 3 - 2012,Kardemir Dc Karabukspor,hard,4-2-3-1,TOMIC;SERIC;CAKIR;OZDIN;OZGENC;HIKMET;RAGUED;KISA;CERNAT;KUCIK;PARLAK
Sivasspor vs. Kardemir Dc Karabukspor - Tuesday January 3 - 2012,Sivasspor,hard,4-2-3-1,KOCA;ERDAL;AKCA;NAVRATIL;KAVUK;NAS;BEKMEZCI;GROSICKI;KILIC;CERNY;ENERAMO
Trabzonspor vs. Manisaspor - Tuesday January 3 - 2012,Manisaspor,hard,4-2-3-1,AVCIBAY;KLUKOWSKI;AKAMINKO;TOK;DIXON;YILMAZ;CALISKAN;SIMPSON;OZEK;GOKOGLAN;PROMISE
Trabzonspor vs. Manisaspor - Tuesday January 3 - 2012,Trabzonspor,easy,4-4-2,ZENGIN;CELUSTKA;GLOWACKI;KACAR;BALCI;MIERZEJEWSKI;ZOKORA;AKGUN;SEN;YILMAZ;ALTINTOP
Besiktas vs. Eskisehirspor - Wednesday January 4 - 2012,Besiktas,easy,4-3-3,GONEN;KOYBASI;KORKMAZ;SIVOK;HILBERT;FERNANDES;ERNST;KAVLAK;DAG;ALMEIDA;EDU
Besiktas vs. Eskisehirspor - Wednesday January 4 - 2012,Eskisehirspor,hard,4-3-3,IVESA;YAMAN;COSKUN;NADAREVIC;ARSLAN;PELE;ERTUGRUL;SARI;TELLO;OZBAYRAKTAR;KAMARA
Gaziantepspor vs. Antalyaspor - Wednesday January 4 - 2012,Antalyaspor,hard,4-3-3,NDJOCK;MINEV;NIZAM;BARIS;TANDOGAN;INCEMAN;DAGASAN;KAYA;ZITOUNI;ATES;AYDIN
Gaziantepspor vs. Antalyaspor - Wednesday January 4 - 2012,Gaziantepspor,hard,4-2-3-1,KARCEMARSKAS;CAN;SUME;NOUNKEU;KURTULUS;PEHLIVAN;GULLE;POPOV;HAS;CALIS;TOSUN
Genclerbirligi vs. Samsunspor - Wednesday January 4 - 2012,Genclerbirligi,hard,4-2-3-1,KOSE;SEDEF;DEMIR;KULUSIC;AKGUN;CAN;CURRI;OZTEKIN;AYDOGDU;MERIC;TUM
Genclerbirligi vs. Samsunspor - Wednesday January 4 - 2012,Samsunspor,hard,4-2-3-1,TASKIRAN;TUNCER;KHUBUTIA;TOKAK;ALKASI;FINK;ARSLAN;YILDIRIM;DOMINGUEZ;EKIGHO;ZENKE
Orduspor vs. Fenerbahce - Wednesday January 4 - 2012,Fenerbahce,easy,4-5-1,DEMIREL;ZIEGLER;KESIMAL;YOBO;GONUL;STOCH;CRISTIAN;HURMACI;BELOZOGLU;TOPUZ;SENTURK
Orduspor vs. Fenerbahce - Wednesday January 4 - 2012,Orduspor,hard,4-2-3-1,FORNEZZI;KALKAN;SAHIN;AYHAN;GARCIA;GOSSO;CAMDALI;RIBEIRO;CULIO;DERELI;STANCU
Bursaspor vs. Mersin Idmanyurdu - Saturday January 7 - 2012,Bursaspor,hard,4-2-3-1,CARSON;WEDERSON;OZTURK;STEPANOV;CHRETIEN;N'DIAYE;KOCAK;ARI;BATALLA;SESTAK;BAHADIR
Bursaspor vs. Mersin Idmanyurdu - Saturday January 7 - 2012,Mersin Idmanyurdu,hard,4-5-1,SEHIC;KECELI;ATAN;BOUM;GUVEN;COSKUN;UCUNCU;ANDRE MORITZ;ZURITA;OZOKWO;BETO
Istanbul Buyuksehir Belediyespor vs. Trabzonspor - Saturday January 7 - 2012,Istanbul Buyuksehir Belediyespor,hard,4-3-3,BAHADIR;EKSIOGLU;DEPE;ZAYATTE;HASPOLATLI;INANC;TEKDEMIR;HOLMEN;DOKA MADUREIRA;AKAN;TOM
Istanbul Buyuksehir Belediyespor vs. Trabzonspor - Saturday January 7 - 2012,Trabzonspor,easy,4-2-3-1,ZENGIN;CECH;GLOWACKI;KACAR;CELUSTKA;COLMAN;AKGUN;ADIN;MIERZEJEWSKI;ALTINTOP;YILMAZ
Samsunspor vs. Galatasaray - Saturday January 7 - 2012,Galatasaray,easy,4-4-2,MUSLERA;BALTA;KAYA;UJFALUSI;SARIOGLU;COLAK;INAN;FELIPE MELO;BAYTAR;ELMANDER;BAROS
Samsunspor vs. Galatasaray - Saturday January 7 - 2012,Samsunspor,hard,4-1-4-1,TASKIRAN;TUNCER;KHUBUTIA;TOKAK;ALKASI;FINK;EKIGHO;CEYLAN;ARSLAN;YILDIRIM;ZENKE
Ankaragucu vs. Besiktas - Sunday January 8 - 2012,Ankaragucu,hard,4-5-1,KORK;DOGAN;KURT;TOSCALI;COGUM;ERDOGAN;GULDEN;TURKMEN;KESEROGLU;SAHIN;KELES
Ankaragucu vs. Besiktas - Sunday January 8 - 2012,Besiktas,easy,4-3-3,GONEN;KOYBASI;KORKMAZ;SIVOK;DAG;FERNANDES;ERNST;KAVLAK;SIMAO;ALMEIDA;PEKTEMEK
Antalyaspor vs. Kayserispor - Sunday January 8 - 2012,Antalyaspor,hard,4-2-3-1,NDJOCK;MINEV;BARIS;TURAN;TANDOGAN;DAGASAN;KAYA;TITA;BASSAN;ZITOUNI;ATES
Antalyaspor vs. Kayserispor - Sunday January 8 - 2012,Kayserispor,hard,4-2-3-1,NAVARRO;KALDIRIM;EKER;GUNGOR;PEKARIK;RIVEROS;SANTANA;BISESWAR;TROISI;YILMAZ;UNAL
Eskisehirspor vs. Sivasspor - Sunday January 8 - 2012,Eskisehirspor,hard,4-2-3-1,IVESA;YAMAN;DIEGO ANGELO;NADAREVIC;SARI;ERTUGRUL;DEDE;POTUK;TELLO;KAMARA;YILDIZ
Eskisehirspor vs. Sivasspor - Sunday January 8 - 2012,Sivasspor,hard,4-2-3-1,KOCA;KONUK;NAVRATIL;RAJNOCH;KAVUK;BEKMEZCI;NAS;GROSICKI;KILIC;CERNY;ENERAMO
Kardemir Dc Karabukspor vs. Genclerbirligi - Sunday January 8 - 2012,Genclerbirligi,hard,4-3-3,KOSE;SEDEF;CURRI;KULUSIC;AKGUN;DELIBALTA;CAN;AYDOGDU;ZEC;TUM;OZTEKIN
Kardemir Dc Karabukspor vs. Genclerbirligi - Sunday January 8 - 2012,Kardemir Dc Karabukspor,hard,4-2-3-1,USAK;SERIC;MABIALA;OZDIN;CAKIR;SARP;KAGAN SOYLEMEZGILLER;SHELTON;CERNAT;VAROL;PARLAK
Manisaspor vs. Orduspor - Sunday January 8 - 2012,Manisaspor,hard,4-3-3,AVCIBAY;KLUKOWSKI;AKAMINKO;TOK;BARIS;CALISKAN;INCEDEMIR;ERDOGAN;SIMPSON;KAHE;PROMISE
Manisaspor vs. Orduspor - Sunday January 8 - 2012,Orduspor,hard,4-2-3-1,FORNEZZI;SAHIN;AYHAN;GARCIA;DERELI;TUNCER;CAMDALI;RIBEIRO;OZMERT;DALMAT;STANCU
Fenerbahce vs. Gaziantepspor - Monday January 9 - 2012,Fenerbahce,easy,4-5-1,DEMIREL;ZIEGLER;KESIMAL;YOBO;GONUL;STOCH;CRISTIAN;ALEX;IRAVUL;TOPUZ;SENTURK
Fenerbahce vs. Gaziantepspor - Monday January 9 - 2012,Gaziantepspor,hard,4-2-3-1,KARCEMARSKAS;CAN;NOUNKEU;SUME;ZENGIN;GULLE;HAS;SOSA;SAPARA;POPOV;TOSUN
Galatasaray vs. Kardemir Dc Karabukspor - Saturday January 14 - 2012,Galatasaray,easy,4-4-2,MUSLERA;BALTA;CETIN;KAYA;UJFALUSI;COLAK;INAN;FELIPE MELO;KAZIM-RICHARDS;ELMANDER;BAROS
Galatasaray vs. Kardemir Dc Karabukspor - Saturday January 14 - 2012,Kardemir Dc Karabukspor,hard,4-2-3-1,USAK;OZGENC;CAKIR;MABIALA;SERIC;KAGAN SOYLEMEZGILLER;SARP;TASKIRAN;CERNAT;HIKMET;SHELTON
Genclerbirligi vs. Eskisehirspor - Saturday January 14 - 2012,Eskisehirspor,hard,4-2-3-1,IVESA;DEDE;DIEGO ANGELO;NADAREVIC;ARSLAN;GUCER;SARI;YAMAN;POTUK;ESER;KARADENIZ
Genclerbirligi vs. Eskisehirspor - Saturday January 14 - 2012,Genclerbirligi,hard,4-3-3,KOSE;TEBER;CURRI;SEDEF;CAN;DELIBALTA;ILERI;AYDOGDU;OZTEKIN;TUM;MERIC
Besiktas vs. Bursaspor - Sunday January 15 - 2012,Besiktas,easy,4-1-4-1,RECBER;KOYBASI;KORKMAZ;TORAMAN;DAG;ERNST;KAVLAK;FERNANDES;UYSAL;EDU;ALMEIDA
Besiktas vs. Bursaspor - Sunday January 15 - 2012,Bursaspor,hard,4-2-3-1,CARSON;WEDERSON;OZTURK;STEPANOV;ASLANTAS;N'DIAYE;KOCAK;IPEK;BATALLA;SESTAK;BAHADIR
Mersin Idmanyurdu vs. Antalyaspor - Sunday January 15 - 2012,Antalyaspor,hard,4-4-2,NDJOCK;NIZAM;BARIS;TURAN;TANDOGAN;TITA;DAGASAN;KAYA;BASSAN;ZITOUNI;ATES
Mersin Idmanyurdu vs. Antalyaspor - Sunday January 15 - 2012,Mersin Idmanyurdu,hard,4-2-3-1,SEHIC;KECELI;ATAN;BOUM;GUVEN;BUENO;KAYA;OZOKWO;ANDRE MORITZ;OZBAY;NOBRE
Sivasspor vs. Ankaragucu - Sunday January 15 - 2012,Ankaragucu,hard,4-2-3-1,KORK;DOGAN;KURT;TOSCALI;COGUM;GULDEN;TURKMEN;KANAK;ERDOGAN;SAHIN;KELES
Sivasspor vs. Ankaragucu - Sunday January 15 - 2012,Sivasspor,hard,4-2-3-1,KOCA;KONUK;AKCA;NAVRATIL;CERNY;NAS;BEKMEZCI;PEDRIEL;KILIC;GROSICKI;ENERAMO
Trabzonspor vs. Samsunspor - Sunday January 15 - 2012,Samsunspor,hard,4-2-3-1,TASKIRAN;TUNCER;ANDRE BAHIA;TOKAK;ALKASI;CEYLAN;FINK;BORAL;YILDIRIM;EKIGHO;GEKAS
Trabzonspor vs. Samsunspor - Sunday January 15 - 2012,Trabzonspor,easy,4-2-3-1,ZENGIN;CECH;CELUSTKA;KACAR;BALCI;COLMAN;AKGUN;ADIN;ALANZINHO;ALTINTOP;YILMAZ
Kayserispor vs. Gaziantepspor - Monday January 16 - 2012,Gaziantepspor,hard,4-4-2,KARCEMARSKAS;CAN;SUME;NOUNKEU;KURTULUS;SOSA;HAS;SAPARA;ZENGIN;TOSUN;DEMIR
Kayserispor vs. Gaziantepspor - Monday January 16 - 2012,Kayserispor,hard,4-2-3-1,NAVARRO;KALDIRIM;EKER;GUNGOR;PEKARIK;RIVEROS;DURAK;BISESWAR;TROISI;YILMAZ;UNAL
Manisaspor vs. Fenerbahce - Monday January 16 - 2012,Fenerbahce,easy,4-5-1,DEMIREL;ZIEGLER;YOBO;KESIMAL;GONUL;ERKIN;CRISTIAN;STOCH;BELOZOGLU;TOPUZ;BIENVENU
Manisaspor vs. Fenerbahce - Monday January 16 - 2012,Manisaspor,hard,4-4-2,AVCIBAY;KLUKOWSKI;AKAMINKO;TOK;BARIS;OZEK;YILMAZ;INCEDEMIR;PROMISE;KAHE;SIMPSON
Antalyaspor vs. Besiktas - Friday January 20 - 2012,Antalyaspor,hard,4-3-3,NDJOCK;MINEV;BARIS;TURAN;TANDOGAN;KAYA;DAGASAN;INCEMAN;TITA;ATES;ZITOUNI
Antalyaspor vs. Besiktas - Friday January 20 - 2012,Besiktas,easy,4-3-3,GONEN;KOYBASI;SIVOK;TORAMAN;DAG;FERNANDES;ERNST;KAVLAK;SIMAO;ALMEIDA;EDU
Gaziantepspor vs. Mersin Idmanyurdu - Friday January 20 - 2012,Gaziantepspor,hard,4-2-3-1,KARCEMARSKAS;CAN;SUME;NOUNKEU;KURTULUS;BINYA;HAS;POPOV;SAPARA;ZENGIN;TOSUN
Gaziantepspor vs. Mersin Idmanyurdu - Friday January 20 - 2012,Mersin Idmanyurdu,hard,4-2-3-1,SEHIC;KECELI;ATAN;BOUM;GUVEN;UCUNCU;OZGUR;DELEV;ANDRE MORITZ;BUENO;NOBRE
Bursaspor vs. Sivasspor - Saturday January 21 - 2012,Bursaspor,hard,4-2-3-1,CARSON;WEDERSON;AZIZ;OZTURK;ASLANTAS;N'DIAYE;KOCAK;IPEK;BATALLA;SESTAK;PINTO
Bursaspor vs. Sivasspor - Saturday January 21 - 2012,Sivasspor,hard,4-2-3-1,KOCA;KONUK;NAVRATIL;RAJNOCH;KAVUK;BEKMEZCI;KARAKAS;GROSICKI;KILIC;CERNY;ENERAMO
Fenerbahce vs. Kayserispor - Saturday January 21 - 2012,Fenerbahce,easy,4-5-1,DEMIREL;ZIEGLER;FABIO BILICA;YOBO;GONUL;ERKIN;CRISTIAN;STOCH;BELOZOGLU;TOPUZ;ALEX
Fenerbahce vs. Kayserispor - Saturday January 21 - 2012,Kayserispor,hard,4-3-3,NAVARRO;KALDIRIM;GUNGOR;ZURAB KHIZANISHVILI;PEKARIK;RIVEROS;OZCAL;DURAK;TROISI;UNAL;YILMAZ
Istanbul Buyuksehir Belediyespor vs. Manisaspor - Saturday January 21 - 2012,Istanbul Buyuksehir Belediyespor,hard,4-3-3,BAHADIR;EKSIOGLU;DEPE;MARCUS VINICIUS;SAHIN;INANC;TEKDEMIR;HOLMEN;DOKA MADUREIRA;WEBO;TOM
Istanbul Buyuksehir Belediyespor vs. Manisaspor - Saturday January 21 - 2012,Manisaspor,hard,4-3-1-2,AVCIBAY;KLUKOWSKI;AKAMINKO;TOK;BARIS;CALISKAN;INCEDEMIR;YILMAZ;ERDOGAN;GURBUZEROL;PROMISE
Kardemir Dc Karabukspor vs. Trabzonspor - Saturday January 21 - 2012,Kardemir Dc Karabukspor,hard,4-5-1,TOMIC;SERIC;JAHIC;OZDIN;VAROL;SHELTON;KAGAN SOYLEMEZGILLER;CERNAT;SARP;HAMROUN;YILDIZ
Kardemir Dc Karabukspor vs. Trabzonspor - Saturday January 21 - 2012,Trabzonspor,easy,4-2-3-1,ZENGIN;CECH;CELUSTKA;KACAR;BALCI;COLMAN;AKGUN;ADIN;ALANZINHO;HENRIQUE;YILMAZ
Samsunspor vs. Orduspor - Saturday January 21 - 2012,Orduspor,hard,4-2-3-1,FORNEZZI;SAHIN;AYHAN;GARCIA;DERELI;TUNCER;CAMDALI;CULIO;OZMERT;DALMAT;STANCU
Samsunspor vs. Orduspor - Saturday January 21 - 2012,Samsunspor,hard,4-4-2,TASKIRAN;ANDRE BAHIA;VALDOMIRO;TOKAK;ALKASI;TUNCER;FINK;CEYLAN;YILDIRIM;EKIGHO;GEKAS
Ankaragucu vs. Genclerbirligi - Sunday January 22 - 2012,Ankaragucu,hard,4-2-3-1,KORK;DOGAN;KURT;TOSCALI;COGUM;GULDEN;ERDOGAN;ERDOGAN;TORUN;TURKMEN;GARHAN
Ankaragucu vs. Genclerbirligi - Sunday January 22 - 2012,Genclerbirligi,hard,4-2-3-1,KOSE;TEBER;CURRI;SEDEF;CAN;ILERI;AYDOGDU;OZTEKIN;DELIBALTA;MERIC;TUM
Eskisehirspor vs. Galatasaray - Sunday January 22 - 2012,Eskisehirspor,hard,4-5-1,IVESA;DEDE;DIEGO ANGELO;NADAREVIC;ARSLAN;YAMAN;GUCER;TELLO;POTUK;KAMARA;KARADENIZ
Eskisehirspor vs. Galatasaray - Sunday January 22 - 2012,Galatasaray,easy,4-2-3-1,MUSLERA;BALTA;KAYA;UJFALUSI;SARIOGLU;INAN;FELIPE MELO;COLAK;BAYTAR;KAZIM-RICHARDS;ELMANDER
Besiktas vs. Gaziantepspor - Tuesday January 24 - 2012,Besiktas,easy,4-3-3,GONEN;KAYHAN;KORKMAZ;TORAMAN;DAG;FERNANDES;ERNST;KAVLAK;SIMAO;ALMEIDA;EDU
Besiktas vs. Gaziantepspor - Tuesday January 24 - 2012,Gaziantepspor,hard,4-2-3-1,BEZGIN;CAN;NOUNKEU;SUME;ZENGIN;KURTULUS;HAS;POPOV;SAPARA;SOSA;TOSUN
Mersin Idmanyurdu vs. Kayserispor - Tuesday January 24 - 2012,Kayserispor,hard,4-2-3-1,NAVARRO;KALDIRIM;GUNGOR;ZURAB KHIZANISHVILI;PEKARIK;RIVEROS;DURAK;TROISI;OZCAL;YILMAZ;KUJOVIC
Mersin Idmanyurdu vs. Kayserispor - Tuesday January 24 - 2012,Mersin Idmanyurdu,hard,4-2-3-1,SEHIC;KECELI;ATAN;BOUM;GUVEN;ZURITA;OZGUR;DELEV;BUENO;ANDRE MORITZ;NOBRE
Sivasspor vs. Antalyaspor - Tuesday January 24 - 2012,Antalyaspor,hard,4-2-3-1,CATKIC;MINEV;BARIS;TURAN;TANDOGAN;DAGASAN;INCEMAN;TITA;KAYA;ZITOUNI;ATES
Sivasspor vs. Antalyaspor - Tuesday January 24 - 2012,Sivasspor,hard,4-2-3-1,KOCA;ERDAL;NAVRATIL;RAJNOCH;KAVUK;BEKMEZCI;NAS;GROSICKI;KILIC;CERNY;ENERAMO
Galatasaray vs. Ankaragucu - Wednesday January 25 - 2012,Ankaragucu,hard,4-4-2,KORK;DOGAN;KURT;TOSCALI;COGUM;ERDOGAN;GULDEN;TORUN;SIRIN;KELES;DEMIRHAN
Galatasaray vs. Ankaragucu - Wednesday January 25 - 2012,Galatasaray,easy,4-1-3-2,MUSLERA;BIRINCI;KAYA;ZAN;SARIOGLU;GULSELAM;RIERA;BAYTAR;COLAK;ELMANDER;YILDIRIM
Genclerbirligi vs. Bursaspor - Wednesday January 25 - 2012,Bursaspor,hard,4-2-3-1,OZKAN;WEDERSON;OZTURK;STEPANOV;AZIZ;N'DIAYE;KOCAK;IPEK;BATALLA;SESTAK;PINTO
Genclerbirligi vs. Bursaspor - Wednesday January 25 - 2012,Genclerbirligi,hard,4-3-3,KOSE;TEBER;CURRI;SEDEF;CAN;AKGUN;ILERI;AYDOGDU;OZTEKIN;TUM;MERIC
Istanbul Buyuksehir Belediyespor vs. Fenerbahce - Wednesday January 25 - 2012,Fenerbahce,easy,4-5-1,DEMIREL;ZIEGLER;FABIO BILICA;YOBO;GONUL;ERKIN;CRISTIAN;STOCH;BELOZOGLU;TOPUZ;ALEX
Istanbul Buyuksehir Belediyespor vs. Fenerbahce - Wednesday January 25 - 2012,Istanbul Buyuksehir Belediyespor,hard,4-3-3,BAHADIR;EKSIOGLU;DEPE;MARCUS VINICIUS;KUS;KORKMAZ;TEKDEMIR;HOLMEN;DOKA MADUREIRA;WEBO;VISCA
Trabzonspor vs. Eskisehirspor - Wednesday January 25 - 2012,Eskisehirspor,hard,4-2-3-1,IVESA;YAMAN;DIEGO ANGELO;BAHTIYAROGLU;ARSLAN;GUCER;DEDE;TELLO;POTUK;KAMARA;KARADENIZ
Trabzonspor vs. Eskisehirspor - Wednesday January 25 - 2012,Trabzonspor,easy,4-2-3-1,ZENGIN;CECH;GLOWACKI;KACAR;BALCI;AKGUN;COLMAN;ADIN;ALANZINHO;ALTINTOP;YILMAZ
Antalyaspor vs. Genclerbirligi - Saturday January 28 - 2012,Antalyaspor,hard,4-3-3,CATKIC;MINEV;BARIS;TURAN;TANDOGAN;INCEMAN;DAGASAN;SERAS;TITA;ATES;BASSAN
Antalyaspor vs. Genclerbirligi - Saturday January 28 - 2012,Genclerbirligi,hard,4-3-3,KOSE;TEBER;SEDEF;OZSARAC;CAN;AZOFEIFA;ILERI;AYDOGDU;OZTEKIN;TUM;MERIC
Bursaspor vs. Galatasaray - Saturday January 28 - 2012,Bursaspor,hard,4-2-3-1,CARSON;ASLANTAS;OZTURK;STEPANOV;AZIZ;N'DIAYE;KOCAK;IPEK;BATALLA;SESTAK;PINTO
Bursaspor vs. Galatasaray - Saturday January 28 - 2012,Galatasaray,easy,4-4-2,MUSLERA;BALTA;KAYA;UJFALUSI;SARIOGLU;RIERA;INAN;FELIPE MELO;COLAK;ELMANDER;YILDIRIM
Ankaragucu vs. Trabzonspor - Sunday January 29 - 2012,Ankaragucu,hard,4-2-3-1,OLGUN;DOGAN;KURT;TOSCALI;COGUM;GULDEN;TURKMEN;DEMIRHAN;TORUN;SIRIN;KELES
Ankaragucu vs. Trabzonspor - Sunday January 29 - 2012,Trabzonspor,easy,4-2-3-1,ZENGIN;CECH;CELUSTKA;YUMLU;BALCI;COLMAN;AKGUN;ADIN;ALANZINHO;SEN;YILMAZ
Eskisehirspor vs. Orduspor - Sunday January 29 - 2012,Eskisehirspor,hard,4-5-1,IVESA;DEDE;DIEGO ANGELO;NADAREVIC;ARSLAN;YAMAN;SARI;TELLO;POTUK;ESER;KARADENIZ
Eskisehirspor vs. Orduspor - Sunday January 29 - 2012,Orduspor,hard,4-2-3-1,ELMAS;OZKAN;AYHAN;BAYRAK;GARCIA;TUNCER;CAMDALI;CULIO;KABZE;JAVITO;STANCU
Fenerbahce vs. Mersin Idmanyurdu - Sunday January 29 - 2012,Fenerbahce,easy,4-2-3-1,DEMIREL;ERKIN;KESIMAL;YOBO;GONUL;CRISTIAN;TOPUZ;STOCH;ALEX;HURMACI;BIENVENU
Fenerbahce vs. Mersin Idmanyurdu - Sunday January 29 - 2012,Mersin Idmanyurdu,hard,4-2-3-1,SEHIC;KECELI;ATAN;BOUM;GUVEN;BAYRAKTAR;ZURITA;KILICASLAN;ANDRE MORITZ;BUENO;DELEV
Gaziantepspor vs. Sivasspor - Sunday January 29 - 2012,Gaziantepspor,hard,4-2-3-1,ONGUN;CAN;NOUNKEU;BINYA;KURTULUS;PEHLIVAN;GULLE;POPOV;SAPARA;SOSA;TOSUN
Gaziantepspor vs. Sivasspor - Sunday January 29 - 2012,Sivasspor,hard,4-5-1,KOCA;KONUK;NAVRATIL;RAJNOCH;KAVUK;CERNY;KARAKAS;KILIC;BEKMEZCI;GROSICKI;ENERAMO
Kardemir Dc Karabukspor vs. Manisaspor - Sunday January 29 - 2012,Kardemir Dc Karabukspor,hard,4-2-3-1,TOMIC;JAHIC;MABIALA;OZDIN;VAROL;KAGAN SOYLEMEZGILLER;SARP;SHELTON;CERNAT;HAMROUN;YILDIZ
Kardemir Dc Karabukspor vs. Manisaspor - Sunday January 29 - 2012,Manisaspor,hard,4-2-3-1,AVCIBAY;KLUKOWSKI;DIXON;TOK;AKAMINKO;INCEDEMIR;COKMUS;CALISKAN;ERDOGAN;OZEK;PROMISE
Samsunspor vs. Istanbul Buyuksehir Belediyespor - Sunday January 29 - 2012,Istanbul Buyuksehir Belediyespor,hard,4-3-3,BAHADIR;EKSIOGLU;DEPE;MARCUS VINICIUS;KUS;KORKMAZ;GULPINAR;YALCIN;DOKA MADUREIRA;WEBO;VISCA
Samsunspor vs. Istanbul Buyuksehir Belediyespor - Sunday January 29 - 2012,Samsunspor,hard,4-3-1-2,TASKIRAN;KHUBUTIA;ANDRE BAHIA;VALDOMIRO;ALKASI;YILDIRIM;FINK;CEYLAN;ARSLAN;GEKAS;EKIGHO
Kayserispor vs. Besiktas - Monday January 30 - 2012,Besiktas,easy,4-3-3,RECBER;KOYBASI;KORKMAZ;SIVOK;DAG;FERNANDES;ERNST;UYSAL;QUARESMA;PEKTEMEK;SIMAO
Kayserispor vs. Besiktas - Monday January 30 - 2012,Kayserispor,hard,4-3-3,NAVARRO;KALDIRIM;EKER;GUNGOR;PEKARIK;OZCAL;DURAK;YOKUSLU;TROISI;KUJOVIC;YILMAZ
Galatasaray vs. Antalyaspor - Wednesday February 1 - 2012,Antalyaspor,hard,4-2-3-1,CATKIC;NIZAM;BARIS;TURAN;SEKMAN;DAGASAN;SERAS;BOYRAZ;BASSAN;AYDIN;YILMAZ
Galatasaray vs. Antalyaspor - Wednesday February 1 - 2012,Galatasaray,easy,4-5-1,MUSLERA;BALTA;KAYA;ZAN;UJFALUSI;RIERA;INAN;BAYTAR;FELIPE MELO;COLAK;ELMANDER
Genclerbirligi vs. Gaziantepspor - Wednesday February 1 - 2012,Gaziantepspor,hard,4-2-3-1,ONGUN;CAN;NOUNKEU;GUNGOR;KURTULUS;GULLE;BINYA;POPOV;SAPARA;SOSA;TOSUN
Genclerbirligi vs. Gaziantepspor - Wednesday February 1 - 2012,Genclerbirligi,hard,4-3-3,KOSE;TEBER;SEDEF;DEMIR;AKGUN;AZOFEIFA;ILERI;AYDOGDU;OZTEKIN;MARTIN;MERIC
Orduspor vs. Ankaragucu - Wednesday February 1 - 2012,Ankaragucu,hard,4-2-3-1,OLGUN;DOGAN;KURT;TOSCALI;COGUM;GULDEN;AYDIN;DEMIRHAN;TORUN;ERDOGAN;GARHAN
Orduspor vs. Ankaragucu - Wednesday February 1 - 2012,Orduspor,hard,4-2-3-1,ELMAS;SAHIN;AYHAN;KULGA;DERELI;TUNCER;KAYALI;CULIO;KABZE;JAVITO;STANCU
Trabzonspor vs. Bursaspor - Wednesday February 1 - 2012,Bursaspor,hard,4-2-3-1,CARSON;WEDERSON;OZTURK;STEPANOV;AZIZ;N'DIAYE;KOCAK;IPEK;BATALLA;SESTAK;PINTO
Trabzonspor vs. Bursaspor - Wednesday February 1 - 2012,Trabzonspor,easy,4-2-3-1,ZENGIN;CECH;KACAR;YUMLU;BALCI;AKGUN;COLMAN;ADIN;ALANZINHO;ALTINTOP;YILMAZ
Besiktas vs. Mersin Idmanyurdu - Thursday February 2 - 2012,Besiktas,easy,4-3-3,GONEN;KOYBASI;KORKMAZ;TORAMAN;HILBERT;UYSAL;ERNST;KAVLAK;SIMAO;ALMEIDA;EDU
Besiktas vs. Mersin Idmanyurdu - Thursday February 2 - 2012,Mersin Idmanyurdu,hard,4-3-3,SEHIC;KECELI;ATAN;BOUM;GUVEN;BUENO;ATAS;ZURITA;KILICASLAN;ANDRE MORITZ;TISDELL
Manisaspor vs. Eskisehirspor - Thursday February 2 - 2012,Eskisehirspor,hard,4-3-3,IVESA;DEDE;DIEGO ANGELO;NADAREVIC;ARSLAN;GUCER;POTUK;SARI;YAMAN;KAMARA;TELLO
Manisaspor vs. Eskisehirspor - Thursday February 2 - 2012,Manisaspor,hard,4-2-3-1,AVCIBAY;KLUKOWSKI;DIXON;TOK;BARIS;INCEDEMIR;COKMUS;ERDOGAN;VUCICEVIC;OZEK;PROMISE
Samsunspor vs. Fenerbahce - Thursday February 2 - 2012,Fenerbahce,easy,4-5-1,DEMIREL;ZIEGLER;KESIMAL;YOBO;SAM;ERKIN;CRISTIAN;STOCH;TOPUZ;HURMACI;BIENVENU
Samsunspor vs. Fenerbahce - Thursday February 2 - 2012,Samsunspor,hard,4-3-3,TASKIRAN;TUNCER;KELHAR;TOKAK;ALKASI;YILDIRIM;FINK;CEYLAN;BORAL;GEKAS;EKIGHO
Sivasspor vs. Kayserispor - Thursday February 2 - 2012,Kayserispor,hard,4-3-3,NAVARRO;KALDIRIM;GUNGOR;ZURAB KHIZANISHVILI;PEKARIK;RIVEROS;OZCAL;DURAK;TROISI;KUJOVIC;YILMAZ
Sivasspor vs. Kayserispor - Thursday February 2 - 2012,Sivasspor,hard,4-4-2,SAHIN;ERDAL;AKCA;RAJNOCH;KAVUK;KILIC;NAS;BEKMEZCI;GROSICKI;PEDRIEL;ENERAMO
Antalyaspor vs. Trabzonspor - Saturday February 4 - 2012,Antalyaspor,hard,4-3-3,CATKIC;MINEV;BARIS;TURAN;TANDOGAN;KAYA;INCEMAN;SERAS;TITA;JABA;BOYRAZ
Antalyaspor vs. Trabzonspor - Saturday February 4 - 2012,Trabzonspor,easy,4-5-1,ZENGIN;CECH;KACAR;YUMLU;BALCI;ADIN;COLMAN;ALANZINHO;AKGUN;ALTINTOP;YILMAZ
Gaziantepspor vs. Galatasaray - Saturday February 4 - 2012,Galatasaray,easy,4-4-2,MUSLERA;BALTA;KAYA;UJFALUSI;SARIOGLU;BAYTAR;INAN;FELIPE MELO;COLAK;ELMANDER;ATES
Gaziantepspor vs. Galatasaray - Saturday February 4 - 2012,Gaziantepspor,hard,4-3-3,KARCEMARSKAS;CAN;GUNGOR;NOUNKEU;SUME;HAS;BINYA;PEHLIVAN;POPOV;TOSUN;SOSA
Bursaspor vs. Orduspor - Sunday February 5 - 2012,Bursaspor,hard,4-5-1,CARSON;WEDERSON;AZIZ;OZTURK;CHRETIEN;IPEK;N'DIAYE;BATALLA;KOCAK;SESTAK;PINTO
Bursaspor vs. Orduspor - Sunday February 5 - 2012,Orduspor,hard,4-4-2,ELMAS;SAHIN;AYHAN;KULGA;GARCIA;CULIO;TUNCER;CAMDALI;JAVITO;KABZE;STANCU
Fenerbahce vs. Besiktas - Sunday February 5 - 2012,Besiktas,easy,4-3-3,GONEN;GULUM;KORKMAZ;SIVOK;KAYHAN;ERNST;TORAMAN;KAVLAK;SIMAO;PEKTEMEK;HOLOSKO
Fenerbahce vs. Besiktas - Sunday February 5 - 2012,Fenerbahce,easy,4-5-1,DEMIREL;ZIEGLER;KESIMAL;YOBO;GONUL;STOCH;CRISTIAN;ALEX;BELOZOGLU;TOPUZ;SOW
Kayserispor vs. Genclerbirligi - Sunday February 5 - 2012,Genclerbirligi,hard,4-2-3-1,KOSE;TEBER;SEDEF;DEMIR;CAN;AZOFEIFA;AYDOGDU;OZTEKIN;DELIBALTA;MERIC;TUM
Kayserispor vs. Genclerbirligi - Sunday February 5 - 2012,Kayserispor,hard,4-1-4-1,NAVARRO;KALDIRIM;GUNGOR;ZURAB KHIZANISHVILI;PEKARIK;RIVEROS;TROISI;OZCAL;YOKUSLU;YILMAZ;KUJOVIC
Mersin Idmanyurdu vs. Sivasspor - Sunday February 5 - 2012,Mersin Idmanyurdu,hard,4-3-3,SEHIC;KECELI;ATAN;BOUM;GUVEN;BAYRAKTAR;BUENO;ATAS;ANDRE MORITZ;BETO;TISDELL
Mersin Idmanyurdu vs. Sivasspor - Sunday February 5 - 2012,Sivasspor,hard,4-5-1,SAHIN;ERDAL;NAVRATIL;RAJNOCH;FATY;GROSICKI;KARAKAS;KILIC;BEKMEZCI;CERNY;ENERAMO
Ankaragucu vs. Manisaspor - Monday February 6 - 2012,Ankaragucu,hard,4-3-3,OLGUN;DOGAN;KURT;TOSCALI;COGUM;TORUN;TURKMEN;KANAK;ERDOGAN;GARHAN;DEMIRHAN
Ankaragucu vs. Manisaspor - Monday February 6 - 2012,Manisaspor,hard,4-3-3,AVCIBAY;COKMUS;AKAMINKO;DIXON;BARIS;HARBUZI;INCEDEMIR;ERDOGAN;OZEK;MAKUKULA;VUCICEVIC
Eskisehirspor vs. Istanbul Buyuksehir Belediyespor - Monday February 6 - 2012,Eskisehirspor,hard,4-1-4-1,IVESA;DEDE;DIEGO ANGELO;BAHTIYAROGLU;SARI;GUCER;YAMAN;POTUK;PELE;TELLO;KAMARA
Eskisehirspor vs. Istanbul Buyuksehir Belediyespor - Monday February 6 - 2012,Istanbul Buyuksehir Belediyespor,hard,4-3-3,BAHADIR;AYDIN;DEPE;MARCUS VINICIUS;KUS;KORKMAZ;TEKDEMIR;HOLMEN;DOKA MADUREIRA;WEBO;TOM
Kardemir Dc Karabukspor vs. Samsunspor - Monday February 6 - 2012,Kardemir Dc Karabukspor,hard,4-2-3-1,TOMIC;SERIC;JAHIC;MABIALA;UCAR;SARP;KAGAN SOYLEMEZGILLER;SHELTON;CERNAT;PARLAK;YILDIZ
Kardemir Dc Karabukspor vs. Samsunspor - Monday February 6 - 2012,Samsunspor,hard,4-2-3-1,TASKIRAN;TUNCER;KELHAR;TOKAK;ALKASI;YILDIRIM;FINK;EKIGHO;ARSLAN;OZKAN;GEKAS
Istanbul Buyuksehir Belediyespor vs. Kardemir Dc Karabukspor - Thursday February 9 - 2012,Istanbul Buyuksehir Belediyespor,hard,4-3-3,BAHADIR;EKSIOGLU;MARCUS VINICIUS;ZAYATTE;SAHIN;HOLMEN;TEKDEMIR;YALCIN;DOKA MADUREIRA;WEBO;TOM
Istanbul Buyuksehir Belediyespor vs. Kardemir Dc Karabukspor - Thursday February 9 - 2012,Kardemir Dc Karabukspor,hard,4-4-2,TOMIC;SERIC;OZDIN;MABIALA;JAHIC;CERNAT;SARP;HIKMET;HAMROUN;YILDIZ;PARLAK
Sivasspor vs. Besiktas - Thursday February 9 - 2012,Besiktas,easy,4-1-4-1,GONEN;KAYHAN;KORKMAZ;SIVOK;TORAMAN;ERNST;HOLOSKO;FERNANDES;KAVLAK;UYSAL;PEKTEMEK
Sivasspor vs. Besiktas - Thursday February 9 - 2012,Sivasspor,hard,4-2-3-1,SAHIN;ERDAL;NAVRATIL;RAJNOCH;KAVUK;BEKMEZCI;KARAKAS;CERNY;KILIC;GROSICKI;ENERAMO
Trabzonspor vs. Gaziantepspor - Friday February 10 - 2012,Gaziantepspor,hard,4-5-1,KARCEMARSKAS;IVAN;NOUNKEU;BINYA;SUME;POPOV;PEHLIVAN;HAS;BADUR;SAPARA;TOSUN
Trabzonspor vs. Gaziantepspor - Friday February 10 - 2012,Trabzonspor,easy,4-4-2,ZENGIN;CECH;CELUSTKA;YUMLU;BALCI;ADIN;COLMAN;AKGUN;SEN;YILMAZ;ALTINTOP
Galatasaray vs. Kayserispor - Saturday February 11 - 2012,Galatasaray,easy,4-4-2,MUSLERA;RIERA;KAYA;UJFALUSI;SARIOGLU;COLAK;INAN;FELIPE MELO;BAYTAR;ELMANDER;ATES
Galatasaray vs. Kayserispor - Saturday February 11 - 2012,Kayserispor,hard,4-3-3,NAVARRO;KALDIRIM;GUNGOR;ZURAB KHIZANISHVILI;COREKCI;DURAK;OZCAL;RIVEROS;AMRABAT;KUJOVIC;TROISI
Genclerbirligi vs. Mersin Idmanyurdu - Saturday February 11 - 2012,Genclerbirligi,hard,4-5-1,KOSE;TEBER;SEDEF;DEMIR;CAN;OZTEKIN;AZOFEIFA;DELIBALTA;AYDOGDU;MERIC;TUM
Genclerbirligi vs. Mersin Idmanyurdu - Saturday February 11 - 2012,Mersin Idmanyurdu,hard,4-3-3,ARIKAN;BOUM;ATAN;KAS;KECELI;BEN YAHIA;ATAS;ZURITA;DELEV;NOBRE;OZOKWO
Istanbul Buyuksehir Belediyespor vs. Ankaragucu - Sunday February 12 - 2012,Ankaragucu,hard,4-3-3,OLGUN;TASCI;KURT;DOGAN;COGUM;GULDEN;KANAK;KUBAT;ERDOGAN;SIRIN;DEMIRHAN
Istanbul Buyuksehir Belediyespor vs. Ankaragucu - Sunday February 12 - 2012,Istanbul Buyuksehir Belediyespor,hard,4-3-3,BAHADIR;EKSIOGLU;TEKDEMIR;ARAT;KUS;KORKMAZ;GULPINAR;HOLMEN;DOKA MADUREIRA;WEBO;TOM
Kardemir Dc Karabukspor vs. Fenerbahce - Sunday February 12 - 2012,Fenerbahce,easy,4-2-3-1,DEMIREL;ZIEGLER;KESIMAL;YOBO;SAM;CRISTIAN;TOPUZ;ERKIN;ALEX;STOCH;SOW
Kardemir Dc Karabukspor vs. Fenerbahce - Sunday February 12 - 2012,Kardemir Dc Karabukspor,hard,4-3-2-1,TOMIC;SERIC;JAHIC;MABIALA;UCAR;HIKMET;RAGUED;SOYLER;PARLAK;CERNAT;YILDIZ
Manisaspor vs. Bursaspor - Sunday February 12 - 2012,Bursaspor,hard,4-2-3-1,CARSON;ASLANTAS;AZIZ;ERDOGAN;CHRETIEN;N'DIAYE;KOCAK;WEDERSON;BATALLA;SESTAK;BAHADIR
Manisaspor vs. Bursaspor - Sunday February 12 - 2012,Manisaspor,hard,4-4-2,AVCIBAY;KLUKOWSKI;AKAMINKO;DIXON;BARIS;VUCICEVIC;INCEDEMIR;ERDOGAN;OZEK;MAKUKULA;PROMISE
Orduspor vs. Antalyaspor - Sunday February 12 - 2012,Antalyaspor,hard,4-3-3,CATKIC;MINEV;BARIS;TURAN;TANDOGAN;INCEMAN;DAGASAN;SERAS;TITA;ZITOUNI;BOYRAZ
Orduspor vs. Antalyaspor - Sunday February 12 - 2012,Orduspor,hard,4-2-3-1,ELMAS;SAHIN;AYHAN;GARCIA;DERELI;TUNCER;CAMDALI;CULIO;STANCU;JAVITO;KABZE
Samsunspor vs. Eskisehirspor - Sunday February 12 - 2012,Eskisehirspor,hard,4-2-3-1,IVESA;DEDE;DIEGO ANGELO;BAHTIYAROGLU;SARI;PELE;GUCER;YAMAN;POTUK;TELLO;KAMARA
Samsunspor vs. Eskisehirspor - Sunday February 12 - 2012,Samsunspor,hard,4-2-3-1,TASKIRAN;BORAL;ANDRE BAHIA;KELHAR;ALKASI;CEYLAN;FINK;EKIGHO;YILDIRIM;OZKAN;GEKAS
Mersin Idmanyurdu vs. Galatasaray - Friday February 17 - 2012,Galatasaray,easy,4-4-2,MUSLERA;BALTA;KAYA;UJFALUSI;EBOUE;COLAK;GULSELAM;INAN;BAYTAR;ELMANDER;ATES
Mersin Idmanyurdu vs. Galatasaray - Friday February 17 - 2012,Mersin Idmanyurdu,hard,4-3-2-1,ARIKAN;KECELI;BOUM;KAS;GUVEN;BEN YAHIA;ZURITA;ATAS;BUENO;OZGUR;NOBRE
Ankaragucu vs. Samsunspor - Saturday February 18 - 2012,Ankaragucu,hard,4-3-3,OLGUN;DOGAN;KURT;ALVER;COGUM;ERDOGAN;GULDEN;TORUN;DEMIRHAN;GARHAN;KANAK
Ankaragucu vs. Samsunspor - Saturday February 18 - 2012,Samsunspor,hard,4-3-3,TASKIRAN;BORAL;ANDRE BAHIA;KELHAR;ALKASI;YILDIRIM;FINK;CEYLAN;EKIGHO;BANCE;ZENKE
Antalyaspor vs. Manisaspor - Saturday February 18 - 2012,Antalyaspor,hard,4-3-3,CATKIC;MINEV;BARIS;TURAN;TANDOGAN;KAYA;DAGASAN;INCEMAN;TITA;JABA;BOYRAZ
Antalyaspor vs. Manisaspor - Saturday February 18 - 2012,Manisaspor,hard,4-3-3,BABACAN;KLUKOWSKI;AKAMINKO;BALIOGLU;BARIS;CALISKAN;DIXON;ERDOGAN;HARBUZI;PROMISE;VUCICEVIC
Fenerbahce vs. Sivasspor - Saturday February 18 - 2012,Fenerbahce,easy,4-5-1,DEMIREL;ZIEGLER;IRTEGUN;YOBO;GONUL;DIA;CRISTIAN;ALEX;BELOZOGLU;TOPUZ;SOW
Fenerbahce vs. Sivasspor - Saturday February 18 - 2012,Sivasspor,hard,4-4-2,SAHIN;ERDAL;NAVRATIL;RAJNOCH;KAVUK;KILIC;BEKMEZCI;KARAKAS;GROSICKI;ENERAMO;PEDRIEL
Besiktas vs. Genclerbirligi - Sunday February 19 - 2012,Besiktas,easy,4-1-4-1,GONEN;KAYHAN;GULUM;SIVOK;DAG;ERNST;QUARESMA;FERNANDES;KAVLAK;UYSAL;ALMEIDA
Besiktas vs. Genclerbirligi - Sunday February 19 - 2012,Genclerbirligi,hard,4-3-3,KOSE;SEDEF;DEMIR;KULUSIC;CAN;AZOFEIFA;ILERI;AYDOGDU;ZEC;TUM;MERIC
Eskisehirspor vs. Kardemir Dc Karabukspor - Sunday February 19 - 2012,Eskisehirspor,hard,4-5-1,IVESA;DEDE;DIEGO ANGELO;NADAREVIC;ARSLAN;YAMAN;GUCER;POTUK;SARI;TELLO;KAMARA
Eskisehirspor vs. Kardemir Dc Karabukspor - Sunday February 19 - 2012,Kardemir Dc Karabukspor,hard,4-4-2,TOMIC;SERIC;JAHIC;MABIALA;UCAR;SHELTON;HIKMET;SOYLER;CERNAT;YILDIZ;PARLAK
Gaziantepspor vs. Orduspor - Sunday February 19 - 2012,Gaziantepspor,hard,4-3-3,ONGUN;IVAN;CAN;BINYA;SUME;BADUR;PEHLIVAN;HAS;POPOV;DEMIR;SAPARA
Gaziantepspor vs. Orduspor - Sunday February 19 - 2012,Orduspor,hard,4-4-2,FORNEZZI;SAHIN;AYHAN;KULGA;DERELI;CULIO;CAMDALI;OZMERT;JAVITO;KABZE;STANCU
Kayserispor vs. Trabzonspor - Sunday February 19 - 2012,Kayserispor,hard,4-5-1,NAVARRO;KALDIRIM;GUNGOR;ZURAB KHIZANISHVILI;COREKCI;AMRABAT;RIVEROS;YILMAZ;DURAK;TROISI;KUJOVIC
Kayserispor vs. Trabzonspor - Sunday February 19 - 2012,Trabzonspor,easy,4-2-3-1,ZENGIN;CELUSTKA;KACAR;YUMLU;BALCI;ZOKORA;AKGUN;ADIN;ALANZINHO;SEN;YILMAZ
Bursaspor vs. Istanbul Buyuksehir Belediyespor - Monday February 20 - 2012,Bursaspor,hard,4-2-3-1,CARSON;WEDERSON;AZIZ;ERDOGAN;CHRETIEN;N'DIAYE;KOCAK;IPEK;BATALLA;SESTAK;PINTO
Bursaspor vs. Istanbul Buyuksehir Belediyespor - Monday February 20 - 2012,Istanbul Buyuksehir Belediyespor,hard,4-3-3,BAHADIR;EKSIOGLU;ARAT;ZAYATTE;KUS;INANC;TEKDEMIR;HOLMEN;DOKA MADUREIRA;WEBO;TOM
Orduspor vs. Kayserispor - Friday February 24 - 2012,Kayserispor,hard,4-5-1,NAVARRO;KALDIRIM;DABANLI;EKER;PEKARIK;AMRABAT;RIVEROS;TROISI;DURAK;YILMAZ;KUJOVIC
Orduspor vs. Kayserispor - Friday February 24 - 2012,Orduspor,hard,4-5-1,FORNEZZI;SAHIN;AYHAN;GARCIA;DERELI;CULIO;GOSSO;OZMERT;CAMDALI;JAVITO;STANCU
Eskisehirspor vs. Fenerbahce - Saturday February 25 - 2012,Eskisehirspor,hard,4-2-3-1,IVESA;DEDE;DIEGO ANGELO;BAHTIYAROGLU;SARI;ERTUGRUL;GUCER;ZENGIN;POTUK;KAMARA;OZBAYRAKTAR
Eskisehirspor vs. Fenerbahce - Saturday February 25 - 2012,Fenerbahce,easy,4-2-3-1,DEMIREL;ZIEGLER;IRTEGUN;YOBO;GONUL;CRISTIAN;BELOZOGLU;STOCH;ALEX;TOPUZ;SOW
Kardemir Dc Karabukspor vs. Ankaragucu - Saturday February 25 - 2012,Ankaragucu,hard,4-3-3,OLGUN;DOGAN;KURT;ALVER;COGUM;ERDOGAN;GULDEN;EVCI;TORUN;GARHAN;KANAK
Kardemir Dc Karabukspor vs. Ankaragucu - Saturday February 25 - 2012,Kardemir Dc Karabukspor,hard,4-3-3,TOMIC;SERIC;JAHIC;MABIALA;UCAR;HIKMET;CERNAT;SOYLER;SHELTON;YILDIZ;PARLAK
Manisaspor vs. Gaziantepspor - Saturday February 25 - 2012,Gaziantepspor,hard,4-3-1-2,KARCEMARSKAS;CAN;BINYA;NOUNKEU;SUME;HAS;PEHLIVAN;KURTULUS;SAPARA;TOSUN;DEMIR
Manisaspor vs. Gaziantepspor - Saturday February 25 - 2012,Manisaspor,hard,4-3-3,AVCIBAY;KLUKOWSKI;AKAMINKO;DIXON;BARIS;CALISKAN;INCEDEMIR;ERDOGAN;CLAUDIO PITBULL;PROMISE;OZEK
Samsunspor vs. Bursaspor - Saturday February 25 - 2012,Bursaspor,hard,4-3-3,CARSON;ASLANTAS;ERDOGAN;AZIZ;CHRETIEN;KOCAK;BATALLA;CAGIRAN;IPEK;PINTO;SESTAK
Samsunspor vs. Bursaspor - Saturday February 25 - 2012,Samsunspor,hard,4-3-3,TASKIRAN;BORAL;ANDRE BAHIA;KELHAR;ALKASI;YILDIRIM;FINK;CEYLAN;EKIGHO;GEKAS;ZENKE
Galatasaray vs. Besiktas - Sunday February 26 - 2012,Besiktas,easy,4-3-3,GONEN;KOYBASI;KORKMAZ;SIVOK;TORAMAN;UYSAL;ERNST;KAVLAK;SIMAO;ALMEIDA;QUARESMA
Galatasaray vs. Besiktas - Sunday February 26 - 2012,Galatasaray,easy,4-4-2,MUSLERA;BALTA;KAYA;UJFALUSI;EBOUE;COLAK;FELIPE MELO;INAN;BAYTAR;ELMANDER;ATES
Genclerbirligi vs. Sivasspor - Sunday February 26 - 2012,Genclerbirligi,hard,4-3-3,KOSE;SEDEF;DEMIR;KULUSIC;CAN;AZOFEIFA;ILERI;AYDOGDU;OZTEKIN;TUM;MERIC
Genclerbirligi vs. Sivasspor - Sunday February 26 - 2012,Sivasspor,hard,4-3-3,SENECKY;ERDAL;RAJNOCH;NAVRATIL;KAVUK;NAS;BEKMEZCI;KARAKAS;OZKARA;PEDRIEL;GROSICKI
Istanbul Buyuksehir Belediyespor vs. Antalyaspor - Sunday February 26 - 2012,Antalyaspor,hard,4-3-3,CATKIC;MINEV;BARIS;TURAN;TANDOGAN;DAGASAN;BASSAN;INCEMAN;TITA;JABA;BOYRAZ
Istanbul Buyuksehir Belediyespor vs. Antalyaspor - Sunday February 26 - 2012,Istanbul Buyuksehir Belediyespor,hard,4-3-3,BAHADIR;AYDIN;TEKDEMIR;MARCUS VINICIUS;KUS;KORKMAZ;INANC;HOLMEN;VISCA;AKAN;TOM
Trabzonspor vs. Mersin Idmanyurdu - Sunday February 26 - 2012,Mersin Idmanyurdu,hard,4-2-3-1,ARIKAN;ATAN;BOUM;KAS;KECELI;BAYRAKTAR;BEN YAHIA;ANDRE MORITZ;OZGUR;BUENO;NOBRE
Trabzonspor vs. Mersin Idmanyurdu - Sunday February 26 - 2012,Trabzonspor,easy,4-5-1,ZENGIN;CECH;YUMLU;KACAR;BALCI;ADIN;ZOKORA;ALANZINHO;COLMAN;SEN;HENRIQUE
Ankaragucu vs. Eskisehirspor - Saturday March 3 - 2012,Ankaragucu,hard,4-3-3,OLGUN;DOGAN;KURT;GEYIK;ERDOGAN;GULDEN;KANAK;EVCI;DEMIRHAN;GARHAN;SIRIN
Ankaragucu vs. Eskisehirspor - Saturday March 3 - 2012,Eskisehirspor,hard,4-4-2,IVESA;DEDE;DIEGO ANGELO;BAHTIYAROGLU;SARI;TELLO;ERTUGRUL;POTUK;ZENGIN;OZBAYRAKTAR;KAMARA
Antalyaspor vs. Samsunspor - Saturday March 3 - 2012,Antalyaspor,hard,4-3-3,USAK;MINEV;BARIS;TURAN;TANDOGAN;KAYA;DAGASAN;SERAS;TITA;JABA;BOYRAZ
Antalyaspor vs. Samsunspor - Saturday March 3 - 2012,Samsunspor,hard,4-3-3,TASKIRAN;KELHAR;ANDRE BAHIA;TOKAK;ALKASI;ARSLAN;FINK;CEYLAN;YILDIRIM;GEKAS;EKIGHO
Fenerbahce vs. Genclerbirligi - Saturday March 3 - 2012,Fenerbahce,easy,4-5-1,DEMIREL;ZIEGLER;KESIMAL;YOBO;GONUL;STOCH;CRISTIAN;ALEX;BELOZOGLU;TOPUZ;SOW
Fenerbahce vs. Genclerbirligi - Saturday March 3 - 2012,Genclerbirligi,hard,4-3-3,KOSE;SEDEF;DEMIR;KULUSIC;CAN;AZOFEIFA;ILERI;AYDOGDU;OZTEKIN;TUM;MERIC
Mersin Idmanyurdu vs. Orduspor - Saturday March 3 - 2012,Mersin Idmanyurdu,hard,4-3-3,ARIKAN;KECELI;ATAN;KAS;GUVEN;BEN YAHIA;BAYRAKTAR;ATAS;DELEV;NOBRE;ANDRE MORITZ
Mersin Idmanyurdu vs. Orduspor - Saturday March 3 - 2012,Orduspor,hard,4-2-3-1,FORNEZZI;SAHIN;AYHAN;GARCIA;DERELI;GOSSO;CAMDALI;CULIO;OZMERT;JAVITO;STANCU
Besiktas vs. Trabzonspor - Sunday March 4 - 2012,Besiktas,easy,4-3-3,GONEN;GULUM;SIDNEI;SIVOK;TORAMAN;FERNANDES;ERNST;UYSAL;DAG;ALMEIDA;QUARESMA
Besiktas vs. Trabzonspor - Sunday March 4 - 2012,Trabzonspor,easy,4-2-3-1,ZENGIN;CELUSTKA;KACAR;YUMLU;BALCI;ZOKORA;COLMAN;ADIN;MIERZEJEWSKI;SEN;YILMAZ
Bursaspor vs. Kardemir Dc Karabukspor - Sunday March 4 - 2012,Bursaspor,hard,4-3-3,CARSON;WEDERSON;ERDOGAN;OZTURK;ASLANTAS;N'DIAYE;BATALLA;KOCAK;IPEK;PINTO;SESTAK
Bursaspor vs. Kardemir Dc Karabukspor - Sunday March 4 - 2012,Kardemir Dc Karabukspor,hard,4-4-2,TOMIC;SERIC;JAHIC;MABIALA;UCAR;SHELTON;HIKMET;SOYLER;CERNAT;YILDIZ;PARLAK
Gaziantepspor vs. Istanbul Buyuksehir Belediyespor - Sunday March 4 - 2012,Gaziantepspor,hard,4-3-3,KARCEMARSKAS;CAN;NOUNKEU;SUME;KURTULUS;HAS;BINYA;PEHLIVAN;POPOV;DEMIR;SAPARA
Gaziantepspor vs. Istanbul Buyuksehir Belediyespor - Sunday March 4 - 2012,Istanbul Buyuksehir Belediyespor,hard,4-3-3,BAHADIR;AYDIN;TEKDEMIR;MARCUS VINICIUS;KUS;KORKMAZ;INANC;HOLMEN;DOKA MADUREIRA;WEBO;VISCA
Sivasspor vs. Galatasaray - Monday March 5 - 2012,Galatasaray,easy,4-4-2,MUSLERA;BALTA;KAYA;UJFALUSI;EBOUE;COLAK;INAN;FELIPE MELO;RIERA;ELMANDER;ATES
Sivasspor vs. Galatasaray - Monday March 5 - 2012,Sivasspor,hard,4-4-2,SENECKY;KONUK;NAVRATIL;RAJNOCH;KAVUK;GROSICKI;BEKMEZCI;KILIC;NAS;ENERAMO;PEDRIEL
Ankaragucu vs. Fenerbahce - Friday March 9 - 2012,Ankaragucu,hard,4-4-2,OLGUN;DOGAN;KURT;TOSCALI;TORUN;ERDOGAN;GULDEN;EVCI;SIRIN;GARHAN;DEMIRHAN
Ankaragucu vs. Fenerbahce - Friday March 9 - 2012,Fenerbahce,easy,4-5-1,DEMIREL;ZIEGLER;FABIO BILICA;YOBO;GONUL;DIA;SAHIN;STOCH;BELOZOGLU;TOPUZ;SOW
Galatasaray vs. Genclerbirligi - Saturday March 10 - 2012,Galatasaray,easy,4-4-2,MUSLERA;BALTA;KAYA;UJFALUSI;EBOUE;RIERA;INAN;FELIPE MELO;BAYTAR;ELMANDER;ATES
Galatasaray vs. Genclerbirligi - Saturday March 10 - 2012,Genclerbirligi,hard,4-5-1,KARABULUT;TEBER;DEMIR;KULUSIC;CAN;OZTEKIN;AKGUN;DURUER;AZOFEIFA;MERIC;TUM
Istanbul Buyuksehir Belediyespor vs. Kayserispor - Saturday March 10 - 2012,Istanbul Buyuksehir Belediyespor,hard,4-3-3,BAHADIR;AYDIN;DEPE;ZAYATTE;KUS;HASPOLATLI;INANC;HOLMEN;DOKA MADUREIRA;WEBO;VISCA
Istanbul Buyuksehir Belediyespor vs. Kayserispor - Saturday March 10 - 2012,Kayserispor,hard,4-3-3,NAVARRO;KALDIRIM;GUNGOR;ZURAB KHIZANISHVILI;PEKARIK;YOKUSLU;RIVEROS;SOZEN;AMRABAT;KUJOVIC;YILMAZ
Eskisehirspor vs. Bursaspor - Sunday March 11 - 2012,Bursaspor,hard,4-2-3-1,CARSON;WEDERSON;ERDOGAN;OZTURK;ASLANTAS;N'DIAYE;KOCAK;IPEK;BATALLA;SESTAK;PINTO
Eskisehirspor vs. Bursaspor - Sunday March 11 - 2012,Eskisehirspor,hard,4-3-3,ERDOGAN;DEDE;DIEGO ANGELO;BAHTIYAROGLU;SARI;GUCER;POTUK;ERTUGRUL;ZENGIN;OZBAYRAKTAR;ESER
Kardemir Dc Karabukspor vs. Antalyaspor - Sunday March 11 - 2012,Antalyaspor,hard,4-3-3,USAK;MINEV;BARIS;RADELJIC;SEKMAN;INCEMAN;DAGASAN;KAYA;BOYRAZ;ZITOUNI;AYDIN
Kardemir Dc Karabukspor vs. Antalyaspor - Sunday March 11 - 2012,Kardemir Dc Karabukspor,hard,4-3-3,TOMIC;SERIC;JAHIC;MABIALA;UCAR;SARP;CERNAT;HIKMET;SHELTON;YILDIZ;PARLAK
Manisaspor vs. Mersin Idmanyurdu - Sunday March 11 - 2012,Manisaspor,hard,4-3-3,AVCIBAY;COKMUS;DIXON;TOK;AKAMINKO;CALISKAN;INCEDEMIR;ERDOGAN;VUCICEVIC;PROMISE;OZEK
Manisaspor vs. Mersin Idmanyurdu - Sunday March 11 - 2012,Mersin Idmanyurdu,hard,4-3-3,ARIKAN;KECELI;BOUM;KAS;GUVEN;BEN YAHIA;BAYRAKTAR;ZURITA;DELEV;NOBRE;ANDRE MORITZ
Orduspor vs. Besiktas - Sunday March 11 - 2012,Besiktas,easy,4-3-3,RECBER;KOYBASI;KORKMAZ;SIDNEI;DAG;FERNANDES;ERNST;KAVLAK;SIMAO;PEKTEMEK;HOLOSKO
Orduspor vs. Besiktas - Sunday March 11 - 2012,Orduspor,hard,4-2-3-1,FORNEZZI;SAHIN;AYHAN;BAYRAK;GARCIA;GOSSO;CAMDALI;CULIO;OZMERT;JAVITO;STANCU
Samsunspor vs. Gaziantepspor - Sunday March 11 - 2012,Gaziantepspor,hard,4-3-2-1,KARCEMARSKAS;CAN;NOUNKEU;SUME;KURTULUS;PEHLIVAN;HAS;BINYA;SAPARA;POPOV;DEMIR
Samsunspor vs. Gaziantepspor - Sunday March 11 - 2012,Samsunspor,hard,4-3-3,TASKIRAN;ANDRE BAHIA;KELHAR;TOKAK;ALKASI;CEYLAN;FINK;ARSLAN;EKIGHO;GEKAS;YILDIRIM
Trabzonspor vs. Sivasspor - Monday March 12 - 2012,Sivasspor,hard,4-3-3,KOCA;KONUK;NAVRATIL;RAJNOCH;CERNY;BEKMEZCI;KILIC;KARAKAS;GROSICKI;ENERAMO;PEDRIEL
Trabzonspor vs. Sivasspor - Monday March 12 - 2012,Trabzonspor,easy,4-2-3-1,ZENGIN;CECH;CELUSTKA;KACAR;BALCI;COLMAN;AKGUN;HENRIQUE;MIERZEJEWSKI;SEN;YILMAZ
Genclerbirligi vs. Trabzonspor - Friday March 16 - 2012,Genclerbirligi,hard,4-3-3,KOSE;TEBER;DEMIR;KULUSIC;SEDEF;AKGUN;DELIBALTA;AYDOGDU;OZTEKIN;TUM;MERIC
Genclerbirligi vs. Trabzonspor - Friday March 16 - 2012,Trabzonspor,easy,4-3-3,ZENGIN;CECH;CELUSTKA;KACAR;BALCI;ZOKORA;ALANZINHO;COLMAN;MIERZEJEWSKI;YILMAZ;ALTINTOP
Antalyaspor vs. Eskisehirspor - Saturday March 17 - 2012,Antalyaspor,hard,4-3-3,CATKIC;MINEV;NIZAM;RADELJIC;TANDOGAN;INCEMAN;AGCAY;SERAS;TITA;BOYRAZ;AYDIN
Antalyaspor vs. Eskisehirspor - Saturday March 17 - 2012,Eskisehirspor,hard,4-3-3,IVESA;DEDE;DIEGO ANGELO;BAHTIYAROGLU;SARI;ERTUGRUL;POTUK;GUCER;ZENGIN;OZBAYRAKTAR;ESER
Bursaspor vs. Ankaragucu - Saturday March 17 - 2012,Ankaragucu,hard,4-3-3,OLGUN;DOGAN;KURT;TOSCALI;TORUN;ERDOGAN;GULDEN;TURKMEN;KANAK;GARHAN;SIRIN
Bursaspor vs. Ankaragucu - Saturday March 17 - 2012,Bursaspor,hard,4-2-3-1,OZKAN;WEDERSON;AZIZ;STEPANOV;CHRETIEN;N'DIAYE;CAGIRAN;IPEK;BATALLA;SESTAK;PINTO
Fenerbahce vs. Galatasaray - Saturday March 17 - 2012,Fenerbahce,easy,4-5-1,DEMIREL;ZIEGLER;KESIMAL;YOBO;GONUL;STOCH;CRISTIAN;ALEX;BELOZOGLU;TOPUZ;SOW
Fenerbahce vs. Galatasaray - Saturday March 17 - 2012,Galatasaray,easy,4-4-2,MUSLERA;BALTA;KAYA;UJFALUSI;EBOUE;COLAK;FELIPE MELO;INAN;BAYTAR;ELMANDER;ATES
Sivasspor vs. Orduspor - Saturday March 17 - 2012,Orduspor,hard,4-3-3,FORNEZZI;SAHIN;AYHAN;BAYRAK;GARCIA;GOSSO;OZMERT;CAMDALI;KALKAN;STANCU;JAVITO
Sivasspor vs. Orduspor - Saturday March 17 - 2012,Sivasspor,hard,4-1-3-2,KOCA;ERDAL;RAJNOCH;NAVRATIL;KAVUK;BEKMEZCI;CERNY;KILIC;GROSICKI;ENERAMO;PEDRIEL
Gaziantepspor vs. Kardemir Dc Karabukspor - Sunday March 18 - 2012,Gaziantepspor,hard,4-3-3,KARCEMARSKAS;CAN;NOUNKEU;SUME;KURTULUS;SAPARA;PEHLIVAN;HAS;POPOV;DEMIR;SAHIN
Gaziantepspor vs. Kardemir Dc Karabukspor - Sunday March 18 - 2012,Kardemir Dc Karabukspor,hard,4-2-3-1,KORK;SERIC;JAHIC;MABIALA;UCAR;SARP;HIKMET;SHELTON;CERNAT;PARLAK;YILDIZ
Kayserispor vs. Samsunspor - Sunday March 18 - 2012,Kayserispor,hard,4-3-3,NAVARRO;KALDIRIM;GUNGOR;ZURAB KHIZANISHVILI;COREKCI;DURAK;RIVEROS;TROISI;AMRABAT;KUJOVIC;YILMAZ
Kayserispor vs. Samsunspor - Sunday March 18 - 2012,Samsunspor,hard,4-3-3,TASKIRAN;ANDRE BAHIA;KELHAR;TOKAK;ALKASI;ARSLAN;FINK;YILDIRIM;EKIGHO;GEKAS;ZENKE
Mersin Idmanyurdu vs. Istanbul Buyuksehir Belediyespor - Sunday March 18 - 2012,Istanbul Buyuksehir Belediyespor,hard,4-1-4-1,BAHADIR;AYDIN;DEPE;ZAYATTE;KUS;HASPOLATLI;DOKA MADUREIRA;INANC;HOLMEN;VISCA;WEBO
Mersin Idmanyurdu vs. Istanbul Buyuksehir Belediyespor - Sunday March 18 - 2012,Mersin Idmanyurdu,hard,4-3-3,SEHIC;KECELI;ATAN;BOUM;GUVEN;BUENO;BEN YAHIA;ZURITA;TISDELL;NOBRE;KILICASLAN
Besiktas vs. Manisaspor - Monday March 19 - 2012,Besiktas,easy,4-3-3,GONEN;KOYBASI;KORKMAZ;SIVOK;HILBERT;FERNANDES;ERNST;KAVLAK;SIMAO;ALMEIDA;PEKTEMEK
Besiktas vs. Manisaspor - Monday March 19 - 2012,Manisaspor,hard,4-2-3-1,AVCIBAY;COKMUS;DIXON;TOK;AKAMINKO;INCEDEMIR;CALISKAN;OZEK;ERDOGAN;PROMISE;KAHE
Fenerbahce vs. Bursaspor - Saturday March 24 - 2012,Bursaspor,hard,4-2-3-1,CARSON;ASLANTAS;AZIZ;OZTURK;CHRETIEN;N'DIAYE;KOCAK;WEDERSON;BATALLA;SESTAK;PINTO
Fenerbahce vs. Bursaspor - Saturday March 24 - 2012,Fenerbahce,easy,4-5-1,DEMIREL;ZIEGLER;IRTEGUN;YOBO;SAM;STOCH;CRISTIAN;ALEX;SAHIN;TOPUZ;SOW
Ankaragucu vs. Antalyaspor - Sunday March 25 - 2012,Ankaragucu,hard,4-3-3,OLGUN;DOGAN;KURT;TOSCALI;TORUN;GULDEN;TURKMEN;ERDOGAN;ERDOGAN;KURUMUS;SIRIN
Ankaragucu vs. Antalyaspor - Sunday March 25 - 2012,Antalyaspor,hard,4-3-3,CATKIC;BASSAN;RADELJIC;TURAN;TANDOGAN;KAYA;DAGASAN;SERAS;TITA;JABA;BOYRAZ
Eskisehirspor vs. Gaziantepspor - Sunday March 25 - 2012,Eskisehirspor,hard,4-5-1,IVESA;DEDE;DIEGO ANGELO;BAHTIYAROGLU;ARSLAN;ZENGIN;GUCER;ERTUGRUL;SARI;ESER;KAMARA
Eskisehirspor vs. Gaziantepspor - Sunday March 25 - 2012,Gaziantepspor,hard,4-3-3,KARCEMARSKAS;CAN;SUME;NOUNKEU;KURTULUS;PEHLIVAN;SAPARA;BINYA;SAHIN;DEMIR;POPOV
Galatasaray vs. Trabzonspor - Sunday March 25 - 2012,Galatasaray,easy,4-4-2,MUSLERA;BALTA;KAYA;UJFALUSI;EBOUE;COLAK;FELIPE MELO;INAN;BAYTAR;BAROS;ATES
Galatasaray vs. Trabzonspor - Sunday March 25 - 2012,Trabzonspor,easy,4-2-3-1,ZENGIN;CELUSTKA;KACAR;YUMLU;BALCI;ZOKORA;COLMAN;ADIN;ALANZINHO;SEN;YILMAZ
Kardemir Dc Karabukspor vs. Kayserispor - Sunday March 25 - 2012,Kardemir Dc Karabukspor,hard,4-3-3,TOMIC;SERIC;JAHIC;MABIALA;UCAR;HIKMET;CERNAT;KAGAN SOYLEMEZGILLER;SHELTON;YILDIZ;PARLAK
Kardemir Dc Karabukspor vs. Kayserispor - Sunday March 25 - 2012,Kayserispor,hard,4-3-3,DEGIRMENCI;KALDIRIM;GUNGOR;ZURAB KHIZANISHVILI;PEKARIK;RIVEROS;OZCAL;SOZEN;TROISI;KUJOVIC;BISESWAR
Manisaspor vs. Sivasspor - Sunday March 25 - 2012,Manisaspor,hard,4-3-3,AVCIBAY;COKMUS;TOK;DIXON;AKAMINKO;CALISKAN;INCEDEMIR;ERDOGAN;OZEK;KAHE;PROMISE
Manisaspor vs. Sivasspor - Sunday March 25 - 2012,Sivasspor,hard,4-3-3,KOCA;ERDAL;NAVRATIL;RAJNOCH;KAVUK;NAS;FATY;KILIC;CERNY;ENERAMO;BEKMEZCI
Orduspor vs. Genclerbirligi - Sunday March 25 - 2012,Genclerbirligi,hard,4-3-3,KOSE;TEBER;SEDEF;KULUSIC;CAN;AKGUN;DELIBALTA;AZOFEIFA;OZTEKIN;TUM;MERIC
Orduspor vs. Genclerbirligi - Sunday March 25 - 2012,Orduspor,hard,4-3-3,FORNEZZI;SAHIN;AYHAN;KULGA;DERELI;OZMERT;GOSSO;CAMDALI;CULIO;BRUNO MEZENGA;JAVITO
Samsunspor vs. Mersin Idmanyurdu - Sunday March 25 - 2012,Mersin Idmanyurdu,hard,4-3-3,SEHIC;BEN YAHIA;ATAN;KAS;GUVEN;BUENO;BAYRAKTAR;KAYA;DELEV;NOBRE;OZOKWO
Samsunspor vs. Mersin Idmanyurdu - Sunday March 25 - 2012,Samsunspor,hard,4-3-3,TASKIRAN;KELHAR;KHUBUTIA;TOKAK;ALKASI;CEYLAN;ARSLAN;ANDRE BAHIA;BORAL;EKIGHO;OZKAN
Istanbul Buyuksehir Belediyespor vs. Besiktas - Monday March 26 - 2012,Besiktas,easy,4-3-3,GONEN;KORKMAZ;SIVOK;TORAMAN;HILBERT;FERNANDES;ERNST;KAVLAK;SIMAO;PEKTEMEK;KAPLAN
Istanbul Buyuksehir Belediyespor vs. Besiktas - Monday March 26 - 2012,Istanbul Buyuksehir Belediyespor,hard,4-3-3,BAHADIR;EKSIOGLU;ARAT;DEPE;SAHIN;INANC;TEKDEMIR;HOLMEN;VISCA;WEBO;TOM
Gaziantepspor vs. Ankaragucu - Friday March 30 - 2012,Ankaragucu,hard,4-3-3,OLGUN;TASCI;KURT;TOSCALI;GEYIK;TORUN;GULDEN;TURKMEN;ERDOGAN;KURUMUS;SIRIN
Gaziantepspor vs. Ankaragucu - Friday March 30 - 2012,Gaziantepspor,hard,4-3-3,KARCEMARSKAS;CAN;SUME;NOUNKEU;KURTULUS;POPOV;BINYA;SAPARA;SAHIN;DEMIR;TOSUN
Mersin Idmanyurdu vs. Kardemir Dc Karabukspor - Friday March 30 - 2012,Kardemir Dc Karabukspor,hard,4-3-3,KORK;VAROL;KARAER;OZDIN;OZGENC;SOYLER;SARP;RAGUED;TASKIRAN;YILDIZ;HAMROUN
Mersin Idmanyurdu vs. Kardemir Dc Karabukspor - Friday March 30 - 2012,Mersin Idmanyurdu,hard,4-3-3,BICER;KECELI;ATAN;BOUM;GUVEN;BUENO;BEN YAHIA;KAYA;DELEV;KILICASLAN;TISDELL
Galatasaray vs. Orduspor - Saturday March 31 - 2012,Galatasaray,easy,4-4-2,MUSLERA;BALTA;KAYA;UJFALUSI;EBOUE;COLAK;INAN;FELIPE MELO;BAYTAR;BAROS;ATES
Galatasaray vs. Orduspor - Saturday March 31 - 2012,Orduspor,hard,4-2-3-1,FORNEZZI;SAHIN;AYHAN;KULGA;GARCIA;GOSSO;CAMDALI;DALMAT;OZMERT;JAVITO;BRUNO MEZENGA
Genclerbirligi vs. Manisaspor - Saturday March 31 - 2012,Genclerbirligi,hard,4-3-3,KOSE;SEDEF;DEMIR;KULUSIC;CAN;AKGUN;AYDOGDU;AZOFEIFA;OZTEKIN;TUM;MERIC
Genclerbirligi vs. Manisaspor - Saturday March 31 - 2012,Manisaspor,hard,4-3-3,BABACAN;COKMUS;DIXON;TOK;AKAMINKO;YILMAZ;INCEDEMIR;CALISKAN;OZEK;KAHE;PROMISE
Kayserispor vs. Eskisehirspor - Saturday March 31 - 2012,Eskisehirspor,hard,4-3-3,IVESA;DEDE;DIEGO ANGELO;BAHTIYAROGLU;SARI;ERTUGRUL;ESER;GUCER;TELLO;KARADENIZ;KAMARA
Kayserispor vs. Eskisehirspor - Saturday March 31 - 2012,Kayserispor,hard,4-3-3,DEGIRMENCI;KALDIRIM;GUNGOR;ZURAB KHIZANISHVILI;COREKCI;OZCAL;RIVEROS;SOZEN;TROISI;KUJOVIC;AMRABAT
Sivasspor vs. Istanbul Buyuksehir Belediyespor - Saturday March 31 - 2012,Istanbul Buyuksehir Belediyespor,hard,4-2-3-1,BAHADIR;EKSIOGLU;ARAT;MARCUS VINICIUS;SAHIN;KORKMAZ;SUZEN;DOKA MADUREIRA;HOLMEN;TOM;WEBO
Sivasspor vs. Istanbul Buyuksehir Belediyespor - Saturday March 31 - 2012,Sivasspor,hard,4-2-3-1,KOCA;KONUK;AKCA;NAVRATIL;KAVUK;BEKMEZCI;FATY;GROSICKI;KILIC;PEDRIEL;ENERAMO
Antalyaspor vs. Bursaspor - Sunday April 1 - 2012,Antalyaspor,hard,4-3-3,CATKIC;MINEV;NIZAM;RADELJIC;SEKMAN;KAYA;DAGASAN;INCEMAN;BOYRAZ;TITA;AYDIN
Antalyaspor vs. Bursaspor - Sunday April 1 - 2012,Bursaspor,hard,4-3-3,CARSON;ASLANTAS;AZIZ;OZTURK;CHRETIEN;BATALLA;N'DIAYE;KOCAK;WEDERSON;PINTO;SESTAK
Besiktas vs. Samsunspor - Sunday April 1 - 2012,Besiktas,easy,4-3-3,GONEN;DAG;KORKMAZ;SIVOK;HILBERT;FERNANDES;UYSAL;KAVLAK;QUARESMA;ALMEIDA;KAPLAN
Besiktas vs. Samsunspor - Sunday April 1 - 2012,Samsunspor,hard,4-1-4-1,TASKIRAN;ANDRE BAHIA;KHUBUTIA;TOKAK;ALKASI;FINK;BORAL;YILDIRIM;ARSLAN;OZKAN;EKIGHO
Trabzonspor vs. Fenerbahce - Sunday April 1 - 2012,Fenerbahce,easy,4-5-1,DEMIREL;ZIEGLER;IRTEGUN;YOBO;GONUL;ERKIN;SAHIN;ALEX;CRISTIAN;TOPUZ;SOW
Trabzonspor vs. Fenerbahce - Sunday April 1 - 2012,Trabzonspor,easy,4-2-3-1,ZENGIN;CELUSTKA;KACAR;YUMLU;BALCI;COLMAN;AKGUN;ADIN;ALANZINHO;SEN;YILMAZ
Kardemir Dc Karabukspor vs. Besiktas - Friday April 6 - 2012,Besiktas,easy,4-3-3,RECBER;DAG;KORKMAZ;SIVOK;HILBERT;FERNANDES;TORAMAN;UYSAL;HOLOSKO;ALMEIDA;QUARESMA
Kardemir Dc Karabukspor vs. Besiktas - Friday April 6 - 2012,Kardemir Dc Karabukspor,hard,4-3-2-1,KORK;SERIC;JAHIC;MABIALA;UCAR;RAGUED;KAGAN SOYLEMEZGILLER;HIKMET;PARLAK;CERNAT;YILDIZ
Ankaragucu vs. Kayserispor - Saturday April 7 - 2012,Ankaragucu,hard,4-2-3-1,OLGUN;ERDOGAN;KURT;DOGAN;GEYIK;GULDEN;ERDOGAN;KANAK;TORUN;SIRIN;GARHAN
Ankaragucu vs. Kayserispor - Saturday April 7 - 2012,Kayserispor,hard,4-3-3,DEGIRMENCI;KALDIRIM;EKER;ZURAB KHIZANISHVILI;PEKARIK;OZCAL;RIVEROS;DURAK;AMRABAT;KUJOVIC;TROISI
Bursaspor vs. Gaziantepspor - Saturday April 7 - 2012,Bursaspor,hard,4-3-3,CARSON;ASLANTAS;AZIZ;ERDOGAN;CHRETIEN;BATALLA;N'DIAYE;ORUCU;WEDERSON;PINTO;SESTAK
Bursaspor vs. Gaziantepspor - Saturday April 7 - 2012,Gaziantepspor,hard,4-3-3,KARCEMARSKAS;CAN;SUME;NOUNKEU;KURTULUS;PEHLIVAN;SAPARA;BINYA;POPOV;DEMIR;TOSUN
Eskisehirspor vs. Mersin Idmanyurdu - Saturday April 7 - 2012,Eskisehirspor,hard,4-3-3,IVESA;YAMAN;DIEGO ANGELO;NADAREVIC;ARSLAN;ERTUGRUL;TELLO;GUCER;KAMARA;KARADENIZ;ZENGIN
Eskisehirspor vs. Mersin Idmanyurdu - Saturday April 7 - 2012,Mersin Idmanyurdu,hard,4-3-3,BICER;KECELI;ATAN;KAS;UCUNCU;BUENO;COSKUN;ANDRE MORITZ;DELEV;KILICASLAN;OZOKWO
Fenerbahce vs. Antalyaspor - Saturday April 7 - 2012,Antalyaspor,hard,4-3-3,CATKIC;MINEV;NIZAM;TURAN;TANDOGAN;INCEMAN;DAGASAN;AGCAY;ZITOUNI;YILMAZ;TITA
Fenerbahce vs. Antalyaspor - Saturday April 7 - 2012,Fenerbahce,easy,4-5-1,DEMIREL;ZIEGLER;IRTEGUN;YOBO;GONUL;ERKIN;CRISTIAN;STOCH;SAHIN;TOPUZ;BIENVENU
Istanbul Buyuksehir Belediyespor vs. Genclerbirligi - Saturday April 7 - 2012,Genclerbirligi,hard,4-3-3,KOSE;SEDEF;DEMIR;KULUSIC;CAN;AKGUN;AYDOGDU;AZOFEIFA;OZTEKIN;TUM;MERIC
Istanbul Buyuksehir Belediyespor vs. Genclerbirligi - Saturday April 7 - 2012,Istanbul Buyuksehir Belediyespor,hard,4-3-3,BAHADIR;EKSIOGLU;DEPE;MARCUS VINICIUS;SAHIN;KORKMAZ;INANC;HOLMEN;DOKA MADUREIRA;WEBO;TOM
Samsunspor vs. Sivasspor - Saturday April 7 - 2012,Samsunspor,hard,4-3-3,TASKIRAN;ANDRE BAHIA;KELHAR;TOKAK;LAZAR;ARSLAN;FINK;YILDIRIM;BORAL;EKIGHO;OZKAN
Samsunspor vs. Sivasspor - Saturday April 7 - 2012,Sivasspor,hard,4-3-3,KOCA;KONUK;AKCA;NAVRATIL;KAVUK;BEKMEZCI;KILIC;FATY;CERNY;ENERAMO;GROSICKI
Manisaspor vs. Galatasaray - Sunday April 8 - 2012,Galatasaray,easy,4-4-2,MUSLERA;BALTA;KAYA;UJFALUSI;EBOUE;COLAK;INAN;BAYTAR;SARIOGLU;ELMANDER;ATES
Manisaspor vs. Galatasaray - Sunday April 8 - 2012,Manisaspor,hard,4-3-3,BABACAN;CEVAHIR;BALIOGLU;DIXON;AKAMINKO;YILMAZ;INCEDEMIR;CALISKAN;OZEK;KAHE;PROMISE
Orduspor vs. Trabzonspor - Sunday April 8 - 2012,Orduspor,hard,4-3-3,ELMAS;SAHIN;AYHAN;GARCIA;DERELI;BASARAN;GOSSO;CAMDALI;YELKEN;KABZE;JAVITO
Orduspor vs. Trabzonspor - Sunday April 8 - 2012,Trabzonspor,easy,4-3-3,ZENGIN;CECH;KACAR;YUMLU;CELUSTKA;BALCI;ZOKORA;ALANZINHO;SEN;YILMAZ;ALTINTOP
