game,team,difficulty,formation,lineup
Genclerbirligi vs. Fenerbahce - Friday August 5 - 2005,Fenerbahce,easy,4-2-3-1,DEMIREL;LUCIANO;TURACI;BARIS;OZAT;BALCI;APPIAH;MEHMET AURELIO;ALEX;SANLI;NOBRE
Genclerbirligi vs. Fenerbahce - Friday August 5 - 2005,Genclerbirligi,hard,4-4-2,CATKIC;GULDUREN;RISP;GUVEN;ABDELAZIZ;UGUR;YESILKAYA;BORAL;PROMISE;ESER;CAKIR
Diyarbakirspor vs. Rizespor - Saturday August 6 - 2005,Diyarbakirspor,hard,4-4-2,YIGITER;SEDLOSKI;BOZACI;TOPRAK;DEMIRCIOGLU;AKINCI;JUPI;GTARI;KAHRAMAN;YANIK;BIRLIK
Diyarbakirspor vs. Rizespor - Saturday August 6 - 2005,Rizespor,hard,4-4-2,ZDRAVKOV;CAKMAK;EL TABEI;POLAT;UNSAL;TATAN;ALPUGAN;BAKI;OZDEMIR;KABA;OZTURK
Kayseri Erciyesspor vs. Besiktas - Saturday August 6 - 2005,Besiktas,easy,4-4-2,CORDOBA;TORAMAN;DUYMUS;UZULMEZ;TANDOGAN;AVCI;HAVUTCU;BURUK;DURSUN;PANCU;YOULA
Kayseri Erciyesspor vs. Besiktas - Saturday August 6 - 2005,Kayseri Erciyesspor,hard,4-4-2,FADHEL;YILDIRIM;ATES;AKYUZ;TORAMAN;BOUAZIZI;AYHAN;KOZEN;BAYAZIT;AGALI;ISLER
Sivasspor vs. Malatyaspor - Saturday August 6 - 2005,Malatyaspor,hard,4-4-2,TUNCAY;ERDOGAN;KORKMAZ;AYDIN;ASLANTAS;TOTH;KARGBO;KISA;OZKAN;YILMAZ;CATATAU
Sivasspor vs. Malatyaspor - Saturday August 6 - 2005,Sivasspor,hard,4-4-2,PETKOVIC;HOCAOGLU;YERLIKAYA;DUMAN;PEKEN;KARACA;BAYRAKTAR;FRANSERGIO;KUS;ANDERSON;BOZKAYA
Trabzonspor vs. Kayserispor - Saturday August 6 - 2005,Kayserispor,hard,4-5-1,AKTAS;YOLDAS;TEBER;ARSLAN;BASDAG;JOHNSON;BOLUKBASI;TOYSAL;TOPUZ;ALEKSANDROV;UNAL
Trabzonspor vs. Kayserispor - Saturday August 6 - 2005,Trabzonspor,easy,4-2-3-1,JEFFERSON;ELLER;YAVUZ;BEKIROGLU;KOCAK;EREN;CIMSIR;SZYMKOWIAK;KARADENIZ;YATTARA;TEKKE
Denizlispor vs. Ankaraspor - Sunday August 7 - 2005,Ankaraspor,hard,4-2-3-1,JEVRIC;YAVAS;TUNC;YIGIT;BUYUK;GUCER;SARP;YILDIRIM;ERDOGAN;TITA;JABA
Denizlispor vs. Ankaraspor - Sunday August 7 - 2005,Denizlispor,hard,4-5-1,HAMIDOU;KRATOCHVIL;OZSARAC;DOSOUDIL;KECELI;ABRAHAM;GULPINAR;VAROL;MULTAHARJU;SIMSEK;RIZA
Galatasaray vs. Konyaspor - Sunday August 7 - 2005,Galatasaray,easy,4-4-2,MONDRAGON;AK;SONG;TOMAS;HASPOLATLI;SAIDOU;ILIC;AKSOY;SAS;ATES;SUKUR
Galatasaray vs. Konyaspor - Sunday August 7 - 2005,Konyaspor,hard,4-4-2,ONGUN;EL SAKA;GUNDOSTU;CELIK;BATISTA;DEMIR;KARTOP;ALBAYRAK;HACIOGLU;BIRYOL;TURKMEN
Manisaspor vs. Ankaragucu - Sunday August 7 - 2005,Ankaragucu,hard,4-2-3-1,USAK;KUTLU;GUNGOR;ZENGUE;DERELI;EVREN;ACAR;NAMDAR;TURHAN;AKSANCAK;BULUT
Manisaspor vs. Ankaragucu - Sunday August 7 - 2005,Manisaspor,hard,4-4-2,MEDUNA;ATAMAN;D'HAENE;JOHANA;OZSOY;AZER;INCEMAN;DOKME;ASLANOGLU;DEMIRAY;KALOGLU
Samsunspor vs. Gaziantepspor - Sunday August 7 - 2005,Gaziantepspor,hard,3-4-1-2,HASAGIC;GURACAR;IRTEGUN;YURT;DURMAZ;KIRITA;GUNES;AGCAY;OZBAY;BAYAR;LAZAROV
Samsunspor vs. Gaziantepspor - Sunday August 7 - 2005,Samsunspor,hard,4-4-2,BOUKAR;PETKOV;YELEK;AYARI;SEKER;GUNGOR;GHODHBANE;AKDENIZ;AYDIN;AYKUT;IVANOV
Ankaragucu vs. Galatasaray - Friday August 12 - 2005,Ankaragucu,hard,4-5-1,USAK;KUTLU;GUNGOR;ZENGUE;GUNEY;EVREN;DERELI;ACAR;TASDEMIR;AKSANCAK;BULUT
Ankaragucu vs. Galatasaray - Friday August 12 - 2005,Galatasaray,easy,4-4-2,MONDRAGON;AK;SONG;TOMAS;HASPOLATLI;SAIDOU;ILIC;AKSOY;SAS;ATES;KARAN
Fenerbahce vs. Diyarbakirspor - Saturday August 13 - 2005,Diyarbakirspor,hard,4-4-2,YIGITER;SEDLOSKI;BOZACI;TOPRAK;DEMIRCIOGLU;AKINCI;JUPI;KAHRAMAN;YANIK;BIRLIK;MAZNOV
Fenerbahce vs. Diyarbakirspor - Saturday August 13 - 2005,Fenerbahce,easy,4-2-3-1,DEMIREL;LUCIANO;TURACI;OZAT;BALCI;MEHMET AURELIO;APPIAH;ALEX;SANLI;NOBRE;ANELKA
Gaziantepspor vs. Sivasspor - Saturday August 13 - 2005,Gaziantepspor,hard,3-4-1-2,HASAGIC;GURACAR;IRTEGUN;YURT;DURMAZ;AGCAY;GUNES;OZTONGA;OZBAY;BAYAR;LAZAROV
Gaziantepspor vs. Sivasspor - Saturday August 13 - 2005,Sivasspor,hard,4-4-2,PETKOVIC;HOCAOGLU;YERLIKAYA;DUMAN;KARACA;BAYRAKTAR;FRANSERGIO;KUS;MOHAMED ALI;AYDEMIR;ANDERSON
Malatyaspor vs. Manisaspor - Saturday August 13 - 2005,Malatyaspor,hard,4-4-2,TUNCAY;BUDAK;ERDOGAN;KORKMAZ;SOYLER;AKIN;TOTH;KISA;CATATAU;OZKAN;YILMAZ
Malatyaspor vs. Manisaspor - Saturday August 13 - 2005,Manisaspor,hard,4-4-2,MEDUNA;ATAMAN;D'HAENE;JOHANA;OZSOY;AZER;INCEMAN;DOKME;YAVAS;DEMIRAY;KALOGLU
Rizespor vs. Samsunspor - Saturday August 13 - 2005,Rizespor,hard,4-4-2,ZDRAVKOV;CAKMAK;EL TABEI;POLAT;UNSAL;TATAN;ALPUGAN;ASKAROGLU;OZDEMIR;DIA;OZTURK
Rizespor vs. Samsunspor - Saturday August 13 - 2005,Samsunspor,hard,4-4-2,BOUKAR;YELEK;PETKOV;SEKER;GUNGOR;GHODHBANE;RADJENOVIC;AKDENIZ;SAGIR;CICEK;AYKUT
Ankaraspor vs. Genclerbirligi - Sunday August 14 - 2005,Ankaraspor,hard,4-4-2,JEVRIC;BATAK;TUNC;BUYUK;YIGIT;SARP;YILDIRIM;GUCER;ERDOGAN;TITA;JABA
Ankaraspor vs. Genclerbirligi - Sunday August 14 - 2005,Genclerbirligi,hard,4-2-3-1,TOKGOZ;GULDUREN;OZBEY;RISP;GUVEN;SERAS;UGUR;ABDELAZIZ;YESILKAYA;PROMISE;ESER
Besiktas vs. Denizlispor - Sunday August 14 - 2005,Besiktas,easy,4-2-3-1,CORDOBA;DURSUN;TORAMAN;ZAN;AVCI;GUNES;KLEBERSON;BURUK;AHMED HASSAN;YOULA;AILTON
Besiktas vs. Denizlispor - Sunday August 14 - 2005,Denizlispor,hard,4-4-2,HAMIDOU;DOSOUDIL;OZSARAC;KRATOCHVIL;KECELI;ABRAHAM;GULPINAR;TEBER;VAROL;RIZA;KARTAL
Kayserispor vs. Kayseri Erciyesspor - Sunday August 14 - 2005,Kayseri Erciyesspor,hard,4-4-2,FADHEL;KARGIN;ATES;AKYUZ;BOUAZIZI;TORAMAN;AYHAN;BAYAZIT;KOZEN;AGALI;ISLER
Kayserispor vs. Kayseri Erciyesspor - Sunday August 14 - 2005,Kayserispor,hard,4-4-2,AKTAS;YOLDAS;TEBER;JOHNSON;BASDAG;ARSLAN;BOLUKBASI;TOPUZ;ALEKSANDROV;UNAL;KARAMAN
Konyaspor vs. Trabzonspor - Sunday August 14 - 2005,Konyaspor,hard,4-4-2,ONGUN;EL SAKA;GUNDOSTU;CELIK;BATISTA;DEMIR;KARTOP;ALBAYRAK;HACIOGLU;TURKMEN;BIRYOL
Konyaspor vs. Trabzonspor - Sunday August 14 - 2005,Trabzonspor,easy,4-2-3-1,JEFFERSON;ELLER;YAVUZ;KOCAK;EREN;CIMSIR;SZYMKOWIAK;LEE;KARADENIZ;YATTARA;TEKKE
Denizlispor vs. Kayserispor - Saturday August 20 - 2005,Denizlispor,hard,4-4-2,HAMIDOU;DOSOUDIL;KRATOCHVIL;OZSARAC;KECELI;ABRAHAM;ERTUGRUL;GULPINAR;VAROL;RIZA;KARTAL
Denizlispor vs. Kayserispor - Saturday August 20 - 2005,Kayserispor,hard,4-4-2,IVANKOV;YOLDAS;SADYQOV;TEBER;ARSLAN;BASDAG;JOHNSON;TOPUZ;CEYLAN;ALEKSANDROV;UNAL
Genclerbirligi vs. Besiktas - Saturday August 20 - 2005,Besiktas,easy,4-2-3-1,CORDOBA;TORAMAN;ZAN;DURSUN;AVCI;GUNES;KLEBERSON;BURUK;AHMED HASSAN;AILTON;YOULA
Genclerbirligi vs. Besiktas - Saturday August 20 - 2005,Genclerbirligi,hard,4-2-3-1,TOKGOZ;OZBEY;RISP;GUVEN;UGUR;ABDELAZIZ;YESILKAYA;BORAL;MARCINHO;PROMISE;CAKIR
Samsunspor vs. Sivasspor - Saturday August 20 - 2005,Samsunspor,hard,4-4-2,BOUKAR;YELEK;PETKOV;SEKER;GUNGOR;GHODHBANE;SAGIR;AKDENIZ;AYKUT;IVANOV;CICEK
Samsunspor vs. Sivasspor - Saturday August 20 - 2005,Sivasspor,hard,4-4-2,PETKOVIC;HOCAOGLU;YERLIKAYA;DUMAN;BAYRAKTAR;KARACA;FRANSERGIO;KUS;MOHAMED ALI;AYDEMIR;ANDERSON
Trabzonspor vs. Ankaragucu - Saturday August 20 - 2005,Ankaragucu,hard,5-3-2,USAK;KUTLU;GUNGOR;ZENGUE;DERELI;EVREN;GUNEY;ACAR;TURHAN;AKSANCAK;BULUT
Trabzonspor vs. Ankaragucu - Saturday August 20 - 2005,Trabzonspor,easy,4-2-3-1,JEFFERSON;ELLER;YAVUZ;KOCAK;EREN;CIMSIR;SZYMKOWIAK;LEE;KARADENIZ;YATTARA;TEKKE
Diyarbakirspor vs. Ankaraspor - Sunday August 21 - 2005,Ankaraspor,hard,4-4-2,JEVRIC;BATAK;TUNC;YIGIT;YILDIRIM;AYDIN;GUCER;ERDOGAN;OZGUR;JABA;MARTIN
Diyarbakirspor vs. Ankaraspor - Sunday August 21 - 2005,Diyarbakirspor,hard,4-4-2,YIGITER;SEDLOSKI;BOZACI;TOPRAK;AKINCI;JUPI;KAHRAMAN;TURAN;MAZNOV;YANIK;OZER
Galatasaray vs. Malatyaspor - Sunday August 21 - 2005,Galatasaray,easy,4-4-2,MONDRAGON;AK;SONG;TOMAS;HASPOLATLI;SAIDOU;ILIC;AKSOY;SAS;KARAN;SUKUR
Galatasaray vs. Malatyaspor - Sunday August 21 - 2005,Malatyaspor,hard,4-2-3-1,TUNCAY;AK;ERDOGAN;KORKMAZ;BUDAK;KAHYA;TUGCU;SOYLER;KISA;OZKAN;CATATAU
Kayseri Erciyesspor vs. Konyaspor - Sunday August 21 - 2005,Kayseri Erciyesspor,hard,4-4-2,FADHEL;YILDIRIM;ATES;AKYUZ;BOUAZIZI;TORAMAN;AYHAN;BAYAZIT;KOZEN;ISLER;AGALI
Kayseri Erciyesspor vs. Konyaspor - Sunday August 21 - 2005,Konyaspor,hard,4-5-1,ONGUN;EL SAKA;GUNDOSTU;CELIK;KARTOP;DEMIR;BATISTA;ALBAYRAK;ERIS;HACIOGLU;BIRYOL
Manisaspor vs. Gaziantepspor - Sunday August 21 - 2005,Gaziantepspor,hard,3-4-1-2,HASAGIC;FAHMI;GURACAR;IRTEGUN;DURMAZ;GUNES;YILDIRIM;ATAK;BAYAR;LAZAROV;GULEC
Manisaspor vs. Gaziantepspor - Sunday August 21 - 2005,Manisaspor,hard,4-4-2,MEDUNA;ATAMAN;JOHANA;FABIO DUARTE;OZSOY;BALTA;AZER;INCEMAN;DOKME;DEMIRAY;KALOGLU
Rizespor vs. Fenerbahce - Sunday August 21 - 2005,Fenerbahce,easy,4-4-2,DEMIREL;LUCIANO;TURACI;OZAT;BALCI;APPIAH;SAHIN;MEHMET AURELIO;ALEX;SENTURK;NOBRE
Rizespor vs. Fenerbahce - Sunday August 21 - 2005,Rizespor,hard,4-4-2,ZDRAVKOV;CAKMAK;EL TABEI;UNSAL;ALPUGAN;TATAN;ASKAROGLU;BAKI;OZDEMIR;OZTURK;KABA
Gaziantepspor vs. Galatasaray - Friday August 26 - 2005,Galatasaray,easy,4-4-2,MONDRAGON;AK;SONG;TOMAS;PENBE;HASPOLATLI;SAIDOU;AKSOY;SAS;KARAN;SUKUR
Gaziantepspor vs. Galatasaray - Friday August 26 - 2005,Gaziantepspor,hard,3-4-1-2,HASAGIC;IRTEGUN;GURACAR;FAHMI;DURMAZ;GUNES;YILDIRIM;OZBAY;BAYAR;EL TAIB;LAZAROV
Ankaraspor vs. Rizespor - Saturday August 27 - 2005,Ankaraspor,hard,4-4-2,JEVRIC;BATAK;YAVAS;YIGIT;MOLNAR;YILDIRIM;GUCER;ERDOGAN;TITA;MARTIN;JABA
Ankaraspor vs. Rizespor - Saturday August 27 - 2005,Rizespor,hard,3-4-1-2,ZDRAVKOV;AKYUZ;CAKMAK;EL TABEI;ALPUGAN;TATAN;BAKI;DOUGLAS;OZDEMIR;OZTURK;DIA
Fenerbahce vs. Samsunspor - Saturday August 27 - 2005,Fenerbahce,easy,4-4-2,DEMIREL;LUCIANO;TURACI;OZAT;BALCI;APPIAH;SAHIN;MEHMET AURELIO;ALEX;NOBRE;ANELKA
Fenerbahce vs. Samsunspor - Saturday August 27 - 2005,Samsunspor,hard,4-4-2,BOUKAR;PETKOV;SUME;YELEK;SEKER;GUNGOR;GHODHBANE;AKDENIZ;SAGIR;CICEK;AYKUT
Konyaspor vs. Denizlispor - Saturday August 27 - 2005,Denizlispor,hard,4-4-2,HAMIDOU;DOSOUDIL;KRATOCHVIL;OZSARAC;KECELI;ABRAHAM;GULPINAR;VAROL;SIMSEK;RIZA;UZUNOGLU
Konyaspor vs. Denizlispor - Saturday August 27 - 2005,Konyaspor,hard,4-5-1,ONGUN;EL SAKA;GUNDOSTU;CELIK;BATISTA;DEMIR;KARTOP;ALBAYRAK;ERIS;HACIOGLU;TURKMEN
Sivasspor vs. Manisaspor - Saturday August 27 - 2005,Manisaspor,hard,4-2-3-1,ATAMAN;D'HAENE;FABIO DUARTE;JOHANA;OZSOY;MENDES;INCEMAN;DOKME;ASLANOGLU;DEMIRAY;KALOGLU
Sivasspor vs. Manisaspor - Saturday August 27 - 2005,Sivasspor,hard,4-4-2,PETKOVIC;HOCAOGLU;YERLIKAYA;DUMAN;BAYRAKTAR;KARACA;FRANSERGIO;KUS;MOHAMED ALI;AYDEMIR;ANDERSON
Ankaragucu vs. Kayseri Erciyesspor - Sunday August 28 - 2005,Ankaragucu,hard,4-1-4-1,USAK;KUTLU;GUNGOR;ZENGUE;DERELI;EVREN;ACAR;NAMDAR;HEVERTON;CORIDON;BULUT
Ankaragucu vs. Kayseri Erciyesspor - Sunday August 28 - 2005,Kayseri Erciyesspor,hard,4-4-2,FADHEL;SECK;ATES;AKYUZ;BOUAZIZI;DIE;AYHAN;BAYAZIT;JULIO CESAR;ISLER;AGALI
Besiktas vs. Diyarbakirspor - Sunday August 28 - 2005,Besiktas,easy,4-2-3-1,CORDOBA;TORAMAN;ZAN;UZULMEZ;AVCI;KLEBERSON;GUNES;BURUK;AHMED HASSAN;DURSUN;AILTON
Besiktas vs. Diyarbakirspor - Sunday August 28 - 2005,Diyarbakirspor,hard,4-4-2,YIGITER;SEDLOSKI;BOZACI;TOPRAK;DEMIRCIOGLU;AKINCI;JUPI;KAHRAMAN;MAZNOV;BIRLIK;OZER
Kayserispor vs. Genclerbirligi - Sunday August 28 - 2005,Genclerbirligi,hard,4-4-2,TOKGOZ;GULDUREN;OZBEY;RISP;JARDLER;GUVEN;UGUR;SERAS;ABDELAZIZ;PROMISE;ESER
Kayserispor vs. Genclerbirligi - Sunday August 28 - 2005,Kayserispor,hard,4-4-2,IVANKOV;YOLDAS;SADYQOV;TEBER;ARSLAN;BASDAG;JOHNSON;TOPUZ;CEYLAN;ALEKSANDROV;UNAL
Malatyaspor vs. Trabzonspor - Sunday August 28 - 2005,Malatyaspor,hard,5-3-2,KORK;AK;BUDAK;ERDOGAN;KORKMAZ;KAHYA;AKIN;SOYLER;KISA;CATATAU;OZKAN
Malatyaspor vs. Trabzonspor - Sunday August 28 - 2005,Trabzonspor,easy,4-2-3-1,JEFFERSON;ELLER;YAVUZ;KOCAK;EREN;CIMSIR;SZYMKOWIAK;LEE;KARADENIZ;YATTARA;TEKKE
Diyarbakirspor vs. Kayserispor - Saturday September 10 - 2005,Diyarbakirspor,hard,4-4-2,YIGITER;SEDLOSKI;BOZACI;TOPRAK;DEMIRCIOGLU;AKINCI;JUPI;KAHRAMAN;MAZNOV;YANIK;OZER
Diyarbakirspor vs. Kayserispor - Saturday September 10 - 2005,Kayserispor,hard,4-4-2,IVANKOV;YOLDAS;SADYQOV;TEBER;ARSLAN;BASDAG;JOHNSON;BOLUKBASI;CEYLAN;UNAL;RODIC
Fenerbahce vs. Ankaraspor - Saturday September 10 - 2005,Ankaraspor,hard,3-4-1-2,JEVRIC;BATAK;BAHADIR;YAVAS;YIGIT;MOLNAR;YILDIRIM;SARP;ERDOGAN;TITA;MARTIN
Fenerbahce vs. Ankaraspor - Saturday September 10 - 2005,Fenerbahce,easy,4-4-2,DEMIREL;LUCIANO;TURACI;OZAT;BALCI;APPIAH;SAHIN;MEHMET AURELIO;ALEX;NOBRE;ANELKA
Kayseri Erciyesspor vs. Malatyaspor - Saturday September 10 - 2005,Kayseri Erciyesspor,hard,4-4-2,FADHEL;SECK;ATES;AKYUZ;BOUAZIZI;DIE;AYHAN;BAYAZIT;JULIO CESAR;ISLER;AGALI
Kayseri Erciyesspor vs. Malatyaspor - Saturday September 10 - 2005,Malatyaspor,hard,4-4-2,KORK;BUDAK;ERDOGAN;KORKMAZ;HOMOLA;KAHYA;ASLANTAS;TOTH;EFFA-OWONA;OZKAN;CATATAU
Rizespor vs. Besiktas - Saturday September 10 - 2005,Besiktas,easy,3-4-1-2,CORDOBA;ATAN;TORAMAN;DURSUN;AVCI;GUNES;KLEBERSON;AHMED HASSAN;METIN;YOULA;AILTON
Rizespor vs. Besiktas - Saturday September 10 - 2005,Rizespor,hard,3-4-1-2,ZDRAVKOV;AKYUZ;CAKMAK;ALLYSON;ALPUGAN;TATAN;BAKI;DOUGLAS;OZDEMIR;DIA;OZTURK
Denizlispor vs. Ankaragucu - Sunday September 11 - 2005,Ankaragucu,hard,4-4-2,USAK;KUTLU;ZENGUE;BATISTA;YAVUZ;GUNEY;KARADUMAN;HEVERTON;CORIDON;BULUT;MANSIZ
Denizlispor vs. Ankaragucu - Sunday September 11 - 2005,Denizlispor,hard,4-5-1,HAMIDOU;CELIK;KRATOCHVIL;OZSARAC;KECELI;ABRAHAM;EGEDIK;GULPINAR;VAROL;MULTAHARJU;RIZA
Galatasaray vs. Sivasspor - Sunday September 11 - 2005,Galatasaray,easy,4-4-2,MONDRAGON;AK;SONG;TOMAS;HASPOLATLI;SAIDOU;ILIC;SAS;ATES;HEINZ;SUKUR
Galatasaray vs. Sivasspor - Sunday September 11 - 2005,Sivasspor,hard,4-4-2,KAPURTU;HOCAOGLU;KALLA;YERLIKAYA;DUMAN;BAYRAKTAR;KARACA;FRANSERGIO;AYDEMIR;BALILI;ANDERSON
Genclerbirligi vs. Konyaspor - Sunday September 11 - 2005,Genclerbirligi,hard,4-4-2,TOKGOZ;GULDUREN;OZBEY;RISP;GUVEN;ABDELAZIZ;YESILKAYA;PROMISE;CAKIR;ESER;BOGDANOVIC
Genclerbirligi vs. Konyaspor - Sunday September 11 - 2005,Konyaspor,hard,4-5-1,ONGUN;BOZKURT;EL SAKA;CELIK;BATISTA;DEMIR;KARTOP;ALBAYRAK;ERIS;HACIOGLU;TURKMEN
Samsunspor vs. Manisaspor - Sunday September 11 - 2005,Manisaspor,hard,5-3-2,ATAMAN;D'HAENE;JOHANA;OZSOY;BALTA;CEYLAN;BOOR;GULTEKIN;DOKME;AKDEMIR;DEMIRAY
Samsunspor vs. Manisaspor - Sunday September 11 - 2005,Samsunspor,hard,4-4-2,BOUKAR;PETKOV;SUME;YELEK;AYARI;GUNGOR;GHODHBANE;SAGIR;AYKUT;MARQUES;CICEK
Trabzonspor vs. Gaziantepspor - Sunday September 11 - 2005,Gaziantepspor,hard,3-4-1-2,HASAGIC;FAHMI;GURACAR;DURMAZ;GUNES;AGCAY;KOC;BAYAR;EL TAIB;LAZAROV;IVANOV
Trabzonspor vs. Gaziantepspor - Sunday September 11 - 2005,Trabzonspor,easy,4-4-2,JEFFERSON;DUYMUS;ELLER;KOCAK;EREN;CIMSIR;SZYMKOWIAK;LEE;YATTARA;JUN;TEKKE
Sivasspor vs. Trabzonspor - Friday September 16 - 2005,Sivasspor,hard,4-2-3-1,PETKOVIC;HOCAOGLU;KALLA;YERLIKAYA;DUMAN;BAYRAKTAR;FRANSERGIO;KUS;AYDEMIR;BALILI;ANDERSON
Sivasspor vs. Trabzonspor - Friday September 16 - 2005,Trabzonspor,easy,4-4-2,JEFFERSON;DUYMUS;ELLER;KOCAK;EREN;CIMSIR;EGE;LEE;YATTARA;JUN;TEKKE
Ankaragucu vs. Genclerbirligi - Saturday September 17 - 2005,Ankaragucu,hard,4-4-2,USAK;KUTLU;BAYRAK;ZENGUE;BATISTA;YAVUZ;HEVERTON;TURHAN;CORIDON;MANSIZ;BULUT
Ankaragucu vs. Genclerbirligi - Saturday September 17 - 2005,Genclerbirligi,hard,4-5-1,TOKGOZ;GULDUREN;RISP;JARDLER;GUVEN;ABDELAZIZ;UGUR;YESILKAYA;PROMISE;CAKIR;BOGDANOVIC
Kayserispor vs. Rizespor - Saturday September 17 - 2005,Kayserispor,hard,4-4-2,IVANKOV;SADYQOV;YOLDAS;TEBER;ARSLAN;JOHNSON;BOLUKBASI;CEYLAN;ALEKSANDROV;UNAL;RODIC
Kayserispor vs. Rizespor - Saturday September 17 - 2005,Rizespor,hard,4-2-3-1,ZDRAVKOV;AKYUZ;CAKMAK;ALLYSON;ALPUGAN;TATAN;YUCETAS;BAKI;DOUGLAS;OZDEMIR;OZTURK
Konyaspor vs. Diyarbakirspor - Saturday September 17 - 2005,Diyarbakirspor,hard,4-4-2,YIGITER;SEDLOSKI;BOZACI;CAGIRAN;DOGANTEZ;STAVREVSKI;DEMIRCIOGLU;AKINCI;KAHRAMAN;OZER;BIRLIK
Konyaspor vs. Diyarbakirspor - Saturday September 17 - 2005,Konyaspor,hard,4-5-1,ONGUN;BOZKURT;EL SAKA;CELIK;BATISTA;DEMIR;KARTOP;ALBAYRAK;ERIS;HACIOGLU;BELAL
Malatyaspor vs. Denizlispor - Saturday September 17 - 2005,Denizlispor,hard,4-5-1,HAMIDOU;CELIK;KRATOCHVIL;OZSARAC;KECELI;GULPINAR;EGEDIK;ABRAHAM;MULTAHARJU;VAROL;RIZA
Malatyaspor vs. Denizlispor - Saturday September 17 - 2005,Malatyaspor,hard,4-4-2,KORK;ERDOGAN;KORKMAZ;AYDIN;TOTH;SOYLER;JOHANSSON;BENSOL;KISA;EFFA-OWONA;YILMAZ
Ankaraspor vs. Samsunspor - Sunday September 18 - 2005,Ankaraspor,hard,3-4-1-2,JEVRIC;BAHADIR;BATAK;WEDERSON;MOLNAR;YILDIRIM;GUCER;ERDOGAN;OZGUR;TITA;JABA
Ankaraspor vs. Samsunspor - Sunday September 18 - 2005,Samsunspor,hard,4-4-2,BOUKAR;PETKOV;YELEK;AYARI;GUNGOR;GHODHBANE;SAGIR;AKDENIZ;AYDIN;AYKUT;MARQUES
Besiktas vs. Fenerbahce - Sunday September 18 - 2005,Besiktas,easy,4-4-2,CORDOBA;TORAMAN;DURSUN;HAVUTCU;AVCI;KLEBERSON;GUNES;METIN;PANCU;YOULA;AILTON
Besiktas vs. Fenerbahce - Sunday September 18 - 2005,Fenerbahce,easy,4-2-3-1,DEMIREL;LUCIANO;TURACI;OZAT;BALCI;APPIAH;SAHIN;MEHMET AURELIO;ALEX;SANLI;ANELKA
Gaziantepspor vs. Kayseri Erciyesspor - Sunday September 18 - 2005,Gaziantepspor,hard,3-4-1-2,HASAGIC;FAHMI;IRTEGUN;KORKMAZ;GUNES;YILDIRIM;OZBAY;BAYAR;EL TAIB;LAZAROV;IVANOV
Gaziantepspor vs. Kayseri Erciyesspor - Sunday September 18 - 2005,Kayseri Erciyesspor,hard,4-4-2,FADHEL;KARGIN;ATES;KOK;BOUAZIZI;DIE;AYHAN;BAYAZIT;JULIO CESAR;ISLER;AGALI
Manisaspor vs. Galatasaray - Sunday September 18 - 2005,Galatasaray,easy,4-4-2,MONDRAGON;AK;SONG;TOMAS;HASPOLATLI;SAIDOU;SAS;ATES;HEINZ;KARAN;SUKUR
Manisaspor vs. Galatasaray - Sunday September 18 - 2005,Manisaspor,hard,4-5-1,MEDUNA;ATAMAN;D'HAENE;OZSOY;JOHANA;CEYLAN;MENDES;INCEMAN;BOOR;GULTEKIN;DEMIRAY
Trabzonspor vs. Manisaspor - Friday September 23 - 2005,Manisaspor,hard,4-4-2,MEDUNA;ATAMAN;D'HAENE;JOHANA;ESIN;BALTA;AZER;INCEMAN;BOOR;DOKME;DEMIRAY
Trabzonspor vs. Manisaspor - Friday September 23 - 2005,Trabzonspor,easy,4-4-2,JEFFERSON;ELLER;YAVUZ;BEKIROGLU;EREN;CIMSIR;KOCAK;LEE;YATTARA;TEKKE;YILMAZ
Denizlispor vs. Gaziantepspor - Saturday September 24 - 2005,Denizlispor,hard,4-5-1,HAMIDOU;CELIK;KRATOCHVIL;OZSARAC;KECELI;GULPINAR;ABRAHAM;EGEDIK;VAROL;MULTAHARJU;RIZA
Denizlispor vs. Gaziantepspor - Saturday September 24 - 2005,Gaziantepspor,hard,3-4-1-2,HASAGIC;FAHMI;IRTEGUN;YURT;COGUM;GUNES;YILDIRIM;BAYAR;EL TAIB;LAZAROV;IVANOV
Fenerbahce vs. Kayserispor - Saturday September 24 - 2005,Fenerbahce,easy,4-5-1,DEMIREL;LUCIANO;TURACI;OZAT;BALCI;APPIAH;SAHIN;MEHMET AURELIO;ALEX;SANLI;ANELKA
Fenerbahce vs. Kayserispor - Saturday September 24 - 2005,Kayserispor,hard,4-4-2,IVANKOV;YOLDAS;SADYQOV;ARSLAN;BASDAG;JOHNSON;BOLUKBASI;CEYLAN;ALEKSANDROV;UNAL;RODIC
Genclerbirligi vs. Malatyaspor - Saturday September 24 - 2005,Genclerbirligi,hard,4-4-2,CATKIC;GULDUREN;OZBEY;RISP;JARDLER;GUVEN;ABDELAZIZ;KAYA;BORAL;PROMISE;CAKIR
Genclerbirligi vs. Malatyaspor - Saturday September 24 - 2005,Malatyaspor,hard,4-4-2,KORK;ERDOGAN;KORKMAZ;HOMOLA;CRIS;ASLANTAS;TOTH;SOYLER;BENSOL;OZKAN;EFFA-OWONA
Ankaraspor vs. Besiktas - Sunday September 25 - 2005,Ankaraspor,hard,4-2-3-1,JEVRIC;TUNC;YAVAS;WEDERSON;YIGIT;YILDIRIM;MOLNAR;GUCER;ERDOGAN;TITA;JABA
Ankaraspor vs. Besiktas - Sunday September 25 - 2005,Besiktas,easy,4-4-2,CORDOBA;TORAMAN;ZAN;UZULMEZ;TANDOGAN;AVCI;KLEBERSON;BURUK;METIN;AILTON;CIHAN
Diyarbakirspor vs. Ankaragucu - Sunday September 25 - 2005,Ankaragucu,hard,4-4-2,USAK;KUTLU;BAYRAK;ZENGUE;BATISTA;GUNEY;KARADUMAN;HEVERTON;CORIDON;BULUT;MANSIZ
Diyarbakirspor vs. Ankaragucu - Sunday September 25 - 2005,Diyarbakirspor,hard,4-4-2,DAGLAROGLU;SEDLOSKI;BOZACI;CAGIRAN;DEMIRCIOGLU;AKINCI;JUPI;KAHRAMAN;MAZNOV;YANIK;BIRLIK
Kayseri Erciyesspor vs. Sivasspor - Sunday September 25 - 2005,Kayseri Erciyesspor,hard,4-4-2,FADHEL;KARGIN;ATES;AKYUZ;KOK;DIE;BOUAZIZI;AYHAN;BAYAZIT;AGALI;ISLER
Kayseri Erciyesspor vs. Sivasspor - Sunday September 25 - 2005,Sivasspor,hard,4-4-2,PETKOVIC;HOCAOGLU;KALLA;YERLIKAYA;DUMAN;BAYRAKTAR;FRANSERGIO;KUS;AYDEMIR;BALILI;ANDERSON
Rizespor vs. Konyaspor - Sunday September 25 - 2005,Konyaspor,hard,4-2-3-1,ONGUN;BOZKURT;EL SAKA;CELIK;BATISTA;DEMIR;ALBAYRAK;ERGIN;ERIS;HACIOGLU;BELAL
Rizespor vs. Konyaspor - Sunday September 25 - 2005,Rizespor,hard,4-4-2,KOCA;AKYUZ;CAKMAK;EL TABEI;ALLYSON;TATAN;ALPUGAN;BAKI;DOUGLAS;OZDEMIR;OZTURK
Samsunspor vs. Galatasaray - Sunday September 25 - 2005,Galatasaray,easy,4-4-2,MONDRAGON;TOMAS;SONG;AK;UCAR;SAIDOU;ILIC;SAS;ATES;HEINZ;KARAN
Samsunspor vs. Galatasaray - Sunday September 25 - 2005,Samsunspor,hard,4-4-2,INAN;YELEK;PETKOV;AYARI;GUNGOR;GHODHBANE;AKDENIZ;SAGIR;AYDIN;AYKUT;MARQUES
Gaziantepspor vs. Genclerbirligi - Friday September 30 - 2005,Gaziantepspor,hard,3-4-1-2,HASAGIC;FAHMI;IRTEGUN;YURT;COGUM;GUNES;YILDIRIM;BAYAR;EL TAIB;LAZAROV;IVANOV
Gaziantepspor vs. Genclerbirligi - Friday September 30 - 2005,Genclerbirligi,hard,4-4-2,CATKIC;OZBEY;RISP;GULDUREN;JARDLER;GUVEN;ABDELAZIZ;SERAS;BORAL;PROMISE;CAKIR
Konyaspor vs. Fenerbahce - Saturday October 1 - 2005,Fenerbahce,easy,4-3-1-2,DEMIREL;LUCIANO;TURACI;OZAT;BALCI;SAHIN;MEHMET AURELIO;APPIAH;ALEX;ANELKA;NOBRE
Konyaspor vs. Fenerbahce - Saturday October 1 - 2005,Konyaspor,hard,4-2-3-1,ONGUN;BOZKURT;EL SAKA;CELIK;BATISTA;DEMIR;ALBAYRAK;ERGIN;ERIS;HACIOGLU;BELAL
Manisaspor vs. Kayseri Erciyesspor - Saturday October 1 - 2005,Kayseri Erciyesspor,hard,4-4-2,FADHEL;KARGIN;ATES;KOK;BOUAZIZI;DIE;TORAMAN;AYHAN;BAYAZIT;ISLER;COSKUN
Manisaspor vs. Kayseri Erciyesspor - Saturday October 1 - 2005,Manisaspor,hard,4-4-2,ATAMAN;D'HAENE;JOHANA;ESIN;BALTA;AZER;INCEMAN;BOOR;DOKME;AKDEMIR;DEMIRAY
Sivasspor vs. Denizlispor - Saturday October 1 - 2005,Denizlispor,hard,4-4-2,HAMIDOU;CELIK;KRATOCHVIL;OZSARAC;KECELI;GULPINAR;ABRAHAM;VAROL;SIMSEK;RIZA;KARTAL
Sivasspor vs. Denizlispor - Saturday October 1 - 2005,Sivasspor,hard,4-4-2,PETKOVIC;HOCAOGLU;YERLIKAYA;DUMAN;ELMACI;BAYRAKTAR;FRANSERGIO;AKBEL;ANDERSON;BALILI;YILDIZ
Ankaragucu vs. Rizespor - Sunday October 2 - 2005,Ankaragucu,hard,4-4-2,USAK;KUTLU;BAYRAK;ZENGUE;BATISTA;EVREN;GUNEY;KARADUMAN;CORIDON;BULUT;MANSIZ
Ankaragucu vs. Rizespor - Sunday October 2 - 2005,Rizespor,hard,4-4-2,KOCA;EL TABEI;ALLYSON;ALPUGAN;TATAN;YUCETAS;ASKAROGLU;DOUGLAS;OZDEMIR;DIA;OZTURK
Besiktas vs. Samsunspor - Sunday October 2 - 2005,Besiktas,easy,4-2-3-1,SAHIN;ATAN;TORAMAN;ZAN;AVCI;GUNES;KLEBERSON;BURUK;YALCIN;AHMED HASSAN;YOULA
Besiktas vs. Samsunspor - Sunday October 2 - 2005,Samsunspor,hard,4-4-2,INAN;PETKOV;YELEK;AYARI;GUNGOR;GHODHBANE;MARCIEL;AKDENIZ;AYDIN;AYKUT;MARQUES
Galatasaray vs. Trabzonspor - Sunday October 2 - 2005,Galatasaray,easy,4-4-2,MONDRAGON;AK;TOMAS;SONG;UCAR;SAIDOU;SAS;HEINZ;ATES;KARAN;SUKUR
Galatasaray vs. Trabzonspor - Sunday October 2 - 2005,Trabzonspor,easy,4-4-2,ZENGIN;ELLER;DUYMUS;BEKIROGLU;KOCAK;EREN;CIMSIR;KOCAK;YATTARA;TEKKE;YILMAZ
Kayserispor vs. Ankaraspor - Sunday October 2 - 2005,Ankaraspor,hard,4-2-3-1,JEVRIC;TUNC;YAVAS;WEDERSON;YIGIT;MOLNAR;YILDIRIM;GUCER;ERDOGAN;TITA;JABA
Kayserispor vs. Ankaraspor - Sunday October 2 - 2005,Kayserispor,hard,4-4-2,IVANKOV;SADYQOV;YOLDAS;TEBER;ARSLAN;JOHNSON;BOLUKBASI;TOPUZ;ALEKSANDROV;UNAL;RODIC
Malatyaspor vs. Diyarbakirspor - Sunday October 2 - 2005,Diyarbakirspor,hard,4-4-2,YIGITER;SEDLOSKI;BOZACI;CAGIRAN;DOGANTEZ;DEMIRCIOGLU;JUPI;KAHRAMAN;ESER;OZER;YANIK
Malatyaspor vs. Diyarbakirspor - Sunday October 2 - 2005,Malatyaspor,hard,4-4-2,KORK;ERDOGAN;KORKMAZ;AYDIN;KAHYA;TOTH;JOHANSSON;BENSOL;OZKAN;YILMAZ;ALBAYRAK
Ankaraspor vs. Konyaspor - Saturday October 15 - 2005,Ankaraspor,hard,4-2-3-1,JEVRIC;BATAK;TUNC;WEDERSON;BUYUK;YIGIT;MOLNAR;GUCER;ERDOGAN;OZGUR;JABA
Ankaraspor vs. Konyaspor - Saturday October 15 - 2005,Konyaspor,hard,3-4-1-2,ONGUN;BOZKURT;EL SAKA;GUNDOSTU;CELIK;BATISTA;ER;ALBAYRAK;ERGIN;HACIOGLU;BELAL
Diyarbakirspor vs. Gaziantepspor - Saturday October 15 - 2005,Diyarbakirspor,hard,4-4-2,YIGITER;SEDLOSKI;CAGIRAN;DOGANTEZ;TOPRAK;DEMIRCIOGLU;AKINCI;JUPI;KAHRAMAN;YANIK;OZER
Diyarbakirspor vs. Gaziantepspor - Saturday October 15 - 2005,Gaziantepspor,hard,3-4-1-2,HASAGIC;GURACAR;IRTEGUN;KORKMAZ;YURT;AGCAY;GUNES;YILDIRIM;BAYAR;LAZAROV;IVANOV
Fenerbahce vs. Ankaragucu - Saturday October 15 - 2005,Ankaragucu,hard,4-2-3-1,USAK;KUTLU;BAYRAK;ZENGUE;EVREN;GUNEY;KARADUMAN;ROBSON;CORIDON;BULUT;MANSIZ
Fenerbahce vs. Ankaragucu - Saturday October 15 - 2005,Fenerbahce,easy,4-2-3-1,DEMIREL;LUCIANO;TURACI;OZAT;BALCI;APPIAH;SAHIN;MEHMET AURELIO;ALEX;NOBRE;ANELKA
Kayseri Erciyesspor vs. Galatasaray - Saturday October 15 - 2005,Galatasaray,easy,4-4-2,MONDRAGON;AK;SONG;TOMAS;UCAR;HASPOLATLI;SAIDOU;ATES;HEINZ;KARAN;SUKUR
Kayseri Erciyesspor vs. Galatasaray - Saturday October 15 - 2005,Kayseri Erciyesspor,hard,4-4-2,FADHEL;KARGIN;ATES;KOK;DIE;TORAMAN;BOUAZIZI;AYHAN;BAYAZIT;JULIO CESAR;ISLER
Besiktas vs. Kayserispor - Sunday October 16 - 2005,Besiktas,easy,3-4-1-2,CORDOBA;ATAN;DOGAN;TORAMAN;TANDOGAN;AVCI;HAVUTCU;KLEBERSON;METIN;YOULA;AILTON
Besiktas vs. Kayserispor - Sunday October 16 - 2005,Kayserispor,hard,4-4-2,IVANKOV;SADYQOV;YOLDAS;TEBER;JOHNSON;ARSLAN;BOLUKBASI;TOPUZ;CEYLAN;ALEKSANDROV;UNAL
Denizlispor vs. Manisaspor - Sunday October 16 - 2005,Denizlispor,hard,4-4-2,HAMIDOU;KRATOCHVIL;OZSARAC;KECELI;GULPINAR;ABRAHAM;VAROL;MULTAHARJU;SIMSEK;RIZA;KARTAL
Denizlispor vs. Manisaspor - Sunday October 16 - 2005,Manisaspor,hard,4-4-2,MEDUNA;ATAMAN;JOHANA;BALTA;ERKIN;AZER;VURUR;OZLEM;INCEMAN;BOOR;DEMIRAY
Genclerbirligi vs. Sivasspor - Sunday October 16 - 2005,Genclerbirligi,hard,4-5-1,CATKIC;GULDUREN;OZBEY;RISP;JARDLER;GUVEN;SERAS;ABDELAZIZ;NAS;BORAL;PROMISE
Genclerbirligi vs. Sivasspor - Sunday October 16 - 2005,Sivasspor,hard,4-4-2,PETKOVIC;HOCAOGLU;YERLIKAYA;DUMAN;BAYRAKTAR;ELMACI;KARACA;FRANSERGIO;KUS;AYDEMIR;ANDERSON
Rizespor vs. Malatyaspor - Sunday October 16 - 2005,Malatyaspor,hard,4-5-1,KORK;AK;KORKMAZ;HOMOLA;KAHYA;ASLANTAS;SOYLER;TOTH;BENSOL;KISA;OZKAN
Rizespor vs. Malatyaspor - Sunday October 16 - 2005,Rizespor,hard,3-4-1-2,ZDRAVKOV;CAKMAK;EL TABEI;KURKCU;ALPUGAN;TATAN;BAKI;DOUGLAS;OZDEMIR;AKYUZ;OZTURK
Samsunspor vs. Trabzonspor - Sunday October 16 - 2005,Samsunspor,hard,4-4-2,INAN;PETKOV;YELEK;AYARI;GUNGOR;GHODHBANE;MARCIEL;SAGIR;AKDENIZ;AYKUT;MARQUES
Samsunspor vs. Trabzonspor - Sunday October 16 - 2005,Trabzonspor,easy,4-4-2,JEFFERSON;DUYMUS;YAVUZ;EREN;CIMSIR;KOCAK;EGE;LEE;YATTARA;JUN;YILMAZ
Trabzonspor vs. Kayseri Erciyesspor - Friday October 21 - 2005,Kayseri Erciyesspor,hard,4-2-3-1,FADHEL;KARGIN;ATES;KOK;BOUAZIZI;DIE;TORAMAN;AYHAN;BAYAZIT;JULIO CESAR;ISLER
Trabzonspor vs. Kayseri Erciyesspor - Friday October 21 - 2005,Trabzonspor,easy,4-4-2,JEFFERSON;CORA;DUYMUS;YAVUZ;KOCAK;EREN;KOCAK;LEE;YATTARA;JUN;YILMAZ
Ankaragucu vs. Ankaraspor - Saturday October 22 - 2005,Ankaragucu,hard,4-4-2,USAK;KUTLU;BAYRAK;ZENGUE;EVREN;GUNEY;TURHAN;CORIDON;GHERIENI;MANSIZ;BULUT
Ankaragucu vs. Ankaraspor - Saturday October 22 - 2005,Ankaraspor,hard,4-2-3-1,JEVRIC;BATAK;TUNC;WEDERSON;BUYUK;YIGIT;MOLNAR;GUCER;OZGUR;TITA;JABA
Galatasaray vs. Denizlispor - Saturday October 22 - 2005,Denizlispor,hard,4-2-3-1,HAMIDOU;CELIK;OZSARAC;KRATOCHVIL;KECELI;ABRAHAM;EGEDIK;ERTUGRUL;MULTAHARJU;SIMSEK;RIZA
Galatasaray vs. Denizlispor - Saturday October 22 - 2005,Galatasaray,easy,4-4-2,MONDRAGON;AK;SONG;TOMAS;HASPOLATLI;SAIDOU;ILIC;SAS;SUKUR;KARAN;HEINZ
Kayserispor vs. Samsunspor - Saturday October 22 - 2005,Kayserispor,hard,4-4-2,IVANKOV;SADYQOV;YOLDAS;TEBER;ARSLAN;JOHNSON;BOLUKBASI;TOPUZ;CEYLAN;UNAL;RODIC
Kayserispor vs. Samsunspor - Saturday October 22 - 2005,Samsunspor,hard,4-2-3-1,INAN;PETKOV;YELEK;AYARI;GUNGOR;MARCIEL;GHODHBANE;SAGIR;AKDENIZ;AYDIN;MARQUES
Gaziantepspor vs. Rizespor - Sunday October 23 - 2005,Gaziantepspor,hard,3-4-1-2,HASAGIC;GURACAR;IRTEGUN;KORKMAZ;YURT;AGCAY;GUNES;KOC;OZBAY;LAZAROV;IVANOV
Gaziantepspor vs. Rizespor - Sunday October 23 - 2005,Rizespor,hard,3-4-1-2,ZDRAVKOV;ALLYSON;KURKCU;EL TABEI;TATAN;ALPUGAN;BAKI;DOUGLAS;OZDEMIR;AKYUZ;OZTURK
Konyaspor vs. Besiktas - Sunday October 23 - 2005,Besiktas,easy,4-2-3-1,CORDOBA;ATAN;DOGAN;DURSUN;UZULMEZ;AVCI;HAVUTCU;KLEBERSON;AHMED HASSAN;AKIN;AILTON
Konyaspor vs. Besiktas - Sunday October 23 - 2005,Konyaspor,hard,4-4-2,ONGUN;EL SAKA;GUNDOSTU;CELIK;DEMIR;ER;ALBAYRAK;ERGIN;HACIOGLU;BELAL;TURKMEN
Malatyaspor vs. Fenerbahce - Sunday October 23 - 2005,Fenerbahce,easy,4-2-3-1,DEMIREL;LUCIANO;TURACI;OZAT;BALCI;APPIAH;MEHMET AURELIO;ALEX;SANLI;YOZGATLI;ANELKA
Malatyaspor vs. Fenerbahce - Sunday October 23 - 2005,Malatyaspor,hard,4-5-1,TUNCAY;AK;KORKMAZ;HOMOLA;AYDIN;TOTH;SOYLER;JOHANSSON;BENSOL;KISA;OZKAN
Manisaspor vs. Genclerbirligi - Sunday October 23 - 2005,Genclerbirligi,hard,4-4-2,CATKIC;GULDUREN;OZBEY;RISP;JARDLER;GUVEN;SERAS;UGUR;BORAL;PROMISE;CAKIR
Manisaspor vs. Genclerbirligi - Sunday October 23 - 2005,Manisaspor,hard,4-4-2,ATAMAN;D'HAENE;JOHANA;BALTA;ERKIN;AZER;VURUR;INCEMAN;YAVAS;AKDEMIR;DEMIRAY
Sivasspor vs. Diyarbakirspor - Sunday October 23 - 2005,Diyarbakirspor,hard,4-4-2,YIGITER;SEDLOSKI;BOZACI;DOGANTEZ;DEMIRCIOGLU;AKINCI;JUPI;KAHRAMAN;ASLAN;YANIK;OZER
Sivasspor vs. Diyarbakirspor - Sunday October 23 - 2005,Sivasspor,hard,4-4-2,PETKOVIC;HOCAOGLU;YERLIKAYA;DUMAN;KARACA;BAYRAKTAR;FRANSERGIO;KUS;MOHAMED ALI;AYDEMIR;ANDERSON
Denizlispor vs. Trabzonspor - Friday October 28 - 2005,Denizlispor,hard,4-2-3-1,HAMIDOU;KRATOCHVIL;OZSARAC;KECELI;ABRAHAM;EGEDIK;GULPINAR;MULTAHARJU;SIMSEK;RIZA;KARTAL
Denizlispor vs. Trabzonspor - Friday October 28 - 2005,Trabzonspor,easy,4-2-3-1,JEFFERSON;CORA;DUYMUS;ELLER;KOCAK;EREN;CIMSIR;KOCAK;LEE;YATTARA;YILMAZ
Ankaraspor vs. Malatyaspor - Saturday October 29 - 2005,Ankaraspor,hard,4-2-3-1,JEVRIC;BAHADIR;BATAK;BUYUK;YIGIT;GUCER;YILDIRIM;MOLNAR;OZGUR;TITA;JABA
Ankaraspor vs. Malatyaspor - Saturday October 29 - 2005,Malatyaspor,hard,4-5-1,TUNCAY;KORKMAZ;HOMOLA;CRIS;ASLANTAS;TOTH;AKIN;JOHANSSON;KISA;OZKAN;EFFA-OWONA
Fenerbahce vs. Gaziantepspor - Saturday October 29 - 2005,Fenerbahce,easy,4-4-2,DEMIREL;LUCIANO;TURACI;OZAT;BALCI;APPIAH;ALEX;SANLI;YOZGATLI;NOBRE;ANELKA
Fenerbahce vs. Gaziantepspor - Saturday October 29 - 2005,Gaziantepspor,hard,3-4-1-2,HASAGIC;GURACAR;IRTEGUN;COGUM;DAG;AGCAY;GUNES;YILDIRIM;BAYAR;LAZAROV;IVANOV
Besiktas vs. Ankaragucu - Sunday October 30 - 2005,Ankaragucu,hard,4-4-2,USAK;KUTLU;BAYRAK;ZENGUE;BATISTA;EVREN;GUNEY;KARADUMAN;CORIDON;BULUT;MANSIZ
Besiktas vs. Ankaragucu - Sunday October 30 - 2005,Besiktas,easy,4-4-2,CORDOBA;DURSUN;DOGAN;ATAN;TANDOGAN;AHMED HASSAN;METIN;YALCIN;AILTON;DURSUN;PANCU
Diyarbakirspor vs. Manisaspor - Sunday October 30 - 2005,Diyarbakirspor,hard,4-4-2,DAGLAROGLU;BOZACI;DOGANTEZ;STAVREVSKI;TOPRAK;DEMIRCIOGLU;AKINCI;JUPI;SAMATYALI;YANIK;OZER
Diyarbakirspor vs. Manisaspor - Sunday October 30 - 2005,Manisaspor,hard,4-4-2,ATAMAN;D'HAENE;JOHANA;ESIN;BALTA;ERKIN;CEYLAN;BOOR;GULTEKIN;DEMIRAY;AKDEMIR
Genclerbirligi vs. Galatasaray - Sunday October 30 - 2005,Galatasaray,easy,4-4-2,MONDRAGON;SONG;TOMAS;PENBE;UCAR;HASPOLATLI;SAIDOU;ILIC;ATES;HEINZ;SUKUR
Genclerbirligi vs. Galatasaray - Sunday October 30 - 2005,Genclerbirligi,hard,5-4-1,CATKIC;GULDUREN;MERCIMEK;OZBEY;RISP;GUVEN;ABDELAZIZ;SERAS;BORAL;PROMISE;CAKIR
Kayserispor vs. Konyaspor - Sunday October 30 - 2005,Kayserispor,hard,4-4-2,IVANKOV;TOSCALI;YOLDAS;ARSLAN;BASDAG;JOHNSON;BOLUKBASI;TOPUZ;CEYLAN;RODIC;UNAL
Kayserispor vs. Konyaspor - Sunday October 30 - 2005,Konyaspor,hard,4-2-3-1,ONGUN;BOZKURT;GUNDOSTU;CELIK;DEMIR;ER;ALBAYRAK;ERGIN;ERIS;HACIOGLU;BEBBE
Rizespor vs. Sivasspor - Sunday October 30 - 2005,Rizespor,hard,3-4-1-2,ZDRAVKOV;KURKCU;EL TABEI;CAKMAK;ALPUGAN;TATAN;BAKI;DOUGLAS;OZDEMIR;AKYUZ;OZTURK
Rizespor vs. Sivasspor - Sunday October 30 - 2005,Sivasspor,hard,4-4-2,PETKOVIC;HOCAOGLU;KALLA;YERLIKAYA;DUMAN;BAYRAKTAR;KARACA;KUS;MOHAMED ALI;AYDEMIR;ANDERSON
Samsunspor vs. Kayseri Erciyesspor - Sunday October 30 - 2005,Kayseri Erciyesspor,hard,4-4-2,FADHEL;KARGIN;ATES;KOK;BOUAZIZI;TORAMAN;DIE;AYHAN;BAYAZIT;AGALI;ISLER
Samsunspor vs. Kayseri Erciyesspor - Sunday October 30 - 2005,Samsunspor,hard,4-4-2,BOUKAR;PETKOV;YELEK;AYARI;GUNGOR;GHODHBANE;MARCIEL;AKDENIZ;SAGIR;AYKUT;MARQUES
Galatasaray vs. Diyarbakirspor - Friday November 4 - 2005,Diyarbakirspor,hard,4-4-2,YIGITER;BOZACI;DOGANTEZ;STAVREVSKI;SUME;DEMIRCIOGLU;AKINCI;ESER;MAZNOV;YANIK;BIRLIK
Galatasaray vs. Diyarbakirspor - Friday November 4 - 2005,Galatasaray,easy,4-4-2,MONDRAGON;AK;SONG;TOMAS;UCAR;ILIC;ARSLAN;SAS;ATES;HEINZ;SUKUR
Gaziantepspor vs. Ankaraspor - Saturday November 5 - 2005,Ankaraspor,hard,4-4-2,JEVRIC;BAHADIR;BATAK;WEDERSON;YIGIT;BUYUK;AYDIN;SARP;OZGUR;MARTIN;JABA
Gaziantepspor vs. Ankaraspor - Saturday November 5 - 2005,Gaziantepspor,hard,3-4-1-2,HASAGIC;GURACAR;IRTEGUN;COGUM;DAG;AGCAY;KIRITA;OZTONGA;BAYAR;LAZAROV;IVANOV
Kayseri Erciyesspor vs. Denizlispor - Saturday November 5 - 2005,Denizlispor,hard,4-4-2,HAMIDOU;KRATOCHVIL;OZSARAC;KECELI;EGEDIK;GULPINAR;ABRAHAM;MULTAHARJU;SIMSEK;RIZA;KARTAL
Kayseri Erciyesspor vs. Denizlispor - Saturday November 5 - 2005,Kayseri Erciyesspor,hard,4-4-2,FADHEL;KARGIN;OZKAYNAK;KOK;BOUAZIZI;TORAMAN;AYHAN;KOZEN;SEKER;AGALI;ISLER
Trabzonspor vs. Genclerbirligi - Saturday November 5 - 2005,Genclerbirligi,hard,4-1-4-1,CATKIC;GULDUREN;MERCIMEK;OZBEY;RISP;GUVEN;ABDELAZIZ;SERAS;BORAL;PROMISE;CAKIR
Trabzonspor vs. Genclerbirligi - Saturday November 5 - 2005,Trabzonspor,easy,4-4-2,JEFFERSON;CORA;DUYMUS;KOCAK;EREN;CIMSIR;KOCAK;LEE;YATTARA;TEKKE;YILMAZ
Ankaragucu vs. Kayserispor - Sunday November 6 - 2005,Ankaragucu,hard,4-4-2,USAK;KUTLU;BAYRAK;ZENGUE;GUNEY;KOLGU;ERDENIZ;HEVERTON;CORIDON;BULUT;MANSIZ
Ankaragucu vs. Kayserispor - Sunday November 6 - 2005,Kayserispor,hard,4-4-2,IVANKOV;TOSCALI;YOLDAS;ARSLAN;BASDAG;JOHNSON;BOLUKBASI;TOPUZ;CEYLAN;RODIC;UNAL
Konyaspor vs. Samsunspor - Sunday November 6 - 2005,Konyaspor,hard,4-2-3-1,ONGUN;BOZKURT;EL SAKA;GUNDOSTU;CELIK;DEMIR;ALBAYRAK;ERGIN;ERIS;HACIOGLU;BELAL
Konyaspor vs. Samsunspor - Sunday November 6 - 2005,Samsunspor,hard,4-4-2,BOUKAR;YELEK;AYARI;SEKER;GUNGOR;GHODHBANE;MARCIEL;SAGIR;AKDENIZ;AYKUT;MARQUES
Malatyaspor vs. Besiktas - Sunday November 6 - 2005,Besiktas,easy,4-2-3-1,CORDOBA;TORAMAN;ATAN;UZULMEZ;TANDOGAN;AVCI;KLEBERSON;BURUK;METIN;AKIN;AILTON
Malatyaspor vs. Besiktas - Sunday November 6 - 2005,Malatyaspor,hard,4-4-2,TUNCAY;KORKMAZ;ASLANTAS;AKIN;TOTH;JOHANSSON;BENSOL;KISA;MASEK;OZKAN;EFFA-OWONA
Manisaspor vs. Rizespor - Sunday November 6 - 2005,Manisaspor,hard,4-4-2,ATAMAN;D'HAENE;ESIN;FABIO DUARTE;BALTA;ERKIN;CEYLAN;OZLEM;GULTEKIN;AKDEMIR;DEMIRAY
Manisaspor vs. Rizespor - Sunday November 6 - 2005,Rizespor,hard,3-4-1-2,ZDRAVKOV;CAKMAK;EL TABEI;KURKCU;ALPUGAN;TATAN;YUCETAS;BAKI;DOUGLAS;SALAR;OZTURK
Sivasspor vs. Fenerbahce - Sunday November 6 - 2005,Fenerbahce,easy,4-2-3-1,DEMIREL;LUCIANO;TURACI;OZAT;BALCI;APPIAH;MEHMET AURELIO;ALEX;SANLI;YOZGATLI;ANELKA
Sivasspor vs. Fenerbahce - Sunday November 6 - 2005,Sivasspor,hard,4-4-2,PETKOVIC;HOCAOGLU;KALLA;YERLIKAYA;DUMAN;BAYRAKTAR;KARACA;FRANSERGIO;KUS;ANDERSON;YILDIZ
Diyarbakirspor vs. Trabzonspor - Saturday November 19 - 2005,Diyarbakirspor,hard,4-4-2,YIGITER;SEDLOSKI;BOZACI;STAVREVSKI;TOPRAK;AKINCI;JUPI;KAHRAMAN;ESER;MAZNOV;YANIK
Diyarbakirspor vs. Trabzonspor - Saturday November 19 - 2005,Trabzonspor,easy,5-3-2,JEFFERSON;BAYER;DUYMUS;CORA;BEKIROGLU;EREN;CIMSIR;UCUNCU;KOCAK;TEKKE;YILMAZ
Fenerbahce vs. Manisaspor - Saturday November 19 - 2005,Fenerbahce,easy,4-4-2,DEMIREL;LUCIANO;TURACI;OZAT;BALCI;APPIAH;MEHMET AURELIO;SANLI;YOZGATLI;NOBRE;ANELKA
Fenerbahce vs. Manisaspor - Saturday November 19 - 2005,Manisaspor,hard,4-4-2,MEDUNA;ATAMAN;D'HAENE;JOHANA;BALTA;ERKIN;AZER;CEYLAN;OZLEM;DOKME;DEMIRAY
Genclerbirligi vs. Kayseri Erciyesspor - Saturday November 19 - 2005,Genclerbirligi,hard,3-5-2,CATKIC;MERCIMEK;OZBEY;RISP;UZUMCU;GUVEN;ABDELAZIZ;SERAS;BORAL;PROMISE;CAKIR
Genclerbirligi vs. Kayseri Erciyesspor - Saturday November 19 - 2005,Kayseri Erciyesspor,hard,4-4-2,FADHEL;KARGIN;OZKAYNAK;KOK;BOUAZIZI;DIE;TORAMAN;AYHAN;SEKER;AGALI;ISLER
Samsunspor vs. Denizlispor - Saturday November 19 - 2005,Denizlispor,hard,4-2-3-1,HAMIDOU;KRATOCHVIL;OZSARAC;KECELI;GULPINAR;ERTUGRUL;ABRAHAM;MULTAHARJU;KAYMAKCI;SIMSEK;RIZA
Samsunspor vs. Denizlispor - Saturday November 19 - 2005,Samsunspor,hard,4-4-2,BOUKAR;AKICI;SUME;AYARI;SEKER;GUNGOR;GHODHBANE;MARCIEL;SAGIR;AYKUT;MARQUES
Ankaraspor vs. Sivasspor - Sunday November 20 - 2005,Ankaraspor,hard,4-4-2,JEVRIC;BAHADIR;BATAK;TUNC;YIGIT;BUYUK;GUCER;OZGUR;TITA;MARTIN;JABA
Ankaraspor vs. Sivasspor - Sunday November 20 - 2005,Sivasspor,hard,4-4-2,PETKOVIC;HOCAOGLU;YERLIKAYA;DUMAN;KARACA;BAYRAKTAR;FRANSERGIO;MOHAMED ALI;ANDERSON;BALILI;BOZKAYA
Besiktas vs. Gaziantepspor - Sunday November 20 - 2005,Besiktas,easy,4-2-3-1,CORDOBA;ATAN;TORAMAN;UZULMEZ;TANDOGAN;AVCI;KLEBERSON;AHMED HASSAN;METIN;AKIN;AILTON
Besiktas vs. Gaziantepspor - Sunday November 20 - 2005,Gaziantepspor,hard,3-4-1-2,HASAGIC;IRTEGUN;GURACAR;FAHMI;COGUM;SOLAKEL;AGCAY;YILDIRIM;EL TAIB;LAZAROV;IVANOV
Kayserispor vs. Malatyaspor - Sunday November 20 - 2005,Kayserispor,hard,4-4-2,UCKULAK;TOSCALI;YOLDAS;TEBER;ARSLAN;JOHNSON;BOLUKBASI;TOPUZ;CEYLAN;RODIC;UNAL
Kayserispor vs. Malatyaspor - Sunday November 20 - 2005,Malatyaspor,hard,4-4-2,TUNCAY;KORKMAZ;HOMOLA;TUGCU;ASLANTAS;AKIN;JOHANSSON;BENSOL;KISA;OZKAN;EFFA-OWONA
Konyaspor vs. Ankaragucu - Sunday November 20 - 2005,Ankaragucu,hard,4-4-2,USAK;KUTLU;BAYRAK;ZENGUE;GUNEY;DERELI;KOLGU;HEVERTON;ERDENIZ;AKSANCAK;BULUT
Konyaspor vs. Ankaragucu - Sunday November 20 - 2005,Konyaspor,hard,4-4-2,ONGUN;BOZKURT;EL SAKA;ER;CELIK;DEMIR;ALBAYRAK;ERGIN;HACIOGLU;TURKMEN;BELAL
Rizespor vs. Galatasaray - Sunday November 20 - 2005,Galatasaray,easy,4-4-2,MONDRAGON;AK;SONG;TOMAS;PENBE;HASPOLATLI;SAIDOU;ILIC;AKSOY;ATES;KARAN
Rizespor vs. Galatasaray - Sunday November 20 - 2005,Rizespor,hard,3-5-2,ZDRAVKOV;KURKCU;EL TABEI;CAKMAK;ALPUGAN;TATAN;BAKI;DOUGLAS;SALAR;OZDEMIR;OZTURK
Trabzonspor vs. Rizespor - Friday November 25 - 2005,Rizespor,hard,3-5-2,ZDRAVKOV;KURKCU;EL TABEI;CAKMAK;ALPUGAN;TATAN;BAKI;DOUGLAS;ELMAS;OZDEMIR;OZTURK
Trabzonspor vs. Rizespor - Friday November 25 - 2005,Trabzonspor,easy,4-2-3-1,JEFFERSON;BAYRAKTAR;CORA;YAVUZ;KOCAK;CIMSIR;KOCAK;SZYMKOWIAK;LEE;YATTARA;TEKKE
Malatyaspor vs. Konyaspor - Saturday November 26 - 2005,Konyaspor,hard,4-2-3-1,ONGUN;BOZKURT;EL SAKA;CELIK;DEMIR;ER;ALBAYRAK;ERGIN;ERIS;HACIOGLU;BELAL
Malatyaspor vs. Konyaspor - Saturday November 26 - 2005,Malatyaspor,hard,4-4-2,TUNCAY;HOMOLA;ERDOGAN;ASLANTAS;AKIN;TOTH;JOHANSSON;BENSOL;KISA;EFFA-OWONA;DEMIRBAS
Manisaspor vs. Ankaraspor - Saturday November 26 - 2005,Ankaraspor,hard,4-4-2,JEVRIC;BATAK;TUNC;BUYUK;SARP;MOLNAR;YILDIRIM;GUCER;TITA;JABA;MARTIN
Manisaspor vs. Ankaraspor - Saturday November 26 - 2005,Manisaspor,hard,4-4-2,MEDUNA;ATAMAN;D'HAENE;JOHANA;BALTA;AZER;CEYLAN;OZLEM;BOOR;DOKME;DEMIRAY
Sivasspor vs. Besiktas - Saturday November 26 - 2005,Besiktas,easy,4-2-3-1,CORDOBA;DOGAN;TORAMAN;DURSUN;UZULMEZ;TANDOGAN;AVCI;BURUK;METIN;AKIN;AILTON
Sivasspor vs. Besiktas - Saturday November 26 - 2005,Sivasspor,hard,4-4-2,PETKOVIC;HOCAOGLU;YERLIKAYA;DUMAN;BAYRAKTAR;KARACA;FRANSERGIO;MOHAMED ALI;ANDERSON;BOZKAYA;YILDIZ
Ankaragucu vs. Samsunspor - Sunday November 27 - 2005,Ankaragucu,hard,4-4-2,USAK;KUTLU;BAYRAK;ZENGUE;BATISTA;GUNEY;DERELI;KOLGU;HEVERTON;ERDENIZ;BULUT
Ankaragucu vs. Samsunspor - Sunday November 27 - 2005,Samsunspor,hard,4-5-1,BOUKAR;PETKOV;SUME;YELEK;AYARI;GUNGOR;GHODHBANE;MARCIEL;SAGIR;AYDIN;MARQUES
Denizlispor vs. Genclerbirligi - Sunday November 27 - 2005,Denizlispor,hard,4-2-3-1,HAMIDOU;KRATOCHVIL;OZSARAC;KECELI;ABRAHAM;ERTUGRUL;GULPINAR;MULTAHARJU;KAYMAKCI;ALKAN;SIMSEK
Denizlispor vs. Genclerbirligi - Sunday November 27 - 2005,Genclerbirligi,hard,4-5-1,CATKIC;GULDUREN;MERCIMEK;OZBEY;UZUMCU;GUVEN;ABDELAZIZ;SERAS;BORAL;PROMISE;CAKIR
Galatasaray vs. Fenerbahce - Sunday November 27 - 2005,Fenerbahce,easy,4-5-1,DEMIREL;LUCIANO;TURACI;BARIS;OZAT;BALCI;APPIAH;MEHMET AURELIO;SANLI;NOBRE;ANELKA
Galatasaray vs. Fenerbahce - Sunday November 27 - 2005,Galatasaray,easy,4-4-2,MONDRAGON;AK;SONG;TOMAS;PENBE;SAIDOU;HASPOLATLI;ILIC;SAS;ATES;SUKUR
Gaziantepspor vs. Kayserispor - Sunday November 27 - 2005,Gaziantepspor,hard,3-4-1-2,HASAGIC;IRTEGUN;GURACAR;AGCAY;KIRITA;YILDIRIM;OZBAY;BAYAR;EL TAIB;LAZAROV;IVANOV
Gaziantepspor vs. Kayserispor - Sunday November 27 - 2005,Kayserispor,hard,4-4-2,IVANKOV;YOLDAS;TOSCALI;TEBER;BASDAG;JOHNSON;BOLUKBASI;TOPUZ;CEYLAN;ALEKSANDROV;UNAL
Kayseri Erciyesspor vs. Diyarbakirspor - Sunday November 27 - 2005,Diyarbakirspor,hard,5-4-1,YIGITER;SEDLOSKI;TOPRAK;STAVREVSKI;BOZACI;AKINCI;JUPI;SAMATYALI;KAHRAMAN;ESER;MAZNOV
Kayseri Erciyesspor vs. Diyarbakirspor - Sunday November 27 - 2005,Kayseri Erciyesspor,hard,4-4-2,FADHEL;SECK;ATES;KOK;BOUAZIZI;DIE;AYHAN;KOZEN;JULIO CESAR;AGALI;ISLER
Fenerbahce vs. Trabzonspor - Friday December 2 - 2005,Fenerbahce,easy,4-5-1,DEMIREL;TURACI;BARIS;OZAT;BALCI;APPIAH;MEHMET AURELIO;ALEX;SANLI;NOBRE;ANELKA
Fenerbahce vs. Trabzonspor - Friday December 2 - 2005,Trabzonspor,easy,4-2-3-1,JEFFERSON;BAYRAKTAR;CORA;DUYMUS;YAVUZ;CIMSIR;SZYMKOWIAK;KOCAK;LEE;YATTARA;TEKKE
Ankaraspor vs. Galatasaray - Saturday December 3 - 2005,Ankaraspor,hard,3-5-2,JEVRIC;BAHADIR;BATAK;TUNC;BUYUK;GUCER;YILDIRIM;SARP;ERDOGAN;JABA;MARTIN
Ankaraspor vs. Galatasaray - Saturday December 3 - 2005,Galatasaray,easy,4-4-2,MONDRAGON;SONG;TOMAS;PENBE;SARIOGLU;UCAR;SAIDOU;ILIC;AKMAN;ATES;KARAN
Konyaspor vs. Gaziantepspor - Saturday December 3 - 2005,Gaziantepspor,hard,3-4-1-2,TARAKCI;FAHMI;GURACAR;IRTEGUN;KORKMAZ;SOLAKEL;KIRITA;AGCAY;OZBAY;LAZAROV;IVANOV
Konyaspor vs. Gaziantepspor - Saturday December 3 - 2005,Konyaspor,hard,4-2-3-1,ONGUN;BOZKURT;EL SAKA;GUNDOSTU;CELIK;DEMIR;ALBAYRAK;ERGIN;ERIS;HACIOGLU;TURKMEN
Rizespor vs. Kayseri Erciyesspor - Saturday December 3 - 2005,Kayseri Erciyesspor,hard,4-4-2,FADHEL;SECK;ATES;AKYUZ;BOUAZIZI;DIE;TORAMAN;AYHAN;BAYAZIT;AGALI;ISLER
Rizespor vs. Kayseri Erciyesspor - Saturday December 3 - 2005,Rizespor,hard,3-4-1-2,ZDRAVKOV;KURKCU;EL TABEI;CAKMAK;ALPUGAN;TATAN;BAKI;DOUGLAS;OZDEMIR;AKYUZ;OZTURK
Besiktas vs. Manisaspor - Sunday December 4 - 2005,Besiktas,easy,4-2-3-1,CORDOBA;DURSUN;TORAMAN;DOGAN;ATAN;UZULMEZ;TANDOGAN;KLEBERSON;BURUK;AHMED HASSAN;AKIN
Besiktas vs. Manisaspor - Sunday December 4 - 2005,Manisaspor,hard,4-4-2,ATAMAN;D'HAENE;JOHANA;BALTA;ERKIN;AZER;CEYLAN;OZLEM;DOKME;DEMIRAY;KALOGLU
Diyarbakirspor vs. Denizlispor - Sunday December 4 - 2005,Denizlispor,hard,4-2-3-1,HAMIDOU;CELIK;KRATOCHVIL;OZSARAC;KECELI;GULPINAR;ERTUGRUL;EGEDIK;ABRAHAM;SIMSEK;RIZA
Diyarbakirspor vs. Denizlispor - Sunday December 4 - 2005,Diyarbakirspor,hard,4-4-2,YIGITER;SEDLOSKI;BOZACI;STAVREVSKI;DEMIRCIOGLU;AKINCI;JUPI;KAHRAMAN;ESER;MAZNOV;YANIK
Genclerbirligi vs. Samsunspor - Sunday December 4 - 2005,Genclerbirligi,hard,4-2-3-1,CATKIC;MERCIMEK;OZBEY;UZUMCU;GULDUREN;GUVEN;ABDELAZIZ;SERAS;YESILKAYA;PROMISE;CAKIR
Genclerbirligi vs. Samsunspor - Sunday December 4 - 2005,Samsunspor,hard,4-5-1,INAN;PETKOV;SUME;YELEK;AYARI;GUNGOR;GHODHBANE;MARCIEL;SAGIR;AYDIN;MARQUES
Kayserispor vs. Sivasspor - Sunday December 4 - 2005,Kayserispor,hard,4-4-2,IVANKOV;YOLDAS;TEBER;ARSLAN;BASDAG;JOHNSON;TOPUZ;CEYLAN;ALEKSANDROV;UNAL;RODIC
Kayserispor vs. Sivasspor - Sunday December 4 - 2005,Sivasspor,hard,4-4-2,PETKOVIC;HOCAOGLU;KALLA;DUMAN;KARACA;ELMACI;FRANSERGIO;KUS;UMMAK;BALILI;BOZKAYA
Malatyaspor vs. Ankaragucu - Monday December 5 - 2005,Ankaragucu,hard,4-5-1,USAK;KUTLU;GUNGOR;BAYRAK;DERELI;YAVUZ;ACAR;TASDEMIR;KOLGU;AKSANCAK;BULUT
Malatyaspor vs. Ankaragucu - Monday December 5 - 2005,Malatyaspor,hard,3-5-2,TUNCAY;HOMOLA;KORKMAZ;ERDOGAN;ASLANTAS;AKIN;TOTH;JOHANSSON;BENSOL;EFFA-OWONA;YILMAZ
Manisaspor vs. Kayserispor - Friday December 9 - 2005,Kayserispor,hard,3-4-1-2,IVANKOV;TOSCALI;YOLDAS;ARSLAN;BASDAG;JOHNSON;BOLUKBASI;TOPUZ;CEYLAN;RODIC;UNAL
Manisaspor vs. Kayserispor - Friday December 9 - 2005,Manisaspor,hard,3-4-1-2,MEDUNA;ATAMAN;D'HAENE;ESIN;JOHANA;BALTA;ERKIN;CEYLAN;OZLEM;DOKME;KALOGLU
Denizlispor vs. Rizespor - Saturday December 10 - 2005,Denizlispor,hard,4-4-2,HAMIDOU;KRATOCHVIL;OZSARAC;KECELI;GULPINAR;ERTUGRUL;ABRAHAM;MULTAHARJU;SIMSEK;RIZA;UZUNOGLU
Denizlispor vs. Rizespor - Saturday December 10 - 2005,Rizespor,hard,4-2-3-1,ZDRAVKOV;ALLYSON;CAKMAK;EL TABEI;GULTEKIN;ALPUGAN;ASKAROGLU;BAKI;DOUGLAS;OZDEMIR;OZTURK
Galatasaray vs. Besiktas - Saturday December 10 - 2005,Besiktas,easy,4-2-3-1,CORDOBA;DURSUN;TORAMAN;DOGAN;ATAN;UZULMEZ;TANDOGAN;KLEBERSON;AHMED HASSAN;METIN;AKIN
Galatasaray vs. Besiktas - Saturday December 10 - 2005,Galatasaray,easy,4-4-2,MONDRAGON;AK;AYHAN;SONG;SARIOGLU;SAIDOU;HASPOLATLI;ILIC;AKMAN;ATES;KARAN
Gaziantepspor vs. Ankaragucu - Saturday December 10 - 2005,Ankaragucu,hard,4-2-3-1,USAK;KUTLU;BAYRAK;GUNGOR;YAVUZ;GUNEY;ACAR;TASDEMIR;KOLGU;TURHAN;BULUT
Gaziantepspor vs. Ankaragucu - Saturday December 10 - 2005,Gaziantepspor,hard,3-4-1-2,HASAGIC;FAHMI;GURACAR;KORKMAZ;SOLAKEL;AGCAY;KIRITA;OZBAY;EL TAIB;LAZAROV;IVANOV
Genclerbirligi vs. Diyarbakirspor - Sunday December 11 - 2005,Diyarbakirspor,hard,4-2-3-1,YIGITER;SEDLOSKI;BOZACI;STAVREVSKI;TOPRAK;AKINCI;JUPI;SAMATYALI;KAHRAMAN;ESER;MAZNOV
Genclerbirligi vs. Diyarbakirspor - Sunday December 11 - 2005,Genclerbirligi,hard,4-4-2,CATKIC;GULDUREN;MERCIMEK;OZBEY;UZUMCU;GUVEN;SERAS;NAS;BORAL;PROMISE;CAKIR
Kayseri Erciyesspor vs. Fenerbahce - Sunday December 11 - 2005,Fenerbahce,easy,4-2-3-1,DEMIREL;LUCIANO;TURACI;OZAT;BALCI;APPIAH;MEHMET AURELIO;ALEX;SANLI;YOZGATLI;SENTURK
Kayseri Erciyesspor vs. Fenerbahce - Sunday December 11 - 2005,Kayseri Erciyesspor,hard,4-4-2,FADHEL;SECK;ATES;AKYUZ;DIE;TORAMAN;BOUAZIZI;AYHAN;BAYAZIT;AGALI;ISLER
Samsunspor vs. Malatyaspor - Sunday December 11 - 2005,Malatyaspor,hard,4-5-1,TUNCAY;HOMOLA;KORKMAZ;ASLANTAS;AKIN;TOTH;SOYLER;JOHANSSON;BENSOL;KISA;YILMAZ
Samsunspor vs. Malatyaspor - Sunday December 11 - 2005,Samsunspor,hard,4-4-2,INAN;YELEK;SUME;PETKOV;AYARI;SEKER;GHODHBANE;SAGIR;AYDIN;AYKUT;CICEK
Sivasspor vs. Konyaspor - Sunday December 11 - 2005,Konyaspor,hard,3-4-1-2,VASILJ;BOZKURT;EL SAKA;GUNDOSTU;CELIK;DEMIR;ER;ERGIN;HACIOGLU;BELAL;TURKMEN
Sivasspor vs. Konyaspor - Sunday December 11 - 2005,Sivasspor,hard,4-4-2,KAPURTU;HOCAOGLU;KALLA;YERLIKAYA;DUMAN;ELMACI;KARACA;FRANSERGIO;KUS;BOZKAYA;YILDIZ
Trabzonspor vs. Ankaraspor - Sunday December 11 - 2005,Ankaraspor,hard,4-4-2,JEVRIC;BATAK;YAVAS;BUYUK;YIGIT;YILDIRIM;GUCER;ERDOGAN;OZGUR;TITA;JABA
Trabzonspor vs. Ankaraspor - Sunday December 11 - 2005,Trabzonspor,easy,4-2-3-1,JEFFERSON;BAYRAKTAR;CORA;YAVUZ;KOCAK;CIMSIR;SZYMKOWIAK;KOCAK;LEE;YATTARA;TEKKE
Kayserispor vs. Galatasaray - Friday December 16 - 2005,Galatasaray,easy,4-4-2,MONDRAGON;AK;AYHAN;SONG;SARIOGLU;HASPOLATLI;SAIDOU;ILIC;AKMAN;ATES;KARAN
Kayserispor vs. Galatasaray - Friday December 16 - 2005,Kayserispor,hard,4-4-2,IVANKOV;TOSCALI;YOLDAS;ARSLAN;JOHNSON;BOLUKBASI;TOPUZ;CEYLAN;ALEKSANDROV;RODIC;UNAL
Ankaragucu vs. Sivasspor - Saturday December 17 - 2005,Ankaragucu,hard,4-3-1-2,USAK;KUTLU;GUNGOR;DERELI;YAVUZ;ACAR;TASDEMIR;KOLGU;CORIDON;AKSANCAK;BULUT
Ankaragucu vs. Sivasspor - Saturday December 17 - 2005,Sivasspor,hard,4-4-2,VARDAR;HOCAOGLU;YERLIKAYA;DUMAN;BAYRAKTAR;ELMACI;KARACA;FRANSERGIO;KUS;AYDEMIR;BALILI
Fenerbahce vs. Denizlispor - Saturday December 17 - 2005,Denizlispor,hard,4-4-2,HAMIDOU;CELIK;KRATOCHVIL;OZSARAC;ABRAHAM;ERTUGRUL;GULPINAR;MULTAHARJU;SIMSEK;RIZA;UZUNOGLU
Fenerbahce vs. Denizlispor - Saturday December 17 - 2005,Fenerbahce,easy,4-2-3-1,DEMIREL;LUCIANO;TURACI;OZAT;BALCI;APPIAH;MEHMET AURELIO;ALEX;SANLI;YOZGATLI;SENTURK
Malatyaspor vs. Gaziantepspor - Saturday December 17 - 2005,Gaziantepspor,hard,4-2-3-1,TARAKCI;COGUM;GURACAR;IRTEGUN;KIRITA;AGCAY;YILDIRIM;OZBAY;BAYAR;EL TAIB;GULEC
Malatyaspor vs. Gaziantepspor - Saturday December 17 - 2005,Malatyaspor,hard,4-5-1,TUNCAY;ERDOGAN;KORKMAZ;ASLANTAS;SOYLER;TOTH;AKIN;JOHANSSON;BENSOL;KISA;YILMAZ
Ankaraspor vs. Kayseri Erciyesspor - Sunday December 18 - 2005,Ankaraspor,hard,4-4-2,JEVRIC;BATAK;YAVAS;TUNC;YIGIT;GUCER;ERDOGAN;OZGUR;TITA;JABA;MARTIN
Ankaraspor vs. Kayseri Erciyesspor - Sunday December 18 - 2005,Kayseri Erciyesspor,hard,4-4-2,FADHEL;KARGIN;ATES;AKYUZ;BOUAZIZI;DIE;TORAMAN;AYHAN;BAYAZIT;ISLER;AKDIS
Besiktas vs. Trabzonspor - Sunday December 18 - 2005,Besiktas,easy,4-2-3-1,CORDOBA;TORAMAN;DURSUN;ATAN;UZULMEZ;TANDOGAN;AVCI;KLEBERSON;YALCIN;AKIN;YOULA
Besiktas vs. Trabzonspor - Sunday December 18 - 2005,Trabzonspor,easy,4-2-3-1,JEFFERSON;BAYRAKTAR;YAVUZ;CORA;KOCAK;CIMSIR;KOCAK;SZYMKOWIAK;LEE;YATTARA;TEKKE
Diyarbakirspor vs. Samsunspor - Sunday December 18 - 2005,Diyarbakirspor,hard,4-4-2,YIGITER;SEDLOSKI;BOZACI;STAVREVSKI;TOPRAK;AKINCI;JUPI;KAHRAMAN;ESER;MAZNOV;BIRLIK
Diyarbakirspor vs. Samsunspor - Sunday December 18 - 2005,Samsunspor,hard,4-4-2,INAN;AKICI;PETKOV;SEKER;GUNGOR;MARCIEL;GHODHBANE;SAGIR;AYDIN;CICEK;MARQUES
Konyaspor vs. Manisaspor - Sunday December 18 - 2005,Konyaspor,hard,4-4-2,VASILJ;BOZKURT;EL SAKA;GUNDOSTU;CELIK;DEMIR;ER;ALBAYRAK;HACIOGLU;BEBBE;TURKMEN
Konyaspor vs. Manisaspor - Sunday December 18 - 2005,Manisaspor,hard,4-4-2,MEDUNA;ATAMAN;ESIN;FABIO DUARTE;OZSOY;BALTA;ERKIN;CEYLAN;OZLEM;VURUR;KALOGLU
Rizespor vs. Genclerbirligi - Sunday December 18 - 2005,Genclerbirligi,hard,4-4-2,CATKIC;GULDUREN;MERCIMEK;UZUMCU;JARDLER;GUVEN;SERAS;ABDELAZIZ;BORAL;PROMISE;CAKIR
Rizespor vs. Genclerbirligi - Sunday December 18 - 2005,Rizespor,hard,4-4-2,ZDRAVKOV;ALLYSON;EL TABEI;TATAN;YUCETAS;BAKI;ASKAROGLU;DOUGLAS;OZDEMIR;AKYUZ;OZTURK
Fenerbahce vs. Genclerbirligi - Friday January 20 - 2006,Fenerbahce,easy,4-2-3-1,RECBER;LUCIANO;TURACI;BARIS;OZAT;BALCI;APPIAH;ALEX;SANLI;NOBRE;ANELKA
Fenerbahce vs. Genclerbirligi - Friday January 20 - 2006,Genclerbirligi,hard,4-2-3-1,CATKIC;GULDUREN;MERCIMEK;UZUMCU;GUVEN;ABDELAZIZ;YESILKAYA;NAS;BORAL;PROMISE;CAKIR
Ankaragucu vs. Manisaspor - Saturday January 21 - 2006,Ankaragucu,hard,4-4-2,USAK;KUTLU;BAYRAK;GUNGOR;DERELI;GUNEY;VIDUSLU;CORIDON;BALJIC;AKSANCAK;GHERIENI
Ankaragucu vs. Manisaspor - Saturday January 21 - 2006,Manisaspor,hard,4-4-2,MEDUNA;GENCER;D'HAENE;JOHANA;ERKIN;INAN;DOKME;ZELENKA;TURAN;HOLOSKO;DEMIRAY
Besiktas vs. Kayseri Erciyesspor - Saturday January 21 - 2006,Besiktas,easy,4-4-2,SAHIN;ATAN;SEDEF;TORAMAN;UZULMEZ;TANDOGAN;AVCI;KLEBERSON;YALCIN;AKIN;AILTON
Besiktas vs. Kayseri Erciyesspor - Saturday January 21 - 2006,Kayseri Erciyesspor,hard,4-4-2,OZGULTEKIN;YAVAS;KOK;TORAMAN;DIE;AYHAN;OZBAY;BAYAZIT;AKDENIZ;AGALI;ISLER
Ankaraspor vs. Denizlispor - Sunday January 22 - 2006,Ankaraspor,hard,4-4-2,JEVRIC;BAYER;PETROUS;WEDERSON;YIGIT;BUYUK;GUCER;YILDIRIM;ERDOGAN;MARTIN;YANIK
Ankaraspor vs. Denizlispor - Sunday January 22 - 2006,Denizlispor,hard,4-4-2,KUCUK;KRATOCHVIL;OZSARAC;KECELI;ERTUGRUL;GULPINAR;KARTOP;ABRAHAM;SIMSEK;KINALI;YILMAZ
Gaziantepspor vs. Samsunspor - Sunday January 22 - 2006,Gaziantepspor,hard,4-4-2,HASAGIC;ASIKOGLU;COGUM;IRTEGUN;DAG;KIRITA;AGCAY;YILDIRIM;BAYAR;GULEC;IVANOV
Gaziantepspor vs. Samsunspor - Sunday January 22 - 2006,Samsunspor,hard,3-5-2,INAN;DOGANTEZ;POLAT;YELEK;GUNGOR;TUNA;SAGIR;AYDIN;CICEK;MARQUES;AYKUT
Kayserispor vs. Trabzonspor - Sunday January 22 - 2006,Kayserispor,hard,4-5-1,IVANKOV;TOSCALI;YOLDAS;TEBER;ARSLAN;BASDAG;BOLUKBASI;TOPUZ;CEYLAN;ALEKSANDROV;UNAL
Kayserispor vs. Trabzonspor - Sunday January 22 - 2006,Trabzonspor,easy,5-3-2,SAHIN;BAYRAKTAR;CORA;YAVUZ;KOCAK;AKYEL;CIMSIR;SZYMKOWIAK;KOCAK;RIZA;TEKKE
Konyaspor vs. Galatasaray - Sunday January 22 - 2006,Galatasaray,easy,5-3-2,MONDRAGON;AK;AYHAN;TOMAS;OZTORUN;UCAR;HASPOLATLI;ARSLAN;SAS;ATES;KARAN
Konyaspor vs. Galatasaray - Sunday January 22 - 2006,Konyaspor,hard,4-4-2,ONGUN;BOZKURT;GUNDOSTU;CELIK;DEMIR;ER;ALBAYRAK;ERGIN;HACIOGLU;BEBBE;CEKIC
Malatyaspor vs. Sivasspor - Sunday January 22 - 2006,Malatyaspor,hard,4-2-3-1,TUNCAY;ERDOGAN;KORKMAZ;EREN;TOTH;JOHANSSON;MICHALEK;BENSOL;TURHAN;SENKERIK;OZKAN
Malatyaspor vs. Sivasspor - Sunday January 22 - 2006,Sivasspor,hard,4-4-2,DAGLAROGLU;HOCAOGLU;YERLIKAYA;CAN;DUMAN;BAYRAKTAR;KARACA;FRANSERGIO;KUS;BIRLIK;ANDERSON
Rizespor vs. Diyarbakirspor - Sunday January 22 - 2006,Diyarbakirspor,hard,4-2-3-1,KURSUNLU;SEDLOSKI;BOZACI;STAVREVSKI;TOPRAK;DEMIRCIOGLU;AKINCI;JUPI;KAHRAMAN;ESER;MAZNOV
Rizespor vs. Diyarbakirspor - Sunday January 22 - 2006,Rizespor,hard,4-2-3-1,ZDRAVKOV;CAKMAK;EL TABEI;VICTORIA;UGUR;YUCETAS;BAKI;ASKAROGLU;AKSOY;ELMAS;OZTURK
Fenerbahce vs. Rizespor - Friday February 3 - 2006,Fenerbahce,easy,4-2-3-1,RECBER;BARIS;LUCIANO;TURACI;OZAT;BALCI;MEHMET AURELIO;ALEX;SANLI;ANELKA;NOBRE
Fenerbahce vs. Rizespor - Friday February 3 - 2006,Rizespor,hard,4-4-2,ZDRAVKOV;AKYUZ;EL TABEI;CAKMAK;VICTORIA;UGUR;TATAN;ASKAROGLU;AKSOY;ELMAS;KABA
Ankaraspor vs. Diyarbakirspor - Saturday February 4 - 2006,Ankaraspor,hard,4-2-3-1,JEVRIC;BAYER;PETROUS;TUNC;WEDERSON;BUYUK;GUCER;SARP;ERDOGAN;YANIK;MARTIN
Ankaraspor vs. Diyarbakirspor - Saturday February 4 - 2006,Diyarbakirspor,hard,4-2-3-1,KURSUNLU;SEDLOSKI;STAVREVSKI;DEMIRCIOGLU;AKINCI;JUPI;MIKIC;KAHRAMAN;MOHAMED ALI;ESER;MAZNOV
Besiktas vs. Genclerbirligi - Saturday February 4 - 2006,Besiktas,easy,4-2-3-1,SAHIN;ATAN;DOGAN;SEDEF;TANDOGAN;AVCI;KLEBERSON;GUNES;METIN;YALCIN;AKIN
Besiktas vs. Genclerbirligi - Saturday February 4 - 2006,Genclerbirligi,hard,4-5-1,CATKIC;GULDUREN;RISP;MERCIMEK;UZUMCU;GUVEN;ABDELAZIZ;SERAS;BORAL;PROMISE;CAKIR
Kayserispor vs. Denizlispor - Saturday February 4 - 2006,Denizlispor,hard,4-4-2,KUCUK;KRATOCHVIL;OZSARAC;KECELI;KARTOP;ABRAHAM;GULPINAR;ERTUGRUL;SIMSEK;KINALI;YILMAZ
Kayserispor vs. Denizlispor - Saturday February 4 - 2006,Kayserispor,hard,4-4-2,IVANKOV;AKSU;TOSCALI;TEBER;JOHNSON;ARSLAN;BOLUKBASI;TOPUZ;CEYLAN;ALEKSANDROV;RODIC
Ankaragucu vs. Trabzonspor - Sunday February 5 - 2006,Ankaragucu,hard,5-4-1,USAK;KUTLU;GUNGOR;BAYRAK;PETKOV;DERELI;GUNEY;KARADUMAN;CORIDON;BALJIC;BULUT
Ankaragucu vs. Trabzonspor - Sunday February 5 - 2006,Trabzonspor,easy,5-3-2,ZENGIN;CORA;STEPANOV;BAYRAKTAR;KOCAK;AKYEL;CIMSIR;UCUNCU;SZYMKOWIAK;RIZA;TEKKE
Gaziantepspor vs. Manisaspor - Sunday February 5 - 2006,Gaziantepspor,hard,4-5-1,HASAGIC;ASIKOGLU;IRTEGUN;COGUM;DAG;KIRITA;GUNES;AGCAY;YILDIRIM;BAYAR;EL TAIB
Gaziantepspor vs. Manisaspor - Sunday February 5 - 2006,Manisaspor,hard,4-4-2,MEDUNA;ATAMAN;JOHANA;D'HAENE;BALTA;INAN;DOKME;ZELENKA;TURAN;HOLOSKO;DEMIRAY
Konyaspor vs. Kayseri Erciyesspor - Sunday February 5 - 2006,Kayseri Erciyesspor,hard,4-4-2,SOYSAL;YAVAS;KOK;DIE;AYHAN;OZBAY;KOZEN;BAYAZIT;AKDENIZ;AGALI;ISLER
Konyaspor vs. Kayseri Erciyesspor - Sunday February 5 - 2006,Konyaspor,hard,4-4-2,ONGUN;BOZKURT;GUNDOSTU;CELIK;DEMIR;RIVERO;ALBAYRAK;ERGIN;HACIOGLU;CEKIC;TURKMEN
Malatyaspor vs. Galatasaray - Sunday February 5 - 2006,Galatasaray,easy,4-4-2,MONDRAGON;AK;TOMAS;OZTORUN;HASPOLATLI;ARSLAN;ILIC;SAS;YILMAZ;KARAN;ATES
Malatyaspor vs. Galatasaray - Sunday February 5 - 2006,Malatyaspor,hard,4-4-2,TUNCAY;ERDOGAN;KORKMAZ;BEKIROGLU;EREN;SOYLER;TOTH;MICHALEK;KISA;SENKERIK;MASEK
Sivasspor vs. Samsunspor - Sunday February 5 - 2006,Samsunspor,hard,4-4-2,INAN;DOGANTEZ;YELEK;SEKER;GUNGOR;TUNA;SAGIR;ERIS;CICEK;AYKUT;MARQUES
Sivasspor vs. Samsunspor - Sunday February 5 - 2006,Sivasspor,hard,4-4-2,DAGLAROGLU;YERLIKAYA;TURAN;CAN;DUMAN;BAYRAKTAR;KARACA;FRANSERGIO;KUS;BIRLIK;ANDERSON
Diyarbakirspor vs. Besiktas - Friday February 10 - 2006,Besiktas,easy,4-4-2,SAHIN;TORAMAN;DOGAN;UZULMEZ;AVCI;GUNES;KLEBERSON;METIN;YALCIN;BOBO;GULEC
Diyarbakirspor vs. Besiktas - Friday February 10 - 2006,Diyarbakirspor,hard,4-2-3-1,KURSUNLU;SEDLOSKI;STAVREVSKI;DEMIRCIOGLU;AKINCI;JUPI;MOHAMED ALI;KAHRAMAN;RAKOVIC;ESER;MAZNOV
Kayseri Erciyesspor vs. Ankaragucu - Saturday February 11 - 2006,Ankaragucu,hard,4-2-3-1,KIRINTILI;KUTLU;BAYRAK;PETKOV;GUNEY;DERELI;VIDUSLU;KARADUMAN;CORIDON;BALJIC;BULUT
Kayseri Erciyesspor vs. Ankaragucu - Saturday February 11 - 2006,Kayseri Erciyesspor,hard,4-4-2,SOYSAL;YAVAS;KOK;TORAMAN;DIE;BOUAZIZI;OZBAY;BAYAZIT;AKDENIZ;AGALI;ISLER
Manisaspor vs. Sivasspor - Saturday February 11 - 2006,Manisaspor,hard,3-4-1-2,MEDUNA;ATAMAN;D'HAENE;JOHANA;BALTA;ERKIN;INAN;DOKME;ZELENKA;TURAN;HOLOSKO
Manisaspor vs. Sivasspor - Saturday February 11 - 2006,Sivasspor,hard,4-4-2,PETKOVIC;HOCAOGLU;YERLIKAYA;CAN;DUMAN;TURAN;ELMACI;KARACA;FRANSERGIO;BALILI;ANDERSON
Samsunspor vs. Fenerbahce - Saturday February 11 - 2006,Fenerbahce,easy,4-2-3-1,RECBER;LUCIANO;TURACI;OZAT;BALCI;APPIAH;MEHMET AURELIO;ALEX;SANLI;ANELKA;NOBRE
Samsunspor vs. Fenerbahce - Saturday February 11 - 2006,Samsunspor,hard,4-4-2,INAN;DOGANTEZ;GUEYE;YELEK;AYARI;GUNGOR;TUNA;SAGIR;ERIS;MARQUES;CICEK
Denizlispor vs. Konyaspor - Sunday February 12 - 2006,Denizlispor,hard,4-4-2,KUCUK;KRATOCHVIL;OZSARAC;KECELI;KARTOP;ABRAHAM;GULPINAR;ERTUGRUL;SIMSEK;KINALI;YILMAZ
Denizlispor vs. Konyaspor - Sunday February 12 - 2006,Konyaspor,hard,4-4-2,ONGUN;BOZKURT;GUNDOSTU;CELIK;DEMIR;GHODHBANE;RIVERO;ALBAYRAK;ERGIN;TURKMEN;YILMAZ
Galatasaray vs. Gaziantepspor - Sunday February 12 - 2006,Galatasaray,easy,4-4-2,MONDRAGON;AK;TOMAS;OZTORUN;HASPOLATLI;AKMAN;ARSLAN;ILIC;SAS;KARAN;ATES
Galatasaray vs. Gaziantepspor - Sunday February 12 - 2006,Gaziantepspor,hard,4-2-3-1,HASAGIC;COGUM;IRTEGUN;DURSUN;ASIKOGLU;AGCAY;KIRITA;YILDIRIM;BAYAR;EL TAIB;CIHAN
Genclerbirligi vs. Kayserispor - Sunday February 12 - 2006,Genclerbirligi,hard,3-5-2,CATKIC;GULDUREN;RISP;UZUMCU;ABDELAZIZ;NAS;KORKUT;BORAL;PROMISE;BEGECARSLAN;CAKIR
Genclerbirligi vs. Kayserispor - Sunday February 12 - 2006,Kayserispor,hard,4-2-3-1,IVANKOV;TOSCALI;YOLDAS;AKSU;TEBER;ARSLAN;TOYSAL;BOLUKBASI;TOPUZ;CEYLAN;UNAL
Rizespor vs. Ankaraspor - Sunday February 12 - 2006,Ankaraspor,hard,4-2-3-1,JEVRIC;PETROUS;TUNC;WEDERSON;YIGIT;BUYUK;YILDIRIM;SARP;OZGUR;TITA;MARTIN
Rizespor vs. Ankaraspor - Sunday February 12 - 2006,Rizespor,hard,4-4-2,ZDRAVKOV;AKYUZ;EL TABEI;VICTORIA;UGUR;TATAN;ASKAROGLU;AKSOY;OZDEMIR;KABA;OZTURK
Trabzonspor vs. Malatyaspor - Sunday February 12 - 2006,Malatyaspor,hard,4-2-3-1,TUNCAY;ERDOGAN;KORKMAZ;BEKIROGLU;EREN;TOTH;JOHANSSON;MICHALEK;KISA;TURHAN;MASEK
Trabzonspor vs. Malatyaspor - Sunday February 12 - 2006,Trabzonspor,easy,4-2-3-1,ZENGIN;CORA;STEPANOV;KOCAK;AKYEL;CIMSIR;UCUNCU;SZYMKOWIAK;DJOKAJ;YATTARA;TEKKE
Besiktas vs. Rizespor - Friday February 17 - 2006,Besiktas,easy,4-4-2,SAHIN;ATAN;DOGAN;UZULMEZ;TANDOGAN;GUNES;KLEBERSON;AKIN;JUN;BOBO;GULEC
Besiktas vs. Rizespor - Friday February 17 - 2006,Rizespor,hard,4-4-2,ZDRAVKOV;AKYUZ;CAKMAK;EL TABEI;VICTORIA;TATAN;ASKAROGLU;BAKI;AKSOY;OZDEMIR;OZTURK
Ankaraspor vs. Fenerbahce - Saturday February 18 - 2006,Ankaraspor,hard,4-2-3-1,JEVRIC;PETROUS;BAYER;BATAK;WEDERSON;BUYUK;YILDIRIM;GUCER;SARP;OZGUR;MARTIN
Ankaraspor vs. Fenerbahce - Saturday February 18 - 2006,Fenerbahce,easy,4-2-3-1,RECBER;LUCIANO;TURACI;OZAT;BALCI;APPIAH;MEHMET AURELIO;ALEX;SANLI;ANELKA;NOBRE
Ankaragucu vs. Denizlispor - Sunday February 19 - 2006,Ankaragucu,hard,4-2-3-1,KIRINTILI;BAYRAK;GUNGOR;PETKOV;DERELI;GUNEY;ACAR;VIDUSLU;CORIDON;ERDENIZ;BULUT
Ankaragucu vs. Denizlispor - Sunday February 19 - 2006,Denizlispor,hard,4-4-2,KUCUK;OZSARAC;KRATOCHVIL;KECELI;ABRAHAM;GULPINAR;ERTUGRUL;EGE;SIMSEK;KINALI;YILMAZ
Gaziantepspor vs. Trabzonspor - Sunday February 19 - 2006,Gaziantepspor,hard,4-3-2-1,HASAGIC;COGUM;IRTEGUN;DURSUN;AGCAY;KIRITA;MELLITI;YILDIRIM;BAYAR;EL TAIB;CIHAN
Gaziantepspor vs. Trabzonspor - Sunday February 19 - 2006,Trabzonspor,easy,4-2-3-1,ZENGIN;STEPANOV;BAYRAKTAR;KOCAK;AKYEL;COKMUS;CIMSIR;KOCAK;SZYMKOWIAK;LEE;RIZA
Kayserispor vs. Diyarbakirspor - Sunday February 19 - 2006,Diyarbakirspor,hard,3-4-1-2,KURSUNLU;SEDLOSKI;BOZACI;STAVREVSKI;TOPRAK;AKINCI;MIKIC;MOHAMED ALI;KAHRAMAN;RAKOVIC;ESER
Kayserispor vs. Diyarbakirspor - Sunday February 19 - 2006,Kayserispor,hard,4-4-2,IVANKOV;TOSCALI;YOLDAS;JOHNSON;BASDAG;BOLUKBASI;TOPUZ;CEYLAN;ALEKSANDROV;PARLAK;UNAL
Konyaspor vs. Genclerbirligi - Sunday February 19 - 2006,Genclerbirligi,hard,4-4-2,TOKGOZ;GULDUREN;RISP;UZUMCU;ABDELAZIZ;NAS;KORKUT;BORAL;PROMISE;BEGECARSLAN;CAKIR
Konyaspor vs. Genclerbirligi - Sunday February 19 - 2006,Konyaspor,hard,3-4-1-2,ONGUN;BOZKURT;EL SAKA;GUNDOSTU;DEMIR;GHODHBANE;ALBAYRAK;ERGIN;HACIOGLU;TURKMEN;YILMAZ
Malatyaspor vs. Kayseri Erciyesspor - Sunday February 19 - 2006,Kayseri Erciyesspor,hard,4-2-3-1,FADHEL;YAVAS;KOK;BOUAZIZI;DIE;AYHAN;OZBAY;AKDENIZ;BAYAZIT;KOZEN;ISLER
Malatyaspor vs. Kayseri Erciyesspor - Sunday February 19 - 2006,Malatyaspor,hard,4-4-2,TUNCAY;ERDOGAN;HOMOLA;ASLANTAS;EREN;TOTH;MICHALEK;KISA;TURHAN;SENKERIK;MASEK
Manisaspor vs. Samsunspor - Sunday February 19 - 2006,Manisaspor,hard,3-4-1-2,MEDUNA;ATAMAN;D'HAENE;JOHANA;BALTA;ERKIN;INAN;DOKME;ZELENKA;TURAN;HOLOSKO
Manisaspor vs. Samsunspor - Sunday February 19 - 2006,Samsunspor,hard,4-4-2,INAN;DOGANTEZ;GUEYE;YELEK;AYARI;GUNGOR;TUNA;SAGIR;CICEK;MARQUES;AYKUT
Sivasspor vs. Galatasaray - Sunday February 19 - 2006,Galatasaray,easy,4-4-2,MONDRAGON;TOMAS;SONG;OZTORUN;HASPOLATLI;SAIDOU;ILIC;SAS;HEINZ;ATES;KARAN
Sivasspor vs. Galatasaray - Sunday February 19 - 2006,Sivasspor,hard,4-4-2,PETKOVIC;HOCAOGLU;KALLA;YERLIKAYA;CAN;KARACA;BAYRAKTAR;FRANSERGIO;AYDEMIR;BIRLIK;ANDERSON
Galatasaray vs. Manisaspor - Saturday February 25 - 2006,Galatasaray,easy,4-4-2,MONDRAGON;SONG;TOMAS;OZTORUN;UCAR;SAIDOU;ILIC;SAS;YILMAZ;ATES;SUKUR
Galatasaray vs. Manisaspor - Saturday February 25 - 2006,Manisaspor,hard,3-1-4-2,MEDUNA;ATAMAN;D'HAENE;JOHANA;BALTA;INAN;DOKME;ZELENKA;TURAN;HOLOSKO;KALOGLU
Kayseri Erciyesspor vs. Gaziantepspor - Saturday February 25 - 2006,Gaziantepspor,hard,4-4-2,HASAGIC;COGUM;DURSUN;YURT;KIRITA;AGCAY;MELLITI;BAYAR;EL TAIB;LAZAROV;CIHAN
Kayseri Erciyesspor vs. Gaziantepspor - Saturday February 25 - 2006,Kayseri Erciyesspor,hard,4-4-2,FADHEL;ATES;KOK;BOUAZIZI;DIE;TORAMAN;AYHAN;OZBAY;KIZILTAN;COSKUN;ISLER
Denizlispor vs. Malatyaspor - Sunday February 26 - 2006,Denizlispor,hard,4-4-2,KUCUK;KRATOCHVIL;OZSARAC;KECELI;GULPINAR;ERTUGRUL;ABRAHAM;EGE;SIMSEK;KINALI;YILMAZ
Denizlispor vs. Malatyaspor - Sunday February 26 - 2006,Malatyaspor,hard,4-4-2,TUNCAY;ERDOGAN;KORKMAZ;ASLANTAS;EREN;JOHANSSON;MICHALEK;BENSOL;TURHAN;SENKERIK;ESER
Diyarbakirspor vs. Konyaspor - Sunday February 26 - 2006,Diyarbakirspor,hard,4-2-3-1,AKTAS;BOZACI;STAVREVSKI;SUME;TOPRAK;DEMIRCIOGLU;JUPI;MIKIC;RAKOVIC;ESER;MAZNOV
Diyarbakirspor vs. Konyaspor - Sunday February 26 - 2006,Konyaspor,hard,4-4-2,TANRISEVEN;EL SAKA;GUNDOSTU;CELIK;DEMIR;GHODHBANE;ALBAYRAK;ERGIN;HACIOGLU;YILMAZ;BEBBE
Fenerbahce vs. Besiktas - Sunday February 26 - 2006,Besiktas,easy,4-2-3-1,CORDOBA;ATAN;SEDEF;ZAN;DOGAN;AVCI;KLEBERSON;AHMED HASSAN;METIN;YALCIN;GULEC
Fenerbahce vs. Besiktas - Sunday February 26 - 2006,Fenerbahce,easy,4-2-3-1,RECBER;LUCIANO;TURACI;OZAT;BALCI;APPIAH;MEHMET AURELIO;ALEX;SANLI;NOBRE;ANELKA
Genclerbirligi vs. Ankaragucu - Sunday February 26 - 2006,Ankaragucu,hard,4-5-1,KIRINTILI;BAYRAK;GUNGOR;PETKOV;DERELI;GUNEY;VIDUSLU;ACAR;KARADUMAN;BALJIC;BULUT
Genclerbirligi vs. Ankaragucu - Sunday February 26 - 2006,Genclerbirligi,hard,3-5-2,TOKGOZ;GULDUREN;RISP;UZUMCU;ABDELAZIZ;SERAS;NAS;KORKUT;BORAL;PROMISE;CAKIR
Rizespor vs. Kayserispor - Sunday February 26 - 2006,Kayserispor,hard,4-4-2,IVANKOV;TOSCALI;YOLDAS;TEBER;ARSLAN;BASDAG;JOHNSON;TOPUZ;ALEKSANDROV;UNAL;PARLAK
Rizespor vs. Kayserispor - Sunday February 26 - 2006,Rizespor,hard,4-4-2,ZDRAVKOV;AKYUZ;CAKMAK;EL TABEI;VICTORIA;TATAN;UGUR;BAKI;ASKAROGLU;AKSOY;OZTURK
Samsunspor vs. Ankaraspor - Sunday February 26 - 2006,Ankaraspor,hard,4-2-3-1,JEVRIC;BAYER;PETROUS;WEDERSON;BUYUK;GUCER;YILDIRIM;SARP;OZGUR;TITA;MARTIN
Samsunspor vs. Ankaraspor - Sunday February 26 - 2006,Samsunspor,hard,4-4-2,INAN;DOGANTEZ;GUEYE;YELEK;AYARI;GUNGOR;TUNA;SAGIR;CICEK;MARQUES;ALTIN
Trabzonspor vs. Sivasspor - Sunday February 26 - 2006,Sivasspor,hard,4-4-2,PETKOVIC;HOCAOGLU;KALLA;YERLIKAYA;CAN;DUMAN;BAYRAKTAR;KARACA;FRANSERGIO;BIRLIK;BALILI
Trabzonspor vs. Sivasspor - Sunday February 26 - 2006,Trabzonspor,easy,4-2-3-1,ZENGIN;CORA;STEPANOV;KOCAK;AKYEL;COKMUS;CIMSIR;SZYMKOWIAK;DJOKAJ;YATTARA;RIZA
Galatasaray vs. Samsunspor - Saturday March 4 - 2006,Galatasaray,easy,4-4-2,MONDRAGON;AK;SONG;TOMAS;SARIOGLU;SAIDOU;ARSLAN;SAS;ATES;KARAN;SUKUR
Galatasaray vs. Samsunspor - Saturday March 4 - 2006,Samsunspor,hard,4-1-3-2,MAKSIC;DOGANTEZ;GUEYE;YELEK;AYARI;GUNGOR;TUNA;SAGIR;ALTIN;CICEK;MARQUES
Manisaspor vs. Trabzonspor - Saturday March 4 - 2006,Manisaspor,hard,4-4-2,MEDUNA;ATAMAN;D'HAENE;JOHANA;BALTA;INAN;DOKME;ZELENKA;TURAN;HOLOSKO;KALOGLU
Manisaspor vs. Trabzonspor - Saturday March 4 - 2006,Trabzonspor,easy,4-2-3-1,ZENGIN;CORA;STEPANOV;AKYEL;COKMUS;CIMSIR;SZYMKOWIAK;LEE;DJOKAJ;YATTARA;RIZA
Ankaragucu vs. Diyarbakirspor - Sunday March 5 - 2006,Ankaragucu,hard,4-4-2,KIRINTILI;BAYRAK;GUNGOR;PETKOV;GUNEY;DERELI;ACAR;KARADUMAN;BALJIC;BELAL;BULUT
Ankaragucu vs. Diyarbakirspor - Sunday March 5 - 2006,Diyarbakirspor,hard,4-2-3-1,AKTAS;BOZACI;STAVREVSKI;TOPRAK;DEMIRCIOGLU;AKINCI;MIKIC;MOHAMED ALI;KAHRAMAN;RAKOVIC;ESER
Besiktas vs. Ankaraspor - Sunday March 5 - 2006,Ankaraspor,hard,4-4-1-1,JEVRIC;BATAK;BAYER;PETROUS;WEDERSON;BUYUK;SARP;YILDIRIM;GUCER;ERDOGAN;MARTIN
Besiktas vs. Ankaraspor - Sunday March 5 - 2006,Besiktas,easy,4-2-3-1,CORDOBA;ATAN;DOGAN;SEDEF;ZAN;AVCI;KLEBERSON;METIN;YALCIN;AHMED HASSAN;GULEC
Gaziantepspor vs. Denizlispor - Sunday March 5 - 2006,Denizlispor,hard,4-4-2,KUCUK;CELIK;KRATOCHVIL;KECELI;ABRAHAM;ERTUGRUL;GULPINAR;KARTOP;EGE;YILMAZ;KINALI
Gaziantepspor vs. Denizlispor - Sunday March 5 - 2006,Gaziantepspor,hard,3-4-1-2,HASAGIC;COGUM;DURSUN;YURT;AGCAY;KIRITA;MELLITI;BAYAR;EL TAIB;LAZAROV;CIHAN
Kayserispor vs. Fenerbahce - Sunday March 5 - 2006,Fenerbahce,easy,4-2-3-1,RECBER;LUCIANO;TURACI;OZAT;BALCI;APPIAH;MEHMET AURELIO;ALEX;SANLI;NOBRE;ANELKA
Kayserispor vs. Fenerbahce - Sunday March 5 - 2006,Kayserispor,hard,4-2-3-1,IVANKOV;TOSCALI;YOLDAS;JOHNSON;BASDAG;ARSLAN;BOLUKBASI;TOPUZ;CEYLAN;ALEKSANDROV;UNAL
Konyaspor vs. Rizespor - Sunday March 5 - 2006,Konyaspor,hard,4-4-2,ONGUN;BOZKURT;GUNDOSTU;CELIK;DEMIR;ER;ALBAYRAK;ERGIN;HACIOGLU;BEBBE;YILMAZ
Konyaspor vs. Rizespor - Sunday March 5 - 2006,Rizespor,hard,4-2-3-1,ZDRAVKOV;AKYUZ;CAKMAK;EL TABEI;VICTORIA;UGUR;TATAN;ALPUGAN;YUCETAS;BAKI;OZTURK
Malatyaspor vs. Genclerbirligi - Sunday March 5 - 2006,Genclerbirligi,hard,4-4-2,TOKGOZ;GULDUREN;RISP;UZUMCU;AYDIN;ABDELAZIZ;NAS;KORKUT;BORAL;PROMISE;CAKIR
Malatyaspor vs. Genclerbirligi - Sunday March 5 - 2006,Malatyaspor,hard,4-4-2,TUNCAY;ERDOGAN;KORKMAZ;BEKIROGLU;ASLANTAS;EREN;TOTH;MICHALEK;KISA;SENKERIK;OZKAN
Sivasspor vs. Kayseri Erciyesspor - Sunday March 5 - 2006,Kayseri Erciyesspor,hard,4-5-1,FADHEL;ATES;KOK;BOUAZIZI;DIE;TORAMAN;AYHAN;OZBAY;BAYAZIT;KIZILTAN;ISLER
Sivasspor vs. Kayseri Erciyesspor - Sunday March 5 - 2006,Sivasspor,hard,4-4-2,PETKOVIC;HOCAOGLU;KALLA;YERLIKAYA;DUMAN;KARACA;BAYRAKTAR;FRANSERGIO;ANDERSON;BALILI;BOZKAYA
Kayseri Erciyesspor vs. Manisaspor - Friday March 10 - 2006,Kayseri Erciyesspor,hard,4-4-2,FADHEL;YAVAS;OZKAYNAK;KOK;TORAMAN;BOUAZIZI;AYHAN;OZBAY;BAYAZIT;AGALI;ISLER
Kayseri Erciyesspor vs. Manisaspor - Friday March 10 - 2006,Manisaspor,hard,3-4-1-2,MEDUNA;ATAMAN;D'HAENE;ESIN;BALTA;ERKIN;INAN;DOKME;ZELENKA;TURAN;HOLOSKO
Fenerbahce vs. Konyaspor - Saturday March 11 - 2006,Fenerbahce,easy,4-2-3-1,RECBER;CETIN;LUCIANO;TURACI;BARIS;OZAT;MEHMET AURELIO;APPIAH;ALEX;SANLI;ANELKA
Fenerbahce vs. Konyaspor - Saturday March 11 - 2006,Konyaspor,hard,4-4-2,ONGUN;BOZKURT;GUNDOSTU;CELIK;DEMIR;ER;ALBAYRAK;ERGIN;HACIOGLU;BEBBE;YILMAZ
Genclerbirligi vs. Gaziantepspor - Saturday March 11 - 2006,Gaziantepspor,hard,4-2-3-1,HASAGIC;COGUM;IRTEGUN;DURSUN;SOLAKEL;AGCAY;KIRITA;YILDIRIM;OZTONGA;MELLITI;CIHAN
Genclerbirligi vs. Gaziantepspor - Saturday March 11 - 2006,Genclerbirligi,hard,4-4-2,TOKGOZ;GULDUREN;RISP;UZUMCU;AYDIN;ABDELAZIZ;NAS;KORKUT;BORAL;PROMISE;CAKIR
Rizespor vs. Ankaragucu - Saturday March 11 - 2006,Ankaragucu,hard,4-5-1,KIRINTILI;GUNGOR;GURACAR;PETKOV;DERELI;GUNEY;VIDUSLU;ACAR;KARADUMAN;BELAL;BULUT
Rizespor vs. Ankaragucu - Saturday March 11 - 2006,Rizespor,hard,4-2-3-1,ZDRAVKOV;CAKMAK;ALLYSON;VICTORIA;ALPUGAN;TATAN;UGUR;YUCETAS;BAKI;OZDEMIR;KABA
Ankaraspor vs. Kayserispor - Sunday March 12 - 2006,Ankaraspor,hard,4-4-2,JEVRIC;BATAK;PETROUS;WEDERSON;YIGIT;BUYUK;SARP;GUCER;OZGUR;AKTAS;MARTIN
Ankaraspor vs. Kayserispor - Sunday March 12 - 2006,Kayserispor,hard,4-4-2,IVANKOV;TOSCALI;YOLDAS;JOHNSON;BASDAG;BOLUKBASI;TOPUZ;CEYLAN;ALEKSANDROV;RODIC;UNAL
Denizlispor vs. Sivasspor - Sunday March 12 - 2006,Denizlispor,hard,4-2-3-1,KUCUK;KRATOCHVIL;OZSARAC;KECELI;KARTOP;GULPINAR;ERTUGRUL;ABRAHAM;SIMSEK;CAMBALHOTA;KINALI
Denizlispor vs. Sivasspor - Sunday March 12 - 2006,Sivasspor,hard,4-4-2,PETKOVIC;HOCAOGLU;KALLA;YERLIKAYA;DUMAN;BAYRAKTAR;DEMIRKIRAN;FRANSERGIO;BALILI;BOZKAYA;ANDERSON
Diyarbakirspor vs. Malatyaspor - Sunday March 12 - 2006,Diyarbakirspor,hard,4-5-1,KURSUNLU;SEDLOSKI;BOZACI;STAVREVSKI;DEMIRCIOGLU;AKINCI;JUPI;MIKIC;KAHRAMAN;RAKOVIC;MAZNOV
Diyarbakirspor vs. Malatyaspor - Sunday March 12 - 2006,Malatyaspor,hard,4-4-2,TUNCAY;ERDOGAN;HOMOLA;ASLANTAS;EREN;TOTH;JOHANSSON;BENSOL;KISA;SENKERIK;OZKAN
Samsunspor vs. Besiktas - Sunday March 12 - 2006,Besiktas,easy,4-4-2,CORDOBA;DOGAN;SEDEF;TORAMAN;UZULMEZ;AVCI;KLEBERSON;BURUK;AHMED HASSAN;GULEC;BOBO
Samsunspor vs. Besiktas - Sunday March 12 - 2006,Samsunspor,hard,4-4-2,MAKSIC;DOGANTEZ;GUEYE;AYARI;MARCIEL;TUNA;SAGIR;ERIS;AYDIN;CICEK;MARQUES
Trabzonspor vs. Galatasaray - Sunday March 12 - 2006,Galatasaray,easy,4-4-2,MONDRAGON;AK;SONG;TOMAS;SARIOGLU;HASPOLATLI;ILIC;AKMAN;SAS;ATES;KARAN
Trabzonspor vs. Galatasaray - Sunday March 12 - 2006,Trabzonspor,easy,4-2-3-1,ZENGIN;CORA;STEPANOV;AKYEL;COKMUS;CIMSIR;SZYMKOWIAK;LEE;KARADENIZ;DJOKAJ;TEKKE
Kayserispor vs. Besiktas - Friday March 17 - 2006,Besiktas,easy,4-4-2,CORDOBA;ATAN;TORAMAN;UZULMEZ;TANDOGAN;AVCI;KLEBERSON;BURUK;AHMED HASSAN;BOBO;GULEC
Kayserispor vs. Besiktas - Friday March 17 - 2006,Kayserispor,hard,4-4-2,IVANKOV;TOSCALI;YOLDAS;BASDAG;JOHNSON;BOLUKBASI;TOPUZ;CEYLAN;ALEKSANDROV;RODIC;UNAL
Ankaragucu vs. Fenerbahce - Saturday March 18 - 2006,Ankaragucu,hard,4-4-2,KIRINTILI;KUTLU;BAYRAK;GUNGOR;PETKOV;YAVUZ;DERELI;VIDUSLU;KARADUMAN;BALJIC;BULUT
Ankaragucu vs. Fenerbahce - Saturday March 18 - 2006,Fenerbahce,easy,4-2-3-1,RECBER;LUCIANO;TURACI;BARIS;OZAT;MEHMET AURELIO;APPIAH;ALEX;SANLI;YOZGATLI;NOBRE
Manisaspor vs. Denizlispor - Saturday March 18 - 2006,Denizlispor,hard,4-5-1,KUCUK;CELIK;KRATOCHVIL;OZSARAC;KECELI;ERTUGRUL;GULPINAR;KARTOP;SIMSEK;CAMBALHOTA;KINALI
Manisaspor vs. Denizlispor - Saturday March 18 - 2006,Manisaspor,hard,3-4-1-2,MEDUNA;ATAMAN;D'HAENE;ESIN;JOHANA;BALTA;OZLEM;INAN;ZELENKA;TURAN;HOLOSKO
Galatasaray vs. Kayseri Erciyesspor - Sunday March 19 - 2006,Galatasaray,easy,4-4-2,MONDRAGON;AK;SONG;TOMAS;SARIOGLU;HASPOLATLI;ILIC;AKMAN;SAS;ATES;KARAN
Galatasaray vs. Kayseri Erciyesspor - Sunday March 19 - 2006,Kayseri Erciyesspor,hard,4-4-2,FADHEL;YAVAS;OZKAYNAK;KOK;BOUAZIZI;TORAMAN;AYHAN;OZBAY;BAYAZIT;AGALI;ISLER
Gaziantepspor vs. Diyarbakirspor - Sunday March 19 - 2006,Diyarbakirspor,hard,4-2-3-1,AKTAS;SEDLOSKI;BOZACI;STAVREVSKI;DEMIRCIOGLU;AKINCI;JUPI;MIKIC;KAHRAMAN;RAKOVIC;MAZNOV
Gaziantepspor vs. Diyarbakirspor - Sunday March 19 - 2006,Gaziantepspor,hard,4-2-3-1,HASAGIC;COGUM;DURSUN;YURT;DURMAZ;KIRITA;YILDIRIM;MELLITI;BAYAR;KAONDERA;LAZAROV
Konyaspor vs. Ankaraspor - Sunday March 19 - 2006,Ankaraspor,hard,4-2-3-1,JEVRIC;BATAK;PETROUS;WEDERSON;YIGIT;BUYUK;SARP;GUCER;ERDOGAN;TITA;AKTAS
Konyaspor vs. Ankaraspor - Sunday March 19 - 2006,Konyaspor,hard,4-4-2,ONGUN;BOZKURT;GUNDOSTU;CELIK;ER;GHODHBANE;ALBAYRAK;HACIOGLU;BEBBE;YILMAZ;TURKMEN
Malatyaspor vs. Rizespor - Sunday March 19 - 2006,Malatyaspor,hard,3-4-1-2,TUNCAY;ERDOGAN;HOMOLA;KORKMAZ;SOYLER;TOTH;BENSOL;KISA;TURHAN;SENKERIK;MASEK
Malatyaspor vs. Rizespor - Sunday March 19 - 2006,Rizespor,hard,4-4-2,ZDRAVKOV;CAKMAK;VICTORIA;TATAN;ALPUGAN;UGUR;YUCETAS;BAKI;AKSOY;DOUGLAS;OZTURK
Sivasspor vs. Genclerbirligi - Sunday March 19 - 2006,Genclerbirligi,hard,4-4-2,TOKGOZ;GULDUREN;RISP;UZUMCU;AYDIN;ABDELAZIZ;NAS;KORKUT;BORAL;PROMISE;CAKIR
Sivasspor vs. Genclerbirligi - Sunday March 19 - 2006,Sivasspor,hard,4-4-2,PETKOVIC;HOCAOGLU;KALLA;YERLIKAYA;CAN;DUMAN;KARACA;BAYRAKTAR;KUS;ARAUJO;BALILI
Trabzonspor vs. Samsunspor - Sunday March 19 - 2006,Samsunspor,hard,4-4-2,INAN;DOGANTEZ;GUEYE;YELEK;SEKER;GUNGOR;MARCIEL;TUNA;MARQUES;CICEK;AYKUT
Trabzonspor vs. Samsunspor - Sunday March 19 - 2006,Trabzonspor,easy,4-2-3-1,JEFFERSON;BAYRAKTAR;STEPANOV;KOCAK;AKYEL;CIMSIR;UCUNCU;LEE;KARADENIZ;YATTARA;TEKKE
Besiktas vs. Konyaspor - Friday March 24 - 2006,Besiktas,easy,4-4-2,CORDOBA;ATAN;TORAMAN;UZULMEZ;AVCI;GUNES;KLEBERSON;AHMED HASSAN;METIN;BOBO;GULEC
Besiktas vs. Konyaspor - Friday March 24 - 2006,Konyaspor,hard,4-4-2,ONGUN;AKKOYUN;GUNDOSTU;SEVEN;ER;RIVERO;ALBAYRAK;HACIOGLU;TURKMEN;BEBBE;YILMAZ
Denizlispor vs. Galatasaray - Saturday March 25 - 2006,Denizlispor,hard,4-4-2,HAMIDOU;KRATOCHVIL;OZSARAC;KECELI;ERTUGRUL;KARTOP;GULPINAR;ABRAHAM;SIMSEK;KINALI;YILMAZ
Denizlispor vs. Galatasaray - Saturday March 25 - 2006,Galatasaray,easy,4-4-2,MONDRAGON;SONG;TOMAS;OZTORUN;UCAR;ARSLAN;ILIC;AKMAN;ATES;KABZE;SUKUR
Diyarbakirspor vs. Sivasspor - Saturday March 25 - 2006,Diyarbakirspor,hard,4-2-3-1,AKTAS;SEDLOSKI;BOZACI;STAVREVSKI;TOPRAK;AKINCI;MIKIC;ALKAN;KAHRAMAN;MOHAMED ALI;MAZNOV
Diyarbakirspor vs. Sivasspor - Saturday March 25 - 2006,Sivasspor,hard,4-5-1,PETKOVIC;HOCAOGLU;KALLA;YERLIKAYA;CAN;DUMAN;BAYRAKTAR;ELMACI;KUS;AYDEMIR;BALILI
Genclerbirligi vs. Manisaspor - Saturday March 25 - 2006,Genclerbirligi,hard,4-4-2,TOKGOZ;GULDUREN;MERCIMEK;RISP;UZUMCU;ABDELAZIZ;NAS;KORKUT;BORAL;PROMISE;CAKIR
Genclerbirligi vs. Manisaspor - Saturday March 25 - 2006,Manisaspor,hard,4-2-3-1,MEDUNA;ATAMAN;D'HAENE;JOHANA;BALTA;ERKIN;OZLEM;INAN;ZELENKA;HOLOSKO;DEMIRAY
Ankaraspor vs. Ankaragucu - Sunday March 26 - 2006,Ankaragucu,hard,4-4-2,KIRINTILI;KUTLU;GUNGOR;PETKOV;DERELI;YAVUZ;VIDUSLU;KARADUMAN;BALJIC;BELAL;BULUT
Ankaraspor vs. Ankaragucu - Sunday March 26 - 2006,Ankaraspor,hard,4-2-3-1,JEVRIC;BATAK;BAYER;PETROUS;WEDERSON;BUYUK;GUCER;SARP;ERDOGAN;TITA;AKTAS
Fenerbahce vs. Malatyaspor - Sunday March 26 - 2006,Fenerbahce,easy,4-2-3-1,RECBER;CETIN;LUCIANO;BARIS;OZAT;MEHMET AURELIO;ASLAN;ALEX;SANLI;YOZGATLI;NOBRE
Fenerbahce vs. Malatyaspor - Sunday March 26 - 2006,Malatyaspor,hard,4-4-2,TUNCAY;ERDOGAN;KORKMAZ;HOMOLA;BEKIROGLU;EREN;TOTH;BENSOL;TURHAN;SENKERIK;OZKAN
Kayseri Erciyesspor vs. Trabzonspor - Sunday March 26 - 2006,Kayseri Erciyesspor,hard,4-1-4-1,FADHEL;YAVAS;OZKAYNAK;KOK;BOUAZIZI;DIE;TORAMAN;AYHAN;OZBAY;BAYAZIT;ISLER
Kayseri Erciyesspor vs. Trabzonspor - Sunday March 26 - 2006,Trabzonspor,easy,4-2-3-1,JEFFERSON;CORA;STEPANOV;AKYEL;UCUNCU;CIMSIR;SZYMKOWIAK;LEE;DJOKAJ;YATTARA;TEKKE
Rizespor vs. Gaziantepspor - Sunday March 26 - 2006,Gaziantepspor,hard,4-2-3-1,HASAGIC;COGUM;DURSUN;IRTEGUN;DAG;DURMAZ;KIRITA;AGCAY;YILDIRIM;LAZAROV;CIHAN
Rizespor vs. Gaziantepspor - Sunday March 26 - 2006,Rizespor,hard,4-2-3-1,ZDRAVKOV;CAKMAK;EL TABEI;VICTORIA;TATAN;UGUR;YUCETAS;BAKI;ASKAROGLU;AKSOY;OZTURK
Samsunspor vs. Kayserispor - Sunday March 26 - 2006,Kayserispor,hard,4-4-2,IVANKOV;KARGIN;YOLDAS;TEBER;BASDAG;JOHNSON;TOPUZ;CEYLAN;ALEKSANDROV;PARLAK;UNAL
Samsunspor vs. Kayserispor - Sunday March 26 - 2006,Samsunspor,hard,4-4-2,INAN;DOGANTEZ;POLAT;YELEK;SEKER;GUNGOR;TUNA;SAGIR;AYKUT;CICEK;MARQUES
Denizlispor vs. Besiktas - Wednesday March 29 - 2006,Besiktas,easy,4-4-2,CORDOBA;ATAN;TORAMAN;UZULMEZ;AVCI;GUNES;KLEBERSON;METIN;AHMED HASSAN;AKIN;JUN
Denizlispor vs. Besiktas - Wednesday March 29 - 2006,Denizlispor,hard,4-4-2,HAMIDOU;KRATOCHVIL;OZSARAC;KECELI;KARTOP;GULPINAR;ERTUGRUL;ABRAHAM;CAMBALHOTA;KINALI;YILMAZ
Galatasaray vs. Ankaragucu - Wednesday March 29 - 2006,Ankaragucu,hard,4-4-2,KIRINTILI;KUTLU;BAYRAK;GUNGOR;PETKOV;DERELI;YAVUZ;ACAR;VIDUSLU;BALJIC;BULUT
Galatasaray vs. Ankaragucu - Wednesday March 29 - 2006,Galatasaray,easy,4-4-2,MONDRAGON;SONG;TOMAS;OZTORUN;SARIOGLU;HASPOLATLI;AKMAN;SAS;ATES;HEINZ;SUKUR
Genclerbirligi vs. Ankaraspor - Wednesday March 29 - 2006,Ankaraspor,hard,4-4-2,JEVRIC;DUYMUS;PETROUS;TUNC;WEDERSON;YALCINKAYA;SARP;GUCER;TITA;MARTIN;YANIK
Genclerbirligi vs. Ankaraspor - Wednesday March 29 - 2006,Genclerbirligi,hard,4-4-2,TOKGOZ;GULDUREN;RISP;UZUMCU;AYDIN;ABDELAZIZ;NAS;BORAL;PROMISE;BEGECARSLAN;CAKIR
Kayseri Erciyesspor vs. Kayserispor - Wednesday March 29 - 2006,Kayseri Erciyesspor,hard,4-5-1,FADHEL;YAVAS;OZKAYNAK;KOK;BOUAZIZI;DIE;TORAMAN;AYHAN;OZBAY;BAYAZIT;ISLER
Kayseri Erciyesspor vs. Kayserispor - Wednesday March 29 - 2006,Kayserispor,hard,4-4-2,IVANKOV;TOSCALI;YOLDAS;TEBER;BASDAG;JOHNSON;BOLUKBASI;TOPUZ;CEYLAN;ALEKSANDROV;UNAL
Manisaspor vs. Malatyaspor - Wednesday March 29 - 2006,Malatyaspor,hard,4-4-2,TUNCAY;ERDOGAN;HOMOLA;KORKMAZ;BEKIROGLU;EREN;SOYLER;BENSOL;TURHAN;SENKERIK;OZKAN
Manisaspor vs. Malatyaspor - Wednesday March 29 - 2006,Manisaspor,hard,4-4-2,MEDUNA;GENCER;D'HAENE;ESIN;BALTA;ERKIN;OZLEM;DOKME;ZELENKA;HOLOSKO;DEMIRAY
Samsunspor vs. Rizespor - Wednesday March 29 - 2006,Rizespor,hard,4-4-2,ZDRAVKOV;CAKMAK;EL TABEI;VICTORIA;TATAN;UGUR;YUCETAS;ASKAROGLU;AKSOY;ELMAS;KABA
Samsunspor vs. Rizespor - Wednesday March 29 - 2006,Samsunspor,hard,4-4-2,INAN;POLAT;YELEK;SEKER;GUNGOR;TUNA;SAGIR;ERIS;AYDIN;CICEK;MARQUES
Sivasspor vs. Gaziantepspor - Wednesday March 29 - 2006,Gaziantepspor,hard,4-5-1,HASAGIC;COGUM;IRTEGUN;YURT;DAG;DURMAZ;KIRITA;AGCAY;OZTONGA;BAYAR;LAZAROV
Sivasspor vs. Gaziantepspor - Wednesday March 29 - 2006,Sivasspor,hard,4-4-2,PETKOVIC;HOCAOGLU;KALLA;YERLIKAYA;CAN;DUMAN;BAYRAKTAR;ELMACI;KUS;BIRLIK;BALILI
Diyarbakirspor vs. Fenerbahce - Thursday March 30 - 2006,Diyarbakirspor,hard,4-2-3-1,KURSUNLU;SEDLOSKI;BOZACI;STAVREVSKI;DEMIRCIOGLU;AKINCI;ATAS;JUPI;KAHRAMAN;ESER;MAZNOV
Diyarbakirspor vs. Fenerbahce - Thursday March 30 - 2006,Fenerbahce,easy,4-2-3-1,RECBER;CETIN;LUCIANO;BARIS;OZAT;APPIAH;MEHMET AURELIO;ASLAN;SANLI;YOZGATLI;NOBRE
Trabzonspor vs. Konyaspor - Thursday March 30 - 2006,Konyaspor,hard,4-2-3-1,ONGUN;BOZKURT;GUNDOSTU;CELIK;ER;GHODHBANE;SEVEN;RIVERO;ALBAYRAK;HACIOGLU;TURKMEN
Trabzonspor vs. Konyaspor - Thursday March 30 - 2006,Trabzonspor,easy,4-2-3-1,JEFFERSON;CORA;STEPANOV;AKYEL;CIMSIR;UCUNCU;SZYMKOWIAK;LEE;KARADENIZ;YATTARA;TEKKE
Ankaragucu vs. Besiktas - Saturday April 1 - 2006,Ankaragucu,hard,4-4-2,KIRINTILI;KUTLU;GUNGOR;PETKOV;DERELI;VIDUSLU;KARADUMAN;BALJIC;KOC;BELAL;BULUT
Ankaragucu vs. Besiktas - Saturday April 1 - 2006,Besiktas,easy,4-4-2,CORDOBA;ATAN;TORAMAN;UZULMEZ;AVCI;KLEBERSON;GUNES;BURUK;AHMED HASSAN;BOBO;GULEC
Galatasaray vs. Genclerbirligi - Saturday April 1 - 2006,Galatasaray,easy,4-4-2,MONDRAGON;TOMAS;ASIK;PENBE;HASPOLATLI;AKMAN;ARSLAN;ILIC;SAS;ATES;SUKUR
Galatasaray vs. Genclerbirligi - Saturday April 1 - 2006,Genclerbirligi,hard,4-4-2,TOKGOZ;GULDUREN;RISP;UZUMCU;AYDIN;ABDELAZIZ;NAS;KORKUT;BORAL;PROMISE;CAKIR
Gaziantepspor vs. Fenerbahce - Sunday April 2 - 2006,Fenerbahce,easy,4-2-3-1,RECBER;CETIN;LUCIANO;BARIS;OZAT;APPIAH;MEHMET AURELIO;ALEX;SANLI;YOZGATLI;NOBRE
Gaziantepspor vs. Fenerbahce - Sunday April 2 - 2006,Gaziantepspor,hard,4-5-1,HASAGIC;COGUM;DURSUN;IRTEGUN;YURT;DAG;DURMAZ;KIRITA;AGCAY;OZTONGA;LAZAROV
Kayseri Erciyesspor vs. Samsunspor - Sunday April 2 - 2006,Kayseri Erciyesspor,hard,4-4-2,FADHEL;YAVAS;OZKAYNAK;KOK;BOUAZIZI;TORAMAN;AYHAN;OZBAY;BAYAZIT;AGALI;ISLER
Kayseri Erciyesspor vs. Samsunspor - Sunday April 2 - 2006,Samsunspor,hard,4-4-2,INAN;DOGANTEZ;GUEYE;POLAT;SEKER;GUNGOR;TUNA;SAGIR;CICEK;MARQUES;ALTIN
Konyaspor vs. Kayserispor - Sunday April 2 - 2006,Kayserispor,hard,4-2-3-1,IVANKOV;TOSCALI;YOLDAS;ARSLAN;BASDAG;JOHNSON;BOLUKBASI;TOPUZ;CEYLAN;ALEKSANDROV;UNAL
Konyaspor vs. Kayserispor - Sunday April 2 - 2006,Konyaspor,hard,4-5-1,ONGUN;EL SAKA;CELIK;ER;SEVEN;GHODHBANE;RIVERO;ALBAYRAK;HACIOGLU;TURKMEN;YILMAZ
Malatyaspor vs. Ankaraspor - Sunday April 2 - 2006,Ankaraspor,hard,4-4-2,JEVRIC;PETROUS;TUNC;WEDERSON;BUYUK;GUCER;SARP;OZGUR;JABA;MARTIN;YANIK
Malatyaspor vs. Ankaraspor - Sunday April 2 - 2006,Malatyaspor,hard,4-2-3-1,KORK;ERDOGAN;KORKMAZ;BEKIROGLU;EREN;TOTH;SOYLER;TURHAN;SENKERIK;ESER;OZKAN
Manisaspor vs. Diyarbakirspor - Sunday April 2 - 2006,Diyarbakirspor,hard,4-2-3-1,AKTAS;BOZACI;DEMIRCIOGLU;AKINCI;ASIL;ATAS;JUPI;MIKIC;KAHRAMAN;RAKOVIC;MAZNOV
Manisaspor vs. Diyarbakirspor - Sunday April 2 - 2006,Manisaspor,hard,4-2-3-1,GENCER;D'HAENE;ESIN;BALTA;ERKIN;CEYLAN;OZLEM;DOKME;DEMIRAY;HOLOSKO;KALOGLU
Sivasspor vs. Rizespor - Sunday April 2 - 2006,Rizespor,hard,4-2-3-1,ZDRAVKOV;EL TABEI;CAKMAK;AKYUZ;VICTORIA;TATAN;UGUR;YUCETAS;BAKI;AKSOY;KABA
Sivasspor vs. Rizespor - Sunday April 2 - 2006,Sivasspor,hard,4-2-3-1,PETKOVIC;HOCAOGLU;SOZGELMEZ;YERLIKAYA;CAN;DUMAN;ELMACI;BAYRAKTAR;ARAUJO;BALILI;BOZKAYA
Trabzonspor vs. Denizlispor - Sunday April 2 - 2006,Denizlispor,hard,4-1-4-1,HAMIDOU;KRATOCHVIL;OZSARAC;CELIK;ABRAHAM;ERTUGRUL;GULPINAR;KARTOP;SIMSEK;CAMBALHOTA;YILMAZ
Trabzonspor vs. Denizlispor - Sunday April 2 - 2006,Trabzonspor,easy,4-4-2,JEFFERSON;STEPANOV;YAVUZ;COKMUS;CIMSIR;UCUNCU;SZYMKOWIAK;LEE;KARADENIZ;RIZA;TEKKE
Diyarbakirspor vs. Galatasaray - Friday April 7 - 2006,Diyarbakirspor,hard,4-2-3-1,AKTAS;BOZACI;STAVREVSKI;DEMIRCIOGLU;AKINCI;ASIL;ATAS;JUPI;MIKIC;KAHRAMAN;MAZNOV
Diyarbakirspor vs. Galatasaray - Friday April 7 - 2006,Galatasaray,easy,4-4-2,MONDRAGON;ASIK;TOMAS;PENBE;HASPOLATLI;ARSLAN;ILIC;AKMAN;SAS;ATES;SUKUR
Ankaraspor vs. Gaziantepspor - Saturday April 8 - 2006,Ankaraspor,hard,4-4-2,RICHARD KINGSON;BATAK;PETROUS;TUNC;WEDERSON;BUYUK;GUCER;OZGUR;TITA;JABA;YANIK
Ankaraspor vs. Gaziantepspor - Saturday April 8 - 2006,Gaziantepspor,hard,4-2-3-1,HASAGIC;YURT;IRTEGUN;DURSUN;ASIKOGLU;SOLAKEL;DAG;AGCAY;MELLITI;YILDIRIM;CIHAN
Besiktas vs. Malatyaspor - Saturday April 8 - 2006,Besiktas,easy,4-4-2,CORDOBA;ATAN;TORAMAN;UZULMEZ;AVCI;KLEBERSON;GUNES;AHMED HASSAN;METIN;BOBO;GULEC
Besiktas vs. Malatyaspor - Saturday April 8 - 2006,Malatyaspor,hard,4-2-3-1,KORK;ERDOGAN;HOMOLA;KORKMAZ;EREN;TOTH;JOHANSSON;BENSOL;TURHAN;KISA;SENKERIK
Denizlispor vs. Kayseri Erciyesspor - Sunday April 9 - 2006,Denizlispor,hard,4-2-3-1,HAMIDOU;KRATOCHVIL;OZSARAC;KECELI;ERTUGRUL;KARTOP;GULPINAR;ABRAHAM;SIMSEK;CAMBALHOTA;YILMAZ
Denizlispor vs. Kayseri Erciyesspor - Sunday April 9 - 2006,Kayseri Erciyesspor,hard,4-4-2,FADHEL;YAVAS;OZKAYNAK;KOK;BOUAZIZI;TORAMAN;AYHAN;OZBAY;BAYAZIT;AGALI;ISLER
Fenerbahce vs. Sivasspor - Sunday April 9 - 2006,Fenerbahce,easy,4-2-3-1,RECBER;CETIN;LUCIANO;OZAT;BALCI;APPIAH;MEHMET AURELIO;ALEX;SANLI;YOZGATLI;NOBRE
Fenerbahce vs. Sivasspor - Sunday April 9 - 2006,Sivasspor,hard,4-5-1,PETKOVIC;HOCAOGLU;KALLA;YERLIKAYA;DUMAN;CAN;ELMACI;BAYRAKTAR;KUS;BOZKAYA;ANDERSON
Genclerbirligi vs. Trabzonspor - Sunday April 9 - 2006,Genclerbirligi,hard,4-4-2,TOKGOZ;GULDUREN;RISP;UZUMCU;AYDIN;SERAS;NAS;KORKUT;PROMISE;BEGECARSLAN;CAKIR
Genclerbirligi vs. Trabzonspor - Sunday April 9 - 2006,Trabzonspor,easy,4-4-2,JEFFERSON;YAVUZ;COKMUS;AKYEL;CIMSIR;UCUNCU;SZYMKOWIAK;LEE;KARADENIZ;RIZA;TEKKE
Kayserispor vs. Ankaragucu - Sunday April 9 - 2006,Ankaragucu,hard,4-4-2,USAK;GUNGOR;BAYRAK;PETKOV;DERELI;YAVUZ;VIDUSLU;KARADUMAN;BALJIC;BELAL;BULUT
Kayserispor vs. Ankaragucu - Sunday April 9 - 2006,Kayserispor,hard,4-4-2,IVANKOV;TOSCALI;YOLDAS;BASDAG;JOHNSON;BOLUKBASI;TOPUZ;CEYLAN;ALEKSANDROV;PARLAK;UNAL
Rizespor vs. Manisaspor - Sunday April 9 - 2006,Manisaspor,hard,3-4-1-2,MEDUNA;GENCER;ESIN;JOHANA;BALTA;ERKIN;OZLEM;DOKME;ZELENKA;TURAN;HOLOSKO
Rizespor vs. Manisaspor - Sunday April 9 - 2006,Rizespor,hard,4-4-2,ZDRAVKOV;EL TABEI;CAKMAK;VICTORIA;TATAN;UGUR;YUCETAS;BAKI;AKSOY;OZDEMIR;OZTURK
Samsunspor vs. Konyaspor - Sunday April 9 - 2006,Konyaspor,hard,4-4-2,ONGUN;EL SAKA;GUNDOSTU;CELIK;SEVEN;ER;GHODHBANE;ALBAYRAK;HACIOGLU;TURKMEN;BEBBE
Samsunspor vs. Konyaspor - Sunday April 9 - 2006,Samsunspor,hard,4-4-2,INAN;DOGANTEZ;POLAT;YELEK;SEKER;GUNGOR;TUNA;SAGIR;ALTIN;CICEK;MARQUES
Denizlispor vs. Samsunspor - Saturday April 15 - 2006,Denizlispor,hard,4-4-2,HAMIDOU;KRATOCHVIL;OZSARAC;KECELI;GULPINAR;ERTUGRUL;ABRAHAM;EGE;SIMSEK;KINALI;YILMAZ
Denizlispor vs. Samsunspor - Saturday April 15 - 2006,Samsunspor,hard,4-4-2,INAN;DOGANTEZ;POLAT;YELEK;AYARI;GUNGOR;MARCIEL;SAGIR;ERIS;ALTIN;CICEK
Malatyaspor vs. Kayserispor - Saturday April 15 - 2006,Kayserispor,hard,4-2-3-1,IVANKOV;TOSCALI;TEBER;BASDAG;JOHNSON;BOLUKBASI;TOYSAL;TOPUZ;CEYLAN;YEDEK;PARLAK
Malatyaspor vs. Kayserispor - Saturday April 15 - 2006,Malatyaspor,hard,4-4-2,KORK;HOMOLA;KORKMAZ;ERDOGAN;EREN;TOTH;BENSOL;TURHAN;KISA;SENKERIK;MASEK
Manisaspor vs. Fenerbahce - Saturday April 15 - 2006,Fenerbahce,easy,4-2-3-1,RECBER;CETIN;LUCIANO;TURACI;OZAT;APPIAH;MEHMET AURELIO;ALEX;SANLI;NOBRE;ANELKA
Manisaspor vs. Fenerbahce - Saturday April 15 - 2006,Manisaspor,hard,4-2-3-1,GENCER;ESIN;BALTA;ERKIN;OZLEM;SAKAR;DOKME;ZELENKA;TURAN;HOLOSKO;KALOGLU
Ankaragucu vs. Konyaspor - Sunday April 16 - 2006,Ankaragucu,hard,4-4-2,USAK;BAYRAK;GUNGOR;GURACAR;PETKOV;DERELI;KARADUMAN;BALJIC;KOC;BELAL;BULUT
Ankaragucu vs. Konyaspor - Sunday April 16 - 2006,Konyaspor,hard,4-4-2,ONGUN;BOZKURT;GUNDOSTU;CELIK;ER;GHODHBANE;SEVEN;ALBAYRAK;HACIOGLU;TURKMEN;YILMAZ
Galatasaray vs. Rizespor - Sunday April 16 - 2006,Galatasaray,easy,4-4-2,MONDRAGON;SONG;TOMAS;PENBE;SAIDOU;HASPOLATLI;ILIC;AKMAN;SAS;ATES;SUKUR
Galatasaray vs. Rizespor - Sunday April 16 - 2006,Rizespor,hard,4-2-3-1,ZDRAVKOV;EL TABEI;CAKMAK;VICTORIA;TATAN;UGUR;YUCETAS;BAKI;AKSOY;ELMAS;OZTURK
Gaziantepspor vs. Besiktas - Sunday April 16 - 2006,Besiktas,easy,4-2-3-1,CORDOBA;TORAMAN;ZAN;UZULMEZ;AVCI;KLEBERSON;GUNES;BURUK;AHMED HASSAN;BOBO;GULEC
Gaziantepspor vs. Besiktas - Sunday April 16 - 2006,Gaziantepspor,hard,4-4-2,HASAGIC;IRTEGUN;DURSUN;COGUM;DURMAZ;DAG;KIRITA;YILDIRIM;BAYAR;LAZAROV;CIHAN
Kayseri Erciyesspor vs. Genclerbirligi - Sunday April 16 - 2006,Genclerbirligi,hard,4-4-2,TOKGOZ;GULDUREN;RISP;UZUMCU;AYDIN;SERAS;NAS;KORKUT;BORAL;BEGECARSLAN;CAKIR
Kayseri Erciyesspor vs. Genclerbirligi - Sunday April 16 - 2006,Kayseri Erciyesspor,hard,4-4-2,FADHEL;YAVAS;OZKAYNAK;KOK;BOUAZIZI;DIE;AYHAN;OZBAY;BAYAZIT;AGALI;ISLER
Sivasspor vs. Ankaraspor - Sunday April 16 - 2006,Ankaraspor,hard,4-4-2,JEVRIC;TUNC;PETROUS;BATAK;WEDERSON;BUYUK;GUCER;OZGUR;TITA;MARTIN;YANIK
Sivasspor vs. Ankaraspor - Sunday April 16 - 2006,Sivasspor,hard,4-5-1,PETKOVIC;HOCAOGLU;KALLA;SOZGELMEZ;YERLIKAYA;CAN;ELMACI;BAYRAKTAR;KUS;ANDERSON;BOZKAYA
Trabzonspor vs. Diyarbakirspor - Sunday April 16 - 2006,Diyarbakirspor,hard,4-2-3-1,AKTAS;BOZACI;DEMIRCIOGLU;AKINCI;ASIL;ATAS;JUPI;MIKIC;KAHRAMAN;MOHAMED ALI;ESER
Trabzonspor vs. Diyarbakirspor - Sunday April 16 - 2006,Trabzonspor,easy,4-4-2,JEFFERSON;STEPANOV;YAVUZ;AKYEL;CIMSIR;UCUNCU;LEE;KARADENIZ;GUZELDAL;YATTARA;TEKKE
Ankaraspor vs. Manisaspor - Saturday April 22 - 2006,Ankaraspor,hard,4-4-2,JEVRIC;BATAK;DUYMUS;PETROUS;TUNC;WEDERSON;BUYUK;OZGUR;JABA;MARTIN;YANIK
Ankaraspor vs. Manisaspor - Saturday April 22 - 2006,Manisaspor,hard,3-4-1-2,MEDUNA;GENCER;JOHANA;BALTA;ERKIN;OZLEM;SAKAR;ZELENKA;TURAN;HOLOSKO;KALOGLU
Fenerbahce vs. Galatasaray - Saturday April 22 - 2006,Fenerbahce,easy,4-5-1,RECBER;CETIN;LUCIANO;BARIS;OZAT;APPIAH;SAHIN;MEHMET AURELIO;ALEX;SANLI;NOBRE
Fenerbahce vs. Galatasaray - Saturday April 22 - 2006,Galatasaray,easy,4-4-2,MONDRAGON;SONG;TOMAS;OZTORUN;UCAR;SAIDOU;HASPOLATLI;AKMAN;SAS;ATES;SUKUR
Besiktas vs. Sivasspor - Sunday April 23 - 2006,Besiktas,easy,4-4-2,CORDOBA;DOGAN;SEDEF;TORAMAN;ZAN;UZULMEZ;KLEBERSON;AHMED HASSAN;YALCIN;BOBO;GULEC
Besiktas vs. Sivasspor - Sunday April 23 - 2006,Sivasspor,hard,4-5-1,PETKOVIC;HOCAOGLU;SOZGELMEZ;YERLIKAYA;CAN;DUMAN;ELMACI;BAYRAKTAR;KUS;BALILI;BOZKAYA
Diyarbakirspor vs. Kayseri Erciyesspor - Sunday April 23 - 2006,Diyarbakirspor,hard,4-2-3-1,AKTAS;BOZACI;DEMIRCIOGLU;AKINCI;ASIL;ATAS;JUPI;MIKIC;MOHAMED ALI;KAHRAMAN;ESER
Diyarbakirspor vs. Kayseri Erciyesspor - Sunday April 23 - 2006,Kayseri Erciyesspor,hard,4-4-2,FADHEL;KARACA;YAVAS;OZKAYNAK;KOK;TORAMAN;AYHAN;OZBAY;BAYAZIT;AGALI;ISLER
Genclerbirligi vs. Denizlispor - Sunday April 23 - 2006,Denizlispor,hard,4-2-3-1,HAMIDOU;KRATOCHVIL;OZSARAC;KECELI;GULPINAR;KARTOP;ABRAHAM;EGE;SIMSEK;KINALI;YILMAZ
Genclerbirligi vs. Denizlispor - Sunday April 23 - 2006,Genclerbirligi,hard,4-4-2,TOKGOZ;RISP;UZUMCU;AYDIN;ABDELAZIZ;NAS;KORKUT;BORAL;PROMISE;BEGECARSLAN;CAKIR
Kayserispor vs. Gaziantepspor - Sunday April 23 - 2006,Gaziantepspor,hard,4-2-3-1,HASAGIC;YURT;IRTEGUN;DURSUN;COGUM;DAG;KIRITA;MELLITI;YILDIRIM;LAZAROV;CIHAN
Kayserispor vs. Gaziantepspor - Sunday April 23 - 2006,Kayserispor,hard,4-4-2,IVANKOV;TOSCALI;YOLDAS;TEBER;JOHNSON;BASDAG;ARSLAN;TOPUZ;ALEKSANDROV;PARLAK;UNAL
Konyaspor vs. Malatyaspor - Sunday April 23 - 2006,Konyaspor,hard,4-4-2,ONGUN;EL SAKA;CELIK;ER;SEVEN;ALBAYRAK;ERGIN;HACIOGLU;TURKMEN;BEBBE;YILMAZ
Konyaspor vs. Malatyaspor - Sunday April 23 - 2006,Malatyaspor,hard,4-4-2,KORK;ERDOGAN;HOMOLA;KORKMAZ;BEKIROGLU;EREN;TOTH;BENSOL;TURHAN;KISA;MASEK
Rizespor vs. Trabzonspor - Sunday April 23 - 2006,Rizespor,hard,4-5-1,ZDRAVKOV;CAKMAK;EL TABEI;VICTORIA;UGUR;TATAN;YUCETAS;BAKI;ASKAROGLU;AKSOY;OZTURK
Rizespor vs. Trabzonspor - Sunday April 23 - 2006,Trabzonspor,easy,4-2-3-1,JEFFERSON;STEPANOV;YAVUZ;AKYEL;CIMSIR;SZYMKOWIAK;KOCAK;LEE;KARADENIZ;YATTARA;TEKKE
Samsunspor vs. Ankaragucu - Sunday April 23 - 2006,Ankaragucu,hard,4-4-2,USAK;BAYRAK;GUNGOR;PETKOV;YAVUZ;DERELI;VIDUSLU;KARADUMAN;BALJIC;BELAL;BULUT
Samsunspor vs. Ankaragucu - Sunday April 23 - 2006,Samsunspor,hard,4-2-3-1,INAN;DOGANTEZ;POLAT;YELEK;SEKER;GUNGOR;MARCIEL;TUNA;SAGIR;ERIS;ALTIN
Manisaspor vs. Besiktas - Friday April 28 - 2006,Besiktas,easy,4-4-2,CORDOBA;SEDEF;TORAMAN;ZAN;UZULMEZ;AVCI;KLEBERSON;BURUK;METIN;BOBO;GULEC
Manisaspor vs. Besiktas - Friday April 28 - 2006,Manisaspor,hard,4-2-3-1,ATAMAN;ESIN;JOHANA;BALTA;ERKIN;OZLEM;INAN;SAKAR;ZELENKA;HOLOSKO;KALOGLU
Ankaragucu vs. Malatyaspor - Saturday April 29 - 2006,Ankaragucu,hard,4-4-2,USAK;GUNGOR;BAYRAK;PETKOV;DERELI;YAVUZ;VIDUSLU;KARADUMAN;BALJIC;BELAL;BULUT
Ankaragucu vs. Malatyaspor - Saturday April 29 - 2006,Malatyaspor,hard,4-2-3-1,KORK;ERDOGAN;KORKMAZ;HOMOLA;BEKIROGLU;EREN;TOTH;BENSOL;KISA;TURHAN;MASEK
Denizlispor vs. Diyarbakirspor - Saturday April 29 - 2006,Denizlispor,hard,4-4-2,HAMIDOU;KRATOCHVIL;OZSARAC;KARTOP;GULPINAR;ERTUGRUL;ABRAHAM;SIMSEK;CAMBALHOTA;KINALI;YILMAZ
Denizlispor vs. Diyarbakirspor - Saturday April 29 - 2006,Diyarbakirspor,hard,4-2-3-1,AKTAS;BOZACI;DEMIRCIOGLU;AKINCI;ASIL;ATAS;JUPI;MIKIC;KAHRAMAN;MOHAMED ALI;ESER
Galatasaray vs. Ankaraspor - Saturday April 29 - 2006,Ankaraspor,hard,4-4-2,JEVRIC;TUNC;PETROUS;DUYMUS;WEDERSON;BUYUK;GUCER;TITA;JABA;MARTIN;YANIK
Galatasaray vs. Ankaraspor - Saturday April 29 - 2006,Galatasaray,easy,4-4-2,MONDRAGON;SONG;TOMAS;PENBE;HASPOLATLI;ILIC;ARSLAN;AKMAN;YILMAZ;ATES;SUKUR
Gaziantepspor vs. Konyaspor - Saturday April 29 - 2006,Gaziantepspor,hard,4-2-3-1,HASAGIC;IRTEGUN;DURSUN;COGUM;DURMAZ;DAG;KIRITA;MELLITI;YILDIRIM;LAZAROV;CIHAN
Gaziantepspor vs. Konyaspor - Saturday April 29 - 2006,Konyaspor,hard,4-4-2,ONGUN;EL SAKA;GUNDOSTU;CELIK;BATISTA;ER;SEVEN;ALBAYRAK;HACIOGLU;CEKIC;YILMAZ
Kayseri Erciyesspor vs. Rizespor - Saturday April 29 - 2006,Kayseri Erciyesspor,hard,4-4-2,FADHEL;YAVAS;OZKAYNAK;KOK;BOUAZIZI;DIE;TORAMAN;AYHAN;BAYAZIT;AGALI;ISLER
Kayseri Erciyesspor vs. Rizespor - Saturday April 29 - 2006,Rizespor,hard,3-4-1-2,ZDRAVKOV;CAKMAK;EL TABEI;VICTORIA;TATAN;ALPUGAN;YUCETAS;BAKI;AKSOY;KABA;OZTURK
Samsunspor vs. Genclerbirligi - Saturday April 29 - 2006,Genclerbirligi,hard,4-4-2,TOKGOZ;GULDUREN;RISP;UZUMCU;AYDIN;GUVEN;SERAS;NAS;BORAL;PROMISE;CAKIR
Samsunspor vs. Genclerbirligi - Saturday April 29 - 2006,Samsunspor,hard,4-4-2,INAN;DOGANTEZ;POLAT;YELEK;SEKER;GUNGOR;MARCIEL;SAGIR;ERIS;ALTIN;CICEK
Trabzonspor vs. Fenerbahce - Saturday April 29 - 2006,Fenerbahce,easy,4-2-3-1,RECBER;CETIN;TURACI;BARIS;OZAT;APPIAH;SAHIN;MEHMET AURELIO;ALEX;SANLI;ANELKA
Trabzonspor vs. Fenerbahce - Saturday April 29 - 2006,Trabzonspor,easy,4-3-2-1,JEFFERSON;STEPANOV;YAVUZ;AKYEL;CIMSIR;UCUNCU;SZYMKOWIAK;KOCAK;LEE;KARADENIZ;TEKKE
Sivasspor vs. Kayserispor - Sunday April 30 - 2006,Kayserispor,hard,4-4-2,IVANKOV;TOSCALI;YOLDAS;TEBER;BASDAG;JOHNSON;BOLUKBASI;TOPUZ;ALEKSANDROV;PARLAK;UNAL
Sivasspor vs. Kayserispor - Sunday April 30 - 2006,Sivasspor,hard,4-4-2,VARDAR;HOCAOGLU;KALLA;SOZGELMEZ;YERLIKAYA;CAN;DUMAN;BAYRAKTAR;KUS;ANDERSON;BOZKAYA
Ankaraspor vs. Trabzonspor - Saturday May 6 - 2006,Ankaraspor,hard,4-2-3-1,JEVRIC;PETROUS;TUNC;WEDERSON;BUYUK;GUCER;SARP;OZGUR;TITA;JABA;YANIK
Ankaraspor vs. Trabzonspor - Saturday May 6 - 2006,Trabzonspor,easy,4-3-3,JEFFERSON;BAYRAKTAR;STEPANOV;YAVUZ;CIMSIR;UCUNCU;KOCAK;LEE;KARADENIZ;YATTARA;TEKKE
Diyarbakirspor vs. Genclerbirligi - Saturday May 6 - 2006,Diyarbakirspor,hard,4-2-3-1,KURSUNLU;BOZACI;DEMIRCIOGLU;AKINCI;ASIL;ATAS;JUPI;MIKIC;KAHRAMAN;MOHAMED ALI;ESER
Diyarbakirspor vs. Genclerbirligi - Saturday May 6 - 2006,Genclerbirligi,hard,4-4-2,CATKIC;GULDUREN;OZBEY;UZUMCU;AYDIN;GUVEN;SERAS;NAS;PROMISE;BEGECARSLAN;CAKIR
Kayserispor vs. Manisaspor - Saturday May 6 - 2006,Kayserispor,hard,4-4-2,IVANKOV;AKSU;TOSCALI;TEBER;JOHNSON;BASDAG;BOLUKBASI;TOPUZ;ALEKSANDROV;PARLAK;UNAL
Kayserispor vs. Manisaspor - Saturday May 6 - 2006,Manisaspor,hard,4-2-3-1,CEYLAN;ESIN;JOHANA;BALTA;ERKIN;INAN;SAKAR;DOKME;ZELENKA;TURAN;HOLOSKO
Malatyaspor vs. Samsunspor - Saturday May 6 - 2006,Malatyaspor,hard,4-2-3-1,KORK;ERDOGAN;HOMOLA;KORKMAZ;BEKIROGLU;EREN;TOTH;BENSOL;TURHAN;KISA;MASEK
Malatyaspor vs. Samsunspor - Saturday May 6 - 2006,Samsunspor,hard,4-4-2,INAN;DOGANTEZ;POLAT;YELEK;AYARI;GUNGOR;MARCIEL;SAGIR;ERIS;ALTIN;CICEK
Rizespor vs. Denizlispor - Saturday May 6 - 2006,Denizlispor,hard,4-2-3-1,HAMIDOU;KRATOCHVIL;OZSARAC;KECELI;GULPINAR;ERTUGRUL;ABRAHAM;EGE;SIMSEK;CAMBALHOTA;YILMAZ
Rizespor vs. Denizlispor - Saturday May 6 - 2006,Rizespor,hard,3-5-2,KOCA;CAKMAK;EL TABEI;VICTORIA;TATAN;UGUR;ALPUGAN;YUCETAS;BAKI;AKSOY;OZTURK
Ankaragucu vs. Gaziantepspor - Sunday May 7 - 2006,Ankaragucu,hard,4-4-2,USAK;KUTLU;GUNGOR;BAYRAK;PETKOV;YAVUZ;GUNEY;VIDUSLU;BALJIC;BELAL;BULUT
Ankaragucu vs. Gaziantepspor - Sunday May 7 - 2006,Gaziantepspor,hard,4-2-3-1,TARAKCI;COGUM;IRTEGUN;DAG;DURMAZ;KIRITA;MELLITI;YILDIRIM;BAYAR;LAZAROV;CIHAN
Besiktas vs. Galatasaray - Sunday May 7 - 2006,Besiktas,easy,4-4-2,CORDOBA;DOGAN;TORAMAN;SEDEF;UZULMEZ;AVCI;KLEBERSON;AHMED HASSAN;METIN;BOBO;GULEC
Besiktas vs. Galatasaray - Sunday May 7 - 2006,Galatasaray,easy,4-4-2,MONDRAGON;SONG;TOMAS;PENBE;SARIOGLU;SAIDOU;HASPOLATLI;ILIC;SAS;ATES;SUKUR
Fenerbahce vs. Kayseri Erciyesspor - Sunday May 7 - 2006,Fenerbahce,easy,4-2-3-1,RECBER;LUCIANO;TURACI;BARIS;OZAT;SAHIN;APPIAH;ALEX;YOZGATLI;ANELKA;SENTURK
Fenerbahce vs. Kayseri Erciyesspor - Sunday May 7 - 2006,Kayseri Erciyesspor,hard,4-4-2,FADHEL;YAVAS;OZKAYNAK;KOK;BOUAZIZI;TORAMAN;AYHAN;OZBAY;BAYAZIT;ISLER;AGALI
Konyaspor vs. Sivasspor - Sunday May 7 - 2006,Konyaspor,hard,4-4-2,TANRISEVEN;AKKOYUN;EL SAKA;BATISTA;ER;SEVEN;ALBAYRAK;HACIOGLU;BEBBE;CEKIC;TURKMEN
Konyaspor vs. Sivasspor - Sunday May 7 - 2006,Sivasspor,hard,4-5-1,PETKOVIC;HOCAOGLU;KALLA;SOZGELMEZ;CAN;KARACA;ELMACI;BAYRAKTAR;KUS;BALILI;BOZKAYA
Manisaspor vs. Konyaspor - Saturday May 13 - 2006,Konyaspor,hard,4-4-2,BIRNICAN;AKKOYUN;GUNDOSTU;CELIK;BATISTA;CAKIR;ER;ALBAYRAK;TURKMEN;BEBBE;CEKIC
Manisaspor vs. Konyaspor - Saturday May 13 - 2006,Manisaspor,hard,4-2-3-1,CEYLAN;ESIN;JOHANA;BALTA;ERKIN;AZER;INAN;DOKME;ZELENKA;TURAN;HOLOSKO
Sivasspor vs. Ankaragucu - Saturday May 13 - 2006,Ankaragucu,hard,4-5-1,KIRINTILI;GUNGOR;GURACAR;BAYRAK;YAVUZ;ACAR;VIDUSLU;KARADUMAN;OLMEZ;KOC;BULUT
Sivasspor vs. Ankaragucu - Saturday May 13 - 2006,Sivasspor,hard,4-4-2,PETKOVIC;SOZGELMEZ;YERLIKAYA;CAN;DUMAN;BAYRAKTAR;KARACA;FRANSERGIO;KUS;BALILI;BOZKAYA
Denizlispor vs. Fenerbahce - Sunday May 14 - 2006,Denizlispor,hard,4-2-3-1,HAMIDOU;KRATOCHVIL;OZSARAC;KECELI;GULPINAR;ERTUGRUL;ABRAHAM;EGE;SIMSEK;KINALI;YILMAZ
Denizlispor vs. Fenerbahce - Sunday May 14 - 2006,Fenerbahce,easy,4-2-3-1,RECBER;LUCIANO;TURACI;OZAT;BALCI;APPIAH;MEHMET AURELIO;ALEX;SANLI;YOZGATLI;NOBRE
Galatasaray vs. Kayserispor - Sunday May 14 - 2006,Galatasaray,easy,4-4-2,MONDRAGON;AK;TOMAS;PENBE;SARIOGLU;SAIDOU;HASPOLATLI;ILIC;SAS;KABZE;SUKUR
Galatasaray vs. Kayserispor - Sunday May 14 - 2006,Kayserispor,hard,4-4-2,IVANKOV;AKSU;TOSCALI;TEBER;JOHNSON;ARSLAN;BOLUKBASI;TOPUZ;ALEKSANDROV;PARLAK;UNAL
Gaziantepspor vs. Malatyaspor - Sunday May 14 - 2006,Gaziantepspor,hard,4-2-3-1,HASAGIC;IRTEGUN;DURSUN;COGUM;DURMAZ;DAG;KIRITA;MELLITI;YILDIRIM;BAYAR;LAZAROV
Gaziantepspor vs. Malatyaspor - Sunday May 14 - 2006,Malatyaspor,hard,4-2-3-1,KORK;HOMOLA;KORKMAZ;ERDOGAN;BEKIROGLU;EREN;TOTH;BENSOL;TURHAN;KISA;MASEK
Genclerbirligi vs. Rizespor - Sunday May 14 - 2006,Genclerbirligi,hard,4-4-2,CATKIC;GULDUREN;RISP;UZUMCU;AYDIN;GUVEN;SERAS;NAS;PROMISE;BEGECARSLAN;CAKIR
Genclerbirligi vs. Rizespor - Sunday May 14 - 2006,Rizespor,hard,3-4-1-2,KOCA;ALLYSON;KURKCU;VICTORIA;ALPUGAN;UGUR;YUCETAS;AKSOY;DOUGLAS;ELMAS;DIA
Kayseri Erciyesspor vs. Ankaraspor - Sunday May 14 - 2006,Ankaraspor,hard,4-4-2,JEVRIC;BAYER;DUYMUS;PETROUS;WEDERSON;BUYUK;GUCER;SARP;OZGUR;JABA;MARTIN
Kayseri Erciyesspor vs. Ankaraspor - Sunday May 14 - 2006,Kayseri Erciyesspor,hard,4-4-2,FADHEL;OZKAYNAK;AKYUZ;KOK;BOUAZIZI;TORAMAN;KOCABAL;OZBAY;BAYAZIT;AGALI;ISLER
Trabzonspor vs. Besiktas - Sunday May 14 - 2006,Besiktas,easy,4-2-3-1,SAHIN;DOGAN;TORAMAN;SEDEF;UZULMEZ;AVCI;KLEBERSON;BURUK;METIN;BOBO;GULEC
Trabzonspor vs. Besiktas - Sunday May 14 - 2006,Trabzonspor,easy,4-2-3-1,JEFFERSON;BAYRAKTAR;STEPANOV;YAVUZ;CIMSIR;KOCAK;SZYMKOWIAK;LEE;KARADENIZ;YATTARA;TEKKE
