game,team,difficulty,formation,lineup
Gaziantep FK vs. Galatasaray - Friday August 8 - 2025,Galatasaray,easy,4-2-3-1,GUVENC;SANCHEZ;BARDAKCI;ELMALI;SALLAI;LEMINA;TORREIRA;SARA;AKGUN;YILMAZ;SANE
Gaziantep FK vs. Galatasaray - Friday August 8 - 2025,Gaziantep FK,hard,4-3-3,BOZAN;ABENA;KIZILDAG;RODRIGUES;M'BAKATA;BACUNA;MAXIM;KOZLOWSKI;LUNGOYI;SORESCU;BOATENG
Antalyaspor vs. Kasimpasa - Saturday August 9 - 2025,Antalyaspor,hard,4-2-3-1,YIGITER;OZTURK;SARI;VURAL;PAAL;KALUZINSKI;DIKMEN;OMUR;SANDER VAN DE STREEK;STORM;CVANCARA
Antalyaspor vs. Kasimpasa - Saturday August 9 - 2025,Kasimpasa,hard,4-2-3-1,GIANNIOTIS;SZALAI;OPOKU;WINCK;ESPINOZA;BALDURSSON;CAFU;HAJRADINOVIC;BEN OUANES;FALL;GUEYE
Samsunspor vs. Genclerbirligi - Saturday August 9 - 2025,Genclerbirligi,hard,4-2-3-1,AKKAN;GOUTAS;ZUZEK;DURSUN;UZUM;PEREIRA;ETEBO;KYABOU;NALEPA;MIMAROGLU;POPA
Samsunspor vs. Genclerbirligi - Saturday August 9 - 2025,Samsunspor,hard,4-3-3,KOCUK;RICK VAN DRONGELEN;SATKA;TOMASSON;YAVRU;YUKSEL;NTCHAM;HOLSE;KILINC;MOUANDILMADJI;DIMATA
Eyupspor vs. Konyaspor - Sunday August 10 - 2025,Eyupspor,hard,4-3-3,OZER;YALCIN;LUCCAS CLARO;MUJAKIC;ULVAN;KABASAKAL;DEMIRBAY;AKBABA;GURLER;THIAM;DRAGUS
Eyupspor vs. Konyaspor - Sunday August 10 - 2025,Konyaspor,hard,4-2-3-1,GUNGORDU;BAZOER;DEMIRBAG;GUILHERME;ANDZOUANA;JEVTOVIC;IBRAHIMOGLU;ALEKSIC;BARDHI;NDAO;NAYIR
Rizespor vs. Goztepe - Sunday August 10 - 2025,Goztepe,hard,3-4-1-2,LIS;ALTIKARDES;BOKELE;HELITON;MIROSHI;RHALDNEY;KURTULAN;CHERNI;OLAITAN;JANDERSON;JUAN
Rizespor vs. Goztepe - Sunday August 10 - 2025,Rizespor,hard,4-2-3-1,CANPOLAT;MOCSI;AKAYDIN;PALA;HØJER;SAHIN;PAPANIKOLAOU;OLAWOYIN;LACI;MIHAILA;SOWE
Trabzonspor vs. Kocaelispor - Monday August 11 - 2025,Kocaelispor,hard,4-3-3,JOVANOVIC;WIETESKA;APPINDANGOYE;HAIDARA;OGUZ;SHOW;NONGE;YALCIN;MENDES;CAGLAYAN;PETKOVIC
Trabzonspor vs. Kocaelispor - Monday August 11 - 2025,Trabzonspor,easy,4-2-3-1,CAKIR;BATAGOV;SAVIC;ESKIHELLAC;PINA;YOKUSLU;TIM JABOL FOLCARELLI;NWAKAEME;OLAIGBE;ZUBKOV;ONUACHU
Galatasaray vs. Fatih Karagumruk - Friday August 15 - 2025,Fatih Karagumruk,hard,4-3-3,GRBIC;KURUCUK;CANKAYA;BALKOVEC;KURUKALIP;DOH;OZCAN;JOHNSON;SIVRI;SERGINHO;CUKUR
Galatasaray vs. Fatih Karagumruk - Friday August 15 - 2025,Galatasaray,easy,4-2-3-1,GUVENC;SANCHEZ;BARDAKCI;ELMALI;SALLAI;LEMINA;TORREIRA;SARA;AKGUN;YILMAZ;SANE
Alanyaspor vs. Rizespor - Saturday August 16 - 2025,Alanyaspor,hard,3-4-2-1,TASKIRAN;ALITI;AKDAG;LIMA;MAKOUTA;JANVIER;HADERGJONAJ;OZDEMIR;HWANG;SPORAR;YALCIN
Alanyaspor vs. Rizespor - Saturday August 16 - 2025,Rizespor,hard,3-1-4-2,CANPOLAT;ALIKULOV;AKAYDIN;HØJER;PALA;SAHIN;PAPANIKOLAOU;LACI;OLAWOYIN;DERVISOGLU;SOWE
Goztepe vs. Fenerbahce - Saturday August 16 - 2025,Fenerbahce,easy,3-4-1-2,EGRIBAYAT;SKRINIAR;AKCICEK;OOSTERWOLDE;BROWN;SEMEDO;AMRABAT;FRED;SZYMANSKI;DURAN;EN-NESYRI
Goztepe vs. Fenerbahce - Saturday August 16 - 2025,Goztepe,hard,3-4-1-2,LIS;ALLAN GODOI;BOKELE;HELITON;DENNIS;RHALDNEY;KURTULAN;CHERNI;OLAITAN;JANDERSON;JUAN
Kocaelispor vs. Samsunspor - Saturday August 16 - 2025,Kocaelispor,hard,4-3-3,JOVANOVIC;APPINDANGOYE;HAIDARA;DIJKSTEEL;OGUZ;SHOW;YALCIN;NONGE;MENDES;CAGLAYAN;PETKOVIC
Kocaelispor vs. Samsunspor - Saturday August 16 - 2025,Samsunspor,hard,4-2-3-1,KOCUK;RICK VAN DRONGELEN;SATKA;TOMASSON;YAVRU;YUKSEL;NTCHAM;HOLSE;KILINC;DIMATA;MOUANDILMADJI
Basaksehir vs. Kayserispor - Sunday August 17 - 2025,Basaksehir,hard,4-2-3-1,SENGEZER;OPOKU;DUARTE;BULUT;EBOSELE;ERGUN;GUNES;BRNIC;TURUC;DA COSTA;SHOMURODOV
Basaksehir vs. Kayserispor - Sunday August 17 - 2025,Kayserispor,hard,4-2-3-1,BAYAZIT;HOSSEINI;JUNG;DENSWIL;CAROLE;SAZDAGI;ACKAH;MENDES;CARDOSO;OPOKU;MANE
Besiktas vs. Eyupspor - Sunday August 17 - 2025,Besiktas,easy,4-2-3-1,GUNOK;GABRIEL PAULISTA;UDUOKHAI;TOPCU;SVENSSON;NDIDI;KOKCU;JOAO MARIO;RASHICA;RAFA SILVA;ABRAHAM
Besiktas vs. Eyupspor - Sunday August 17 - 2025,Eyupspor,hard,3-4-2-1,MARCOS FELIPE;MUJAKIC;YALCIN;LUCCAS CLARO;CALEGARI;KAYAN;DEMIRBAY;GURLER;AKBUNAR;THIAM;DRAGUS
Genclerbirligi vs. Antalyaspor - Sunday August 17 - 2025,Antalyaspor,hard,4-2-3-1,YIGITER;SARI;DZHIKIYA;VURAL;PAAL;KALUZINSKI;DIKMEN;OMUR;SANDER VAN DE STREEK;STORM;CVANCARA
Genclerbirligi vs. Antalyaspor - Sunday August 17 - 2025,Genclerbirligi,hard,4-2-3-1,AKKAN;THALISSON;ZUZEK;GOUTAS;DURSUN;HANOUSEK;PEREIRA;ONUR;NALEPA;MIMAROGLU;GURPUZ
Konyaspor vs. Gaziantep FK - Sunday August 17 - 2025,Gaziantep FK,hard,4-2-3-1,GORGEN;ABENA;GULER;RODRIGUES;NDIAYE;BACUNA;MAXIM;KOZLOWSKI;KULASIN;SORESCU;BOATENG
Konyaspor vs. Gaziantep FK - Sunday August 17 - 2025,Konyaspor,hard,4-2-3-1,ERTAS;BAZOER;DEMIRBAG;GUILHERME;ANDZOUANA;JEVTOVIC;IBRAHIMOGLU;BARDHI;ALEKSIC;NDAO;NAYIR
Kasimpasa vs. Trabzonspor - Monday August 18 - 2025,Kasimpasa,hard,4-3-3,GIANNIOTIS;SZALAI;OPOKU;WINCK;BALDURSSON;CAFU;HAJRADINOVIC;KOL;BEN OUANES;FALL;GUEYE
Kasimpasa vs. Trabzonspor - Monday August 18 - 2025,Trabzonspor,easy,4-2-3-1,CAKIR;BATAGOV;SAVIC;ESKIHELLAC;PINA;YOKUSLU;TIM JABOL FOLCARELLI;OLAIGBE;VISCA;FELIPE AUGUSTO;ONUACHU
Fatih Karagumruk vs. Goztepe - Friday August 22 - 2025,Fatih Karagumruk,hard,4-4-2,GRBIC;KURUCUK;CANKAYA;BALKOVEC;KURUKALIP;DEMIROL;JOHNSON;SIVRI;KALAYCI;GRAY;CUKUR
Fatih Karagumruk vs. Goztepe - Friday August 22 - 2025,Goztepe,hard,3-4-1-2,LIS;BOKELE;HELITON;BAYIR;DENNIS;RHALDNEY;KURTULAN;CHERNI;OLAITAN;JANDERSON;EMERSONN
Fenerbahce vs. Kocaelispor - Saturday August 23 - 2025,Fenerbahce,easy,3-4-1-2,EGRIBAYAT;SKRINIAR;SOYUNCU;BROWN;SEMEDO;YUKSEK;FRED;AYDIN;DURAN;EN-NESYRI;TALISCA
Fenerbahce vs. Kocaelispor - Saturday August 23 - 2025,Kocaelispor,hard,4-3-3,JOVANOVIC;SYROTA;APPINDANGOYE;SERBEST;HAIDARA;DIJKSTEEL;SHOW;NONGE;MENDES;KELES;PETKOVIC
Gaziantep FK vs. Genclerbirligi - Saturday August 23 - 2025,Gaziantep FK,hard,3-1-4-2,BOZAN;ABENA;KIZILDAG;RODRIGUES;NDIAYE;OZCICEK;KOZLOWSKI;MAXIM;LUNGOYI;SORESCU;BOATENG
Gaziantep FK vs. Genclerbirligi - Saturday August 23 - 2025,Genclerbirligi,hard,4-2-3-1,AKKAN;THALISSON;ZUZEK;GOUTAS;DURSUN;HANOUSEK;PEREIRA;NALEPA;MIMAROGLU;TRAORE;GURPUZ
Kayserispor vs. Galatasaray - Sunday August 24 - 2025,Galatasaray,easy,4-2-3-1,GUVENC;SANCHEZ;BARDAKCI;JAKOBS;ELMALI;SALLAI;TORREIRA;SARA;AKGUN;SANE;OSIMHEN
Kayserispor vs. Galatasaray - Sunday August 24 - 2025,Kayserispor,hard,4-3-3,BAYAZIT;JUNG;DENSWIL;CAROLE;SAZDAGI;TOKOZ;BENES;MENDES;CARDOSO;OPOKU;CIVELEK
Trabzonspor vs. Antalyaspor - Sunday August 24 - 2025,Antalyaspor,hard,4-3-3,YIGITER;SARI;DZHIKIYA;PAAL;BALCI;CEESAY;DIKMEN;SANDER VAN DE STREEK;OMUR;STORM;CVANCARA
Trabzonspor vs. Antalyaspor - Sunday August 24 - 2025,Trabzonspor,easy,4-2-3-1,CAKIR;BATAGOV;SAVIC;ESKIHELLAC;PINA;YOKUSLU;TIM JABOL FOLCARELLI;OLAIGBE;ZUBKOV;FELIPE AUGUSTO;ONUACHU
Eyupspor vs. Alanyaspor - Monday August 25 - 2025,Alanyaspor,hard,3-4-2-1,TASKIRAN;ALITI;AKDAG;LIMA;MAESTRO;MAKOUTA;HADERGJONAJ;OZDEMIR;HWANG;SPORAR;YALCIN
Eyupspor vs. Alanyaspor - Monday August 25 - 2025,Eyupspor,hard,3-1-4-2,MARCOS FELIPE;MUJAKIC;YALCIN;LUCCAS CLARO;CALEGARI;KAYAN;DEMIRBAY;SESLAR;GURLER;THIAM;DRAGUS
Goztepe vs. Konyaspor - Friday August 29 - 2025,Goztepe,hard,3-4-1-2,LIS;BOKELE;HELITON;BAYIR;DENNIS;RHALDNEY;KURTULAN;CHERNI;OLAITAN;JANDERSON;JUAN
Goztepe vs. Konyaspor - Friday August 29 - 2025,Konyaspor,hard,3-1-4-2,ERTAS;BAZOER;YAZGILI;GUILHERME;ANDZOUANA;JEVTOVIC;IBRAHIMOGLU;ALEKSIC;BARDHI;NDAO;NAYIR
Antalyaspor vs. Fatih Karagumruk - Saturday August 30 - 2025,Antalyaspor,hard,4-3-3,CUESTA;GIANNETTI;DZHIKIYA;PAAL;VURAL;BALCI;CEESAY;SANDER VAN DE STREEK;OMUR;STORM;CVANCARA
Antalyaspor vs. Fatih Karagumruk - Saturday August 30 - 2025,Fatih Karagumruk,hard,4-2-3-1,GRBIC;KADIOGLU;CINAR;CANKAYA;BALKOVEC;JOHNSON;SERGINHO;KALAYCI;KALPAKLI;GRAY;CUKUR
Galatasaray vs. Rizespor - Saturday August 30 - 2025,Galatasaray,easy,4-2-3-1,GUVENC;SANCHEZ;BARDAKCI;ELMALI;SALLAI;TORREIRA;LEMINA;SARA;AKGUN;SANE;OSIMHEN
Galatasaray vs. Rizespor - Saturday August 30 - 2025,Rizespor,hard,3-1-4-2,CANPOLAT;ALIKULOV;AKAYDIN;HØJER;PALA;SAHIN;PAPANIKOLAOU;LACI;OLAWOYIN;SOWE;DERVISOGLU
Kasimpasa vs. Gaziantep FK - Saturday August 30 - 2025,Gaziantep FK,hard,3-1-4-2,BOZAN;ABENA;GULER;KIZILDAG;RODRIGUES;OZCICEK;KABASAKAL;MAXIM;KOZLOWSKI;LUNGOYI;SORESCU
Kasimpasa vs. Gaziantep FK - Saturday August 30 - 2025,Kasimpasa,hard,4-3-3,GIANNIOTIS;SZALAI;OPOKU;FRIMPONG;ESPINOZA;MUJDE;BALDURSSON;HAJRADINOVIC;BEN OUANES;FALL;GUEYE
Kocaelispor vs. Kayserispor - Saturday August 30 - 2025,Kayserispor,hard,4-2-3-1,BAYAZIT;DENSWIL;BURAK;CAROLE;SAZDAGI;ACKAH;BENES;MENDES;CARDOSO;CIVELEK;TUCI
Kocaelispor vs. Kayserispor - Saturday August 30 - 2025,Kocaelispor,hard,4-3-3,JOVANOVIC;SYROTA;APPINDANGOYE;CINAN;DIJKSTEEL;SHOW;NONGE;MENDES;BINGOL;KELES;PETKOVIC
Alanyaspor vs. Besiktas - Sunday August 31 - 2025,Alanyaspor,hard,3-4-2-1,TASKIRAN;ALITI;AKDAG;LIMA;MAESTRO;MAKOUTA;HADERGJONAJ;OZDEMIR;KAYA;HWANG;OGUNDU
Alanyaspor vs. Besiktas - Sunday August 31 - 2025,Besiktas,easy,4-2-3-1,GUNOK;DJALO;UDUOKHAI;JURASEK;SVENSSON;NDIDI;YILMAZ;KOKCU;MUCI;RAFA SILVA;ABRAHAM
Basaksehir vs. Eyupspor - Sunday August 31 - 2025,Basaksehir,hard,4-3-3,DILMEN;OPOKU;BA;OPERI;EBOSELE;ERGUN;CRESPO;KEMEN;SARI;FAYZULLAEV;SHOMURODOV
Basaksehir vs. Eyupspor - Sunday August 31 - 2025,Eyupspor,hard,4-3-3,MARCOS FELIPE;MUJAKIC;YALCIN;LUCCAS CLARO;CALEGARI;KAYAN;DEMIRBAY;SESLAR;GURLER;BOZOK;DRAGUS
Genclerbirligi vs. Fenerbahce - Sunday August 31 - 2025,Fenerbahce,easy,4-2-3-1,LIVAKOVIC;SKRINIAR;SOYUNCU;BROWN;ALVAREZ;FRED;KAHVECI;AYDIN;NENE;TALISCA;EN-NESYRI
Genclerbirligi vs. Fenerbahce - Sunday August 31 - 2025,Genclerbirligi,hard,4-2-3-1,AKKAN;THALISSON;ZUZEK;GOUTAS;HANOUSEK;PEREIRA;KYABOU;MIMAROGLU;TRAORE;GURPUZ;KOITA
Trabzonspor vs. Samsunspor - Sunday August 31 - 2025,Samsunspor,hard,4-3-3,KOCUK;SATKA;RICK VAN DRONGELEN;TOMASSON;YAVRU;MAKOUMBOU;CIFT;NTCHAM;KILINC;MUSABA;MOUANDILMADJI
Trabzonspor vs. Samsunspor - Sunday August 31 - 2025,Trabzonspor,easy,4-4-2,CAKIR;BATAGOV;SAVIC;ESKIHELLAC;PINA;YOKUSLU;TIM JABOL FOLCARELLI;OLAIGBE;ZUBKOV;FELIPE AUGUSTO;ONUACHU
Besiktas vs. Basaksehir - Saturday September 13 - 2025,Basaksehir,hard,4-3-3,SENGEZER;OPOKU;BA;OPERI;EBOSELE;OZDEMIR;CRESPO;KEMEN;BRNIC;SARI;SHOMURODOV
Besiktas vs. Basaksehir - Saturday September 13 - 2025,Besiktas,easy,4-2-3-1,GUNOK;UDUOKHAI;DJALO;JURASEK;SAZDAGI;KOKCU;UCAN;TOURE;CERNY;RAFA SILVA;ABRAHAM
Eyupspor vs. Galatasaray - Saturday September 13 - 2025,Eyupspor,hard,3-1-4-2,MARCOS FELIPE;MUJAKIC;LUCCAS CLARO;YALCIN;MERAS;KAYAN;DEMIRBAY;SESLAR;GURLER;AMPEM;DRAGUS
Eyupspor vs. Galatasaray - Saturday September 13 - 2025,Galatasaray,easy,4-3-3,CAKIR;SANCHEZ;BARDAKCI;ELMALI;SALLAI;TORREIRA;GUNDOGAN;SARA;AKGUN;SANE;ICARDI
Fatih Karagumruk vs. Kasimpasa - Saturday September 13 - 2025,Fatih Karagumruk,hard,4-3-3,GRBIC;KADIOGLU;CINAR;CANKAYA;BALKOVEC;ESGAIO;OZCAN;JOHNSON;SERGINHO;KALAYCI;CUKUR
Fatih Karagumruk vs. Kasimpasa - Saturday September 13 - 2025,Kasimpasa,hard,4-2-3-1,GIANNIOTIS;SZALAI;OPOKU;FRIMPONG;WINCK;BALDURSSON;USTUNDAG;HAJRADINOVIC;BEN OUANES;FALL;GUEYE
Konyaspor vs. Alanyaspor - Saturday September 13 - 2025,Alanyaspor,hard,3-4-2-1,TASKIRAN;ALITI;AKDAG;LIMA;MAESTRO;MAKOUTA;KESKIN;OZDEMIR;KAYA;HWANG;OGUNDU
Konyaspor vs. Alanyaspor - Saturday September 13 - 2025,Konyaspor,hard,3-4-3,ERTAS;BAZOER;DEMIRBAG;YAZGILI;GUILHERME;ANDZOUANA;IBRAHIMOGLU;BJØRLO;BARDHI;NDAO;NAYIR
Samsunspor vs. Antalyaspor - Saturday September 13 - 2025,Antalyaspor,hard,4-2-3-1,CUESTA;GIANNETTI;DZHIKIYA;PAAL;BALCI;CEESAY;DIKMEN;SANDER VAN DE STREEK;SAFURI;OMUR;STORM
Samsunspor vs. Antalyaspor - Saturday September 13 - 2025,Samsunspor,hard,4-3-3,KOCUK;SATKA;RICK VAN DRONGELEN;TOMASSON;YAVRU;MAKOUMBOU;NTCHAM;HOLSE;SOUSA;MUSABA;MOUANDILMADJI
Fenerbahce vs. Trabzonspor - Sunday September 14 - 2025,Fenerbahce,easy,4-2-3-1,EDERSON;SKRINIAR;OOSTERWOLDE;BROWN;MULDUR;YUKSEK;FRED;SZYMANSKI;AKTURKOGLU;EN-NESYRI;TALISCA
Fenerbahce vs. Trabzonspor - Sunday September 14 - 2025,Trabzonspor,easy,4-2-3-1,ONANA;BATAGOV;SAVIC;ESKIHELLAC;YOKUSLU;TIM JABOL FOLCARELLI;TUFAN;MUCI;OLAIGBE;ZUBKOV;ONUACHU
Gaziantep FK vs. Kocaelispor - Sunday September 14 - 2025,Gaziantep FK,hard,4-2-3-1,BOZAN;ABENA;SANUC;RODRIGUES;PEREZ;OZCICEK;KABASAKAL;KOZLOWSKI;MAXIM;LUNGOYI;SORESCU
Gaziantep FK vs. Kocaelispor - Sunday September 14 - 2025,Kocaelispor,hard,4-3-3,JOVANOVIC;BALOGH;SMOLCIC;HAIDARA;YALCIN;NONGE;LINETTY;CHURLINOV;BINGOL;KELES;PETKOVIC
Kayserispor vs. Goztepe - Sunday September 14 - 2025,Goztepe,hard,3-4-1-2,LIS;ALTIKARDES;HELITON;BOKELE;DENNIS;RHALDNEY;KURTULAN;CHERNI;OLAITAN;JANDERSON;JUAN
Kayserispor vs. Goztepe - Sunday September 14 - 2025,Kayserispor,hard,4-3-3,PIRI;JUNG;DENSWIL;CAROLE;TOKOZ;BENES;MENDES;CARDOSO;MANE;CIVELEK;ONUGKHA
Rizespor vs. Genclerbirligi - Monday September 15 - 2025,Genclerbirligi,hard,4-2-3-1,ERENTURK;THALISSON;ZUZEK;GOUTAS;HANOUSEK;PEREIRA;ULGUN;TONGYA;GURPUZ;KOITA;NIANG
Rizespor vs. Genclerbirligi - Monday September 15 - 2025,Rizespor,hard,3-4-1-2,FOFANA;ALIKULOV;AKAYDIN;HØJER;SAHIN;PAPANIKOLAOU;LACI;OLAWOYIN;ZEQIRI;SOWE;DERVISOGLU
Fatih Karagumruk vs. Basaksehir - Wednesday September 17 - 2025,Basaksehir,hard,4-3-3,SENGEZER;OPOKU;GURELER;OPERI;EBOSELE;OZDEMIR;CRESPO;KEMEN;SARI;TURUC;SHOMURODOV
Fatih Karagumruk vs. Basaksehir - Wednesday September 17 - 2025,Fatih Karagumruk,hard,4-2-3-1,GRBIC;KADIOGLU;CINAR;CANKAYA;BALKOVEC;OZCAN;JOHNSON;KALAYCI;KALPAKLI;CUKUR;GRAY
Fenerbahce vs. Alanyaspor - Wednesday September 17 - 2025,Alanyaspor,hard,3-4-2-1,TASKIRAN;ALITI;LIMA;AKDAG;MAKOUTA;MAESTRO;KESKIN;OZDEMIR;HWANG;KAYA;OGUNDU
Fenerbahce vs. Alanyaspor - Wednesday September 17 - 2025,Fenerbahce,easy,4-2-3-1,EGRIBAYAT;SKRINIAR;OOSTERWOLDE;BROWN;SEMEDO;YUKSEK;FRED;SZYMANSKI;AYDIN;EN-NESYRI;TALISCA
Samsunspor vs. Kasimpasa - Wednesday September 17 - 2025,Kasimpasa,hard,4-2-3-1,GIANNIOTIS;SZALAI;OPOKU;FRIMPONG;WINCK;BALDURSSON;USTUNDAG;HAJRADINOVIC;BEN OUANES;KOL;FALL
Samsunspor vs. Kasimpasa - Wednesday September 17 - 2025,Samsunspor,hard,3-4-2-1,KOCUK;BOREVKOVIC;SATKA;RICK VAN DRONGELEN;TOMASSON;JOE MENDES;YUKSEL;NTCHAM;HOLSE;MUSABA;MOUANDILMADJI
Goztepe vs. Besiktas - Friday September 19 - 2025,Besiktas,easy,4-2-3-1,GUNOK;UDUOKHAI;GABRIEL PAULISTA;JURASEK;SAZDAGI;TIKNAZ;UYSAL;TOURE;CERNY;RAFA SILVA;ABRAHAM
Goztepe vs. Besiktas - Friday September 19 - 2025,Goztepe,hard,3-4-1-2,LIS;ALLAN GODOI;HELITON;BOKELE;DENNIS;RHALDNEY;KURTULAN;CHERNI;OLAITAN;JANDERSON;JUAN
Antalyaspor vs. Kayserispor - Saturday September 20 - 2025,Antalyaspor,hard,4-2-3-1,CUESTA;GIANNETTI;DZHIKIYA;PAAL;BALCI;DIKMEN;ILCIN;SANDER VAN DE STREEK;SAFURI;OMUR;STORM
Antalyaspor vs. Kayserispor - Saturday September 20 - 2025,Kayserispor,hard,4-3-3,BAYAZIT;DENSWIL;BURAK;CAROLE;TOKOZ;BENES;MENDES;CARDOSO;OPOKU;CIVELEK;ONUGKHA
Genclerbirligi vs. Eyupspor - Saturday September 20 - 2025,Eyupspor,hard,4-2-3-1,MARCOS FELIPE;YALCIN;LUCCAS CLARO;MERAS;CALEGARI;KAYAN;DEMIRBAY;SESLAR;GURLER;AKBUNAR;BOZOK
Genclerbirligi vs. Eyupspor - Saturday September 20 - 2025,Genclerbirligi,hard,4-2-3-1,ERENTURK;THALISSON;GOUTAS;HANOUSEK;PEREIRA;TONGYA;ULGUN;VARESANOVIC;GURPUZ;KOITA;NIANG
Trabzonspor vs. Gaziantep FK - Saturday September 20 - 2025,Gaziantep FK,hard,4-2-3-1,BOZAN;ABENA;SANUC;RODRIGUES;PEREZ;NDIAYE;KABASAKAL;KOZLOWSKI;MAXIM;KABADAYI;SORESCU
Trabzonspor vs. Gaziantep FK - Saturday September 20 - 2025,Trabzonspor,easy,4-2-3-1,ONANA;BATAGOV;SAVIC;ESKIHELLAC;PINA;TUFAN;TIM JABOL FOLCARELLI;MUCI;OLAIGBE;ZUBKOV;ONUACHU
Basaksehir vs. Alanyaspor - Sunday September 21 - 2025,Alanyaspor,hard,3-4-2-1,TASKIRAN;ALITI;BRUNO VIANA;LIMA;MAESTRO;MAKOUTA;KESKIN;RUAN;KAYA;HAGI;OGUNDU
Basaksehir vs. Alanyaspor - Sunday September 21 - 2025,Basaksehir,hard,4-3-3,SENGEZER;OPOKU;BA;OPERI;EBOSELE;OZDEMIR;CRESPO;KEMEN;BRNIC;SARI;SHOMURODOV
Kasimpasa vs. Fenerbahce - Sunday September 21 - 2025,Fenerbahce,easy,4-2-3-1,EDERSON;SKRINIAR;SOYUNCU;OOSTERWOLDE;SEMEDO;YUKSEK;FRED;ASENSIO;KAHVECI;AKTURKOGLU;TALISCA
Kasimpasa vs. Fenerbahce - Sunday September 21 - 2025,Kasimpasa,hard,4-3-3,GIANNIOTIS;AROUS;OPOKU;FRIMPONG;WINCK;BALDURSSON;CAFU;HAJRADINOVIC;KOL;BEN OUANES;GUEYE
Kocaelispor vs. Rizespor - Sunday September 21 - 2025,Kocaelispor,hard,4-2-3-1,JOVANOVIC;BALOGH;SMOLCIC;CINAN;DIJKSTEEL;SHOW;KEITA;RIVAS;CHURLINOV;BINGOL;PETKOVIC
Kocaelispor vs. Rizespor - Sunday September 21 - 2025,Rizespor,hard,4-2-3-1,FOFANA;SAGNAN;AKAYDIN;HØJER;PALA;PAPANIKOLAOU;LACI;OLAWOYIN;ZEQIRI;AUGUSTO;SOWE
Samsunspor vs. Fatih Karagumruk - Sunday September 21 - 2025,Fatih Karagumruk,hard,4-2-3-1,GRBIC;CANKAYA;CINAR;BALKOVEC;ESGAIO;DOH;OZCAN;JOHNSON;SERGINHO;CUKUR;GRAY
Samsunspor vs. Fatih Karagumruk - Sunday September 21 - 2025,Samsunspor,hard,4-3-3,KOCUK;SATKA;RICK VAN DRONGELEN;TOMASSON;YAVRU;CIFT;NTCHAM;HOLSE;COULIBALY;MUSABA;NDIAYE
Galatasaray vs. Konyaspor - Monday September 22 - 2025,Galatasaray,easy,4-2-3-1,CAKIR;BARDAKCI;SINGO;JAKOBS;SALLAI;TORREIRA;GUNDOGAN;AKGUN;YILMAZ;SANE;ICARDI
Galatasaray vs. Konyaspor - Monday September 22 - 2025,Konyaspor,hard,4-2-3-1,ERTAS;YAZGILI;DEMIRBAG;GUILHERME;ANDZOUANA;JEVTOVIC;IBRAHIMOGLU;BARDHI;NDAO;NAYIR;MULEKA
Kayserispor vs. Besiktas - Wednesday September 24 - 2025,Besiktas,easy,4-2-3-1,GUNOK;UDUOKHAI;TOPCU;JURASEK;SVENSSON;NDIDI;KOKCU;SAHIN;RASHICA;RAFA SILVA;ABRAHAM
Kayserispor vs. Besiktas - Wednesday September 24 - 2025,Kayserispor,hard,3-1-4-2,BAYAZIT;CIHAN;KOCAMAN;JUNG;CAROLE;TOKOZ;CARDOSO;OPOKU;KORKMAZ;CIVELEK;TUCI
Alanyaspor vs. Galatasaray - Friday September 26 - 2025,Alanyaspor,hard,3-4-2-1,TASKIRAN;ALITI;AKDAG;LIMA;MAESTRO;MAKOUTA;HADERGJONAJ;OZDEMIR;KAYA;HWANG;OGUNDU
Alanyaspor vs. Galatasaray - Friday September 26 - 2025,Galatasaray,easy,4-2-3-1,CAKIR;SANCHEZ;SINGO;BARDAKCI;ELMALI;SALLAI;TORREIRA;SARA;YILMAZ;SANE;ICARDI
Eyupspor vs. Goztepe - Saturday September 27 - 2025,Eyupspor,hard,3-1-4-2,MARCOS FELIPE;MUJAKIC;LUCCAS CLARO;YALCIN;MERAS;CALEGARI;KAYAN;DEMIRBAY;SESLAR;DRAGUS;THIAM
Eyupspor vs. Goztepe - Saturday September 27 - 2025,Goztepe,hard,3-4-1-2,LIS;BOKELE;HELITON;ALLAN GODOI;DENNIS;RHALDNEY;KURTULAN;CHERNI;BEKIROGLU;JANDERSON;JUAN
Fatih Karagumruk vs. Trabzonspor - Saturday September 27 - 2025,Fatih Karagumruk,hard,4-2-3-1,GRBIC;CANKAYA;UGREKHELIDZE;BALKOVEC;ESGAIO;DOH;JOHNSON;LARSSON;CAMACHO;CUKUR;GRAY
Fatih Karagumruk vs. Trabzonspor - Saturday September 27 - 2025,Trabzonspor,easy,4-4-2,ONANA;BATAGOV;SAVIC;BOSLUK;PINA;TIM JABOL FOLCARELLI;INAO OULAI;OLAIGBE;ZUBKOV;FELIPE AUGUSTO;ONUACHU
Gaziantep FK vs. Samsunspor - Saturday September 27 - 2025,Gaziantep FK,hard,3-4-2-1,BOZAN;ABENA;KIZILDAG;SANUC;RODRIGUES;PEREZ;KABASAKAL;KOZLOWSKI;MAXIM;SORESCU;BAYO
Gaziantep FK vs. Samsunspor - Saturday September 27 - 2025,Samsunspor,hard,4-3-3,KOCUK;SATKA;RICK VAN DRONGELEN;TOMASSON;YAVRU;CIFT;NTCHAM;HOLSE;MUSABA;COULIBALY;NDIAYE
Fenerbahce vs. Antalyaspor - Sunday September 28 - 2025,Antalyaspor,hard,4-2-3-1,CUESTA;GIANNETTI;DZHIKIYA;PAAL;BALCI;ILCIN;DIKMEN;OMUR;SAFURI;SANDER VAN DE STREEK;STORM
Fenerbahce vs. Antalyaspor - Sunday September 28 - 2025,Fenerbahce,easy,4-3-3,EDERSON;SKRINIAR;OOSTERWOLDE;BROWN;SEMEDO;YUKSEK;ASENSIO;AKTURKOGLU;NENE;EN-NESYRI;TALISCA
Kayserispor vs. Genclerbirligi - Sunday September 28 - 2025,Genclerbirligi,hard,4-3-3,ERENTURK;THALISSON;GOUTAS;HANOUSEK;PEREIRA;DELE-BASHIRU;ULGUN;TONGYA;VARESANOVIC;GURPUZ;NIANG
Kayserispor vs. Genclerbirligi - Sunday September 28 - 2025,Kayserispor,hard,4-2-3-1,BAYAZIT;DENSWIL;BURAK;CAROLE;TOKOZ;BENES;SOYALP;CARDOSO;OPOKU;CIVELEK;ONUGKHA
Konyaspor vs. Basaksehir - Sunday September 28 - 2025,Basaksehir,hard,4-3-3,SENGEZER;OPOKU;BA;OPERI;EBOSELE;OZDEMIR;CRESPO;BRNIC;HARIT;SARI;SHOMURODOV
Konyaspor vs. Basaksehir - Sunday September 28 - 2025,Konyaspor,hard,4-2-3-1,ERTAS;YAZGILI;DEMIRBAG;GUILHERME;ANDZOUANA;JEVTOVIC;IBRAHIMOGLU;BARDHI;NDAO;NAYIR;MULEKA
Rizespor vs. Kasimpasa - Sunday September 28 - 2025,Kasimpasa,hard,4-2-3-1,GIANNIOTIS;SZALAI;OPOKU;FRIMPONG;WINCK;BALDURSSON;USTUNDAG;HAJRADINOVIC;BEN OUANES;FALL;GUEYE
Rizespor vs. Kasimpasa - Sunday September 28 - 2025,Rizespor,hard,4-2-3-1,FOFANA;SAGNAN;MOCSI;HØJER;PALA;SAHIN;PAPANIKOLAOU;LACI;AUGUSTO;RAK-SAKYI;SOWE
Besiktas vs. Kocaelispor - Monday September 29 - 2025,Besiktas,easy,4-2-3-1,GUNOK;DJALO;TOPCU;JURASEK;SAZDAGI;NDIDI;KOKCU;TOURE;CERNY;RAFA SILVA;ABRAHAM
Besiktas vs. Kocaelispor - Monday September 29 - 2025,Kocaelispor,hard,4-2-3-1,JOVANOVIC;BALOGH;SYROTA;CINAN;DIJKSTEEL;SHOW;KEITA;RIVAS;CHURLINOV;BINGOL;PETKOVIC
Antalyaspor vs. Rizespor - Friday October 3 - 2025,Antalyaspor,hard,4-2-3-1,CUESTA;GIANNETTI;DZHIKIYA;PAAL;BALCI;DIKMEN;ILCIN;SAFURI;SANDER VAN DE STREEK;STORM;BOLI
Antalyaspor vs. Rizespor - Friday October 3 - 2025,Rizespor,hard,4-3-3,FOFANA;MOCSI;AKAYDIN;HØJER;SAHIN;PAPANIKOLAOU;LACI;BULJUBASIC;BULUT;RAK-SAKYI;JURECKA
Trabzonspor vs. Kayserispor - Friday October 3 - 2025,Kayserispor,hard,4-3-3,BAYAZIT;DENSWIL;BURAK;CAROLE;TOKOZ;BENES;SOYALP;CARDOSO;OPOKU;CIVELEK;ONUGKHA
Trabzonspor vs. Kayserispor - Friday October 3 - 2025,Trabzonspor,easy,4-2-3-1,ONANA;BATAGOV;SAVIC;ESKIHELLAC;PINA;YOKUSLU;TIM JABOL FOLCARELLI;INAO OULAI;ZUBKOV;FELIPE AUGUSTO;ONUACHU
Galatasaray vs. Besiktas - Saturday October 4 - 2025,Besiktas,easy,4-2-3-1,GUNOK;DJALO;TOPCU;JURASEK;SAZDAGI;NDIDI;KOKCU;TOURE;CERNY;RAFA SILVA;ABRAHAM
Galatasaray vs. Besiktas - Saturday October 4 - 2025,Galatasaray,easy,4-2-3-1,CAKIR;BARDAKCI;SINGO;SANCHEZ;JAKOBS;LEMINA;TORREIRA;GUNDOGAN;AKGUN;YILMAZ;OSIMHEN
Genclerbirligi vs. Alanyaspor - Saturday October 4 - 2025,Alanyaspor,hard,3-4-2-1,TASKIRAN;ALITI;LIMA;AKDAG;MAKOUTA;MAESTRO;RUAN;OZDEMIR;HAGI;KAYA;MOUNIE
Genclerbirligi vs. Alanyaspor - Saturday October 4 - 2025,Genclerbirligi,hard,3-4-3,ERENTURK;THALISSON;ZUZEK;GOUTAS;DURSUN;PEREIRA;DELE-BASHIRU;ULGUN;ONYEKURU;GURPUZ;NIANG
Kocaelispor vs. Eyupspor - Saturday October 4 - 2025,Eyupspor,hard,4-3-3,MARCOS FELIPE;MUJAKIC;YALCIN;LUCCAS CLARO;CALEGARI;LEGOWSKI;DEMIRBAY;SESLAR;AMPEM;GURLER;THIAM
Kocaelispor vs. Eyupspor - Saturday October 4 - 2025,Kocaelispor,hard,4-2-3-1,JOVANOVIC;BALOGH;SMOLCIC;HAIDARA;DIJKSTEEL;SHOW;KEITA;RIVAS;BINGOL;KELES;PETKOVIC
Fatih Karagumruk vs. Gaziantep FK - Sunday October 5 - 2025,Fatih Karagumruk,hard,4-2-3-1,GRBIC;KADIOGLU;UGREKHELIDZE;CANKAYA;BALKOVEC;DOH;OZCAN;JOHNSON;LARSSON;CUKUR;GRAY
Fatih Karagumruk vs. Gaziantep FK - Sunday October 5 - 2025,Gaziantep FK,hard,4-3-3,BOZAN;ABENA;KIZILDAG;RODRIGUES;PEREZ;KABASAKAL;CAMARA;KOZLOWSKI;MAXIM;LUNGOYI;BAYO
Goztepe vs. Basaksehir - Sunday October 5 - 2025,Basaksehir,hard,3-1-4-2,SENGEZER;BA;OPOKU;OPERI;SAHINER;KALUZINSKI;OZDEMIR;CRESPO;HARIT;SHOMURODOV;DA COSTA
Goztepe vs. Basaksehir - Sunday October 5 - 2025,Goztepe,hard,3-4-1-2,LIS;ALLAN GODOI;BOKELE;HELITON;DENNIS;MIROSHI;RHALDNEY;KURTULAN;CHERNI;JANDERSON;JUAN
Kasimpasa vs. Konyaspor - Sunday October 5 - 2025,Kasimpasa,hard,4-4-2,GIANNIOTIS;SZALAI;OPOKU;FRIMPONG;WINCK;BALDURSSON;USTUNDAG;BEN OUANES;DIABATE;KANATSIZKUS;GUEYE
Kasimpasa vs. Konyaspor - Sunday October 5 - 2025,Konyaspor,hard,3-4-3,ERTAS;YAZGILI;DEMIRBAG;GUILHERME;ANDZOUANA;JEVTOVIC;IBRAHIMOGLU;PEDRINHO;NDAO;NAYIR;MULEKA
Samsunspor vs. Fenerbahce - Sunday October 5 - 2025,Fenerbahce,easy,4-3-3,CETIN;SKRINIAR;OOSTERWOLDE;BROWN;SEMEDO;ALVAREZ;ASENSIO;SZYMANSKI;AKTURKOGLU;EN-NESYRI;TALISCA
Samsunspor vs. Fenerbahce - Sunday October 5 - 2025,Samsunspor,hard,4-2-3-1,KOCUK;SATKA;RICK VAN DRONGELEN;TOMASSON;YAVRU;MAKOUMBOU;NTCHAM;HOLSE;MUSABA;COULIBALY;MOUANDILMADJI
Basaksehir vs. Galatasaray - Saturday October 18 - 2025,Basaksehir,hard,4-3-3,SENGEZER;OPOKU;DUARTE;OPERI;SAHINER;KALUZINSKI;CRESPO;KEMEN;HARIT;TURUC;SHOMURODOV
Basaksehir vs. Galatasaray - Saturday October 18 - 2025,Galatasaray,easy,4-3-3,CAKIR;BARDAKCI;ELMALI;SALLAI;AYHAN;TORREIRA;SARA;GUNDOGAN;YILMAZ;SANE;ICARDI
Besiktas vs. Genclerbirligi - Saturday October 18 - 2025,Besiktas,easy,4-2-3-1,GUNOK;DJALO;TOPCU;YILMAZ;SVENSSON;NDIDI;KOKCU;CERNY;UNDER;RAFA SILVA;ABRAHAM
Besiktas vs. Genclerbirligi - Saturday October 18 - 2025,Genclerbirligi,hard,3-4-3,ERENTURK;THALISSON;ZUZEK;GOUTAS;HANOUSEK;PEREIRA;DELE-BASHIRU;ULGUN;TONGYA;GURPUZ;NIANG
Konyaspor vs. Kocaelispor - Saturday October 18 - 2025,Kocaelispor,hard,4-2-3-1,JOVANOVIC;BALOGH;SYROTA;SMOLCIC;OGUZ;LINETTY;KEITA;NONGE;BINGOL;AGYEI;DURSUN
Konyaspor vs. Kocaelispor - Saturday October 18 - 2025,Konyaspor,hard,4-3-3,ERTAS;YAZGILI;DEMIRBAG;GUILHERME;ANDZOUANA;BJØRLO;IBRAHIMOGLU;PEDRINHO;NDAO;MULEKA;NAYIR
Rizespor vs. Trabzonspor - Saturday October 18 - 2025,Rizespor,hard,4-3-3,FOFANA;MOCSI;AKAYDIN;HØJER;SAHIN;PAPANIKOLAOU;LACI;BULJUBASIC;BULUT;RAK-SAKYI;JURECKA
Rizespor vs. Trabzonspor - Saturday October 18 - 2025,Trabzonspor,easy,4-2-3-1,ONANA;BATAGOV;SAVIC;ESKIHELLAC;PINA;YOKUSLU;TIM JABOL FOLCARELLI;INAO OULAI;OLAIGBE;FELIPE AUGUSTO;ONUACHU
Alanyaspor vs. Goztepe - Sunday October 19 - 2025,Alanyaspor,hard,3-4-2-1,TASKIRAN;ALITI;LIMA;AKDAG;MAKOUTA;MAESTRO;RUAN;OZDEMIR;HAGI;KAYA;OGUNDU
Alanyaspor vs. Goztepe - Sunday October 19 - 2025,Goztepe,hard,3-4-1-2,LIS;BOKELE;HELITON;BAYIR;MIROSHI;RHALDNEY;KURTULAN;CHERNI;BEKIROGLU;JUAN;JANDERSON
Fenerbahce vs. Fatih Karagumruk - Sunday October 19 - 2025,Fatih Karagumruk,hard,4-2-3-1,GRBIC;ROCO;CINAR;CANKAYA;BALKOVEC;KRANEVITTER;JOHNSON;LARSSON;SERGINHO;CUKUR;FOFANA
Fenerbahce vs. Fatih Karagumruk - Sunday October 19 - 2025,Fenerbahce,easy,4-3-3,CETIN;SOYUNCU;OOSTERWOLDE;MERCAN;SEMEDO;ALVAREZ;YUKSEK;ASENSIO;AKTURKOGLU;NENE;TALISCA
Gaziantep FK vs. Antalyaspor - Sunday October 19 - 2025,Antalyaspor,hard,4-3-3,CUESTA;GIANNETTI;DZHIKIYA;PAAL;BALCI;DIKMEN;SAFURI;OMUR;STORM;BALLET;CVANCARA
Gaziantep FK vs. Antalyaspor - Sunday October 19 - 2025,Gaziantep FK,hard,4-3-3,BOZAN;KIZILDAG;SANUC;RODRIGUES;PEREZ;KABASAKAL;CAMARA;KOZLOWSKI;MAXIM;LUNGOYI;BAYO
Kayserispor vs. Samsunspor - Sunday October 19 - 2025,Kayserispor,hard,4-2-3-1,BAYAZIT;KOCAMAN;DENSWIL;CAROLE;YOUSSEF AIT BENNASSER;BENES;SOYALP;CARDOSO;MANE;CIVELEK;TUCI
Kayserispor vs. Samsunspor - Sunday October 19 - 2025,Samsunspor,hard,4-3-3,KOCUK;SATKA;RICK VAN DRONGELEN;TOMASSON;YAVRU;MAKOUMBOU;NTCHAM;HOLSE;MUSABA;COULIBALY;MOUANDILMADJI
Eyupspor vs. Kasimpasa - Monday October 20 - 2025,Eyupspor,hard,4-3-3,MARCOS FELIPE;YALCIN;MUJAKIC;LUCCAS CLARO;CALEGARI;LEGOWSKI;DEMIRBAY;KAYAN;GURLER;AKBUNAR;THIAM
Eyupspor vs. Kasimpasa - Monday October 20 - 2025,Kasimpasa,hard,4-2-3-1,GIANNIOTIS;SZALAI;OPOKU;FRIMPONG;WINCK;BALDURSSON;USTUNDAG;KOL;FALL;DIABATE;KANATSIZKUS
Konyaspor vs. Besiktas - Wednesday October 22 - 2025,Besiktas,easy,4-2-3-1,DESTANOGLU;GABRIEL PAULISTA;TOPCU;YILMAZ;BULUT;NDIDI;KOKCU;SAHIN;RASHICA;RAFA SILVA;ABRAHAM
Konyaspor vs. Besiktas - Wednesday October 22 - 2025,Konyaspor,hard,3-4-3,ERTAS;BAZOER;DEMIRBAG;GUILHERME;ANDZOUANA;JO;IBRAHIMOGLU;BARDHI;PEDRINHO;NAYIR;MULEKA
Rizespor vs. Basaksehir - Wednesday October 22 - 2025,Basaksehir,hard,4-2-3-1,SENGEZER;OPOKU;DUARTE;OPERI;EBOSELE;OZDEMIR;KEMEN;GUNES;TURUC;SHOMURODOV;DA COSTA
Rizespor vs. Basaksehir - Wednesday October 22 - 2025,Rizespor,hard,4-3-3,CANPOLAT;MOCSI;AKAYDIN;HØJER;SAHIN;PAPANIKOLAOU;BULJUBASIC;LACI;BULUT;ZEQIRI;SOWE
Fatih Karagumruk vs. Kayserispor - Friday October 24 - 2025,Fatih Karagumruk,hard,4-2-3-1,GRBIC;ROCO;CANKAYA;CINAR;KURUKALIP;KRANEVITTER;OZCAN;LARSSON;SERGINHO;SIVRI;FOFANA
Fatih Karagumruk vs. Kayserispor - Friday October 24 - 2025,Kayserispor,hard,4-2-3-1,BAYAZIT;KOCAMAN;DENSWIL;BURAK;YOUSSEF AIT BENNASSER;SOYALP;BENES;CARDOSO;MANE;CIVELEK;ONUGKHA
Kocaelispor vs. Alanyaspor - Saturday October 25 - 2025,Alanyaspor,hard,3-4-2-1,TASKIRAN;BRUNO VIANA;LIMA;AKDAG;MAKOUTA;JANVIER;RUAN;OZDEMIR;HWANG;HAGI;OGUNDU
Kocaelispor vs. Alanyaspor - Saturday October 25 - 2025,Kocaelispor,hard,4-2-3-1,JOVANOVIC;BALOGH;SMOLCIC;OGUZ;DIJKSTEEL;LINETTY;KEITA;NONGE;BINGOL;AGYEI;DURSUN
Trabzonspor vs. Eyupspor - Saturday October 25 - 2025,Eyupspor,hard,4-3-3,MARCOS FELIPE;YALCIN;MUJAKIC;LUCCAS CLARO;CALEGARI;LEGOWSKI;DEMIRBAY;KAYAN;GURLER;AKBUNAR;THIAM
Trabzonspor vs. Eyupspor - Saturday October 25 - 2025,Trabzonspor,easy,4-4-2,ONANA;BATAGOV;SAVIC;ESKIHELLAC;PINA;TIM JABOL FOLCARELLI;INAO OULAI;MUCI;ZUBKOV;FELIPE AUGUSTO;ONUACHU
Antalyaspor vs. Basaksehir - Sunday October 26 - 2025,Antalyaspor,hard,4-2-3-1,YIGITER;GIANNETTI;DZHIKIYA;PAAL;BALCI;CEESAY;SARIC;SANDER VAN DE STREEK;OMUR;SINIK;GUEYE
Antalyaspor vs. Basaksehir - Sunday October 26 - 2025,Basaksehir,hard,4-2-3-1,SENGEZER;OPOKU;DUARTE;OPERI;BULUT;OZDEMIR;CRESPO;GUNES;SARI;SHOMURODOV;DA COSTA
Galatasaray vs. Goztepe - Sunday October 26 - 2025,Galatasaray,easy,4-2-3-1,CAKIR;SANCHEZ;BARDAKCI;JAKOBS;SALLAI;LEMINA;SARA;AKGUN;YILMAZ;SANE;OSIMHEN
Galatasaray vs. Goztepe - Sunday October 26 - 2025,Goztepe,hard,3-4-1-2,LIS;BOKELE;HELITON;BAYIR;DENNIS;RHALDNEY;KURTULAN;CHERNI;BEKIROGLU;JUAN;JANDERSON
Genclerbirligi vs. Konyaspor - Sunday October 26 - 2025,Genclerbirligi,hard,3-4-3,ERENTURK;THALISSON;GOUTAS;ZUZEK;HANOUSEK;PEREIRA;DELE-BASHIRU;TONGYA;ULGUN;GURPUZ;NIANG
Genclerbirligi vs. Konyaspor - Sunday October 26 - 2025,Konyaspor,hard,4-2-3-1,GUNGORDU;BAZOER;DEMIRBAG;GUILHERME;ANDZOUANA;JO;IBRAHIMOGLU;BARDHI;NDAO;NAYIR;MULEKA
Kasimpasa vs. Besiktas - Sunday October 26 - 2025,Besiktas,easy,4-2-3-1,DESTANOGLU;DJALO;TOPCU;YILMAZ;SAZDAGI;NDIDI;KOKCU;TOURE;UNDER;CERNY;ABRAHAM
Kasimpasa vs. Besiktas - Sunday October 26 - 2025,Kasimpasa,hard,4-2-3-1,GIANNIOTIS;SZALAI;OPOKU;FRIMPONG;WINCK;ESPINOZA;BALDURSSON;CAFU;FALL;DIABATE;KANATSIZKUS
Gaziantep FK vs. Fenerbahce - Monday October 27 - 2025,Fenerbahce,easy,4-2-3-1,EDERSON;SKRINIAR;OOSTERWOLDE;BROWN;SEMEDO;ALVAREZ;YUKSEK;ASENSIO;AKTURKOGLU;NENE;EN-NESYRI
Gaziantep FK vs. Fenerbahce - Monday October 27 - 2025,Gaziantep FK,hard,4-2-3-1,BOZAN;ABENA;KIZILDAG;RODRIGUES;PEREZ;KABASAKAL;CAMARA;KOZLOWSKI;MAXIM;LUNGOYI;BAYO
Samsunspor vs. Rizespor - Monday October 27 - 2025,Rizespor,hard,4-3-3,CANPOLAT;MOCSI;AKAYDIN;HØJER;SAHIN;PAPANIKOLAOU;LACI;BULJUBASIC;AUGUSTO;RAK-SAKYI;JURECKA
Samsunspor vs. Rizespor - Monday October 27 - 2025,Samsunspor,hard,4-2-3-1,KOCUK;SATKA;RICK VAN DRONGELEN;TOMASSON;YAVRU;YUKSEL;MAKOUMBOU;HOLSE;MUSABA;KILINC;MOUANDILMADJI
Basaksehir vs. Kocaelispor - Friday October 31 - 2025,Basaksehir,hard,4-2-3-1,SENGEZER;OPOKU;DUARTE;SAHINER;BULUT;OZDEMIR;CRESPO;GUNES;SARI;SHOMURODOV;DA COSTA
Basaksehir vs. Kocaelispor - Friday October 31 - 2025,Kocaelispor,hard,4-3-3,JOVANOVIC;BALOGH;SMOLCIC;OGUZ;DIJKSTEEL;SHOW;KEITA;LINETTY;BINGOL;AGYEI;DURSUN
Galatasaray vs. Trabzonspor - Saturday November 1 - 2025,Galatasaray,easy,4-2-3-1,CAKIR;BARDAKCI;ELMALI;SALLAI;LEMINA;TORREIRA;SARA;AKGUN;YILMAZ;SANE;OSIMHEN
Galatasaray vs. Trabzonspor - Saturday November 1 - 2025,Trabzonspor,easy,4-4-2,ONANA;BATAGOV;SAVIC;ESKIHELLAC;PINA;TIM JABOL FOLCARELLI;INAO OULAI;MUCI;ZUBKOV;FELIPE AUGUSTO;ONUACHU
Goztepe vs. Genclerbirligi - Saturday November 1 - 2025,Genclerbirligi,hard,4-2-3-1,ERENTURK;GOUTAS;ZUZEK;HANOUSEK;PEREIRA;DELE-BASHIRU;TONGYA;ULGUN;GURPUZ;KOITA;NIANG
Goztepe vs. Genclerbirligi - Saturday November 1 - 2025,Goztepe,hard,3-4-1-2,LIS;ALTIKARDES;HELITON;DENNIS;MIROSHI;RHALDNEY;KURTULAN;CHERNI;BEKIROGLU;JUAN;JANDERSON
Besiktas vs. Fenerbahce - Sunday November 2 - 2025,Besiktas,easy,4-2-3-1,DESTANOGLU;GABRIEL PAULISTA;TOPCU;YILMAZ;SAZDAGI;NDIDI;KOKCU;TOURE;UNDER;CERNY;RAFA SILVA
Besiktas vs. Fenerbahce - Sunday November 2 - 2025,Fenerbahce,easy,4-3-3,EDERSON;SKRINIAR;OOSTERWOLDE;MERCAN;SEMEDO;ALVAREZ;YUKSEK;ASENSIO;AKTURKOGLU;NENE;EN-NESYRI
Kayserispor vs. Kasimpasa - Sunday November 2 - 2025,Kasimpasa,hard,4-3-3,GIANNIOTIS;SZALAI;OPOKU;FRIMPONG;WINCK;BALDURSSON;USTUNDAG;CAFU;FALL;BARASI;GUEYE
Kayserispor vs. Kasimpasa - Sunday November 2 - 2025,Kayserispor,hard,4-2-3-1,PIRI;HOSSEINI;DENSWIL;CAROLE;TOKOZ;SOYALP;MENDES;OPOKU;MANE;CIVELEK;ONUGKHA
Konyaspor vs. Samsunspor - Sunday November 2 - 2025,Konyaspor,hard,4-2-3-1,GUNGORDU;BAZOER;DEMIRBAG;GUILHERME;ANDZOUANA;JO;IBRAHIMOGLU;BARDHI;NDAO;MULEKA;NAYIR
Konyaspor vs. Samsunspor - Sunday November 2 - 2025,Samsunspor,hard,4-3-3,KOCUK;SATKA;RICK VAN DRONGELEN;TOMASSON;YAVRU;MAKOUMBOU;YUKSEL;HOLSE;KILINC;MUSABA;NDIAYE
Alanyaspor vs. Gaziantep FK - Monday November 3 - 2025,Alanyaspor,hard,3-4-2-1,TASKIRAN;ALITI;AKDAG;LIMA;MAKOUTA;JANVIER;OZDEMIR;RUAN;HAGI;KAYA;OGUNDU
Alanyaspor vs. Gaziantep FK - Monday November 3 - 2025,Gaziantep FK,hard,3-3-3-1,GORGEN;GULER;KIZILDAG;SANGARE;PEREZ;KABASAKAL;CAMARA;MAXIM;KOZLOWSKI;KABADAYI;BAYO
Eyupspor vs. Antalyaspor - Monday November 3 - 2025,Antalyaspor,hard,3-1-4-2,YIGITER;GIANNETTI;DZHIKIYA;KARAKOC;BALCI;CEESAY;SARIC;SANDER VAN DE STREEK;SAFURI;OMUR;BOLI
Eyupspor vs. Antalyaspor - Monday November 3 - 2025,Eyupspor,hard,4-2-3-1,MARCOS FELIPE;MUJAKIC;YALCIN;MERAS;CALEGARI;LEGOWSKI;KAYAN;DEMIRBAY;GURLER;AKBUNAR;THIAM
Rizespor vs. Fatih Karagumruk - Monday November 3 - 2025,Fatih Karagumruk,hard,4-2-3-1,GRBIC;ROCO;CINAR;CANKAYA;BALKOVEC;KRANEVITTER;DOH;OZCAN;LARSSON;SERGINHO;FOFANA
Rizespor vs. Fatih Karagumruk - Monday November 3 - 2025,Rizespor,hard,4-3-3,FOFANA;MOCSI;AKAYDIN;HØJER;SAHIN;PAPANIKOLAOU;LACI;BULJUBASIC;AUGUSTO;RAK-SAKYI;JURECKA
Genclerbirligi vs. Basaksehir - Friday November 7 - 2025,Basaksehir,hard,4-2-3-1,SENGEZER;OPOKU;DUARTE;SAHINER;BULUT;OZDEMIR;CRESPO;GUNES;SARI;SHOMURODOV;DA COSTA
Genclerbirligi vs. Basaksehir - Friday November 7 - 2025,Genclerbirligi,hard,4-2-3-1,VELHO;GOUTAS;ZUZEK;THALISSON;PEREIRA;DELE-BASHIRU;TONGYA;ULGUN;GURPUZ;KOITA;NIANG
Antalyaspor vs. Besiktas - Saturday November 8 - 2025,Antalyaspor,hard,3-1-4-2,YIGITER;GIANNETTI;DZHIKIYA;PAAL;BALCI;CEESAY;SARIC;DIKMEN;OMUR;BOLI;CVANCARA
Antalyaspor vs. Besiktas - Saturday November 8 - 2025,Besiktas,easy,4-2-3-1,DESTANOGLU;DJALO;GABRIEL PAULISTA;YILMAZ;SAZDAGI;NDIDI;UCAN;TOURE;CERNY;UNDER;ABRAHAM
Gaziantep FK vs. Rizespor - Saturday November 8 - 2025,Gaziantep FK,hard,4-3-3,GORGEN;ABENA;KIZILDAG;RODRIGUES;PEREZ;KABASAKAL;CAMARA;MAXIM;KOZLOWSKI;LUNGOYI;BAYO
Gaziantep FK vs. Rizespor - Saturday November 8 - 2025,Rizespor,hard,4-3-3,FOFANA;MOCSI;AKAYDIN;HØJER;SAHIN;PAPANIKOLAOU;LACI;BULJUBASIC;BULUT;RAK-SAKYI;SOWE
Kasimpasa vs. Goztepe - Saturday November 8 - 2025,Goztepe,hard,3-4-1-2,LIS;ALTIKARDES;BOKELE;HELITON;MIROSHI;DENNIS;KURTULAN;CHERNI;BEKIROGLU;JUAN;JANDERSON
Kasimpasa vs. Goztepe - Saturday November 8 - 2025,Kasimpasa,hard,3-1-4-2,GIANNIOTIS;SZALAI;OPOKU;AROUS;FRIMPONG;WINCK;BALDURSSON;CAFU;BEN OUANES;KANATSIZKUS;GUEYE
Trabzonspor vs. Alanyaspor - Saturday November 8 - 2025,Alanyaspor,hard,3-4-2-1,TASKIRAN;ALITI;LIMA;AKDAG;MAKOUTA;MAESTRO;HADERGJONAJ;RUAN;HWANG;HAGI;ELIA
Trabzonspor vs. Alanyaspor - Saturday November 8 - 2025,Trabzonspor,easy,4-2-3-1,ONANA;BANIYA;ESKIHELLAC;PINA;YOKUSLU;INAO OULAI;TIM JABOL FOLCARELLI;OLAIGBE;ZUBKOV;FELIPE AUGUSTO;ONUACHU
Fatih Karagumruk vs. Konyaspor - Sunday November 9 - 2025,Fatih Karagumruk,hard,4-2-3-1,GRBIC;ROCO;CANKAYA;KURUKALIP;BALKOVEC;KRANEVITTER;DOH;OZCAN;LARSSON;SERGINHO;FOFANA
Fatih Karagumruk vs. Konyaspor - Sunday November 9 - 2025,Konyaspor,hard,3-5-2,GUNGORDU;CALUSIC;ERIS;GUILHERME;ANDZOUANA;IBRAHIMOGLU;BARDHI;PEDRINHO;NDAO;MULEKA;NAYIR
Fenerbahce vs. Kayserispor - Sunday November 9 - 2025,Fenerbahce,easy,4-2-3-1,EDERSON;SKRINIAR;OOSTERWOLDE;MERCAN;SEMEDO;ALVAREZ;FRED;ASENSIO;AKTURKOGLU;NENE;TALISCA
Fenerbahce vs. Kayserispor - Sunday November 9 - 2025,Kayserispor,hard,4-3-3,PIRI;HOSSEINI;DENSWIL;CAROLE;YOUSSEF AIT BENNASSER;BENES;SOYALP;CARDOSO;MANE;CIVELEK;ONUGKHA
Kocaelispor vs. Galatasaray - Sunday November 9 - 2025,Galatasaray,easy,4-4-2,CAKIR;SANCHEZ;BARDAKCI;SINGO;JAKOBS;LEMINA;TORREIRA;YILMAZ;SANE;OSIMHEN;ICARDI
Kocaelispor vs. Galatasaray - Sunday November 9 - 2025,Kocaelispor,hard,4-2-3-1,JOVANOVIC;BALOGH;SERBEST;SMOLCIC;OGUZ;DIJKSTEEL;KEITA;LINETTY;BINGOL;AGYEI;DURSUN
Samsunspor vs. Eyupspor - Sunday November 9 - 2025,Eyupspor,hard,4-2-3-1,MARCOS FELIPE;ORTAKAYA;MUJAKIC;YALCIN;CALEGARI;STEPANENKO;DEMIRBAY;KAYAN;GURLER;AMPEM;THIAM
Samsunspor vs. Eyupspor - Sunday November 9 - 2025,Samsunspor,hard,4-2-3-1,KOCUK;SATKA;RICK VAN DRONGELEN;TOMASSON;YAVRU;YUKSEL;MAKOUMBOU;HOLSE;MUSABA;KILINC;NDIAYE
Eyupspor vs. Fatih Karagumruk - Saturday November 22 - 2025,Eyupspor,hard,4-2-3-1,MARCOS FELIPE;ORTAKAYA;YALCIN;MUJAKIC;CALEGARI;STEPANENKO;DEMIRBAY;AKBABA;GURLER;BOZOK;THIAM
Eyupspor vs. Fatih Karagumruk - Saturday November 22 - 2025,Fatih Karagumruk,hard,4-2-3-1,GRBIC;ROCO;CANKAYA;KURUKALIP;BALKOVEC;KRANEVITTER;DOH;OZCAN;SERGINHO;CAMACHO;FOFANA
Galatasaray vs. Genclerbirligi - Saturday November 22 - 2025,Galatasaray,easy,4-2-3-1,GUVENC;BARDAKCI;SANCHEZ;SINGO;KARATAS;SALLAI;LEMINA;TORREIRA;SARA;YILMAZ;SANE
Galatasaray vs. Genclerbirligi - Saturday November 22 - 2025,Genclerbirligi,hard,4-3-3,VELHO;GOUTAS;ZUZEK;THALISSON;HANOUSEK;DELE-BASHIRU;TONGYA;ULGUN;GURPUZ;KOITA;NIANG
Kayserispor vs. Gaziantep FK - Saturday November 22 - 2025,Gaziantep FK,hard,3-4-3,GORGEN;GULER;KIZILDAG;SANUC;RODRIGUES;PEREZ;OZCICEK;CAMARA;MAXIM;KOZLOWSKI;BAYO
Kayserispor vs. Gaziantep FK - Saturday November 22 - 2025,Kayserispor,hard,4-3-3,PIRI;DENSWIL;CAROLE;YOUSSEF AIT BENNASSER;SOYALP;BENES;MENDES;CARDOSO;OPOKU;CIVELEK;ONUGKHA
Alanyaspor vs. Kasimpasa - Sunday November 23 - 2025,Alanyaspor,hard,3-4-2-1,TASKIRAN;ALITI;AKDAG;LIMA;MAESTRO;MAKOUTA;HADERGJONAJ;RUAN;HWANG;HAGI;ELIA
Alanyaspor vs. Kasimpasa - Sunday November 23 - 2025,Kasimpasa,hard,3-1-4-2,GIANNIOTIS;SZALAI;AROUS;OPOKU;TASDEMIR;WINCK;BALDURSSON;CAFU;BEN OUANES;FALL;GUEYE
Besiktas vs. Samsunspor - Sunday November 23 - 2025,Besiktas,easy,4-2-3-1,DESTANOGLU;GABRIEL PAULISTA;TOPCU;YILMAZ;SAZDAGI;NDIDI;UCAN;TOURE;CERNY;UNDER;ABRAHAM
Besiktas vs. Samsunspor - Sunday November 23 - 2025,Samsunspor,hard,4-3-3,KOCUK;BOREVKOVIC;RICK VAN DRONGELEN;TOMASSON;YAVRU;MAKOUMBOU;AYDIN;HOLSE;MUSABA;KILINC;NDIAYE
Goztepe vs. Kocaelispor - Sunday November 23 - 2025,Goztepe,hard,3-4-1-2,LIS;ALTIKARDES;BOKELE;HELITON;RUAN;DENNIS;MIROSHI;CHERNI;BEKIROGLU;JANDERSON;JUAN
Goztepe vs. Kocaelispor - Sunday November 23 - 2025,Kocaelispor,hard,4-2-3-1,JOVANOVIC;BALOGH;SMOLCIC;HAIDARA;OGUZ;LINETTY;KEITA;BINGOL;AGYEI;KELES;DURSUN
Rizespor vs. Fenerbahce - Sunday November 23 - 2025,Fenerbahce,easy,4-2-3-1,EDERSON;SKRINIAR;OOSTERWOLDE;MERCAN;MULDUR;YUKSEK;FRED;ASENSIO;AKTURKOGLU;NENE;DURAN
Rizespor vs. Fenerbahce - Sunday November 23 - 2025,Rizespor,hard,4-2-3-1,FOFANA;MOCSI;AKAYDIN;HØJER;SAHIN;PAPANIKOLAOU;LACI;BULJUBASIC;BULUT;RAK-SAKYI;SOWE
Basaksehir vs. Trabzonspor - Monday November 24 - 2025,Basaksehir,hard,4-4-2,SENGEZER;DUARTE;BA;BULUT;EBOSELE;GUNES;KEMEN;HARIT;TURUC;SELKE;SHOMURODOV
Basaksehir vs. Trabzonspor - Monday November 24 - 2025,Trabzonspor,easy,4-4-2,ONANA;BATAGOV;ESKIHELLAC;PINA;YOKUSLU;INAO OULAI;TIM JABOL FOLCARELLI;VISCA;ZUBKOV;FELIPE AUGUSTO;ONUACHU
Konyaspor vs. Antalyaspor - Monday November 24 - 2025,Antalyaspor,hard,4-2-3-1,YIGITER;TURKMEN;SARI;PAAL;BALCI;CEESAY;SARIC;OMUR;SANDER VAN DE STREEK;STORM;BOLI
Konyaspor vs. Antalyaspor - Monday November 24 - 2025,Konyaspor,hard,4-3-3,GUNGORDU;YAZGILI;SUBASI;GUILHERME;ANDZOUANA;JO;IBRAHIMOGLU;BARDHI;STEFANESCU;MULEKA;NAYIR
Kocaelispor vs. Genclerbirligi - Friday November 28 - 2025,Genclerbirligi,hard,4-4-2,VELHO;GOUTAS;ZUZEK;HANOUSEK;PEREIRA;DELE-BASHIRU;ONUR;TONGYA;MIMAROGLU;DEMIR;NIANG
Kocaelispor vs. Genclerbirligi - Friday November 28 - 2025,Kocaelispor,hard,4-2-3-1,JOVANOVIC;SMOLCIC;HAIDARA;OGUZ;DIJKSTEEL;SHOW;LINETTY;CHURLINOV;BINGOL;AGYEI;DURSUN
Gaziantep FK vs. Eyupspor - Saturday November 29 - 2025,Eyupspor,hard,4-2-3-1,MARCOS FELIPE;ORTAKAYA;YALCIN;MUJAKIC;STEPANENKO;DEMIRBAY;AKBABA;GURLER;BOZOK;THIAM;DRAGUS
Gaziantep FK vs. Eyupspor - Saturday November 29 - 2025,Gaziantep FK,hard,4-3-3,GORGEN;GULER;SANUC;RODRIGUES;PEREZ;KABASAKAL;CAMARA;MAXIM;KOZLOWSKI;LUNGOYI;BAYO
Kasimpasa vs. Basaksehir - Saturday November 29 - 2025,Basaksehir,hard,4-2-3-1,SENGEZER;OPOKU;DUARTE;OPERI;BULUT;GUNES;KEMEN;HARIT;FAYZULLAEV;SELKE;SHOMURODOV
Kasimpasa vs. Basaksehir - Saturday November 29 - 2025,Kasimpasa,hard,3-4-3,GIANNIOTIS;AROUS;OPOKU;SZALAI;FRIMPONG;WINCK;BALDURSSON;CAFU;BEN OUANES;FALL;GUEYE
Rizespor vs. Kayserispor - Saturday November 29 - 2025,Kayserispor,hard,4-2-3-1,BAYAZIT;DENSWIL;CAROLE;YOUSSEF AIT BENNASSER;SOYALP;BENES;MENDES;CARDOSO;MANE;CIVELEK;ONUGKHA
Rizespor vs. Kayserispor - Saturday November 29 - 2025,Rizespor,hard,4-2-3-1,FOFANA;SAGNAN;MOCSI;HØJER;SAHIN;PAPANIKOLAOU;ANTALYALI;BULUT;RAK-SAKYI;SOWE;JURECKA
Trabzonspor vs. Konyaspor - Saturday November 29 - 2025,Konyaspor,hard,4-3-3,GUNGORDU;YAZGILI;ERIS;GUILHERME;ANDZOUANA;JO;IBRAHIMOGLU;BJØRLO;BARDHI;MULEKA;NAYIR
Trabzonspor vs. Konyaspor - Saturday November 29 - 2025,Trabzonspor,easy,4-2-3-1,ONANA;BATAGOV;ESKIHELLAC;PINA;YOKUSLU;BOUCHOUARI;INAO OULAI;MUCI;OLAIGBE;ZUBKOV;ONUACHU
Antalyaspor vs. Goztepe - Sunday November 30 - 2025,Antalyaspor,hard,4-2-3-1,YIGITER;SARI;TURKMEN;PAAL;KARAKOC;BALCI;CEESAY;OMUR;SAFURI;STORM;BOLI
Antalyaspor vs. Goztepe - Sunday November 30 - 2025,Goztepe,hard,3-4-1-2,LIS;ALTIKARDES;BOKELE;HELITON;MIROSHI;DENNIS;KURTULAN;CHERNI;BEKIROGLU;JUAN;JANDERSON
Fatih Karagumruk vs. Besiktas - Sunday November 30 - 2025,Besiktas,easy,4-2-3-1,DESTANOGLU;GABRIEL PAULISTA;TOPCU;JURASEK;SAZDAGI;NDIDI;KOKCU;TOURE;JOTA SILVA;CERNY;UNDER
Fatih Karagumruk vs. Besiktas - Sunday November 30 - 2025,Fatih Karagumruk,hard,4-2-3-1,GRBIC;ROCO;CANKAYA;BALKOVEC;ESGAIO;DOH;KRANEVITTER;SERGINHO;CAMACHO;FOFANA;CUKUR
Fenerbahce vs. Galatasaray - Monday December 1 - 2025,Fenerbahce,easy,4-3-3,EDERSON;SKRINIAR;OOSTERWOLDE;BROWN;SEMEDO;ALVAREZ;YUKSEK;ASENSIO;AKTURKOGLU;NENE;EN-NESYRI
Fenerbahce vs. Galatasaray - Monday December 1 - 2025,Galatasaray,easy,4-2-3-1,CAKIR;BARDAKCI;SANCHEZ;KARATAS;LEMINA;TORREIRA;GUNDOGAN;SARA;YILMAZ;SANE;OSIMHEN
Samsunspor vs. Alanyaspor - Monday December 1 - 2025,Alanyaspor,hard,3-4-2-1,TASKIRAN;ALITI;AKDAG;LIMA;AKSOY;MAKOUTA;HADERGJONAJ;RUAN;HWANG;HAGI;ELIA
Samsunspor vs. Alanyaspor - Monday December 1 - 2025,Samsunspor,hard,4-3-3,KOCUK;BOREVKOVIC;RICK VAN DRONGELEN;TOMASSON;YAVRU;MAKOUMBOU;AYDIN;HOLSE;KILINC;MUSABA;NDIAYE
Galatasaray vs. Samsunspor - Friday December 5 - 2025,Galatasaray,easy,4-2-3-1,CAKIR;BARDAKCI;SANCHEZ;KARATAS;LEMINA;TORREIRA;GUNDOGAN;SARA;YILMAZ;SANE;OSIMHEN
Galatasaray vs. Samsunspor - Friday December 5 - 2025,Samsunspor,hard,4-3-3,KOCUK;BOREVKOVIC;RICK VAN DRONGELEN;TOMASSON;YAVRU;MAKOUMBOU;AYDIN;HOLSE;MUSABA;KILINC;NDIAYE
Basaksehir vs. Fenerbahce - Saturday December 6 - 2025,Basaksehir,hard,4-4-2,SENGEZER;DUARTE;BA;OPERI;SAHINER;GUNES;KEMEN;HARIT;FAYZULLAEV;SHOMURODOV;DA COSTA
Basaksehir vs. Fenerbahce - Saturday December 6 - 2025,Fenerbahce,easy,4-4-2,EDERSON;SKRINIAR;DEMIR;MERCAN;SEMEDO;ALVAREZ;FRED;ASENSIO;AYDIN;DURAN;TALISCA
Eyupspor vs. Kayserispor - Saturday December 6 - 2025,Eyupspor,hard,4-2-3-1,MARCOS FELIPE;ORTAKAYA;YALCIN;MUJAKIC;STEPANENKO;LEGOWSKI;AKBABA;AMPEM;GURLER;BOZOK;DRAGUS
Eyupspor vs. Kayserispor - Saturday December 6 - 2025,Kayserispor,hard,4-2-3-1,BAYAZIT;DENSWIL;CAROLE;YOUSSEF AIT BENNASSER;SOYALP;BENES;MENDES;CARDOSO;OPOKU;MANE;ONUGKHA
Konyaspor vs. Rizespor - Saturday December 6 - 2025,Konyaspor,hard,4-1-4-1,GUNGORDU;YAZGILI;SUBASI;GUILHERME;ANDZOUANA;JO;IBRAHIMOGLU;BJØRLO;BARDHI;PEDRINHO;NAYIR
Konyaspor vs. Rizespor - Saturday December 6 - 2025,Rizespor,hard,4-2-3-1,FOFANA;ALIKULOV;AKAYDIN;HØJER;SAHIN;PAPANIKOLAOU;LACI;OLAWOYIN;RAK-SAKYI;AUGUSTO;SOWE
Genclerbirligi vs. Fatih Karagumruk - Sunday December 7 - 2025,Fatih Karagumruk,hard,4-4-2,GRBIC;KADIOGLU;ROCO;CANKAYA;ESGAIO;DOH;KRANEVITTER;OZCAN;JOHNSON;SERGINHO;FOFANA
Genclerbirligi vs. Fatih Karagumruk - Sunday December 7 - 2025,Genclerbirligi,hard,4-2-3-1,VELHO;GOUTAS;ZUZEK;THALISSON;PEREIRA;DELE-BASHIRU;TONGYA;ULGUN;GURPUZ;KOITA;NIANG
Goztepe vs. Trabzonspor - Sunday December 7 - 2025,Goztepe,hard,3-4-1-2,LIS;ALTIKARDES;HELITON;BOKELE;MIROSHI;DENNIS;KURTULAN;CHERNI;BEKIROGLU;JANDERSON;JUAN
Goztepe vs. Trabzonspor - Sunday December 7 - 2025,Trabzonspor,easy,4-2-3-1,ONANA;SAATCI;BATAGOV;ESKIHELLAC;PINA;TIM JABOL FOLCARELLI;TUFAN;MUCI;OLAIGBE;ZUBKOV;ONUACHU
Kocaelispor vs. Kasimpasa - Sunday December 7 - 2025,Kasimpasa,hard,4-2-3-1,GIANNIOTIS;AROUS;OPOKU;FRIMPONG;ESPINOZA;BALDURSSON;USTUNDAG;DIABATE;FALL;GUEYE;BARASI
Kocaelispor vs. Kasimpasa - Sunday December 7 - 2025,Kocaelispor,hard,4-2-3-1,JOVANOVIC;SMOLCIC;HAIDARA;DIJKSTEEL;OGUZ;SHOW;NONGE;LINETTY;BINGOL;CHURLINOV;DURSUN
Alanyaspor vs. Antalyaspor - Monday December 8 - 2025,Alanyaspor,hard,3-4-2-1,TASKIRAN;ALITI;AKSOY;LIMA;MAESTRO;MAKOUTA;HADERGJONAJ;RUAN;HAGI;HWANG;OGUNDU
Alanyaspor vs. Antalyaspor - Monday December 8 - 2025,Antalyaspor,hard,3-4-3,YIGITER;SARI;OZTURK;TURKMEN;PAAL;BALCI;CEESAY;SAFURI;STORM;BALLET;BOLI
Besiktas vs. Gaziantep FK - Monday December 8 - 2025,Besiktas,easy,4-2-3-1,DESTANOGLU;GABRIEL PAULISTA;TOPCU;YILMAZ;SAZDAGI;NDIDI;KOKCU;TOURE;JOTA SILVA;CERNY;UNDER
Besiktas vs. Gaziantep FK - Monday December 8 - 2025,Gaziantep FK,hard,3-4-3,GORGEN;ABENA;KIZILDAG;SANUC;RODRIGUES;PEREZ;OZCICEK;CAMARA;MAXIM;KOZLOWSKI;BAYO
Kasimpasa vs. Genclerbirligi - Friday December 12 - 2025,Genclerbirligi,hard,4-2-3-1,VELHO;GOUTAS;ZUZEK;THALISSON;PEREIRA;DELE-BASHIRU;TONGYA;MIMAROGLU;GURPUZ;KOITA;NIANG
Kasimpasa vs. Genclerbirligi - Friday December 12 - 2025,Kasimpasa,hard,4-2-3-1,GIANNIOTIS;AROUS;OPOKU;FRIMPONG;ESPINOZA;BALDURSSON;USTUNDAG;BEN OUANES;DIABATE;BARASI;GUEYE
Antalyaspor vs. Galatasaray - Saturday December 13 - 2025,Antalyaspor,hard,3-4-3,YIGITER;SARI;TURKMEN;GIANNETTI;PAAL;BALCI;CEESAY;SAFURI;STORM;BALLET;BOLI
Antalyaspor vs. Galatasaray - Saturday December 13 - 2025,Galatasaray,easy,4-2-3-1,GUVENC;SANCHEZ;BARDAKCI;JAKOBS;SALLAI;TORREIRA;GUNDOGAN;AKGUN;YILMAZ;SANE;OSIMHEN
Kayserispor vs. Alanyaspor - Saturday December 13 - 2025,Alanyaspor,hard,3-4-2-1,TASKIRAN;ALITI;AKDAG;LIMA;AKSOY;MAKOUTA;HADERGJONAJ;RUAN;HAGI;HWANG;OGUNDU
Kayserispor vs. Alanyaspor - Saturday December 13 - 2025,Kayserispor,hard,4-2-3-1,BAYAZIT;DENSWIL;YOUSSEF AIT BENNASSER;TOKOZ;BENES;CARDOSO;OPOKU;MANE;CIVELEK;TUCI;ONUGKHA
Rizespor vs. Eyupspor - Saturday December 13 - 2025,Eyupspor,hard,4-3-3,MARCOS FELIPE;ORTAKAYA;YALCIN;STEPANENKO;LEGOWSKI;DEMIRBAY;GURLER;AKBUNAR;BOZOK;THIAM;DRAGUS
Rizespor vs. Eyupspor - Saturday December 13 - 2025,Rizespor,hard,4-2-3-1,FOFANA;SAGNAN;AKAYDIN;HØJER;PALA;PAPANIKOLAOU;OLAWOYIN;LACI;AUGUSTO;RAK-SAKYI;SOWE
Fatih Karagumruk vs. Kocaelispor - Sunday December 14 - 2025,Fatih Karagumruk,hard,4-2-3-1,GRBIC;CANKAYA;KURUKALIP;BALKOVEC;ESGAIO;KRANEVITTER;DOH;JOHNSON;OZCAN;SERGINHO;FOFANA
Fatih Karagumruk vs. Kocaelispor - Sunday December 14 - 2025,Kocaelispor,hard,4-3-3,JOVANOVIC;BALOGH;SMOLCIC;HAIDARA;DIJKSTEEL;SHOW;LINETTY;KEITA;BINGOL;AGYEI;DURSUN
Gaziantep FK vs. Goztepe - Sunday December 14 - 2025,Gaziantep FK,hard,3-1-4-2,GORGEN;GULER;KIZILDAG;RODRIGUES;PEREZ;OZCICEK;CAMARA;KOZLOWSKI;SORESCU;BOATENG;BAYO
Gaziantep FK vs. Goztepe - Sunday December 14 - 2025,Goztepe,hard,3-4-1-2,LIS;ALTIKARDES;HELITON;BOKELE;MIROSHI;DENNIS;KURTULAN;CHERNI;OLAITAN;JANDERSON;JUAN
Samsunspor vs. Basaksehir - Sunday December 14 - 2025,Basaksehir,hard,4-4-2,SENGEZER;OPOKU;DUARTE;OPERI;BULUT;GUNES;KEMEN;HARIT;FAYZULLAEV;SELKE;SHOMURODOV
Samsunspor vs. Basaksehir - Sunday December 14 - 2025,Samsunspor,hard,4-3-3,KOCUK;RICK VAN DRONGELEN;SATKA;GONUL;YAVRU;MAKOUMBOU;NTCHAM;HOLSE;MUSABA;KILINC;NDIAYE
Trabzonspor vs. Besiktas - Sunday December 14 - 2025,Besiktas,easy,4-2-3-1,DESTANOGLU;DJALO;GABRIEL PAULISTA;TOPCU;SAZDAGI;NDIDI;KOKCU;TOURE;CERNY;RASHICA;ABRAHAM
Trabzonspor vs. Besiktas - Sunday December 14 - 2025,Trabzonspor,easy,4-2-3-1,ONANA;SAATCI;BATAGOV;ESKIHELLAC;INAO OULAI;TIM JABOL FOLCARELLI;TUFAN;MUCI;OLAIGBE;ZUBKOV;FELIPE AUGUSTO
Fenerbahce vs. Konyaspor - Monday December 15 - 2025,Fenerbahce,easy,4-4-2,EDERSON;SKRINIAR;OOSTERWOLDE;BROWN;MULDUR;ALVAREZ;FRED;ASENSIO;AKTURKOGLU;TALISCA;DURAN
Fenerbahce vs. Konyaspor - Monday December 15 - 2025,Konyaspor,hard,4-3-3,GUNGORDU;YAZGILI;CALUSIC;GUILHERME;ANDZOUANA;JO;IBRAHIMOGLU;BJØRLO;BARDHI;MULEKA;NAYIR
Kocaelispor vs. Antalyaspor - Friday December 19 - 2025,Antalyaspor,hard,4-3-3,YIGITER;SARI;GIANNETTI;PAAL;BALCI;SARIC;DIKMEN;SAFURI;SANDER VAN DE STREEK;BALLET;BOLI
Kocaelispor vs. Antalyaspor - Friday December 19 - 2025,Kocaelispor,hard,4-3-3,JOVANOVIC;BALOGH;SMOLCIC;HAIDARA;OGUZ;LINETTY;KEITA;CHURLINOV;BINGOL;AGYEI;PETKOVIC
Besiktas vs. Rizespor - Saturday December 20 - 2025,Besiktas,easy,4-2-3-1,DESTANOGLU;DJALO;GABRIEL PAULISTA;YILMAZ;BULUT;YILMAZ;TIKNAZ;KOKCU;CERNY;RASHICA;ABRAHAM
Besiktas vs. Rizespor - Saturday December 20 - 2025,Rizespor,hard,4-3-3,CANPOLAT;SAGNAN;AKAYDIN;HØJER;PALA;PAPANIKOLAOU;LACI;OLAWOYIN;AUGUSTO;RAK-SAKYI;SOWE
Eyupspor vs. Fenerbahce - Saturday December 20 - 2025,Eyupspor,hard,4-2-3-1,MARCOS FELIPE;ORTAKAYA;YALCIN;MUJAKIC;STEPANENKO;KAYAN;DEMIRBAY;GURLER;BOZOK;THIAM;DRAGUS
Eyupspor vs. Fenerbahce - Saturday December 20 - 2025,Fenerbahce,easy,4-2-3-1,EDERSON;SKRINIAR;OOSTERWOLDE;MERCAN;MULDUR;YUKSEK;FRED;ASENSIO;AKTURKOGLU;TALISCA;DURAN
Konyaspor vs. Kayserispor - Saturday December 20 - 2025,Kayserispor,hard,4-2-3-1,BAYAZIT;DENSWIL;YOUSSEF AIT BENNASSER;SOYALP;BENES;MENDES;CARDOSO;OPOKU;MANE;CIVELEK;ONUGKHA
Konyaspor vs. Kayserispor - Saturday December 20 - 2025,Konyaspor,hard,4-3-3,GUNGORDU;YAZGILI;SUBASI;GUILHERME;ANDZOUANA;JO;BJØRLO;BARDHI;PEDRINHO;MULEKA;NAYIR
Alanyaspor vs. Fatih Karagumruk - Sunday December 21 - 2025,Alanyaspor,hard,3-4-2-1,TASKIRAN;ALITI;AKSOY;LIMA;AKDAG;JANVIER;HADERGJONAJ;RUAN;HWANG;KARACA;YALCIN
Alanyaspor vs. Fatih Karagumruk - Sunday December 21 - 2025,Fatih Karagumruk,hard,4-2-3-1,GRBIC;CANKAYA;KURUKALIP;BALKOVEC;ESGAIO;KRANEVITTER;DOH;OZCAN;SERGINHO;CUKUR;FOFANA
Galatasaray vs. Kasimpasa - Sunday December 21 - 2025,Galatasaray,easy,4-2-3-1,GUVENC;BARDAKCI;SANCHEZ;KARATAS;SALLAI;TORREIRA;GUNDOGAN;AKGUN;YILMAZ;SANE;ICARDI
Galatasaray vs. Kasimpasa - Sunday December 21 - 2025,Kasimpasa,hard,4-3-3,GIANNIOTIS;SZALAI;OPOKU;FRIMPONG;WINCK;ESPINOZA;MUJDE;USTUNDAG;DIABATE;FALL;GUEYE
Goztepe vs. Samsunspor - Sunday December 21 - 2025,Goztepe,hard,4-2-3-1,LIS;ALTIKARDES;HELITON;BOKELE;ALLAN GODOI;DENNIS;RHALDNEY;KURTULAN;CHERNI;BEKIROGLU;JUAN
Goztepe vs. Samsunspor - Sunday December 21 - 2025,Samsunspor,hard,3-4-2-1,KOCUK;BOREVKOVIC;SATKA;RICK VAN DRONGELEN;GONUL;YAVRU;MAKOUMBOU;AYDIN;HOLSE;KILINC;MOUANDILMADJI
Basaksehir vs. Gaziantep FK - Monday December 22 - 2025,Basaksehir,hard,4-2-3-1,SENGEZER;OPOKU;DUARTE;BULUT;SAHINER;ERGUN;GUNES;HARIT;FAYZULLAEV;SELKE;SHOMURODOV
Basaksehir vs. Gaziantep FK - Monday December 22 - 2025,Gaziantep FK,hard,3-1-4-2,GORGEN;ABENA;GULER;KIZILDAG;RODRIGUES;PEREZ;KABASAKAL;CAMARA;MAXIM;KOZLOWSKI;BAYO
Genclerbirligi vs. Trabzonspor - Monday December 22 - 2025,Genclerbirligi,hard,4-3-3,VELHO;GOUTAS;ZUZEK;THALISSON;PEREIRA;DELE-BASHIRU;TONGYA;ULGUN;MIMAROGLU;GURPUZ;KOITA
Genclerbirligi vs. Trabzonspor - Monday December 22 - 2025,Trabzonspor,easy,4-2-3-1,ONANA;BATAGOV;SAVIC;BOSLUK;PINA;TUFAN;BOUCHOUARI;MUCI;ZUBKOV;SIKAN;FELIPE AUGUSTO
Basaksehir vs. Fatih Karagumruk - Saturday January 17 - 2026,Basaksehir,hard,4-2-3-1,SENGEZER;DUARTE;OPOKU;OPERI;SAHINER;GUNES;KEMEN;HARIT;FAYZULLAEV;DA COSTA;SHOMURODOV
Basaksehir vs. Fatih Karagumruk - Saturday January 17 - 2026,Fatih Karagumruk,hard,4-2-3-1,GRBIC;KADIOGLU;BALKOVEC;KURUKALIP;ESGAIO;KRANEVITTER;OZCAN;LARSSON;SERGINHO;KALAYCI;FOFANA
Galatasaray vs. Gaziantep FK - Saturday January 17 - 2026,Galatasaray,easy,4-2-3-1,CAKIR;SANCHEZ;BARDAKCI;ELMALI;SALLAI;LEMINA;GUNDOGAN;AKGUN;YILMAZ;SANE;ICARDI
Galatasaray vs. Gaziantep FK - Saturday January 17 - 2026,Gaziantep FK,hard,3-4-1-2,GORGEN;MUJAKIC;KIZILDAG;SANGARE;PEREZ;KABASAKAL;OZCICEK;MAXIM;KABADAYI;BAYO;DRAGUS
Alanyaspor vs. Fenerbahce - Sunday January 18 - 2026,Alanyaspor,hard,3-4-2-1,TASKIRAN;ALITI;AKDAG;LIMA;MAESTRO;MAKOUTA;HADERGJONAJ;RUAN;KARACA;HWANG;OGUNDU
Alanyaspor vs. Fenerbahce - Sunday January 18 - 2026,Fenerbahce,easy,4-2-3-1,EDERSON;SKRINIAR;OOSTERWOLDE;MULDUR;SEMEDO;YUKSEK;GUENDOUZI;ASENSIO;AKTURKOGLU;MUSABA;TALISCA
Genclerbirligi vs. Samsunspor - Sunday January 18 - 2026,Genclerbirligi,hard,4-3-3,VELHO;GOUTAS;ZUZEK;THALISSON;PEREIRA;DELE-BASHIRU;ULGUN;TONGYA;MIMAROGLU;GURPUZ;KOITA
Genclerbirligi vs. Samsunspor - Sunday January 18 - 2026,Samsunspor,hard,4-2-3-1,KOCUK;DIABATE;SATKA;GONUL;YAVRU;JOE MENDES;CIFT;YUKSEL;KAYAN;BULBUL;MOUANDILMADJI
Kasimpasa vs. Antalyaspor - Sunday January 18 - 2026,Antalyaspor,hard,4-3-3,CUESTA;SARI;TURKMEN;PAAL;BALCI;CEESAY;DIKMEN;SARIC;OMUR;SANDER VAN DE STREEK;STORM
Kasimpasa vs. Antalyaspor - Sunday January 18 - 2026,Kasimpasa,hard,4-2-3-1,GIANNIOTIS;AROUS;OPOKU;FRIMPONG;WINCK;BALDURSSON;DEMIRBAY;KAHVECI;BEN OUANES;DIABATE;KANATSIZKUS
Kocaelispor vs. Trabzonspor - Sunday January 18 - 2026,Kocaelispor,hard,4-2-3-1,JOVANOVIC;SMOLCIC;HAIDARA;OGUZ;DIJKSTEEL;LINETTY;BINGOL;CHURLINOV;RIVAS;AGYEI;PETKOVIC
Kocaelispor vs. Trabzonspor - Sunday January 18 - 2026,Trabzonspor,easy,4-2-3-1,ONANA;BATAGOV;NWAIWU;ESKIHELLAC;PINA;TIM JABOL FOLCARELLI;INAO OULAI;MUCI;OLAIGBE;ZUBKOV;FELIPE AUGUSTO
Besiktas vs. Kayserispor - Monday January 19 - 2026,Besiktas,easy,4-2-3-1,DESTANOGLU;UDUOKHAI;TOPCU;YILMAZ;SAZDAGI;YILMAZ;KOKCU;TOURE;RASHICA;CERNY;ABRAHAM
Besiktas vs. Kayserispor - Monday January 19 - 2026,Kayserispor,hard,4-2-3-1,BAYAZIT;DENSWIL;YOUSSEF AIT BENNASSER;SOYALP;BENES;MENDES;CARDOSO;OPOKU;MANE;CIVELEK;ONUGKHA
Goztepe vs. Rizespor - Monday January 19 - 2026,Goztepe,hard,3-4-1-2,LIS;ALTIKARDES;HELITON;BOKELE;MIROSHI;DENNIS;KURTULAN;CHERNI;OLAITAN;JUAN;JANDERSON
Goztepe vs. Rizespor - Monday January 19 - 2026,Rizespor,hard,3-1-4-2,FOFANA;ALIKULOV;SAGNAN;AKAYDIN;HØJER;SAHIN;PAPANIKOLAOU;LACI;OLAWOYIN;AUGUSTO;SOWE
Konyaspor vs. Eyupspor - Monday January 19 - 2026,Eyupspor,hard,4-3-3,YILMAZ;ORTAKAYA;ONGUENE;YAVUZ;ULVAN;LEGOWSKI;ILTER;GEZEK;PINTOR;BOZOK;ALTUNBAS
Konyaspor vs. Eyupspor - Monday January 19 - 2026,Konyaspor,hard,4-3-3,GUNGORDU;YAZGILI;DEMIRBAG;GUILHERME;ANDZOUANA;JEVTOVIC;BJØRLO;SVENDSEN;TURUC;NAYIR;MULEKA
Trabzonspor vs. Kasimpasa - Friday January 23 - 2026,Kasimpasa,hard,4-3-3,GIANNIOTIS;RODRIGO BECAO;OPOKU;FRIMPONG;WINCK;DEMIRBAY;KAHVECI;BEN OUANES;FALL;DIABATE;KANATSIZKUS
Trabzonspor vs. Kasimpasa - Friday January 23 - 2026,Trabzonspor,easy,4-2-3-1,ONANA;BATAGOV;NWAIWU;LØVIK;PINA;TIM JABOL FOLCARELLI;INAO OULAI;MUCI;OLAIGBE;ZUBKOV;FELIPE AUGUSTO
Fatih Karagumruk vs. Galatasaray - Saturday January 24 - 2026,Fatih Karagumruk,hard,4-4-2,GRBIC;BIRASCHI;BALKOVEC;KURUKALIP;ESGAIO;DOH;OZCAN;LARSSON;KALAYCI;SERGINHO;TRAORE
Fatih Karagumruk vs. Galatasaray - Saturday January 24 - 2026,Galatasaray,easy,4-2-3-1,CAKIR;BARDAKCI;SANCHEZ;JAKOBS;SALLAI;TORREIRA;GUNDOGAN;SARA;AKGUN;YILMAZ;OSIMHEN
Kayserispor vs. Basaksehir - Saturday January 24 - 2026,Basaksehir,hard,4-4-2,SENGEZER;DUARTE;OPOKU;OPERI;SAHINER;GUNES;KEMEN;HARIT;FAYZULLAEV;SELKE;SHOMURODOV
Kayserispor vs. Basaksehir - Saturday January 24 - 2026,Kayserispor,hard,4-2-3-1,BAYAZIT;DENSWIL;CAROLE;YOUSSEF AIT BENNASSER;SOYALP;BENES;MENDES;CARDOSO;OPOKU;CIVELEK;ONUGKHA
Samsunspor vs. Kocaelispor - Saturday January 24 - 2026,Kocaelispor,hard,4-2-3-1,DEGIRMENCI;BALOGH;HAIDARA;DIJKSTEEL;OGUZ;SHOW;LINETTY;KEITA;BINGOL;AGYEI;PETKOVIC
Samsunspor vs. Kocaelispor - Saturday January 24 - 2026,Samsunspor,hard,4-2-3-1,KOCUK;SATKA;RICK VAN DRONGELEN;GONUL;YAVRU;MAKOUMBOU;YUKSEL;KAYAN;ASSOUMOU;TAVSAN;MOUANDILMADJI
Antalyaspor vs. Genclerbirligi - Sunday January 25 - 2026,Antalyaspor,hard,4-3-3,CUESTA;SARI;TURKMEN;KARAKOC;PAAL;BALCI;SARIC;DIKMEN;SAFURI;SANDER VAN DE STREEK;STORM
Antalyaspor vs. Genclerbirligi - Sunday January 25 - 2026,Genclerbirligi,hard,4-3-3,VELHO;GOUTAS;ZUZEK;THALISSON;PEREIRA;DELE-BASHIRU;ULGUN;TONGYA;MIMAROGLU;KOITA;NIANG
Fenerbahce vs. Goztepe - Sunday January 25 - 2026,Fenerbahce,easy,4-2-3-1,EDERSON;SKRINIAR;OOSTERWOLDE;DEMIR;SEMEDO;YUKSEK;GUENDOUZI;ASENSIO;MUSABA;NENE;TALISCA
Fenerbahce vs. Goztepe - Sunday January 25 - 2026,Goztepe,hard,3-4-1-2,LIS;ALLAN GODOI;ALTIKARDES;MIROSHI;KURTULAN;BAYRAK;CHERNI;BEKIROGLU;OLAITAN;JANDERSON;GUILHERME
Gaziantep FK vs. Konyaspor - Sunday January 25 - 2026,Gaziantep FK,hard,3-4-2-1,GORGEN;MUJAKIC;SANGARE;KIZILDAG;OZCICEK;CAMARA;MAXIM;KABADAYI;SORESCU;BAYO;DRAGUS
Gaziantep FK vs. Konyaspor - Sunday January 25 - 2026,Konyaspor,hard,4-2-3-1,GUNGORDU;YAZGILI;DEMIRBAG;BOSLUK;JO;KUTLU;BJØRLO;SVENDSEN;TURUC;NAYIR;MULEKA
Rizespor vs. Alanyaspor - Sunday January 25 - 2026,Alanyaspor,hard,3-4-2-1,TASKIRAN;ALITI;AKDAG;LIMA;MAESTRO;MAKOUTA;RUAN;MOGULTAY;KARACA;HWANG;YALCIN
Rizespor vs. Alanyaspor - Sunday January 25 - 2026,Rizespor,hard,4-3-3,FOFANA;SAGNAN;AKAYDIN;HØJER;SAHIN;PAPANIKOLAOU;LACI;OLAWOYIN;ZEQIRI;AUGUSTO;SOWE
Eyupspor vs. Besiktas - Monday January 26 - 2026,Besiktas,easy,4-2-3-1,DESTANOGLU;DJALO;TOPCU;YILMAZ;BULUT;YILMAZ;KOKCU;TOURE;JOTA SILVA;CERNY;RASHICA
Eyupspor vs. Besiktas - Monday January 26 - 2026,Eyupspor,hard,4-3-3,YILMAZ;ORTAKAYA;ONGUENE;MERAS;ULVAN;GEZEK;ILTER;LEGOWSKI;PINTOR;BOZOK;ALTUNBAS
Antalyaspor vs. Trabzonspor - Friday January 30 - 2026,Antalyaspor,hard,4-3-3,CUESTA;SARI;TURKMEN;KARAKOC;PAAL;BALCI;SARIC;DIKMEN;SAFURI;SANDER VAN DE STREEK;BALLET
Antalyaspor vs. Trabzonspor - Friday January 30 - 2026,Trabzonspor,easy,4-4-2,ONANA;BATAGOV;NWAIWU;LØVIK;PINA;TIM JABOL FOLCARELLI;INAO OULAI;MUCI;ZUBKOV;FELIPE AUGUSTO;ONUACHU
Kasimpasa vs. Samsunspor - Friday January 30 - 2026,Kasimpasa,hard,4-3-3,GIANNIOTIS;RODRIGO BECAO;OPOKU;FRIMPONG;COREKCI;BALDURSSON;KAHVECI;BEN OUANES;KOL;DIABATE;GUEYE
Kasimpasa vs. Samsunspor - Friday January 30 - 2026,Samsunspor,hard,4-2-3-1,KOCUK;RICK VAN DRONGELEN;SATKA;TOMASSON;YAVRU;MAKOUMBOU;NTCHAM;HOLSE;ASSOUMOU;TAVSAN;NDIAYE
Alanyaspor vs. Eyupspor - Saturday January 31 - 2026,Alanyaspor,hard,3-4-2-1,TASKIRAN;ALITI;AKDAG;LIMA;MAKOUTA;JANVIER;HADERGJONAJ;RUAN;KARACA;HWANG;YALCIN
Alanyaspor vs. Eyupspor - Saturday January 31 - 2026,Eyupspor,hard,4-2-3-1,YILMAZ;YALCIN;ONGUENE;MERAS;ULVAN;ILTER;GEZEK;AKBABA;PINTOR;BOZOK;ALTUNBAS
Basaksehir vs. Rizespor - Saturday January 31 - 2026,Basaksehir,hard,4-2-3-1,SENGEZER;DUARTE;OPOKU;OPERI;SAHINER;GUNES;KEMEN;HARIT;FAYZULLAEV;SELKE;SHOMURODOV
Basaksehir vs. Rizespor - Saturday January 31 - 2026,Rizespor,hard,4-2-3-1,CANPOLAT;MOCSI;AKAYDIN;HØJER;SAHIN;ANTALYALI;OLAWOYIN;LACI;ZEQIRI;MIHAILA;SOWE
Besiktas vs. Konyaspor - Saturday January 31 - 2026,Besiktas,easy,4-2-3-1,DESTANOGLU;DJALO;TOPCU;YILMAZ;SAZDAGI;KOKCU;UCAN;TOURE;UNDER;CERNY;HEKIMOGLU
Besiktas vs. Konyaspor - Saturday January 31 - 2026,Konyaspor,hard,4-4-2,GUNGORDU;BAZOER;YAZGILI;DEMIRBAG;GUILHERME;BJØRLO;KUTLU;BARDHI;TURUC;KRAMER;MULEKA
Goztepe vs. Fatih Karagumruk - Saturday January 31 - 2026,Fatih Karagumruk,hard,4-2-3-1,GRBIC;CINAR;BIRASCHI;KURUKALIP;ESGAIO;KRANEVITTER;OZCAN;LARSSON;SERGINHO;KALAYCI;BABICKA
Goztepe vs. Fatih Karagumruk - Saturday January 31 - 2026,Goztepe,hard,3-4-1-2,LIS;ALLAN GODOI;BOKELE;HELITON;DENNIS;KURTULAN;CHERNI;OLAITAN;BEKIROGLU;JANDERSON;JUAN
Galatasaray vs. Kayserispor - Sunday February 1 - 2026,Galatasaray,easy,4-2-3-1,CAKIR;SANCHEZ;BARDAKCI;ELMALI;SALLAI;TORREIRA;LEMINA;SARA;AKGUN;LANG;OSIMHEN
Galatasaray vs. Kayserispor - Sunday February 1 - 2026,Kayserispor,hard,4-3-3,BAYAZIT;GULER;DENSWIL;CAROLE;YOUSSEF AIT BENNASSER;BENES;SOYALP;OPOKU;CARDOSO;CIVELEK;ONUGKHA
Genclerbirligi vs. Gaziantep FK - Sunday February 1 - 2026,Gaziantep FK,hard,3-1-4-2,GORGEN;MUJAKIC;SANUC;SANGARE;RODRIGUES;KABASAKAL;CAMARA;GASSAMA;MAXIM;SORESCU;BAYO
Genclerbirligi vs. Gaziantep FK - Sunday February 1 - 2026,Genclerbirligi,hard,4-3-3,VELHO;GOUTAS;ZUZEK;THALISSON;PEREIRA;DELE-BASHIRU;ULGUN;MIMAROGLU;GURPUZ;KOITA;NIANG
Kocaelispor vs. Fenerbahce - Monday February 2 - 2026,Fenerbahce,easy,4-2-3-1,EDERSON;SKRINIAR;OOSTERWOLDE;MULDUR;SEMEDO;ALVAREZ;GUENDOUZI;ASENSIO;MUSABA;EN-NESYRI;TALISCA
Kocaelispor vs. Fenerbahce - Monday February 2 - 2026,Kocaelispor,hard,4-3-3,DEGIRMENCI;BALOGH;HAIDARA;OGUZ;DIJKSTEEL;SHOW;LINETTY;KEITA;RIVAS;KELES;PETKOVIC
Fatih Karagumruk vs. Antalyaspor - Saturday February 7 - 2026,Antalyaspor,hard,4-3-3,CUESTA;SARI;TURKMEN;KARAKOC;PAAL;BALCI;SARIC;DIKMEN;SAFURI;SANDER VAN DE STREEK;BALLET
Fatih Karagumruk vs. Antalyaspor - Saturday February 7 - 2026,Fatih Karagumruk,hard,4-2-3-1,GRBIC;LICHNOVSKY;BIRASCHI;MLADENOVIC;ESGAIO;KRANEVITTER;OZCAN;LARSSON;KALAYCI;SERGINHO;BABICKA
Samsunspor vs. Trabzonspor - Saturday February 7 - 2026,Samsunspor,hard,4-3-3,KOCUK;SATKA;RICK VAN DRONGELEN;TOMASSON;YAVRU;YUKSEL;MAKOUMBOU;NTCHAM;HOLSE;ASSOUMOU;NDIAYE
Samsunspor vs. Trabzonspor - Saturday February 7 - 2026,Trabzonspor,easy,4-2-3-1,ONANA;BATAGOV;NWAIWU;ESKIHELLAC;LØVIK;PINA;TIM JABOL FOLCARELLI;INAO OULAI;MUCI;FELIPE AUGUSTO;ONUACHU
Besiktas vs. Alanyaspor - Sunday February 8 - 2026,Alanyaspor,hard,3-4-2-1,PAULO VICTOR;ALITI;AKDAG;LIMA;MAKOUTA;JANVIER;HADERGJONAJ;RUAN;HAGI;HWANG;YALCIN
Besiktas vs. Alanyaspor - Sunday February 8 - 2026,Besiktas,easy,4-3-3,DESTANOGLU;AGBADOU;TOPCU;YILMAZ;SAZDAGI;NDIDI;KOKCU;OLAITAN;UNDER;CERNY;OH
Eyupspor vs. Basaksehir - Sunday February 8 - 2026,Basaksehir,hard,4-4-2,SENGEZER;OPOKU;DUARTE;OPERI;SAHINER;GUNES;KEMEN;HARIT;FAYZULLAEV;SELKE;SHOMURODOV
Eyupspor vs. Basaksehir - Sunday February 8 - 2026,Eyupspor,hard,4-3-3,YILMAZ;ONGUENE;OZYURT;MERAS;ULVAN;GEZEK;ILTER;AKBABA;PINTOR;BOZOK;ALTUNBAS
Konyaspor vs. Goztepe - Sunday February 8 - 2026,Goztepe,hard,3-4-1-2,LIS;ALLAN GODOI;BOKELE;HELITON;DENNIS;MIROSHI;BAYRAK;CHERNI;KRASTEV;JANDERSON;JUAN
Konyaspor vs. Goztepe - Sunday February 8 - 2026,Konyaspor,hard,3-4-1-2,GUNGORDU;YAZGILI;DEMIRBAG;GUILHERME;ANDZOUANA;KUTLU;IBRAHIMOGLU;BARDHI;OLAIGBE;MULEKA;KRAMER
Rizespor vs. Galatasaray - Sunday February 8 - 2026,Galatasaray,easy,4-2-3-1,CAKIR;SANCHEZ;BARDAKCI;JAKOBS;SALLAI;TORREIRA;SARA;AKGUN;LANG;YILMAZ;OSIMHEN
Rizespor vs. Galatasaray - Sunday February 8 - 2026,Rizespor,hard,4-4-2,FOFANA;MOCSI;AKAYDIN;HØJER;PALA;SAHIN;LACI;OLAWOYIN;ANTALYALI;MIHAILA;SOWE
Fenerbahce vs. Genclerbirligi - Monday February 9 - 2026,Fenerbahce,easy,4-2-3-1,EDERSON;SOYUNCU;OOSTERWOLDE;MULDUR;SEMEDO;KANTE;GUENDOUZI;ASENSIO;AKTURKOGLU;NENE;TALISCA
Fenerbahce vs. Genclerbirligi - Monday February 9 - 2026,Genclerbirligi,hard,4-3-3,VELHO;GOUTAS;ZUZEK;THALISSON;PEREIRA;DELE-BASHIRU;ULGUN;TONGYA;MIMAROGLU;GURPUZ;KOITA
Gaziantep FK vs. Kasimpasa - Monday February 9 - 2026,Gaziantep FK,hard,4-2-3-1,GORGEN;MUJAKIC;SANUC;SANGARE;RODRIGUES;OZCICEK;CAMARA;KOZLOWSKI;MAXIM;LUNGOYI;BAYO
Gaziantep FK vs. Kasimpasa - Monday February 9 - 2026,Kasimpasa,hard,4-2-3-1,GIANNIOTIS;RODRIGO BECAO;OPOKU;COREKCI;BALDURSSON;DEMIRBAY;KAHVECI;BEN OUANES;BENEDYCZAK;ALLEVINAH;TOSUN
Kayserispor vs. Kocaelispor - Monday February 9 - 2026,Kayserispor,hard,4-3-3,DONMEZER;GULER;DENSWIL;CAROLE;TOKOZ;YOUSSEF AIT BENNASSER;BENES;SAGLAM;MENDES;CARDOSO;CHALOV
Kayserispor vs. Kocaelispor - Monday February 9 - 2026,Kocaelispor,hard,4-2-3-1,DEGIRMENCI;BALOGH;SMOLCIC;HAIDARA;DIJKSTEEL;SHOW;KEITA;BINGOL;RIVAS;KELES;PETKOVIC
Antalyaspor vs. Samsunspor - Friday February 13 - 2026,Antalyaspor,hard,4-3-3,CUESTA;SARI;TURKMEN;GIANNETTI;PAAL;CEESAY;DIKMEN;SAFURI;SANDER VAN DE STREEK;SINIK;BALLET
Antalyaspor vs. Samsunspor - Friday February 13 - 2026,Samsunspor,hard,4-3-3,EGRIBAYAT;SATKA;RICK VAN DRONGELEN;GONUL;JOE MENDES;YUKSEL;KAYAN;NTCHAM;HOLSE;MOUANDILMADJI;NDIAYE
Galatasaray vs. Eyupspor - Friday February 13 - 2026,Eyupspor,hard,4-3-3,YILMAZ;ONGUENE;OZYURT;MERAS;ULVAN;GEZEK;LEGOWSKI;AKBABA;PINTOR;TORRES;BOZOK
Galatasaray vs. Eyupspor - Friday February 13 - 2026,Galatasaray,easy,4-4-2,CAKIR;SANCHEZ;BARDAKCI;ELMALI;BOEY;LEMINA;GUNDOGAN;AKGUN;LANG;ICARDI;OSIMHEN
Alanyaspor vs. Konyaspor - Saturday February 14 - 2026,Alanyaspor,hard,3-4-2-1,PAULO VICTOR;ALITI;AKSOY;AKDAG;MAKOUTA;JANVIER;HADERGJONAJ;RUAN;HAGI;HWANG;YALCIN
Alanyaspor vs. Konyaspor - Saturday February 14 - 2026,Konyaspor,hard,4-4-2,GUNGORDU;NAGALO;DEMIRBAG;GUILHERME;ANDZOUANA;IBRAHIMOGLU;KUTLU;OLAIGBE;TURUC;KRAMER;MULEKA
Genclerbirligi vs. Rizespor - Saturday February 14 - 2026,Genclerbirligi,hard,4-3-3,VELHO;GOUTAS;ZUZEK;THALISSON;UZUM;DELE-BASHIRU;ULGUN;TONGYA;MIMAROGLU;TRAORE;KOITA
Genclerbirligi vs. Rizespor - Saturday February 14 - 2026,Rizespor,hard,4-2-3-1,FOFANA;SAGNAN;AKAYDIN;HØJER;PALA;PAPANIKOLAOU;LACI;OLAWOYIN;ANTALYALI;MIHAILA;SOWE
Trabzonspor vs. Fenerbahce - Saturday February 14 - 2026,Fenerbahce,easy,4-3-1-2,EDERSON;SKRINIAR;OOSTERWOLDE;MULDUR;SEMEDO;YUKSEK;KANTE;GUENDOUZI;ASENSIO;AKTURKOGLU;TALISCA
Trabzonspor vs. Fenerbahce - Saturday February 14 - 2026,Trabzonspor,easy,4-2-3-1,ONANA;BATAGOV;NWAIWU;ESKIHELLAC;LØVIK;PINA;TIM JABOL FOLCARELLI;INAO OULAI;MUCI;FELIPE AUGUSTO;ONUACHU
Basaksehir vs. Besiktas - Sunday February 15 - 2026,Basaksehir,hard,4-4-2,SENGEZER;OPOKU;DUARTE;OPERI;SAHINER;GUNES;KEMEN;HARIT;FAYZULLAEV;SELKE;SHOMURODOV
Basaksehir vs. Besiktas - Sunday February 15 - 2026,Besiktas,easy,4-3-3,DESTANOGLU;AGBADOU;DJALO;YILMAZ;MURILLO;ASLLANI;KOKCU;OLAITAN;TOURE;CERNY;OH
Goztepe vs. Kayserispor - Sunday February 15 - 2026,Goztepe,hard,3-4-1-2,LIS;ALLAN GODOI;BOKELE;HELITON;MIROSHI;DENNIS;BAYRAK;CHERNI;KRASTEV;JANDERSON;GUILHERME
Goztepe vs. Kayserispor - Sunday February 15 - 2026,Kayserispor,hard,3-4-2-1,BAYAZIT;GULER;DENSWIL;CAROLE;BRENET;TOKOZ;SOYALP;BENES;CARDOSO;CIVELEK;ONUGKHA
Kocaelispor vs. Gaziantep FK - Sunday February 15 - 2026,Gaziantep FK,hard,3-1-4-2,GORGEN;KIZILDAG;SANGARE;SANUC;OZCICEK;MAXIM;KOZLOWSKI;LUNGOYI;SORESCU;BAYO;DRAGUS
Kocaelispor vs. Gaziantep FK - Sunday February 15 - 2026,Kocaelispor,hard,4-3-3,DEGIRMENCI;SMOLCIC;HAIDARA;DIJKSTEEL;OGUZ;SHOW;KEITA;LINETTY;BINGOL;AGYEI;PETKOVIC
Kasimpasa vs. Fatih Karagumruk - Monday February 16 - 2026,Fatih Karagumruk,hard,4-2-3-1,GRBIC;LICHNOVSKY;BIRASCHI;MLADENOVIC;ESGAIO;KRANEVITTER;OZCAN;LARSSON;KALAYCI;SERGINHO;BABICKA
Kasimpasa vs. Fatih Karagumruk - Monday February 16 - 2026,Kasimpasa,hard,4-2-3-1,GIANNIOTIS;AROUS;RODRIGO BECAO;FRIMPONG;WINCK;BALDURSSON;DEMIRBAY;KAHVECI;BEN OUANES;BENEDYCZAK;TOSUN
